customer_id,snapshot_date,recency_days,purchase_frequency,total_orders,total_sales_value,average_order_value,recent_30_day_orders,recent_30_day_sales,recent_90_day_orders,recent_90_day_sales,historical_customer_age_days,average_days_between_orders,last_purchase_amount,sales_growth_rate,order_frequency_trend,churn_target
027e2c71-76f6-44d8-b214-51097fc3e605,2024-11-28,1,0.2913,2,3021.96,1510.98,2.0,3021.96,2.0,3021.96,206,28.0,1286.01,0.0,0.0,0
05f197bf-0bdd-44a5-84bb-1878a08666b6,2024-11-28,11,0.041,1,1080.17,1080.17,1.0,1080.17,1.0,1080.17,732,0.0,1080.17,0.0,0.0,0
066b0bf5-5f5a-4c95-a709-b1fc1d059f94,2024-11-28,17,0.1132,2,7638.16,3819.08,2.0,7638.16,2.0,7638.16,530,1.0,4714.66,0.0,0.0,0
0915900f-d22e-42b0-8e9e-810e55498a13,2024-11-28,9,0.0409,1,4908.4,4908.4,1.0,4908.4,1.0,4908.4,734,0.0,4908.4,0.0,0.0,0
091ba1e5-58cf-4e6c-badc-17dbe89dea69,2024-11-28,4,0.0871,2,9893.71,4946.855,1.0,9343.12,2.0,9893.71,689,84.0,9343.12,0.0,0.0,0
0b94772b-0571-4308-92cc-ac6baf2ac02b,2024-11-28,33,0.0528,1,3421.65,3421.65,0.0,0.0,1.0,3421.65,568,0.0,3421.65,-1.0,-1.0,0
0d0e2d20-27bb-4c93-9f8f-b7710b37194a,2024-11-28,20,0.0434,1,6770.62,6770.62,1.0,6770.62,1.0,6770.62,692,0.0,6770.62,0.0,0.0,0
10cb2e84-0bd1-4b29-8db3-06ae3488789d,2024-11-28,34,0.3346,3,18159.64,6053.213333,0.0,0.0,3.0,18159.64,269,20.0,5035.13,-1.0,-1.0,1
12be2694-e03e-4703-878e-8ce9ad582cf1,2024-11-28,41,0.0391,1,2835.15,2835.15,0.0,0.0,1.0,2835.15,767,0.0,2835.15,-1.0,-1.0,0
13995ae9-c50f-4813-b0ba-6e044fe0b9ef,2024-11-28,24,0.0561,1,1581.68,1581.68,1.0,1581.68,1.0,1581.68,535,0.0,1581.68,0.0,0.0,0
1762b46f-b7ef-481c-9e0b-7e6d2033bcf4,2024-11-28,90,0.1389,1,951.03,951.03,0.0,0.0,0.0,0.0,216,0.0,951.03,0.0,0.0,1
1c22a6c4-3de0-4f96-b62a-3a6edbbaf732,2024-11-28,42,0.0427,1,3365.15,3365.15,0.0,0.0,1.0,3365.15,702,0.0,3365.15,-1.0,-1.0,0
1fff1144-0a72-44bd-ae41-900fd84b9dec,2024-11-28,48,0.0412,1,8255.8,8255.8,0.0,0.0,1.0,8255.8,729,0.0,8255.8,-1.0,-1.0,0
20791844-68d1-4c47-8940-96e45daf918f,2024-11-28,76,0.04,1,1285.89,1285.89,0.0,0.0,1.0,1285.89,750,0.0,1285.89,0.0,0.0,0
21a51334-c936-4d66-b3de-22e7b162ade5,2024-11-28,13,0.0412,1,5295.74,5295.74,1.0,5295.74,1.0,5295.74,728,0.0,5295.74,0.0,0.0,1
2277c61c-6a77-4651-9d4b-9cccf937b007,2024-11-28,53,0.0459,1,1942.79,1942.79,0.0,0.0,1.0,1942.79,654,0.0,1942.79,-1.0,-1.0,1
22c9e11f-8a46-446c-a948-06b756976159,2024-11-28,33,0.0605,1,767.32,767.32,0.0,0.0,1.0,767.32,496,0.0,767.32,-1.0,-1.0,1
2576b737-f022-4e9c-8640-a88226cea0ff,2024-11-28,3,0.0829,1,3492.44,3492.44,1.0,3492.44,1.0,3492.44,362,0.0,3492.44,0.0,0.0,0
27415395-c694-42d4-a2b5-04dfddb578f5,2024-11-28,44,0.0363,1,399.26,399.26,0.0,0.0,1.0,399.26,827,0.0,399.26,-1.0,-1.0,1
28e3eb2f-4e60-491c-8ecf-9260a4a4ced4,2024-11-28,7,0.0404,1,10466.55,10466.55,1.0,10466.55,1.0,10466.55,742,0.0,10466.55,0.0,0.0,0
2c3ca1b8-7c76-4a4c-80bf-5314fb7f22ae,2024-11-28,1,0.1082,3,12303.89,4101.296667,1.0,5760.72,3.0,12303.89,832,27.5,5760.72,-0.119583,-0.5,0
2fdb2470-7bb8-4ff4-90ef-b13139714701,2024-11-28,19,0.0958,1,1480.1,1480.1,1.0,1480.1,1.0,1480.1,313,0.0,1480.1,0.0,0.0,0
3137607b-7cb7-42f6-bf45-44b8618d38d2,2024-11-28,20,0.1364,1,5045.57,5045.57,1.0,5045.57,1.0,5045.57,220,0.0,5045.57,0.0,0.0,1
32ab5f7d-2c86-49a3-b8c6-009538e6624d,2024-11-28,52,0.0713,1,942.78,942.78,0.0,0.0,1.0,942.78,421,0.0,942.78,-1.0,-1.0,1
334ea671-bdee-4328-983b-35a799b372d6,2024-11-28,7,0.0365,1,1614.36,1614.36,1.0,1614.36,1.0,1614.36,823,0.0,1614.36,0.0,0.0,0
33879d3b-ca28-410e-9d37-7a429d1c33aa,2024-11-28,87,0.0541,1,3076.97,3076.97,0.0,0.0,1.0,3076.97,555,0.0,3076.97,0.0,0.0,1
34f539cb-584e-4259-ac9f-44e6d5484ebf,2024-11-28,40,0.0904,1,6447.22,6447.22,0.0,0.0,1.0,6447.22,332,0.0,6447.22,-1.0,-1.0,0
36526e5e-f875-4c3e-a8d6-c50ede833ade,2024-11-28,0,0.0993,1,2454.21,2454.21,1.0,2454.21,1.0,2454.21,302,0.0,2454.21,0.0,0.0,0
3907704e-d22a-40f9-9591-9c06dfc1b6d2,2024-11-28,48,0.0482,1,8058.7,8058.7,0.0,0.0,1.0,8058.7,623,0.0,8058.7,-1.0,-1.0,0
3a8f7a32-89b6-42d8-b99a-bc1041025065,2024-11-28,44,0.0416,1,1076.88,1076.88,0.0,0.0,1.0,1076.88,721,0.0,1076.88,-1.0,-1.0,1
3cc7350b-72e0-4990-a2f4-79f0e19bfe72,2024-11-28,25,0.0738,2,7634.45,3817.225,1.0,1011.68,2.0,7634.45,813,26.0,1011.68,-0.847242,0.0,1
3de6f533-5503-4109-875b-33f40109353f,2024-11-28,33,0.0482,1,1735.95,1735.95,0.0,0.0,1.0,1735.95,623,0.0,1735.95,-1.0,-1.0,0
3e80243e-ed4d-46b5-a4ec-9aa1107c32da,2024-11-28,18,0.1575,2,6507.69,3253.845,2.0,6507.69,2.0,6507.69,381,0.0,2224.74,0.0,0.0,0
3e8f3d31-4fdc-4858-8d58-87b8c70d1e61,2024-11-28,8,0.0906,1,621.43,621.43,1.0,621.43,1.0,621.43,331,0.0,621.43,0.0,0.0,1
403ba4f6-3b05-4fb0-9c95-6068878e01b1,2024-11-28,57,0.0524,1,7722.38,7722.38,0.0,0.0,1.0,7722.38,572,0.0,7722.38,-1.0,-1.0,0
40abd3f4-34c6-407b-8dfe-8ff445cce235,2024-11-28,75,0.0393,1,271.7,271.7,0.0,0.0,1.0,271.7,763,0.0,271.7,0.0,0.0,1
41906a86-bd78-43ee-a9ab-5f93230c56a1,2024-11-28,83,0.0416,1,434.28,434.28,0.0,0.0,1.0,434.28,722,0.0,434.28,0.0,0.0,0
420464c7-e05c-4002-9ab4-902acb471c60,2024-11-28,33,0.169,2,2453.58,1226.79,0.0,0.0,2.0,2453.58,355,17.0,797.54,-1.0,-1.0,0
43b1d0a0-404f-48c8-96ee-46291e3ceaa3,2024-11-28,15,0.1288,2,3271.9,1635.95,2.0,3271.9,2.0,3271.9,466,14.0,1758.83,0.0,0.0,0
44e3f736-1e1f-478d-876f-f18c9b474ec7,2024-11-28,39,0.036,1,6664.18,6664.18,0.0,0.0,1.0,6664.18,833,0.0,6664.18,-1.0,-1.0,0
454e54ed-b5e4-4096-9693-090f3ddaa42e,2024-11-28,9,0.1181,1,10596.43,10596.43,1.0,10596.43,1.0,10596.43,254,0.0,10596.43,0.0,0.0,1
456196a3-f5fd-4769-85c9-fe12f73de5b9,2024-11-28,4,0.0831,1,3716.48,3716.48,1.0,3716.48,1.0,3716.48,361,0.0,3716.48,0.0,0.0,0
45b35575-e766-4b46-861c-910c86237813,2024-11-28,9,0.053,1,7129.12,7129.12,1.0,7129.12,1.0,7129.12,566,0.0,7129.12,0.0,0.0,0
48871682-8627-402c-b359-46e536c8c5f8,2024-11-28,0,0.1515,2,4079.42,2039.71,2.0,4079.42,2.0,4079.42,396,8.0,4007.22,0.0,0.0,0
49d4f65c-a7f6-423f-97b2-75571396471e,2024-11-28,25,0.102,1,7694.83,7694.83,1.0,7694.83,1.0,7694.83,294,0.0,7694.83,0.0,0.0,0
4db8450b-3473-4e34-abb8-61b270b04333,2024-11-28,12,0.0607,1,1340.9,1340.9,1.0,1340.9,1.0,1340.9,494,0.0,1340.9,0.0,0.0,1
4ee7f9a8-1985-4e04-82b5-332cbc70c187,2024-11-28,0,0.0694,1,5712.39,5712.39,1.0,5712.39,1.0,5712.39,432,0.0,5712.39,0.0,0.0,0
51833259-a233-414c-85fb-6ed59e50dfed,2024-11-28,49,0.1899,2,11428.16,5714.08,0.0,0.0,2.0,11428.16,316,28.0,6480.98,-1.0,-1.0,0
54739a70-fe3b-45f0-b6da-5eb96fddebc6,2024-11-28,0,0.1583,2,8618.94,4309.47,2.0,8618.94,2.0,8618.94,379,19.0,1929.02,0.0,0.0,0
556c3740-52fd-4022-8755-b92b9fa5342d,2024-11-28,72,0.0372,1,487.43,487.43,0.0,0.0,1.0,487.43,806,0.0,487.43,0.0,0.0,0
5772f550-5886-44ab-b618-cc525d22c053,2024-11-28,2,0.4592,3,5503.94,1834.646667,1.0,1535.4,3.0,5503.94,196,28.5,1535.4,-0.613107,-0.5,0
585a8991-c44f-4e18-b8e0-6283bf6f9aff,2024-11-28,31,0.0726,2,7983.03,3991.515,0.0,0.0,2.0,7983.03,826,24.0,2454.21,-1.0,-1.0,0
5a60bb30-d49d-430c-b819-619528fa0373,2024-11-28,20,0.0962,1,3067.75,3067.75,1.0,3067.75,1.0,3067.75,312,0.0,3067.75,0.0,0.0,0
5b8f23c7-fa9a-4a08-9a59-251fb715af18,2024-11-28,13,0.039,1,6419.44,6419.44,1.0,6419.44,1.0,6419.44,769,0.0,6419.44,0.0,0.0,1
5d5fa6d8-0ad7-4ade-be35-1c481b16b275,2024-11-28,21,0.0699,1,186.8,186.8,1.0,186.8,1.0,186.8,429,0.0,186.8,0.0,0.0,0
614d73fd-8846-4895-a773-7898e1678216,2024-11-28,21,0.0607,1,2522.78,2522.78,1.0,2522.78,1.0,2522.78,494,0.0,2522.78,0.0,0.0,0
62795829-338f-4ef4-a58a-8b4df43e37ed,2024-11-28,66,0.0704,1,349.18,349.18,0.0,0.0,1.0,349.18,426,0.0,349.18,0.0,0.0,1
66581e52-4a91-4e5a-9db9-6ea7faad6977,2024-11-28,40,0.0847,1,3213.26,3213.26,0.0,0.0,1.0,3213.26,354,0.0,3213.26,-1.0,-1.0,0
66aa9f2d-de6b-4def-8269-b6d0177dbf9a,2024-11-28,16,0.1129,3,20483.88,6827.96,1.0,11194.4,3.0,20483.88,797,18.5,11194.4,0.205062,-0.5,0
6774c3a7-d951-43fa-9c75-eaca2ced5391,2024-11-28,63,0.0485,1,691.05,691.05,0.0,0.0,1.0,691.05,618,0.0,691.05,0.0,0.0,1
67fc2766-666c-4de5-9a16-9a35603b9a46,2024-11-28,7,0.1463,1,3681.3,3681.3,1.0,3681.3,1.0,3681.3,205,0.0,3681.3,0.0,0.0,1
69223a3a-0e99-457c-b139-53a914126da0,2024-11-28,24,0.0392,1,7771.19,7771.19,1.0,7771.19,1.0,7771.19,765,0.0,7771.19,0.0,0.0,1
6b35501e-08f6-41b4-8699-30281befd8ec,2024-11-28,18,0.2128,2,15905.48,7952.74,1.0,10070.26,2.0,15905.48,282,57.0,10070.26,0.0,0.0,0
6bb31b8a-5c85-4549-9106-7183256248ff,2024-11-28,4,0.0594,1,6706.53,6706.53,1.0,6706.53,1.0,6706.53,505,0.0,6706.53,0.0,0.0,0
6dd97a45-7233-4f75-bf2b-a02f9e2403f5,2024-11-28,53,0.121,1,1172.56,1172.56,0.0,0.0,1.0,1172.56,248,0.0,1172.56,-1.0,-1.0,1
6f363f3d-a553-4343-928a-865ef7efa488,2024-11-28,25,0.0739,1,3890.36,3890.36,1.0,3890.36,1.0,3890.36,406,0.0,3890.36,0.0,0.0,1
6fb7d847-f44b-41dc-a325-7b26c61cbc96,2024-11-28,26,0.0387,1,9537.62,9537.62,1.0,9537.62,1.0,9537.62,776,0.0,9537.62,0.0,0.0,0
7010920b-f9d5-4e97-9d6a-a57cfe832fad,2024-11-28,3,0.0655,1,578.51,578.51,1.0,578.51,1.0,578.51,458,0.0,578.51,0.0,0.0,0
744605d3-9330-457d-9c53-8b4b59950976,2024-11-28,34,0.129,2,4800.21,2400.105,0.0,0.0,2.0,4800.21,465,2.0,3428.72,-1.0,-1.0,0
78106c04-2615-4323-b215-3172fb34fc72,2024-11-28,27,0.0595,1,2570.61,2570.61,1.0,2570.61,1.0,2570.61,504,0.0,2570.61,0.0,0.0,0
7d31f2fa-4d24-4819-aa43-8ca6f961480f,2024-11-28,44,0.106,1,3834.51,3834.51,0.0,0.0,1.0,3834.51,283,0.0,3834.51,-1.0,-1.0,1
7dc50afb-0eaa-4b38-8b2f-04eb2c57446e,2024-11-28,51,0.2166,2,3989.74,1994.87,0.0,0.0,2.0,3989.74,277,5.0,2123.91,-1.0,-1.0,1
7e1ea714-6fe4-494e-9554-750dbe019c23,2024-11-28,4,0.036,1,5961.02,5961.02,1.0,5961.02,1.0,5961.02,834,0.0,5961.02,0.0,0.0,1
81038b9d-eef0-443c-9635-a2e4c4df490f,2024-11-28,12,0.1339,2,7606.59,3803.295,1.0,3748.55,2.0,7606.59,448,38.0,3748.55,-0.02838,0.0,1
82241b4b-7959-4079-9369-bbfcffcbc453,2024-11-28,21,0.0562,1,3471.91,3471.91,1.0,3471.91,1.0,3471.91,534,0.0,3471.91,0.0,0.0,0
83fe13f3-1026-46b2-9abd-d7277ea2f653,2024-11-28,7,0.0471,1,1538.96,1538.96,1.0,1538.96,1.0,1538.96,637,0.0,1538.96,0.0,0.0,0
86208847-cfb3-449d-a634-075a2b7c33cc,2024-11-28,88,0.121,1,2263.21,2263.21,0.0,0.0,1.0,2263.21,248,0.0,2263.21,0.0,0.0,0
86ab916f-9734-41f0-b5c0-9bbc082b3251,2024-11-28,10,0.1567,2,7601.56,3800.78,1.0,5503.87,2.0,7601.56,383,63.0,5503.87,0.0,0.0,0
8aa74529-c59e-4daf-9b98-321ebfce7306,2024-11-28,28,0.2532,2,4493.55,2246.775,1.0,641.89,2.0,4493.55,237,11.0,641.89,-0.833347,0.0,0
8b278dae-e043-44f3-a5f0-8466df24d3a2,2024-11-28,31,0.0427,1,1457.87,1457.87,0.0,0.0,1.0,1457.87,702,0.0,1457.87,-1.0,-1.0,0
8bd2e91f-b7be-4b2c-95e8-9b9f6936c3fe,2024-11-28,6,0.0372,1,2242.2,2242.2,1.0,2242.2,1.0,2242.2,806,0.0,2242.2,0.0,0.0,0
8bf0cc1f-c9f7-4393-806f-86bce9acf23a,2024-11-28,18,0.039,1,1085.19,1085.19,1.0,1085.19,1.0,1085.19,769,0.0,1085.19,0.0,0.0,1
910bd8ae-df74-4feb-9e1a-4e8966115c12,2024-11-28,15,0.0539,1,566.95,566.95,1.0,566.95,1.0,566.95,557,0.0,566.95,0.0,0.0,1
911f8116-248a-4e3d-afb4-62a632746852,2024-11-28,28,0.0595,1,3851.66,3851.66,1.0,3851.66,1.0,3851.66,504,0.0,3851.66,0.0,0.0,0
91f0a872-33ad-4dbe-9801-ac03b375f584,2024-11-28,34,0.0929,1,5670.28,5670.28,0.0,0.0,1.0,5670.28,323,0.0,5670.28,-1.0,-1.0,0
97a7e174-c5da-4d97-b94b-09d5f4788809,2024-11-28,26,0.0409,1,12572.43,12572.43,1.0,12572.43,1.0,12572.43,733,0.0,12572.43,0.0,0.0,0
97c341f3-26c0-47ee-949b-ec2349709b82,2024-11-28,5,0.1576,3,10572.6,3524.2,2.0,10170.68,3.0,10572.6,571,33.0,5035.13,0.0,0.0,0
9b131352-2e3f-4966-865e-a01b50bde6e5,2024-11-28,62,0.0397,1,3337.3,3337.3,0.0,0.0,1.0,3337.3,756,0.0,3337.3,0.0,0.0,0
9de44d71-02d0-4684-a314-54f9abd3f2cd,2024-11-28,37,0.0578,1,4083.11,4083.11,0.0,0.0,1.0,4083.11,519,0.0,4083.11,-1.0,-1.0,0
a62bcc77-cf9c-44a3-920f-2e2e57c723dc,2024-11-28,14,0.2715,2,13868.11,6934.055,1.0,5853.68,2.0,13868.11,221,23.0,5853.68,-0.269607,0.0,0
a69011f4-c3f9-4f91-92f2-3df9072b53e7,2024-11-28,44,0.1255,1,1011.68,1011.68,0.0,0.0,1.0,1011.68,239,0.0,1011.68,-1.0,-1.0,1
a7dd5f9a-9fa6-4592-b920-cc610a4ca21b,2024-11-28,38,0.0467,1,9631.78,9631.78,0.0,0.0,1.0,9631.78,642,0.0,9631.78,-1.0,-1.0,0
a9a14d19-86ba-40be-883c-0be4db2e7555,2024-11-28,55,0.1115,1,972.59,972.59,0.0,0.0,1.0,972.59,269,0.0,972.59,-1.0,-1.0,0
aa210298-0ad5-4fe1-9a49-04d9c35709c6,2024-11-28,37,0.0397,1,6214.66,6214.66,0.0,0.0,1.0,6214.66,756,0.0,6214.66,-1.0,-1.0,0
b2f4f0f6-9d52-4439-b5fe-14ebe8887e7a,2024-11-28,52,0.052,1,9233.79,9233.79,0.0,0.0,1.0,9233.79,577,0.0,9233.79,-1.0,-1.0,1
b35ff2cc-b3d7-4eee-bbe6-72dd663e82bf,2024-11-28,67,0.1167,1,5143.57,5143.57,0.0,0.0,1.0,5143.57,257,0.0,5143.57,0.0,0.0,1
b4a140af-8af0-4074-8c4e-f1e587fff314,2024-11-28,11,0.167,3,14711.51,4903.836667,2.0,4479.23,3.0,14711.51,539,14.5,2551.27,-0.562245,1.0,0
b4dd90f1-04a6-4d42-ac0a-2702bbc8d0db,2024-11-28,64,0.0519,1,3698.86,3698.86,0.0,0.0,1.0,3698.86,578,0.0,3698.86,0.0,0.0,0
b5597188-1096-40f6-bb3c-7eae56f49e62,2024-11-28,46,0.055,1,169.42,169.42,0.0,0.0,1.0,169.42,545,0.0,169.42,-1.0,-1.0,0
b7d62bbb-f2b2-4bee-ac69-0e320b4b310f,2024-11-28,56,0.0503,1,4412.79,4412.79,0.0,0.0,1.0,4412.79,596,0.0,4412.79,-1.0,-1.0,0
bab05b4b-0196-4bb2-a10a-34baf0750132,2024-11-28,6,0.0465,1,809.34,809.34,1.0,809.34,1.0,809.34,645,0.0,809.34,0.0,0.0,0
bc2eaeff-d2cb-413b-8716-a7fa6d9507c2,2024-11-28,72,0.0686,1,191.74,191.74,0.0,0.0,1.0,191.74,437,0.0,191.74,0.0,0.0,0
bc69f988-30c6-4bf2-b27f-beafca1b2282,2024-11-28,25,0.1215,3,7576.52,2525.506667,1.0,6293.91,3.0,7576.52,741,24.0,6293.91,13.53022,0.0,0
bd918df4-d5fc-4b8a-9889-b0f92e0c438b,2024-11-28,0,0.0459,1,94.49,94.49,1.0,94.49,1.0,94.49,653,0.0,94.49,0.0,0.0,0
c07f630a-a6d1-41a2-9f27-8f85f52260c4,2024-11-28,1,0.0901,2,6633.93,3316.965,1.0,2845.12,2.0,6633.93,666,38.0,2845.12,-0.249073,0.0,0
c3bc5bb3-aee9-4150-b36a-c89a22162e7d,2024-11-28,23,0.0857,1,1110.7,1110.7,1.0,1110.7,1.0,1110.7,350,0.0,1110.7,0.0,0.0,0
c47da78e-a80f-46b0-b907-4867b0ac75da,2024-11-28,8,0.0546,1,560.4,560.4,1.0,560.4,1.0,560.4,549,0.0,560.4,0.0,0.0,1
c7e971e5-62a6-49c9-a239-e17ea1f253a5,2024-11-28,18,0.0392,1,1210.78,1210.78,1.0,1210.78,1.0,1210.78,765,0.0,1210.78,0.0,0.0,1
cb169247-90fc-4859-9c5d-36f94515f6a5,2024-11-28,31,0.0539,1,6586.85,6586.85,0.0,0.0,1.0,6586.85,557,0.0,6586.85,-1.0,-1.0,1
cbf3e2e4-9c43-4976-afaa-bc231bff129c,2024-11-28,20,0.0398,1,86.28,86.28,1.0,86.28,1.0,86.28,753,0.0,86.28,0.0,0.0,0
cc681bd0-1bf2-4364-a2fe-b18907da68dd,2024-11-28,15,0.0451,1,215.38,215.38,1.0,215.38,1.0,215.38,665,0.0,215.38,0.0,0.0,1
cf567dce-5613-483a-b10d-b4947a588d18,2024-11-28,29,0.0453,1,283.47,283.47,1.0,283.47,1.0,283.47,662,0.0,283.47,0.0,0.0,0
d3ceae53-5516-4152-a247-d101c45a4912,2024-11-28,20,0.1056,2,6870.94,3435.47,1.0,3517.67,2.0,6870.94,568,23.0,3517.67,0.049027,0.0,0
d6e6f2c0-9d75-46fe-a6d0-19f4998b8aa0,2024-11-28,60,0.0865,1,1428.9,1428.9,0.0,0.0,1.0,1428.9,347,0.0,1428.9,0.0,0.0,1
d768ded2-0e1f-4338-a373-8cb12093b6b9,2024-11-28,27,0.0372,1,2101.79,2101.79,1.0,2101.79,1.0,2101.79,807,0.0,2101.79,0.0,0.0,0
da7dbacc-46a8-44dc-b4c5-5e21bf437da6,2024-11-28,25,0.0758,2,8265.0,4132.5,2.0,8265.0,2.0,8265.0,792,3.0,6770.62,0.0,0.0,0
db49dbe2-b046-4b0c-8d11-6e496b852270,2024-11-28,33,0.1285,2,9301.63,4650.815,0.0,0.0,2.0,9301.63,467,44.0,8825.59,-1.0,-1.0,0
dc32c9bc-f5b1-425c-b068-0f753d9baf2f,2024-11-28,29,0.0474,1,1026.63,1026.63,1.0,1026.63,1.0,1026.63,633,0.0,1026.63,0.0,0.0,1
debb1669-0087-4b21-a027-8766438b09f1,2024-11-28,45,0.0586,1,4062.37,4062.37,0.0,0.0,1.0,4062.37,512,0.0,4062.37,-1.0,-1.0,0
e05c9e8f-2852-4c9d-9c2a-756d89ba64a0,2024-11-28,88,0.0426,1,1940.69,1940.69,0.0,0.0,1.0,1940.69,704,0.0,1940.69,0.0,0.0,0
e223a14f-9752-4dfc-b998-04cfae44ca10,2024-11-28,17,0.0439,1,1581.68,1581.68,1.0,1581.68,1.0,1581.68,683,0.0,1581.68,0.0,0.0,0
e400fe49-64f8-4e45-8877-6c5fd0a7747d,2024-11-28,0,0.0733,2,8731.71,4365.855,1.0,6111.77,2.0,8731.71,819,34.0,6111.77,1.33279,0.0,1
e408e6a2-589e-4b0f-a98f-6a5e0f9e9e53,2024-11-28,16,0.0437,1,3885.6,3885.6,1.0,3885.6,1.0,3885.6,686,0.0,3885.6,0.0,0.0,0
e4636af2-ab68-4a83-a019-d77df1fa2bb5,2024-11-28,16,0.0659,1,377.96,377.96,1.0,377.96,1.0,377.96,455,0.0,377.96,0.0,0.0,1
e51c365e-179f-4c2e-92f5-bc4c2fc6282a,2024-11-28,7,0.0361,1,4762.12,4762.12,1.0,4762.12,1.0,4762.12,831,0.0,4762.12,0.0,0.0,0
e61ddcc6-8917-49aa-b93d-ba7a21702a71,2024-11-28,3,0.1245,1,5853.68,5853.68,1.0,5853.68,1.0,5853.68,241,0.0,5853.68,0.0,0.0,0
e74c4bf9-90b2-4723-8b21-9af623c5b124,2024-11-28,11,0.1172,1,2669.47,2669.47,1.0,2669.47,1.0,2669.47,256,0.0,2669.47,0.0,0.0,0
eb632b3d-7715-4810-ac99-01c19831c220,2024-11-28,26,0.1698,3,8653.81,2884.603333,1.0,2221.39,3.0,8653.81,530,24.5,2221.39,-0.589885,0.0,1
ec0b1685-64bd-41e0-8aa1-e25e3abe480b,2024-11-28,10,0.048,1,3069.29,3069.29,1.0,3069.29,1.0,3069.29,625,0.0,3069.29,0.0,0.0,1
ec6b856d-40f2-41ed-a20b-7af257224723,2024-11-28,17,0.0374,1,7694.83,7694.83,1.0,7694.83,1.0,7694.83,802,0.0,7694.83,0.0,0.0,1
edf4822d-49a2-4ae7-95c1-975b85069210,2024-11-28,63,0.0946,1,3737.45,3737.45,0.0,0.0,1.0,3737.45,317,0.0,3737.45,0.0,0.0,0
f201cdf9-cb7c-4b4b-8da0-68bccc439429,2024-11-28,11,0.241,2,3909.58,1954.79,1.0,2742.98,2.0,3909.58,249,27.0,2742.98,1.35126,0.0,0
f223cb41-eede-43d3-bafb-311ac6aab7d7,2024-11-28,66,0.0522,1,2833.43,2833.43,0.0,0.0,1.0,2833.43,575,0.0,2833.43,0.0,0.0,1
f3d3da1e-a146-45f1-bea7-4e9b3d5e991e,2024-11-28,53,0.0783,1,2170.36,2170.36,0.0,0.0,1.0,2170.36,383,0.0,2170.36,-1.0,-1.0,1
f5f339bf-3ab5-4a2e-916f-2db044568f67,2024-11-28,61,0.0519,1,842.29,842.29,0.0,0.0,1.0,842.29,578,0.0,842.29,0.0,0.0,0
f6176f19-c718-4746-9808-d110ecf53a50,2024-11-28,7,0.1974,2,1145.05,572.525,2.0,1145.05,2.0,1145.05,304,13.0,830.78,0.0,0.0,0
f819f234-f7a8-41f3-8b26-732ac35c4d0b,2024-11-28,34,0.1049,1,310.72,310.72,0.0,0.0,1.0,310.72,286,0.0,310.72,-1.0,-1.0,1
f8435633-4f8d-462d-872a-e6a541d39872,2024-11-28,3,0.0367,1,5760.72,5760.72,1.0,5760.72,1.0,5760.72,817,0.0,5760.72,0.0,0.0,0
f8a3ae68-a437-491d-b88b-abad9164379f,2024-11-28,20,0.1887,2,3159.07,1579.535,1.0,1923.1,2.0,3159.07,318,52.0,1923.1,0.0,0.0,0
feb9f5f4-bed9-4b39-bb94-062fa9706005,2024-11-28,36,0.1279,2,11844.14,5922.07,0.0,0.0,2.0,11844.14,469,25.0,9010.71,-1.0,-1.0,0
ff29a3b3-fb27-44ad-8dcc-9551fb3c7420,2024-11-28,27,0.198,2,6133.42,3066.71,1.0,4993.45,2.0,6133.42,303,55.0,4993.45,0.0,0.0,0
00acfd4d-b8a4-441a-b965-3c900cea01a1,2024-12-28,11,0.1648,3,13692.96,4564.32,3.0,13692.96,3.0,13692.96,546,7.0,3855.92,0.0,0.0,0
027e2c71-76f6-44d8-b214-51097fc3e605,2024-12-28,31,0.2542,2,3021.96,1510.98,0.0,0.0,2.0,3021.96,236,28.0,1286.01,-1.0,-1.0,0
05f197bf-0bdd-44a5-84bb-1878a08666b6,2024-12-28,11,0.0787,2,1463.83,731.915,1.0,383.66,2.0,1463.83,762,30.0,383.66,-0.644815,0.0,0
066b0bf5-5f5a-4c95-a709-b1fc1d059f94,2024-12-28,11,0.1607,3,10801.51,3600.503333,1.0,3163.35,3.0,10801.51,560,18.5,3163.35,-0.585849,-0.5,0
0915900f-d22e-42b0-8e9e-810e55498a13,2024-12-28,2,0.1571,4,11595.36,2898.84,3.0,6686.96,4.0,11595.36,764,12.3333,1776.05,0.36235,2.0,0
091ba1e5-58cf-4e6c-badc-17dbe89dea69,2024-12-28,34,0.0834,2,9893.71,4946.855,0.0,0.0,1.0,9343.12,719,84.0,9343.12,-1.0,-1.0,0
0b94772b-0571-4308-92cc-ac6baf2ac02b,2024-12-28,63,0.0502,1,3421.65,3421.65,0.0,0.0,1.0,3421.65,598,0.0,3421.65,0.0,0.0,0
0d0e2d20-27bb-4c93-9f8f-b7710b37194a,2024-12-28,50,0.0416,1,6770.62,6770.62,0.0,0.0,1.0,6770.62,722,0.0,6770.62,-1.0,-1.0,0
10cb2e84-0bd1-4b29-8db3-06ae3488789d,2024-12-28,64,0.301,3,18159.64,6053.213333,0.0,0.0,2.0,16036.01,299,20.0,5035.13,0.0,0.0,0
119de36d-41b2-4136-a3a2-0b81cfcdf6f9,2024-12-28,7,0.1415,2,11408.02,5704.01,2.0,11408.02,2.0,11408.02,424,14.0,2669.47,0.0,0.0,0
12be2694-e03e-4703-878e-8ce9ad582cf1,2024-12-28,71,0.0376,1,2835.15,2835.15,0.0,0.0,1.0,2835.15,797,0.0,2835.15,0.0,0.0,0
13995ae9-c50f-4813-b0ba-6e044fe0b9ef,2024-12-28,54,0.0531,1,1581.68,1581.68,0.0,0.0,1.0,1581.68,565,0.0,1581.68,-1.0,-1.0,0
1762b46f-b7ef-481c-9e0b-7e6d2033bcf4,2024-12-28,120,0.122,1,951.03,951.03,0.0,0.0,0.0,0.0,246,0.0,951.03,0.0,0.0,0
1a467aee-8d4c-4127-8afb-fde18c339771,2024-12-28,11,0.0546,1,2798.74,2798.74,1.0,2798.74,1.0,2798.74,549,0.0,2798.74,0.0,0.0,0
1a980af4-4a6b-40eb-a9a0-f4ffc25c68aa,2024-12-28,19,0.0779,1,5144.06,5144.06,1.0,5144.06,1.0,5144.06,385,0.0,5144.06,0.0,0.0,1
1c22a6c4-3de0-4f96-b62a-3a6edbbaf732,2024-12-28,72,0.041,1,3365.15,3365.15,0.0,0.0,1.0,3365.15,732,0.0,3365.15,0.0,0.0,0
1fff1144-0a72-44bd-ae41-900fd84b9dec,2024-12-28,78,0.0395,1,8255.8,8255.8,0.0,0.0,1.0,8255.8,759,0.0,8255.8,0.0,0.0,0
20791844-68d1-4c47-8940-96e45daf918f,2024-12-28,0,0.1538,4,9314.06,2328.515,3.0,8028.17,3.0,8028.17,780,35.3333,3053.65,0.0,0.0,0
21a51334-c936-4d66-b3de-22e7b162ade5,2024-12-28,43,0.0396,1,5295.74,5295.74,0.0,0.0,1.0,5295.74,758,0.0,5295.74,-1.0,-1.0,1
2277c61c-6a77-4651-9d4b-9cccf937b007,2024-12-28,83,0.0439,1,1942.79,1942.79,0.0,0.0,1.0,1942.79,684,0.0,1942.79,0.0,0.0,1
22c9e11f-8a46-446c-a948-06b756976159,2024-12-28,63,0.057,1,767.32,767.32,0.0,0.0,1.0,767.32,526,0.0,767.32,0.0,0.0,1
2576b737-f022-4e9c-8640-a88226cea0ff,2024-12-28,17,0.1531,2,10347.3,5173.65,1.0,6854.86,2.0,10347.3,392,16.0,6854.86,0.962771,0.0,0
27415395-c694-42d4-a2b5-04dfddb578f5,2024-12-28,74,0.035,1,399.26,399.26,0.0,0.0,1.0,399.26,857,0.0,399.26,0.0,0.0,0
28e3eb2f-4e60-491c-8ecf-9260a4a4ced4,2024-12-28,1,0.0777,2,22898.95,11449.475,1.0,12432.4,2.0,22898.95,772,36.0,12432.4,0.187822,0.0,0
2c3ca1b8-7c76-4a4c-80bf-5314fb7f22ae,2024-12-28,31,0.1044,3,12303.89,4101.296667,0.0,0.0,3.0,12303.89,862,27.5,5760.72,-1.0,-1.0,0
2fd49fb9-c8b2-4ec3-b38c-a061a73e1168,2024-12-28,14,0.0655,1,3312.08,3312.08,1.0,3312.08,1.0,3312.08,458,0.0,3312.08,0.0,0.0,0
2fdb2470-7bb8-4ff4-90ef-b13139714701,2024-12-28,6,0.1749,2,3022.79,1511.395,1.0,1542.69,2.0,3022.79,343,43.0,1542.69,0.042288,0.0,0
3137607b-7cb7-42f6-bf45-44b8618d38d2,2024-12-28,50,0.12,1,5045.57,5045.57,0.0,0.0,1.0,5045.57,250,0.0,5045.57,-1.0,-1.0,0
32ab5f7d-2c86-49a3-b8c6-009538e6624d,2024-12-28,82,0.0665,1,942.78,942.78,0.0,0.0,1.0,942.78,451,0.0,942.78,0.0,0.0,1
334ea671-bdee-4328-983b-35a799b372d6,2024-12-28,12,0.0703,2,7672.19,3836.095,1.0,6057.83,2.0,7672.19,853,25.0,6057.83,2.752465,0.0,0
33879d3b-ca28-410e-9d37-7a429d1c33aa,2024-12-28,117,0.0513,1,3076.97,3076.97,0.0,0.0,0.0,0.0,585,0.0,3076.97,0.0,0.0,1
33ee3ff1-854d-447c-b205-31e8f43b9b20,2024-12-28,8,0.1263,2,2654.96,1327.48,2.0,2654.96,2.0,2654.96,475,8.0,1120.32,0.0,0.0,0
34a16a66-821a-489f-8fc2-67d38c8256d4,2024-12-28,24,0.0514,1,4587.03,4587.03,1.0,4587.03,1.0,4587.03,584,0.0,4587.03,0.0,0.0,0
34f539cb-584e-4259-ac9f-44e6d5484ebf,2024-12-28,4,0.1657,2,7341.15,3670.575,1.0,893.93,2.0,7341.15,362,66.0,893.93,0.0,0.0,0
34fc1ab3-f5c6-4545-9ba9-158e780f74bd,2024-12-28,2,0.0913,2,6460.85,3230.425,2.0,6460.85,2.0,6460.85,657,13.0,3332.09,0.0,0.0,0
36526e5e-f875-4c3e-a8d6-c50ede833ade,2024-12-28,30,0.0904,1,2454.21,2454.21,0.0,0.0,1.0,2454.21,332,0.0,2454.21,-1.0,-1.0,0
376ee9f0-6491-4a85-888a-05e690a5e05f,2024-12-28,2,0.0655,1,4726.52,4726.52,1.0,4726.52,1.0,4726.52,458,0.0,4726.52,0.0,0.0,1
3907704e-d22a-40f9-9591-9c06dfc1b6d2,2024-12-28,78,0.0459,1,8058.7,8058.7,0.0,0.0,1.0,8058.7,653,0.0,8058.7,0.0,0.0,0
3a8f7a32-89b6-42d8-b99a-bc1041025065,2024-12-28,74,0.0399,1,1076.88,1076.88,0.0,0.0,1.0,1076.88,751,0.0,1076.88,0.0,0.0,1
3bd0dd5d-7d24-48da-856a-69e393e5e5b9,2024-12-28,2,0.0494,1,1120.79,1120.79,1.0,1120.79,1.0,1120.79,607,0.0,1120.79,0.0,0.0,0
3cc7350b-72e0-4990-a2f4-79f0e19bfe72,2024-12-28,55,0.0712,2,7634.45,3817.225,0.0,0.0,2.0,7634.45,843,26.0,1011.68,-1.0,-1.0,0
3ce5849f-19ca-4eca-8a46-e4a3b8828dc2,2024-12-28,20,0.0512,1,2841.6,2841.6,1.0,2841.6,1.0,2841.6,586,0.0,2841.6,0.0,0.0,1
3de6f533-5503-4109-875b-33f40109353f,2024-12-28,63,0.0459,1,1735.95,1735.95,0.0,0.0,1.0,1735.95,653,0.0,1735.95,0.0,0.0,0
3e80243e-ed4d-46b5-a4ec-9aa1107c32da,2024-12-28,12,0.219,3,8435.65,2811.883333,1.0,1927.96,3.0,8435.65,411,18.0,1927.96,-0.703741,-0.5,0
3e8f3d31-4fdc-4858-8d58-87b8c70d1e61,2024-12-28,38,0.0831,1,621.43,621.43,0.0,0.0,1.0,621.43,361,0.0,621.43,-1.0,-1.0,1
403ba4f6-3b05-4fb0-9c95-6068878e01b1,2024-12-28,87,0.0498,1,7722.38,7722.38,0.0,0.0,1.0,7722.38,602,0.0,7722.38,0.0,0.0,0
40abd3f4-34c6-407b-8dfe-8ff445cce235,2024-12-28,105,0.0378,1,271.7,271.7,0.0,0.0,0.0,0.0,793,0.0,271.7,0.0,0.0,0
41906a86-bd78-43ee-a9ab-5f93230c56a1,2024-12-28,8,0.1197,3,13183.28,4394.426667,2.0,12749.0,2.0,12749.0,752,52.5,6446.96,0.0,0.0,0
41cc51fc-74f3-43aa-b9e8-c4269becb375,2024-12-28,11,0.0906,2,8360.62,4180.31,2.0,8360.62,2.0,8360.62,662,0.0,2822.94,0.0,0.0,0
420464c7-e05c-4002-9ab4-902acb471c60,2024-12-28,63,0.1558,2,2453.58,1226.79,0.0,0.0,2.0,2453.58,385,17.0,797.54,0.0,0.0,0
43b1d0a0-404f-48c8-96ee-46291e3ceaa3,2024-12-28,45,0.121,2,3271.9,1635.95,0.0,0.0,2.0,3271.9,496,14.0,1758.83,-1.0,-1.0,0
44e18ff7-c6c4-4f05-810a-10acda026843,2024-12-28,6,0.1253,3,12615.92,4205.306667,3.0,12615.92,3.0,12615.92,718,8.0,1283.89,0.0,0.0,0
44e3f736-1e1f-478d-876f-f18c9b474ec7,2024-12-28,26,0.0695,2,13776.99,6888.495,1.0,7112.81,2.0,13776.99,863,43.0,7112.81,0.0,0.0,1
454e54ed-b5e4-4096-9693-090f3ddaa42e,2024-12-28,39,0.1056,1,10596.43,10596.43,0.0,0.0,1.0,10596.43,284,0.0,10596.43,-1.0,-1.0,1
456196a3-f5fd-4769-85c9-fe12f73de5b9,2024-12-28,6,0.2302,3,11118.67,3706.223333,2.0,7402.19,3.0,11118.67,391,14.0,4294.86,0.991721,1.0,0
45b35575-e766-4b46-861c-910c86237813,2024-12-28,0,0.2517,5,14868.51,2973.702,4.0,7739.39,5.0,14868.51,596,9.75,157.13,0.085602,3.0,0
48871682-8627-402c-b359-46e536c8c5f8,2024-12-28,8,0.2113,3,4550.81,1516.936667,1.0,471.39,3.0,4550.81,426,15.0,471.39,-0.884447,-0.5,0
49d4f65c-a7f6-423f-97b2-75571396471e,2024-12-28,4,0.1852,2,11898.4,5949.2,1.0,4203.57,2.0,11898.4,324,51.0,4203.57,-0.453715,0.0,1
4db8450b-3473-4e34-abb8-61b270b04333,2024-12-28,42,0.0573,1,1340.9,1340.9,0.0,0.0,1.0,1340.9,524,0.0,1340.9,-1.0,-1.0,1
4ee7f9a8-1985-4e04-82b5-332cbc70c187,2024-12-28,7,0.1299,2,6279.34,3139.67,1.0,566.95,2.0,6279.34,462,23.0,566.95,-0.900751,0.0,0
505deb96-02b0-4484-ae43-533961fa661d,2024-12-28,2,0.0496,1,828.02,828.02,1.0,828.02,1.0,828.02,605,0.0,828.02,0.0,0.0,0
5173c47a-a140-490b-afc1-af84817a605e,2024-12-28,28,0.0379,1,3028.91,3028.91,1.0,3028.91,1.0,3028.91,791,0.0,3028.91,0.0,0.0,0
51833259-a233-414c-85fb-6ed59e50dfed,2024-12-28,5,0.4335,5,21413.71,4282.742,3.0,9985.55,4.0,16466.53,346,25.5,2798.6,0.0,0.0,0
5379215b-cc4c-4e00-a6c5-27be458826a0,2024-12-28,4,0.0392,1,3053.65,3053.65,1.0,3053.65,1.0,3053.65,766,0.0,3053.65,0.0,0.0,1
53cf422c-89ff-449d-9e2b-509585fbfa93,2024-12-28,21,0.0752,1,4267.68,4267.68,1.0,4267.68,1.0,4267.68,399,0.0,4267.68,0.0,0.0,1
54739a70-fe3b-45f0-b6da-5eb96fddebc6,2024-12-28,23,0.22,3,12792.09,4264.03,1.0,4173.15,3.0,12792.09,409,13.0,4173.15,-0.515816,-0.5,0
556c3740-52fd-4022-8755-b92b9fa5342d,2024-12-28,102,0.0359,1,487.43,487.43,0.0,0.0,0.0,0.0,836,0.0,487.43,0.0,0.0,0
575ab059-021e-48cf-a1f6-39e5a9719349,2024-12-28,2,0.0497,1,2274.18,2274.18,1.0,2274.18,1.0,2274.18,604,0.0,2274.18,0.0,0.0,0
5772f550-5886-44ab-b618-cc525d22c053,2024-12-28,20,0.531,4,10304.15,2576.0375,1.0,4800.21,4.0,10304.15,226,23.0,4800.21,2.126358,0.0,0
5828d313-995e-4774-b19c-e8ac7bc3daea,2024-12-28,5,0.0359,1,183.39,183.39,1.0,183.39,1.0,183.39,836,0.0,183.39,0.0,0.0,1
585a8991-c44f-4e18-b8e0-6283bf6f9aff,2024-12-28,2,0.1051,3,9420.97,3140.323333,1.0,1437.94,3.0,9420.97,856,41.5,1437.94,0.0,0.0,0
5a60bb30-d49d-430c-b819-619528fa0373,2024-12-28,50,0.0877,1,3067.75,3067.75,0.0,0.0,1.0,3067.75,342,0.0,3067.75,-1.0,-1.0,0
5b8f23c7-fa9a-4a08-9a59-251fb715af18,2024-12-28,43,0.0375,1,6419.44,6419.44,0.0,0.0,1.0,6419.44,799,0.0,6419.44,-1.0,-1.0,1
5d5fa6d8-0ad7-4ade-be35-1c481b16b275,2024-12-28,18,0.1307,2,9529.92,4764.96,1.0,9343.12,2.0,9529.92,459,33.0,9343.12,49.016702,0.0,0
614d73fd-8846-4895-a773-7898e1678216,2024-12-28,25,0.1145,2,2959.01,1479.505,1.0,436.23,2.0,2959.01,524,26.0,436.23,-0.827084,0.0,0
62795829-338f-4ef4-a58a-8b4df43e37ed,2024-12-28,96,0.0658,1,349.18,349.18,0.0,0.0,0.0,0.0,456,0.0,349.18,0.0,0.0,1
66581e52-4a91-4e5a-9db9-6ea7faad6977,2024-12-28,1,0.1563,2,3969.8,1984.9,1.0,756.54,2.0,3969.8,384,69.0,756.54,0.0,0.0,0
66aa9f2d-de6b-4def-8269-b6d0177dbf9a,2024-12-28,24,0.1451,4,31824.45,7956.1125,1.0,11340.57,4.0,31824.45,827,19.6667,11340.57,0.013057,0.0,0
6774c3a7-d951-43fa-9c75-eaca2ced5391,2024-12-28,93,0.0463,1,691.05,691.05,0.0,0.0,0.0,0.0,648,0.0,691.05,0.0,0.0,0
679c79cb-5d90-434a-a13e-d63368ba0b98,2024-12-28,5,0.0368,1,836.24,836.24,1.0,836.24,1.0,836.24,816,0.0,836.24,0.0,0.0,1
67fc2766-666c-4de5-9a16-9a35603b9a46,2024-12-28,37,0.1277,1,3681.3,3681.3,0.0,0.0,1.0,3681.3,235,0.0,3681.3,-1.0,-1.0,1
6892976f-0a64-4372-bcd7-14d6113ea6e2,2024-12-28,0,0.038,1,430.75,430.75,1.0,430.75,1.0,430.75,790,0.0,430.75,0.0,0.0,1
69223a3a-0e99-457c-b139-53a914126da0,2024-12-28,54,0.0377,1,7771.19,7771.19,0.0,0.0,1.0,7771.19,795,0.0,7771.19,-1.0,-1.0,1
6b35501e-08f6-41b4-8699-30281befd8ec,2024-12-28,48,0.1923,2,15905.48,7952.74,0.0,0.0,1.0,10070.26,312,57.0,10070.26,-1.0,-1.0,0
6bb31b8a-5c85-4549-9106-7183256248ff,2024-12-28,8,0.1121,2,6891.54,3445.77,1.0,185.01,2.0,6891.54,535,26.0,185.01,-0.972413,0.0,1
6cad4c9f-a37c-452d-9e24-b927cd585be0,2024-12-28,20,0.0554,1,410.66,410.66,1.0,410.66,1.0,410.66,542,0.0,410.66,0.0,0.0,1
6dd97a45-7233-4f75-bf2b-a02f9e2403f5,2024-12-28,83,0.1079,1,1172.56,1172.56,0.0,0.0,1.0,1172.56,278,0.0,1172.56,0.0,0.0,0
6f363f3d-a553-4343-928a-865ef7efa488,2024-12-28,55,0.0688,1,3890.36,3890.36,0.0,0.0,1.0,3890.36,436,0.0,3890.36,-1.0,-1.0,0
6f43c820-6bb0-443a-a276-f436ff5cc816,2024-12-28,11,0.1027,1,5588.78,5588.78,1.0,5588.78,1.0,5588.78,292,0.0,5588.78,0.0,0.0,1
6fb7d847-f44b-41dc-a325-7b26c61cbc96,2024-12-28,26,0.0744,2,10549.3,5274.65,1.0,1011.68,2.0,10549.3,806,30.0,1011.68,-0.893927,0.0,0
7010920b-f9d5-4e97-9d6a-a57cfe832fad,2024-12-28,33,0.0615,1,578.51,578.51,0.0,0.0,1.0,578.51,488,0.0,578.51,-1.0,-1.0,0
744605d3-9330-457d-9c53-8b4b59950976,2024-12-28,8,0.1818,3,6143.2,2047.733333,1.0,1342.99,3.0,6143.2,495,29.0,1342.99,0.0,0.0,0
78106c04-2615-4323-b215-3172fb34fc72,2024-12-28,57,0.0562,1,2570.61,2570.61,0.0,0.0,1.0,2570.61,534,0.0,2570.61,-1.0,-1.0,0
79ce75bd-e156-4762-a109-91880fa27abc,2024-12-28,2,0.0705,2,8147.51,4073.755,2.0,8147.51,2.0,8147.51,851,6.0,7780.71,0.0,0.0,0
7b3011de-1fd5-49d7-8cd0-565a3af5b5da,2024-12-28,2,0.1143,2,1115.94,557.97,2.0,1115.94,2.0,1115.94,525,11.0,370.02,0.0,0.0,0
7d31f2fa-4d24-4819-aa43-8ca6f961480f,2024-12-28,74,0.0958,1,3834.51,3834.51,0.0,0.0,1.0,3834.51,313,0.0,3834.51,0.0,0.0,1
7dc50afb-0eaa-4b38-8b2f-04eb2c57446e,2024-12-28,81,0.1954,2,3989.74,1994.87,0.0,0.0,2.0,3989.74,307,5.0,2123.91,0.0,0.0,1
7dd67799-87bf-4c47-944e-e495c976e50e,2024-12-28,1,0.0427,1,1354.12,1354.12,1.0,1354.12,1.0,1354.12,703,0.0,1354.12,0.0,0.0,0
7e1ea714-6fe4-494e-9554-750dbe019c23,2024-12-28,34,0.0347,1,5961.02,5961.02,0.0,0.0,1.0,5961.02,864,0.0,5961.02,-1.0,-1.0,1
80425ba2-13bc-407f-9a1c-ff4f30480010,2024-12-28,11,0.0351,1,3923.85,3923.85,1.0,3923.85,1.0,3923.85,854,0.0,3923.85,0.0,0.0,0
81038b9d-eef0-443c-9635-a2e4c4df490f,2024-12-28,42,0.1255,2,7606.59,3803.295,0.0,0.0,2.0,7606.59,478,38.0,3748.55,-1.0,-1.0,0
81aa5e22-d678-428b-b005-9b81178d3a85,2024-12-28,27,0.0557,1,383.66,383.66,1.0,383.66,1.0,383.66,539,0.0,383.66,0.0,0.0,0
82241b4b-7959-4079-9369-bbfcffcbc453,2024-12-28,0,0.1596,3,9662.46,3220.82,2.0,6190.55,3.0,9662.46,564,25.5,2825.13,0.783039,1.0,0
83fe13f3-1026-46b2-9abd-d7277ea2f653,2024-12-28,37,0.045,1,1538.96,1538.96,0.0,0.0,1.0,1538.96,667,0.0,1538.96,-1.0,-1.0,0
86208847-cfb3-449d-a634-075a2b7c33cc,2024-12-28,118,0.1079,1,2263.21,2263.21,0.0,0.0,0.0,0.0,278,0.0,2263.21,0.0,0.0,0
86ab916f-9734-41f0-b5c0-9bbc082b3251,2024-12-28,40,0.1453,2,7601.56,3800.78,0.0,0.0,1.0,5503.87,413,63.0,5503.87,-1.0,-1.0,0
87b06d02-c4e0-4e44-a8d4-a21cdc592676,2024-12-28,6,0.0845,1,3731.66,3731.66,1.0,3731.66,1.0,3731.66,355,0.0,3731.66,0.0,0.0,0
8aa74529-c59e-4daf-9b98-321ebfce7306,2024-12-28,25,0.3371,3,5640.31,1880.103333,1.0,1146.76,3.0,5640.31,267,22.0,1146.76,0.786537,0.0,0
8b278dae-e043-44f3-a5f0-8466df24d3a2,2024-12-28,28,0.082,2,7011.35,3505.675,1.0,5553.48,2.0,7011.35,732,33.0,5553.48,0.0,0.0,0
8bd2e91f-b7be-4b2c-95e8-9b9f6936c3fe,2024-12-28,12,0.0718,2,8057.68,4028.84,1.0,5815.48,2.0,8057.68,836,24.0,5815.48,1.593649,0.0,0
8bf0cc1f-c9f7-4393-806f-86bce9acf23a,2024-12-28,48,0.0375,1,1085.19,1085.19,0.0,0.0,1.0,1085.19,799,0.0,1085.19,-1.0,-1.0,1
8daa11dd-d410-44bf-a0de-622a9ca7c78d,2024-12-28,6,0.0648,1,11128.39,11128.39,1.0,11128.39,1.0,11128.39,463,0.0,11128.39,0.0,0.0,0
9013910b-257e-462f-8142-555578e385a5,2024-12-28,1,0.1111,2,12887.27,6443.635,2.0,12887.27,2.0,12887.27,540,22.0,4062.37,0.0,0.0,0
90ef6a35-c0dc-4b20-aede-0d1b3e525838,2024-12-28,12,0.0473,1,3440.27,3440.27,1.0,3440.27,1.0,3440.27,634,0.0,3440.27,0.0,0.0,1
910bd8ae-df74-4feb-9e1a-4e8966115c12,2024-12-28,45,0.0511,1,566.95,566.95,0.0,0.0,1.0,566.95,587,0.0,566.95,-1.0,-1.0,1
911f8116-248a-4e3d-afb4-62a632746852,2024-12-28,58,0.0562,1,3851.66,3851.66,0.0,0.0,1.0,3851.66,534,0.0,3851.66,-1.0,-1.0,0
918ccc0d-7add-4cda-bb90-29b5623f6d86,2024-12-28,8,0.051,1,3600.45,3600.45,1.0,3600.45,1.0,3600.45,588,0.0,3600.45,0.0,0.0,1
91f0a872-33ad-4dbe-9801-ac03b375f584,2024-12-28,64,0.085,1,5670.28,5670.28,0.0,0.0,1.0,5670.28,353,0.0,5670.28,0.0,0.0,0
97a7e174-c5da-4d97-b94b-09d5f4788809,2024-12-28,56,0.0393,1,12572.43,12572.43,0.0,0.0,1.0,12572.43,763,0.0,12572.43,-1.0,-1.0,0
97c341f3-26c0-47ee-949b-ec2349709b82,2024-12-28,35,0.1498,3,10572.6,3524.2,0.0,0.0,2.0,10170.68,601,33.0,5035.13,-1.0,-1.0,0
9b131352-2e3f-4966-865e-a01b50bde6e5,2024-12-28,92,0.0382,1,3337.3,3337.3,0.0,0.0,0.0,0.0,786,0.0,3337.3,0.0,0.0,0
9b4342ff-79f2-40db-9669-bbab65d50e2f,2024-12-28,24,0.106,1,4562.2,4562.2,1.0,4562.2,1.0,4562.2,283,0.0,4562.2,0.0,0.0,0
9cbf413a-a00b-482b-9441-e8fce7668a2e,2024-12-28,21,0.0443,1,3055.33,3055.33,1.0,3055.33,1.0,3055.33,677,0.0,3055.33,0.0,0.0,0
9de44d71-02d0-4684-a314-54f9abd3f2cd,2024-12-28,67,0.0546,1,4083.11,4083.11,0.0,0.0,1.0,4083.11,549,0.0,4083.11,0.0,0.0,0
a137cf0f-749a-402e-9913-60a7f4a47b92,2024-12-28,22,0.0542,1,3279.98,3279.98,1.0,3279.98,1.0,3279.98,554,0.0,3279.98,0.0,0.0,0
a20f7825-b033-409c-9c97-b044b61bae47,2024-12-28,6,0.1527,2,6041.78,3020.89,2.0,6041.78,2.0,6041.78,393,20.0,1758.83,0.0,0.0,0
a281fc1b-5e0e-400e-9760-0f4eecb192e1,2024-12-28,12,0.1167,1,1656.04,1656.04,1.0,1656.04,1.0,1656.04,257,0.0,1656.04,0.0,0.0,0
a54b8eca-fc5f-46cd-9407-2f103beabcc7,2024-12-28,5,0.0386,1,2229.89,2229.89,1.0,2229.89,1.0,2229.89,777,0.0,2229.89,0.0,0.0,0
a62bcc77-cf9c-44a3-920f-2e2e57c723dc,2024-12-28,0,0.5976,5,35158.41,7031.682,3.0,21290.3,5.0,35158.41,251,16.75,1529.82,2.63708,2.0,0
a69011f4-c3f9-4f91-92f2-3df9072b53e7,2024-12-28,74,0.1115,1,1011.68,1011.68,0.0,0.0,1.0,1011.68,269,0.0,1011.68,0.0,0.0,0
a7c6d291-2d8a-45ea-8005-81ecfd3682df,2024-12-28,16,0.0444,1,1399.3,1399.3,1.0,1399.3,1.0,1399.3,675,0.0,1399.3,0.0,0.0,0
a7dd5f9a-9fa6-4592-b920-cc610a4ca21b,2024-12-28,68,0.0446,1,9631.78,9631.78,0.0,0.0,1.0,9631.78,672,0.0,9631.78,0.0,0.0,0
a8091949-9c95-4f66-b956-b61849aa17d1,2024-12-28,8,0.1031,1,6305.36,6305.36,1.0,6305.36,1.0,6305.36,291,0.0,6305.36,0.0,0.0,1
a91e3f3f-94ea-410a-afcd-a9721a392b5a,2024-12-28,6,0.0561,1,4714.66,4714.66,1.0,4714.66,1.0,4714.66,535,0.0,4714.66,0.0,0.0,1
a9a14d19-86ba-40be-883c-0be4db2e7555,2024-12-28,85,0.1003,1,972.59,972.59,0.0,0.0,1.0,972.59,299,0.0,972.59,0.0,0.0,0
aa210298-0ad5-4fe1-9a49-04d9c35709c6,2024-12-28,6,0.1145,3,11307.44,3769.146667,2.0,5092.78,3.0,11307.44,786,30.5,2175.01,0.0,0.0,0
b067038f-9577-43c4-a072-0376499a6f51,2024-12-28,25,0.0936,2,10643.67,5321.835,2.0,10643.67,2.0,10643.67,641,1.0,6854.86,0.0,0.0,1
b0d81eaf-60e0-4aa5-b3e9-64fdea18f5e9,2024-12-28,0,0.0637,1,4501.05,4501.05,1.0,4501.05,1.0,4501.05,471,0.0,4501.05,0.0,0.0,0
b2f4f0f6-9d52-4439-b5fe-14ebe8887e7a,2024-12-28,82,0.0494,1,9233.79,9233.79,0.0,0.0,1.0,9233.79,607,0.0,9233.79,0.0,0.0,1
b35ff2cc-b3d7-4eee-bbe6-72dd663e82bf,2024-12-28,97,0.1045,1,5143.57,5143.57,0.0,0.0,0.0,0.0,287,0.0,5143.57,0.0,0.0,1
b4a140af-8af0-4074-8c4e-f1e587fff314,2024-12-28,1,0.2636,5,18299.68,3659.936,2.0,3588.17,5.0,18299.68,569,17.25,2751.93,-0.198932,0.0,0
b4dd90f1-04a6-4d42-ac0a-2702bbc8d0db,2024-12-28,94,0.0493,1,3698.86,3698.86,0.0,0.0,0.0,0.0,608,0.0,3698.86,0.0,0.0,0
b4ff4a71-e2cb-40a7-afaa-04a5be660e06,2024-12-28,29,0.0453,1,403.59,403.59,1.0,403.59,1.0,403.59,662,0.0,403.59,0.0,0.0,1
b5597188-1096-40f6-bb3c-7eae56f49e62,2024-12-28,29,0.1043,2,2098.44,1049.22,1.0,1929.02,2.0,2098.44,575,47.0,1929.02,0.0,0.0,1
b7d62bbb-f2b2-4bee-ac69-0e320b4b310f,2024-12-28,13,0.0958,2,9174.91,4587.455,1.0,4762.12,2.0,9174.91,626,73.0,4762.12,0.0,0.0,0
b88b94e7-2bbd-4939-98cc-217258c364d3,2024-12-28,9,0.094,1,4587.03,4587.03,1.0,4587.03,1.0,4587.03,319,0.0,4587.03,0.0,0.0,0
b8bfbbb5-a5a0-4d3d-905f-57ced220ffd3,2024-12-28,29,0.0637,1,932.15,932.15,1.0,932.15,1.0,932.15,471,0.0,932.15,0.0,0.0,0
bab05b4b-0196-4bb2-a10a-34baf0750132,2024-12-28,18,0.1333,3,2871.43,957.143333,2.0,2062.09,3.0,2871.43,675,9.0,1121.11,1.547866,1.0,1
bc2eaeff-d2cb-413b-8716-a7fa6d9507c2,2024-12-28,102,0.0642,1,191.74,191.74,0.0,0.0,0.0,0.0,467,0.0,191.74,0.0,0.0,0
bc69f988-30c6-4bf2-b27f-beafca1b2282,2024-12-28,55,0.1167,3,7576.52,2525.506667,0.0,0.0,2.0,6727.07,771,24.0,6293.91,-1.0,-1.0,0
bd918df4-d5fc-4b8a-9889-b0f92e0c438b,2024-12-28,30,0.0439,1,94.49,94.49,0.0,0.0,1.0,94.49,683,0.0,94.49,-1.0,-1.0,0
befa24a1-1459-4d2c-b2af-a4db90fa9666,2024-12-28,15,0.0706,2,5458.56,2729.28,2.0,5458.56,2.0,5458.56,850,10.0,3576.6,0.0,0.0,1
c07f630a-a6d1-41a2-9f27-8f85f52260c4,2024-12-28,31,0.0862,2,6633.93,3316.965,0.0,0.0,2.0,6633.93,696,38.0,2845.12,-1.0,-1.0,0
c34e266e-6b0c-4505-b1cc-f98b610c4986,2024-12-28,22,0.0454,1,1210.78,1210.78,1.0,1210.78,1.0,1210.78,661,0.0,1210.78,0.0,0.0,1
c3bc5bb3-aee9-4150-b36a-c89a22162e7d,2024-12-28,19,0.2368,3,10216.62,3405.54,2.0,9105.92,3.0,10216.62,380,17.0,7771.19,7.198361,1.0,0
c47da78e-a80f-46b0-b907-4867b0ac75da,2024-12-28,38,0.0518,1,560.4,560.4,0.0,0.0,1.0,560.4,579,0.0,560.4,-1.0,-1.0,1
c7e971e5-62a6-49c9-a239-e17ea1f253a5,2024-12-28,48,0.0377,1,1210.78,1210.78,0.0,0.0,1.0,1210.78,795,0.0,1210.78,-1.0,-1.0,0
c8466347-f65e-48a7-a013-64f958a93e60,2024-12-28,12,0.0758,1,13887.65,13887.65,1.0,13887.65,1.0,13887.65,396,0.0,13887.65,0.0,0.0,1
c895adf4-11e4-460d-bad6-1bc4560990aa,2024-12-28,28,0.0909,1,448.13,448.13,1.0,448.13,1.0,448.13,330,0.0,448.13,0.0,0.0,0
c8a387fb-7265-43df-9af8-79f21e3f7a8b,2024-12-28,2,0.0404,1,733.58,733.58,1.0,733.58,1.0,733.58,743,0.0,733.58,0.0,0.0,1
cb169247-90fc-4859-9c5d-36f94515f6a5,2024-12-28,61,0.0511,1,6586.85,6586.85,0.0,0.0,1.0,6586.85,587,0.0,6586.85,0.0,0.0,1
cbf3e2e4-9c43-4976-afaa-bc231bff129c,2024-12-28,20,0.0766,2,8856.8,4428.4,1.0,8770.52,2.0,8856.8,783,30.0,8770.52,100.651831,0.0,0
cc681bd0-1bf2-4364-a2fe-b18907da68dd,2024-12-28,45,0.0432,1,215.38,215.38,0.0,0.0,1.0,215.38,695,0.0,215.38,-1.0,-1.0,1
ced1be46-44d9-42f9-913f-bf359f04d616,2024-12-28,9,0.0408,1,1723.0,1723.0,1.0,1723.0,1.0,1723.0,736,0.0,1723.0,0.0,0.0,0
cf567dce-5613-483a-b10d-b4947a588d18,2024-12-28,59,0.0434,1,283.47,283.47,0.0,0.0,1.0,283.47,692,0.0,283.47,-1.0,-1.0,0
d16d5f0e-f1af-4ab1-8b14-12ce745ddd9b,2024-12-28,1,0.048,1,1538.96,1538.96,1.0,1538.96,1.0,1538.96,625,0.0,1538.96,0.0,0.0,0
d34c22d5-fa13-4eb6-a115-4306ab8f65d5,2024-12-28,9,0.0676,1,1349.86,1349.86,1.0,1349.86,1.0,1349.86,444,0.0,1349.86,0.0,0.0,0
d3af0e3f-6c8e-43fd-b62a-d477ca54c291,2024-12-28,26,0.1195,1,4173.15,4173.15,1.0,4173.15,1.0,4173.15,251,0.0,4173.15,0.0,0.0,0
d3ceae53-5516-4152-a247-d101c45a4912,2024-12-28,1,0.1505,3,9737.84,3245.946667,1.0,2866.9,3.0,9737.84,598,36.0,2866.9,-0.185,0.0,0
d6e6f2c0-9d75-46fe-a6d0-19f4998b8aa0,2024-12-28,90,0.0796,1,1428.9,1428.9,0.0,0.0,0.0,0.0,377,0.0,1428.9,0.0,0.0,1
d74a8b02-d712-4df5-b21a-91890f17146e,2024-12-28,3,0.0439,1,4475.5,4475.5,1.0,4475.5,1.0,4475.5,683,0.0,4475.5,0.0,0.0,0
d768ded2-0e1f-4338-a373-8cb12093b6b9,2024-12-28,57,0.0358,1,2101.79,2101.79,0.0,0.0,1.0,2101.79,837,0.0,2101.79,-1.0,-1.0,0
da7dbacc-46a8-44dc-b4c5-5e21bf437da6,2024-12-28,10,0.1095,3,9623.86,3207.953333,1.0,1358.86,3.0,9623.86,822,24.0,1358.86,-0.835589,-0.5,0
db49dbe2-b046-4b0c-8d11-6e496b852270,2024-12-28,9,0.2414,4,12794.57,3198.6425,2.0,3492.94,3.0,12318.53,497,32.6667,1874.27,0.0,0.0,0
dbc5aa6b-529c-4c91-8331-7ec33c8503bb,2024-12-28,7,0.0785,2,4943.58,2471.79,2.0,4943.58,2.0,4943.58,764,9.0,3716.48,0.0,0.0,0
dc32c9bc-f5b1-425c-b068-0f753d9baf2f,2024-12-28,59,0.0452,1,1026.63,1026.63,0.0,0.0,1.0,1026.63,663,0.0,1026.63,-1.0,-1.0,0
debb1669-0087-4b21-a027-8766438b09f1,2024-12-28,75,0.0554,1,4062.37,4062.37,0.0,0.0,1.0,4062.37,542,0.0,4062.37,0.0,0.0,0
e05c9e8f-2852-4c9d-9c2a-756d89ba64a0,2024-12-28,11,0.0817,2,5631.26,2815.63,1.0,3690.57,1.0,3690.57,734,107.0,3690.57,0.0,0.0,0
e223a14f-9752-4dfc-b998-04cfae44ca10,2024-12-28,18,0.2104,5,11568.12,2313.624,4.0,9986.44,5.0,11568.12,713,7.25,3028.91,5.313818,3.0,0
e400fe49-64f8-4e45-8877-6c5fd0a7747d,2024-12-28,30,0.0707,2,8731.71,4365.855,0.0,0.0,2.0,8731.71,849,34.0,6111.77,-1.0,-1.0,0
e408e6a2-589e-4b0f-a98f-6a5e0f9e9e53,2024-12-28,46,0.0419,1,3885.6,3885.6,0.0,0.0,1.0,3885.6,716,0.0,3885.6,-1.0,-1.0,0
e4636af2-ab68-4a83-a019-d77df1fa2bb5,2024-12-28,46,0.0619,1,377.96,377.96,0.0,0.0,1.0,377.96,485,0.0,377.96,-1.0,-1.0,0
e51c365e-179f-4c2e-92f5-bc4c2fc6282a,2024-12-28,37,0.0348,1,4762.12,4762.12,0.0,0.0,1.0,4762.12,861,0.0,4762.12,-1.0,-1.0,0
e61ddcc6-8917-49aa-b93d-ba7a21702a71,2024-12-28,33,0.1107,1,5853.68,5853.68,0.0,0.0,1.0,5853.68,271,0.0,5853.68,-1.0,-1.0,0
e74c4bf9-90b2-4723-8b21-9af623c5b124,2024-12-28,41,0.1049,1,2669.47,2669.47,0.0,0.0,1.0,2669.47,286,0.0,2669.47,-1.0,-1.0,0
eb632b3d-7715-4810-ac99-01c19831c220,2024-12-28,56,0.1607,3,8653.81,2884.603333,0.0,0.0,2.0,7637.89,560,24.5,2221.39,-1.0,-1.0,1
ec0b1685-64bd-41e0-8aa1-e25e3abe480b,2024-12-28,40,0.0458,1,3069.29,3069.29,0.0,0.0,1.0,3069.29,655,0.0,3069.29,-1.0,-1.0,1
ec6b856d-40f2-41ed-a20b-7af257224723,2024-12-28,47,0.0361,1,7694.83,7694.83,0.0,0.0,1.0,7694.83,832,0.0,7694.83,-1.0,-1.0,1
edf4822d-49a2-4ae7-95c1-975b85069210,2024-12-28,93,0.0865,1,3737.45,3737.45,0.0,0.0,0.0,0.0,347,0.0,3737.45,0.0,0.0,0
efa9353f-2d88-426a-a592-e6a1f87c7b1b,2024-12-28,17,0.1224,1,9631.78,9631.78,1.0,9631.78,1.0,9631.78,245,0.0,9631.78,0.0,0.0,1
f201cdf9-cb7c-4b4b-8da0-68bccc439429,2024-12-28,13,0.4301,4,4707.11,1176.7775,2.0,797.53,4.0,4707.11,279,18.3333,199.38,-0.709247,1.0,0
f223cb41-eede-43d3-bafb-311ac6aab7d7,2024-12-28,96,0.0496,1,2833.43,2833.43,0.0,0.0,0.0,0.0,605,0.0,2833.43,0.0,0.0,1
f3d3da1e-a146-45f1-bea7-4e9b3d5e991e,2024-12-28,83,0.0726,1,2170.36,2170.36,0.0,0.0,1.0,2170.36,413,0.0,2170.36,0.0,0.0,0
f5f339bf-3ab5-4a2e-916f-2db044568f67,2024-12-28,91,0.0493,1,842.29,842.29,0.0,0.0,0.0,0.0,608,0.0,842.29,0.0,0.0,0
f5f5a8ec-4cbe-4541-a494-d455225a8197,2024-12-28,9,0.0771,1,5342.96,5342.96,1.0,5342.96,1.0,5342.96,389,0.0,5342.96,0.0,0.0,0
f6176f19-c718-4746-9808-d110ecf53a50,2024-12-28,27,0.2695,3,1480.8,493.6,1.0,335.75,3.0,1480.8,334,11.5,335.75,-0.706781,-0.5,0
f631940b-26c5-4144-a328-f2b93f3b2f7e,2024-12-28,1,0.045,1,4083.11,4083.11,1.0,4083.11,1.0,4083.11,666,0.0,4083.11,0.0,0.0,0
f819f234-f7a8-41f3-8b26-732ac35c4d0b,2024-12-28,64,0.0949,1,310.72,310.72,0.0,0.0,1.0,310.72,316,0.0,310.72,0.0,0.0,1
f8435633-4f8d-462d-872a-e6a541d39872,2024-12-28,8,0.0708,2,11472.91,5736.455,1.0,5712.19,2.0,11472.91,847,25.0,5712.19,-0.008424,0.0,0
f8a3ae68-a437-491d-b88b-abad9164379f,2024-12-28,1,0.3448,4,14507.3,3626.825,2.0,11348.23,3.0,13271.33,348,33.6667,3858.04,4.901009,1.0,0
feb9f5f4-bed9-4b39-bb94-062fa9706005,2024-12-28,8,0.2405,4,29052.08,7263.02,2.0,17207.94,3.0,26218.65,499,27.6667,9350.17,0.0,0.0,0
fec6b81b-c723-45e8-a11f-75a4cb6a1381,2024-12-28,1,0.156,3,9542.61,3180.87,3.0,9542.61,3.0,9542.61,577,3.0,2764.41,0.0,0.0,0
ff29a3b3-fb27-44ad-8dcc-9551fb3c7420,2024-12-28,23,0.3604,4,18403.24,4600.81,2.0,12269.82,3.0,17263.27,333,29.6667,2274.18,1.457183,1.0,0
00acfd4d-b8a4-441a-b965-3c900cea01a1,2025-01-27,41,0.1563,3,13692.96,4564.32,0.0,0.0,3.0,13692.96,576,7.0,3855.92,-1.0,-1.0,0
027e2c71-76f6-44d8-b214-51097fc3e605,2025-01-27,61,0.2256,2,3021.96,1510.98,0.0,0.0,2.0,3021.96,266,28.0,1286.01,0.0,0.0,0
033361ce-6653-4ee7-bee4-3fdbd06887c9,2025-01-27,0,0.0551,1,3173.44,3173.44,1.0,3173.44,1.0,3173.44,544,0.0,3173.44,0.0,0.0,0
03d535e6-bab9-4699-93ff-729d55e623f0,2025-01-27,8,0.0551,1,599.51,599.51,1.0,599.51,1.0,599.51,544,0.0,599.51,0.0,0.0,1
05f197bf-0bdd-44a5-84bb-1878a08666b6,2025-01-27,41,0.0758,2,1463.83,731.915,0.0,0.0,2.0,1463.83,792,30.0,383.66,-1.0,-1.0,0
066b0bf5-5f5a-4c95-a709-b1fc1d059f94,2025-01-27,41,0.1525,3,10801.51,3600.503333,0.0,0.0,3.0,10801.51,590,18.5,3163.35,-1.0,-1.0,0
06771e16-c89d-4440-9d23-12b982301e00,2025-01-27,25,0.0469,1,4755.14,4755.14,1.0,4755.14,1.0,4755.14,640,0.0,4755.14,0.0,0.0,0
0833337f-d730-49c9-98d3-adc98d0ffdd5,2025-01-27,6,0.0407,1,2133.6,2133.6,1.0,2133.6,1.0,2133.6,737,0.0,2133.6,0.0,0.0,1
08667cf4-ac3a-45ee-a2ce-c49435d37bd6,2025-01-27,14,0.1163,1,754.4,754.4,1.0,754.4,1.0,754.4,258,0.0,754.4,0.0,0.0,0
0915900f-d22e-42b0-8e9e-810e55498a13,2025-01-27,5,0.1889,5,13168.63,2633.726,1.0,1573.27,5.0,13168.63,794,16.0,1573.27,-0.764726,-0.6667,0
091ba1e5-58cf-4e6c-badc-17dbe89dea69,2025-01-27,64,0.0801,2,9893.71,4946.855,0.0,0.0,1.0,9343.12,749,84.0,9343.12,0.0,0.0,0
0b94772b-0571-4308-92cc-ac6baf2ac02b,2025-01-27,25,0.0955,2,8573.69,4286.845,1.0,5152.04,1.0,5152.04,628,68.0,5152.04,0.0,0.0,0
0d0e2d20-27bb-4c93-9f8f-b7710b37194a,2025-01-27,0,0.0798,2,9043.03,4521.515,1.0,2272.41,2.0,9043.03,752,80.0,2272.41,0.0,0.0,1
10cb2e84-0bd1-4b29-8db3-06ae3488789d,2025-01-27,94,0.2736,3,18159.64,6053.213333,0.0,0.0,0.0,0.0,329,20.0,5035.13,0.0,0.0,0
113fc32a-23b9-4b41-82f4-df6c2b1ae4ae,2025-01-27,9,0.0687,2,979.02,489.51,2.0,979.02,2.0,979.02,873,19.0,575.43,0.0,0.0,0
119de36d-41b2-4136-a3a2-0b81cfcdf6f9,2025-01-27,37,0.1322,2,11408.02,5704.01,0.0,0.0,2.0,11408.02,454,14.0,2669.47,-1.0,-1.0,0
121edff8-dfb7-4758-a559-7855430672f3,2025-01-27,29,0.1119,1,3309.59,3309.59,1.0,3309.59,1.0,3309.59,268,0.0,3309.59,0.0,0.0,0
12be2694-e03e-4703-878e-8ce9ad582cf1,2025-01-27,11,0.0726,2,6324.03,3162.015,1.0,3488.88,1.0,3488.88,827,90.0,3488.88,0.0,0.0,1
13995ae9-c50f-4813-b0ba-6e044fe0b9ef,2025-01-27,84,0.0504,1,1581.68,1581.68,0.0,0.0,1.0,1581.68,595,0.0,1581.68,0.0,0.0,0
13b4e054-f5c9-4aaa-adb2-89ae2ad3a8bb,2025-01-27,23,0.0444,1,443.08,443.08,1.0,443.08,1.0,443.08,676,0.0,443.08,0.0,0.0,0
1445cd5d-91a8-417f-b07d-805a30ad7fb7,2025-01-27,10,0.0993,2,4086.18,2043.09,2.0,4086.18,2.0,4086.18,604,0.0,2047.71,0.0,0.0,0
1762b46f-b7ef-481c-9e0b-7e6d2033bcf4,2025-01-27,150,0.1087,1,951.03,951.03,0.0,0.0,0.0,0.0,276,0.0,951.03,0.0,0.0,0
1790c003-10df-448c-b85d-1632f261eb08,2025-01-27,23,0.0893,1,1382.09,1382.09,1.0,1382.09,1.0,1382.09,336,0.0,1382.09,0.0,0.0,0
1a467aee-8d4c-4127-8afb-fde18c339771,2025-01-27,41,0.0518,1,2798.74,2798.74,0.0,0.0,1.0,2798.74,579,0.0,2798.74,-1.0,-1.0,0
1a980af4-4a6b-40eb-a9a0-f4ffc25c68aa,2025-01-27,49,0.0723,1,5144.06,5144.06,0.0,0.0,1.0,5144.06,415,0.0,5144.06,-1.0,-1.0,0
1c22a6c4-3de0-4f96-b62a-3a6edbbaf732,2025-01-27,2,0.1181,3,7844.99,2614.996667,2.0,4479.84,2.0,4479.84,762,50.0,1420.19,0.0,0.0,0
1fff1144-0a72-44bd-ae41-900fd84b9dec,2025-01-27,108,0.038,1,8255.8,8255.8,0.0,0.0,0.0,0.0,789,0.0,8255.8,0.0,0.0,0
20791844-68d1-4c47-8940-96e45daf918f,2025-01-27,7,0.1852,5,10735.03,2147.006,1.0,1420.97,4.0,9449.14,810,32.25,1420.97,-0.823002,-0.6667,0
21a51334-c936-4d66-b3de-22e7b162ade5,2025-01-27,73,0.0381,1,5295.74,5295.74,0.0,0.0,1.0,5295.74,788,0.0,5295.74,0.0,0.0,1
2277c61c-6a77-4651-9d4b-9cccf937b007,2025-01-27,113,0.042,1,1942.79,1942.79,0.0,0.0,0.0,0.0,714,0.0,1942.79,0.0,0.0,1
229edd85-4113-4b2a-be5b-1cc986fd5173,2025-01-27,16,0.0752,1,4085.92,4085.92,1.0,4085.92,1.0,4085.92,399,0.0,4085.92,0.0,0.0,0
22c9e11f-8a46-446c-a948-06b756976159,2025-01-27,93,0.054,1,767.32,767.32,0.0,0.0,0.0,0.0,556,0.0,767.32,0.0,0.0,1
2576b737-f022-4e9c-8640-a88226cea0ff,2025-01-27,47,0.1422,2,10347.3,5173.65,0.0,0.0,2.0,10347.3,422,16.0,6854.86,-1.0,-1.0,0
27121f78-6ac9-48b9-bd1d-14e1b17b0217,2025-01-27,26,0.0513,1,1057.52,1057.52,1.0,1057.52,1.0,1057.52,585,0.0,1057.52,0.0,0.0,0
27415395-c694-42d4-a2b5-04dfddb578f5,2025-01-27,104,0.0338,1,399.26,399.26,0.0,0.0,0.0,0.0,887,0.0,399.26,0.0,0.0,0
28e3eb2f-4e60-491c-8ecf-9260a4a4ced4,2025-01-27,31,0.0748,2,22898.95,11449.475,0.0,0.0,2.0,22898.95,802,36.0,12432.4,-1.0,-1.0,0
2c1bec68-3786-4dae-bb18-e5be2c55ad92,2025-01-27,0,0.04,1,1324.34,1324.34,1.0,1324.34,1.0,1324.34,750,0.0,1324.34,0.0,0.0,1
2c3ca1b8-7c76-4a4c-80bf-5314fb7f22ae,2025-01-27,11,0.1345,4,13653.77,3413.4425,1.0,1349.88,2.0,7110.6,892,35.0,1349.88,0.0,0.0,0
2d2d74d8-47ee-4fdd-a00f-61966c2b1b25,2025-01-27,17,0.0629,1,2202.35,2202.35,1.0,2202.35,1.0,2202.35,477,0.0,2202.35,0.0,0.0,1
2fd49fb9-c8b2-4ec3-b38c-a061a73e1168,2025-01-27,2,0.123,2,4380.47,2190.235,1.0,1068.39,2.0,4380.47,488,42.0,1068.39,-0.677426,0.0,0
2fdb2470-7bb8-4ff4-90ef-b13139714701,2025-01-27,36,0.1609,2,3022.79,1511.395,0.0,0.0,2.0,3022.79,373,43.0,1542.69,-1.0,-1.0,0
3137607b-7cb7-42f6-bf45-44b8618d38d2,2025-01-27,80,0.1071,1,5045.57,5045.57,0.0,0.0,1.0,5045.57,280,0.0,5045.57,0.0,0.0,0
31e4bcb5-1a69-45eb-a2c7-5bfa73cdfca1,2025-01-27,16,0.037,1,4851.74,4851.74,1.0,4851.74,1.0,4851.74,811,0.0,4851.74,0.0,0.0,0
32ab5f7d-2c86-49a3-b8c6-009538e6624d,2025-01-27,112,0.0624,1,942.78,942.78,0.0,0.0,0.0,0.0,481,0.0,942.78,0.0,0.0,0
334ea671-bdee-4328-983b-35a799b372d6,2025-01-27,42,0.068,2,7672.19,3836.095,0.0,0.0,2.0,7672.19,883,25.0,6057.83,-1.0,-1.0,0
33879d3b-ca28-410e-9d37-7a429d1c33aa,2025-01-27,147,0.0488,1,3076.97,3076.97,0.0,0.0,0.0,0.0,615,0.0,3076.97,0.0,0.0,1
33ee3ff1-854d-447c-b205-31e8f43b9b20,2025-01-27,38,0.1188,2,2654.96,1327.48,0.0,0.0,2.0,2654.96,505,8.0,1120.32,-1.0,-1.0,0
34a16a66-821a-489f-8fc2-67d38c8256d4,2025-01-27,54,0.0489,1,4587.03,4587.03,0.0,0.0,1.0,4587.03,614,0.0,4587.03,-1.0,-1.0,0
34f539cb-584e-4259-ac9f-44e6d5484ebf,2025-01-27,34,0.1531,2,7341.15,3670.575,0.0,0.0,1.0,893.93,392,66.0,893.93,-1.0,-1.0,0
34fc1ab3-f5c6-4545-9ba9-158e780f74bd,2025-01-27,32,0.0873,2,6460.85,3230.425,0.0,0.0,2.0,6460.85,687,13.0,3332.09,-1.0,-1.0,0
36526e5e-f875-4c3e-a8d6-c50ede833ade,2025-01-27,60,0.0829,1,2454.21,2454.21,0.0,0.0,1.0,2454.21,362,0.0,2454.21,0.0,0.0,0
376ee9f0-6491-4a85-888a-05e690a5e05f,2025-01-27,32,0.0615,1,4726.52,4726.52,0.0,0.0,1.0,4726.52,488,0.0,4726.52,-1.0,-1.0,1
3773055e-a1f8-4fba-8846-a4b4eca5c2b7,2025-01-27,0,0.0777,1,347.09,347.09,1.0,347.09,1.0,347.09,386,0.0,347.09,0.0,0.0,0
3907704e-d22a-40f9-9591-9c06dfc1b6d2,2025-01-27,24,0.0878,2,8508.33,4254.165,1.0,449.63,1.0,449.63,683,84.0,449.63,0.0,0.0,0
3a4a12e8-a3c4-4fe3-a0bc-ed28dee70ff0,2025-01-27,7,0.048,1,1230.79,1230.79,1.0,1230.79,1.0,1230.79,625,0.0,1230.79,0.0,0.0,0
3a8f7a32-89b6-42d8-b99a-bc1041025065,2025-01-27,104,0.0384,1,1076.88,1076.88,0.0,0.0,0.0,0.0,781,0.0,1076.88,0.0,0.0,1
3bd0dd5d-7d24-48da-856a-69e393e5e5b9,2025-01-27,32,0.0471,1,1120.79,1120.79,0.0,0.0,1.0,1120.79,637,0.0,1120.79,-1.0,-1.0,0
3cc7350b-72e0-4990-a2f4-79f0e19bfe72,2025-01-27,85,0.0687,2,7634.45,3817.225,0.0,0.0,1.0,1011.68,873,26.0,1011.68,0.0,0.0,0
3ce5849f-19ca-4eca-8a46-e4a3b8828dc2,2025-01-27,50,0.0487,1,2841.6,2841.6,0.0,0.0,1.0,2841.6,616,0.0,2841.6,-1.0,-1.0,1
3de6f533-5503-4109-875b-33f40109353f,2025-01-27,16,0.0878,2,2211.99,1105.995,1.0,476.04,1.0,476.04,683,77.0,476.04,0.0,0.0,0
3e80243e-ed4d-46b5-a4ec-9aa1107c32da,2025-01-27,9,0.3401,5,20528.36,4105.672,2.0,12092.71,5.0,20528.36,441,17.25,2968.31,5.272283,1.0,0
3e8f3d31-4fdc-4858-8d58-87b8c70d1e61,2025-01-27,68,0.0767,1,621.43,621.43,0.0,0.0,1.0,621.43,391,0.0,621.43,0.0,0.0,1
403ba4f6-3b05-4fb0-9c95-6068878e01b1,2025-01-27,7,0.1424,3,13143.18,4381.06,2.0,5420.8,2.0,5420.8,632,55.0,1420.19,0.0,0.0,0
40abd3f4-34c6-407b-8dfe-8ff445cce235,2025-01-27,135,0.0365,1,271.7,271.7,0.0,0.0,0.0,0.0,823,0.0,271.7,0.0,0.0,0
41906a86-bd78-43ee-a9ab-5f93230c56a1,2025-01-27,5,0.1535,4,14586.54,3646.635,1.0,1403.26,3.0,14152.26,782,46.0,1403.26,-0.889932,-0.5,0
41cc51fc-74f3-43aa-b9e8-c4269becb375,2025-01-27,41,0.0867,2,8360.62,4180.31,0.0,0.0,2.0,8360.62,692,0.0,2822.94,-1.0,-1.0,0
420464c7-e05c-4002-9ab4-902acb471c60,2025-01-27,25,0.2169,3,3423.93,1141.31,1.0,970.35,1.0,970.35,415,42.5,970.35,0.0,0.0,0
43b1d0a0-404f-48c8-96ee-46291e3ceaa3,2025-01-27,9,0.2281,4,8520.09,2130.0225,2.0,5248.19,4.0,8520.09,526,26.6667,4012.22,0.0,0.0,0
44e18ff7-c6c4-4f05-810a-10acda026843,2025-01-27,36,0.1203,3,12615.92,4205.306667,0.0,0.0,3.0,12615.92,748,8.0,1283.89,-1.0,-1.0,0
44e3f736-1e1f-478d-876f-f18c9b474ec7,2025-01-27,56,0.0672,2,13776.99,6888.495,0.0,0.0,1.0,7112.81,893,43.0,7112.81,-1.0,-1.0,1
454e54ed-b5e4-4096-9693-090f3ddaa42e,2025-01-27,69,0.0955,1,10596.43,10596.43,0.0,0.0,1.0,10596.43,314,0.0,10596.43,0.0,0.0,1
456196a3-f5fd-4769-85c9-fe12f73de5b9,2025-01-27,36,0.2138,3,11118.67,3706.223333,0.0,0.0,3.0,11118.67,421,14.0,4294.86,-1.0,-1.0,0
45b35575-e766-4b46-861c-910c86237813,2025-01-27,6,0.2875,6,17329.7,2888.283333,1.0,2461.19,6.0,17329.7,626,12.6,2461.19,-0.681992,-0.75,0
46131e6b-4c77-4840-8255-973dc2b72450,2025-01-27,12,0.0388,1,846.28,846.28,1.0,846.28,1.0,846.28,774,0.0,846.28,0.0,0.0,0
48689e01-09c4-46f3-9d8e-5d6c440e56cb,2025-01-27,14,0.0346,1,1133.2,1133.2,1.0,1133.2,1.0,1133.2,866,0.0,1133.2,0.0,0.0,1
48871682-8627-402c-b359-46e536c8c5f8,2025-01-27,38,0.1974,3,4550.81,1516.936667,0.0,0.0,3.0,4550.81,456,15.0,471.39,-1.0,-1.0,0
49d4f65c-a7f6-423f-97b2-75571396471e,2025-01-27,34,0.1695,2,11898.4,5949.2,0.0,0.0,2.0,11898.4,354,51.0,4203.57,-1.0,-1.0,1
4db8450b-3473-4e34-abb8-61b270b04333,2025-01-27,72,0.0542,1,1340.9,1340.9,0.0,0.0,1.0,1340.9,554,0.0,1340.9,0.0,0.0,0
4ee7f9a8-1985-4e04-82b5-332cbc70c187,2025-01-27,28,0.1829,3,10452.49,3484.163333,1.0,4173.15,3.0,10452.49,492,16.0,4173.15,6.360702,0.0,0
505deb96-02b0-4484-ae43-533961fa661d,2025-01-27,10,0.0945,2,3771.47,1885.735,1.0,2943.45,2.0,3771.47,635,22.0,2943.45,2.554805,0.0,0
5173c47a-a140-490b-afc1-af84817a605e,2025-01-27,19,0.0731,2,4879.96,2439.98,1.0,1851.05,2.0,4879.96,821,39.0,1851.05,-0.388873,0.0,0
51833259-a233-414c-85fb-6ed59e50dfed,2025-01-27,35,0.3989,5,21413.71,4282.742,0.0,0.0,3.0,9985.55,376,25.5,2798.6,-1.0,-1.0,0
529b58fc-1d6b-4a46-bcf3-bd50c058a284,2025-01-27,10,0.062,1,1684.58,1684.58,1.0,1684.58,1.0,1684.58,484,0.0,1684.58,0.0,0.0,0
532c0027-0a87-4b04-8cd6-433b7eda14e0,2025-01-27,9,0.0534,1,5262.39,5262.39,1.0,5262.39,1.0,5262.39,562,0.0,5262.39,0.0,0.0,1
5379215b-cc4c-4e00-a6c5-27be458826a0,2025-01-27,34,0.0377,1,3053.65,3053.65,0.0,0.0,1.0,3053.65,796,0.0,3053.65,-1.0,-1.0,1
53cf422c-89ff-449d-9e2b-509585fbfa93,2025-01-27,51,0.0699,1,4267.68,4267.68,0.0,0.0,1.0,4267.68,429,0.0,4267.68,-1.0,-1.0,0
54739a70-fe3b-45f0-b6da-5eb96fddebc6,2025-01-27,53,0.205,3,12792.09,4264.03,0.0,0.0,3.0,12792.09,439,13.0,4173.15,-1.0,-1.0,0
556c3740-52fd-4022-8755-b92b9fa5342d,2025-01-27,12,0.0693,2,4917.72,2458.86,1.0,4430.29,1.0,4430.29,866,120.0,4430.29,0.0,0.0,0
575ab059-021e-48cf-a1f6-39e5a9719349,2025-01-27,27,0.0946,2,4444.54,2222.27,1.0,2170.36,2.0,4444.54,634,5.0,2170.36,-0.045652,0.0,0
5772f550-5886-44ab-b618-cc525d22c053,2025-01-27,18,0.5859,5,11733.05,2346.61,1.0,1428.9,3.0,7764.51,256,25.25,1428.9,-0.702326,0.0,0
5828d313-995e-4774-b19c-e8ac7bc3daea,2025-01-27,35,0.0346,1,183.39,183.39,0.0,0.0,1.0,183.39,866,0.0,183.39,-1.0,-1.0,1
585a8991-c44f-4e18-b8e0-6283bf6f9aff,2025-01-27,32,0.1016,3,9420.97,3140.323333,0.0,0.0,1.0,1437.94,886,41.5,1437.94,-1.0,-1.0,0
5a60bb30-d49d-430c-b819-619528fa0373,2025-01-27,1,0.1613,2,3510.83,1755.415,1.0,443.08,2.0,3510.83,372,79.0,443.08,0.0,0.0,0
5b8f23c7-fa9a-4a08-9a59-251fb715af18,2025-01-27,73,0.0362,1,6419.44,6419.44,0.0,0.0,1.0,6419.44,829,0.0,6419.44,0.0,0.0,1
5d5fa6d8-0ad7-4ade-be35-1c481b16b275,2025-01-27,48,0.1227,2,9529.92,4764.96,0.0,0.0,2.0,9529.92,489,33.0,9343.12,-1.0,-1.0,0
60fc3a69-d7a0-4445-b08b-d165e0bc4928,2025-01-27,6,0.0369,1,2335.32,2335.32,1.0,2335.32,1.0,2335.32,812,0.0,2335.32,0.0,0.0,1
614d73fd-8846-4895-a773-7898e1678216,2025-01-27,55,0.1083,2,2959.01,1479.505,0.0,0.0,2.0,2959.01,554,26.0,436.23,-1.0,-1.0,0
6272b3b9-197b-4be0-bf82-5b6e74a51d18,2025-01-27,10,0.0778,2,10742.6,5371.3,2.0,10742.6,2.0,10742.6,771,19.0,1508.81,0.0,0.0,1
62795829-338f-4ef4-a58a-8b4df43e37ed,2025-01-27,126,0.0617,1,349.18,349.18,0.0,0.0,0.0,0.0,486,0.0,349.18,0.0,0.0,1
66581e52-4a91-4e5a-9db9-6ea7faad6977,2025-01-27,31,0.1449,2,3969.8,1984.9,0.0,0.0,1.0,756.54,414,69.0,756.54,-1.0,-1.0,0
66aa9f2d-de6b-4def-8269-b6d0177dbf9a,2025-01-27,17,0.21,6,34748.47,5791.411667,2.0,2924.02,4.0,25458.99,857,19.2,2774.14,-0.742163,1.0,0
6774c3a7-d951-43fa-9c75-eaca2ced5391,2025-01-27,123,0.0442,1,691.05,691.05,0.0,0.0,0.0,0.0,678,0.0,691.05,0.0,0.0,0
679c79cb-5d90-434a-a13e-d63368ba0b98,2025-01-27,35,0.0355,1,836.24,836.24,0.0,0.0,1.0,836.24,846,0.0,836.24,-1.0,-1.0,1
67fc2766-666c-4de5-9a16-9a35603b9a46,2025-01-27,67,0.1132,1,3681.3,3681.3,0.0,0.0,1.0,3681.3,265,0.0,3681.3,0.0,0.0,1
6892976f-0a64-4372-bcd7-14d6113ea6e2,2025-01-27,30,0.0366,1,430.75,430.75,0.0,0.0,1.0,430.75,820,0.0,430.75,-1.0,-1.0,1
69223a3a-0e99-457c-b139-53a914126da0,2025-01-27,84,0.0364,1,7771.19,7771.19,0.0,0.0,1.0,7771.19,825,0.0,7771.19,0.0,0.0,1
6b35501e-08f6-41b4-8699-30281befd8ec,2025-01-27,78,0.1754,2,15905.48,7952.74,0.0,0.0,1.0,10070.26,342,57.0,10070.26,0.0,0.0,0
6bb31b8a-5c85-4549-9106-7183256248ff,2025-01-27,38,0.1062,2,6891.54,3445.77,0.0,0.0,2.0,6891.54,565,26.0,185.01,-1.0,-1.0,0
6cad4c9f-a37c-452d-9e24-b927cd585be0,2025-01-27,50,0.0524,1,410.66,410.66,0.0,0.0,1.0,410.66,572,0.0,410.66,-1.0,-1.0,1
6dd97a45-7233-4f75-bf2b-a02f9e2403f5,2025-01-27,113,0.0974,1,1172.56,1172.56,0.0,0.0,0.0,0.0,308,0.0,1172.56,0.0,0.0,0
6f363f3d-a553-4343-928a-865ef7efa488,2025-01-27,85,0.0644,1,3890.36,3890.36,0.0,0.0,1.0,3890.36,466,0.0,3890.36,0.0,0.0,0
6f43c820-6bb0-443a-a276-f436ff5cc816,2025-01-27,41,0.0932,1,5588.78,5588.78,0.0,0.0,1.0,5588.78,322,0.0,5588.78,-1.0,-1.0,1
6fb7d847-f44b-41dc-a325-7b26c61cbc96,2025-01-27,18,0.1794,5,16416.0,3283.2,3.0,5866.7,5.0,16416.0,836,17.0,497.92,4.798968,2.0,0
7010920b-f9d5-4e97-9d6a-a57cfe832fad,2025-01-27,63,0.0579,1,578.51,578.51,0.0,0.0,1.0,578.51,518,0.0,578.51,0.0,0.0,0
744605d3-9330-457d-9c53-8b4b59950976,2025-01-27,38,0.1714,3,6143.2,2047.733333,0.0,0.0,1.0,1342.99,525,29.0,1342.99,-1.0,-1.0,0
7613c703-00a5-4fcd-b61f-b4f85bd36ac2,2025-01-27,7,0.036,1,4113.69,4113.69,1.0,4113.69,1.0,4113.69,833,0.0,4113.69,0.0,0.0,0
76c7e6e2-ab70-4430-9c0e-611b3e8e3f7d,2025-01-27,2,0.034,1,4627.61,4627.61,1.0,4627.61,1.0,4627.61,883,0.0,4627.61,0.0,0.0,0
78106c04-2615-4323-b215-3172fb34fc72,2025-01-27,28,0.1064,2,3507.75,1753.875,1.0,937.14,2.0,3507.75,564,59.0,937.14,0.0,0.0,0
79ce75bd-e156-4762-a109-91880fa27abc,2025-01-27,3,0.1362,4,8965.48,2241.37,2.0,817.97,4.0,8965.48,881,11.6667,550.59,-0.899605,0.0,0
7b3011de-1fd5-49d7-8cd0-565a3af5b5da,2025-01-27,22,0.1622,3,2291.77,763.923333,1.0,1175.83,3.0,2291.77,555,10.5,1175.83,0.053668,-0.5,0
7d31f2fa-4d24-4819-aa43-8ca6f961480f,2025-01-27,104,0.0875,1,3834.51,3834.51,0.0,0.0,0.0,0.0,343,0.0,3834.51,0.0,0.0,1
7dc50afb-0eaa-4b38-8b2f-04eb2c57446e,2025-01-27,111,0.178,2,3989.74,1994.87,0.0,0.0,0.0,0.0,337,5.0,2123.91,0.0,0.0,1
7dd67799-87bf-4c47-944e-e495c976e50e,2025-01-27,31,0.0409,1,1354.12,1354.12,0.0,0.0,1.0,1354.12,733,0.0,1354.12,-1.0,-1.0,0
7e1ea714-6fe4-494e-9554-750dbe019c23,2025-01-27,64,0.0336,1,5961.02,5961.02,0.0,0.0,1.0,5961.02,894,0.0,5961.02,0.0,0.0,1
80425ba2-13bc-407f-9a1c-ff4f30480010,2025-01-27,41,0.0339,1,3923.85,3923.85,0.0,0.0,1.0,3923.85,884,0.0,3923.85,-1.0,-1.0,0
81038b9d-eef0-443c-9635-a2e4c4df490f,2025-01-27,72,0.1181,2,7606.59,3803.295,0.0,0.0,1.0,3748.55,508,38.0,3748.55,0.0,0.0,0
81aa5e22-d678-428b-b005-9b81178d3a85,2025-01-27,57,0.0527,1,383.66,383.66,0.0,0.0,1.0,383.66,569,0.0,383.66,-1.0,-1.0,0
82241b4b-7959-4079-9369-bbfcffcbc453,2025-01-27,0,0.2525,5,14088.2,2817.64,2.0,4425.74,5.0,14088.2,594,20.25,827.97,-0.285081,0.0,0
826855e8-3a9a-4032-ad5b-6ca64c822572,2025-01-27,0,0.0558,1,200.96,200.96,1.0,200.96,1.0,200.96,538,0.0,200.96,0.0,0.0,1
82c5a7aa-2ec7-45dc-9d03-be3531473f2f,2025-01-27,7,0.1132,1,981.15,981.15,1.0,981.15,1.0,981.15,265,0.0,981.15,0.0,0.0,1
83fe13f3-1026-46b2-9abd-d7277ea2f653,2025-01-27,67,0.043,1,1538.96,1538.96,0.0,0.0,1.0,1538.96,697,0.0,1538.96,0.0,0.0,0
86208847-cfb3-449d-a634-075a2b7c33cc,2025-01-27,148,0.0974,1,2263.21,2263.21,0.0,0.0,0.0,0.0,308,0.0,2263.21,0.0,0.0,0
86ab916f-9734-41f0-b5c0-9bbc082b3251,2025-01-27,14,0.2709,4,12723.68,3180.92,2.0,5122.12,3.0,10625.99,443,39.6667,1036.52,0.0,0.0,0
87b06d02-c4e0-4e44-a8d4-a21cdc592676,2025-01-27,21,0.1558,2,4784.11,2392.055,1.0,1052.45,2.0,4784.11,385,15.0,1052.45,-0.717967,0.0,0
8867ed0f-4c50-4aa9-8fb4-993893bd97df,2025-01-27,4,0.0888,1,2158.66,2158.66,1.0,2158.66,1.0,2158.66,338,0.0,2158.66,0.0,0.0,1
88f8cded-9e9f-4c71-9504-8cae260151bf,2025-01-27,1,0.0381,1,2210.12,2210.12,1.0,2210.12,1.0,2210.12,788,0.0,2210.12,0.0,0.0,1
8aa74529-c59e-4daf-9b98-321ebfce7306,2025-01-27,4,0.404,4,7903.52,1975.88,1.0,2263.21,3.0,4051.86,297,31.6667,2263.21,0.973569,0.0,0
8b278dae-e043-44f3-a5f0-8466df24d3a2,2025-01-27,22,0.1181,3,8450.46,2816.82,1.0,1439.11,2.0,6992.59,762,34.5,1439.11,-0.740863,0.0,0
8bd2e91f-b7be-4b2c-95e8-9b9f6936c3fe,2025-01-27,42,0.0693,2,8057.68,4028.84,0.0,0.0,2.0,8057.68,866,24.0,5815.48,-1.0,-1.0,0
8bf0cc1f-c9f7-4393-806f-86bce9acf23a,2025-01-27,78,0.0362,1,1085.19,1085.19,0.0,0.0,1.0,1085.19,829,0.0,1085.19,0.0,0.0,1
8daa11dd-d410-44bf-a0de-622a9ca7c78d,2025-01-27,8,0.1826,3,19571.38,6523.793333,2.0,8442.99,3.0,19571.38,493,14.0,5152.04,-0.241311,1.0,0
9013910b-257e-462f-8142-555578e385a5,2025-01-27,31,0.1053,2,12887.27,6443.635,0.0,0.0,2.0,12887.27,570,22.0,4062.37,-1.0,-1.0,0
90ef6a35-c0dc-4b20-aede-0d1b3e525838,2025-01-27,42,0.0452,1,3440.27,3440.27,0.0,0.0,1.0,3440.27,664,0.0,3440.27,-1.0,-1.0,1
910bd8ae-df74-4feb-9e1a-4e8966115c12,2025-01-27,75,0.0486,1,566.95,566.95,0.0,0.0,1.0,566.95,617,0.0,566.95,0.0,0.0,0
911f8116-248a-4e3d-afb4-62a632746852,2025-01-27,88,0.0532,1,3851.66,3851.66,0.0,0.0,1.0,3851.66,564,0.0,3851.66,0.0,0.0,0
918ccc0d-7add-4cda-bb90-29b5623f6d86,2025-01-27,38,0.0485,1,3600.45,3600.45,0.0,0.0,1.0,3600.45,618,0.0,3600.45,-1.0,-1.0,1
91f0a872-33ad-4dbe-9801-ac03b375f584,2025-01-27,94,0.0783,1,5670.28,5670.28,0.0,0.0,0.0,0.0,383,0.0,5670.28,0.0,0.0,0
97a7e174-c5da-4d97-b94b-09d5f4788809,2025-01-27,16,0.0757,2,15335.09,7667.545,1.0,2762.66,2.0,15335.09,793,70.0,2762.66,0.0,0.0,0
97c341f3-26c0-47ee-949b-ec2349709b82,2025-01-27,0,0.2377,5,14692.17,2938.434,2.0,4119.57,4.0,14290.25,631,32.75,969.41,0.0,0.0,0
9b131352-2e3f-4966-865e-a01b50bde6e5,2025-01-27,10,0.1103,3,7934.97,2644.99,2.0,4597.67,2.0,4597.67,816,56.0,476.04,0.0,0.0,0
9b4342ff-79f2-40db-9669-bbab65d50e2f,2025-01-27,10,0.1917,2,6623.01,3311.505,1.0,2060.81,2.0,6623.01,313,44.0,2060.81,-0.548286,0.0,0
9cbf413a-a00b-482b-9441-e8fce7668a2e,2025-01-27,7,0.1697,4,12348.98,3087.245,3.0,9293.65,4.0,12348.98,707,14.6667,3057.71,2.041783,2.0,0
9de44d71-02d0-4684-a314-54f9abd3f2cd,2025-01-27,97,0.0518,1,4083.11,4083.11,0.0,0.0,0.0,0.0,579,0.0,4083.11,0.0,0.0,0
9e3ba510-550f-49bf-a866-a3124ebe334a,2025-01-27,5,0.034,1,1150.86,1150.86,1.0,1150.86,1.0,1150.86,882,0.0,1150.86,0.0,0.0,1
a137cf0f-749a-402e-9913-60a7f4a47b92,2025-01-27,22,0.1027,2,4299.22,2149.61,1.0,1019.24,2.0,4299.22,584,30.0,1019.24,-0.689254,0.0,0
a20f7825-b033-409c-9c97-b044b61bae47,2025-01-27,36,0.1418,2,6041.78,3020.89,0.0,0.0,2.0,6041.78,423,20.0,1758.83,-1.0,-1.0,0
a281fc1b-5e0e-400e-9760-0f4eecb192e1,2025-01-27,28,0.3136,3,10730.01,3576.67,2.0,9073.97,3.0,10730.01,287,7.0,3929.91,4.479318,1.0,0
a54b8eca-fc5f-46cd-9407-2f103beabcc7,2025-01-27,35,0.0372,1,2229.89,2229.89,0.0,0.0,1.0,2229.89,807,0.0,2229.89,-1.0,-1.0,0
a62bcc77-cf9c-44a3-920f-2e2e57c723dc,2025-01-27,30,0.5338,5,35158.41,7031.682,0.0,0.0,4.0,27143.98,281,16.75,1529.82,-1.0,-1.0,0
a69011f4-c3f9-4f91-92f2-3df9072b53e7,2025-01-27,104,0.1003,1,1011.68,1011.68,0.0,0.0,0.0,0.0,299,0.0,1011.68,0.0,0.0,0
a7925872-0bc3-4eee-b74c-5086ea1e992d,2025-01-27,22,0.0525,1,428.53,428.53,1.0,428.53,1.0,428.53,571,0.0,428.53,0.0,0.0,1
a7c6d291-2d8a-45ea-8005-81ecfd3682df,2025-01-27,46,0.0426,1,1399.3,1399.3,0.0,0.0,1.0,1399.3,705,0.0,1399.3,-1.0,-1.0,0
a7dd5f9a-9fa6-4592-b920-cc610a4ca21b,2025-01-27,98,0.0427,1,9631.78,9631.78,0.0,0.0,0.0,0.0,702,0.0,9631.78,0.0,0.0,0
a8091949-9c95-4f66-b956-b61849aa17d1,2025-01-27,38,0.0935,1,6305.36,6305.36,0.0,0.0,1.0,6305.36,321,0.0,6305.36,-1.0,-1.0,0
a8a318fe-4ac5-43e5-819c-0493f94dfd8e,2025-01-27,13,0.0531,1,1660.89,1660.89,1.0,1660.89,1.0,1660.89,565,0.0,1660.89,0.0,0.0,0
a91e3f3f-94ea-410a-afcd-a9721a392b5a,2025-01-27,36,0.0531,1,4714.66,4714.66,0.0,0.0,1.0,4714.66,565,0.0,4714.66,-1.0,-1.0,0
a9a14d19-86ba-40be-883c-0be4db2e7555,2025-01-27,25,0.1824,2,1040.51,520.255,1.0,67.92,1.0,67.92,329,90.0,67.92,0.0,0.0,0
aa210298-0ad5-4fe1-9a49-04d9c35709c6,2025-01-27,36,0.1103,3,11307.44,3769.146667,0.0,0.0,2.0,5092.78,816,30.5,2175.01,-1.0,-1.0,0
ad10f2bd-d571-4f42-aec5-a7a10eaa3ca9,2025-01-27,1,0.0339,1,2038.47,2038.47,1.0,2038.47,1.0,2038.47,886,0.0,2038.47,0.0,0.0,1
b067038f-9577-43c4-a072-0376499a6f51,2025-01-27,55,0.0894,2,10643.67,5321.835,0.0,0.0,2.0,10643.67,671,1.0,6854.86,-1.0,-1.0,1
b0a7ac9f-5dc3-43d5-bf2f-2201d6f385b2,2025-01-27,10,0.0464,1,649.91,649.91,1.0,649.91,1.0,649.91,646,0.0,649.91,0.0,0.0,1
b0d81eaf-60e0-4aa5-b3e9-64fdea18f5e9,2025-01-27,30,0.0599,1,4501.05,4501.05,0.0,0.0,1.0,4501.05,501,0.0,4501.05,-1.0,-1.0,0
b2109776-616b-488c-9721-f3f116afd30f,2025-01-27,18,0.1412,2,12150.91,6075.455,2.0,12150.91,2.0,12150.91,425,10.0,3857.68,0.0,0.0,1
b21eb80b-84a0-490b-abcb-151568e54d64,2025-01-27,17,0.0789,2,5555.72,2777.86,2.0,5555.72,2.0,5555.72,760,10.0,1699.8,0.0,0.0,1
b247c235-943b-4c46-91c2-168e86d26161,2025-01-27,14,0.094,2,856.23,428.115,2.0,856.23,2.0,856.23,638,7.0,284.19,0.0,0.0,0
b2f4f0f6-9d52-4439-b5fe-14ebe8887e7a,2025-01-27,112,0.0471,1,9233.79,9233.79,0.0,0.0,0.0,0.0,637,0.0,9233.79,0.0,0.0,1
b35ff2cc-b3d7-4eee-bbe6-72dd663e82bf,2025-01-27,127,0.0946,1,5143.57,5143.57,0.0,0.0,0.0,0.0,317,0.0,5143.57,0.0,0.0,0
b3bc0c36-2894-415e-8303-9ce0c524adf7,2025-01-27,25,0.0535,1,701.63,701.63,1.0,701.63,1.0,701.63,561,0.0,701.63,0.0,0.0,1
b4a140af-8af0-4074-8c4e-f1e587fff314,2025-01-27,27,0.3005,6,20919.62,3486.603333,1.0,2619.94,5.0,10687.34,599,14.6,2619.94,-0.26984,-0.5,1
b4dd90f1-04a6-4d42-ac0a-2702bbc8d0db,2025-01-27,124,0.047,1,3698.86,3698.86,0.0,0.0,0.0,0.0,638,0.0,3698.86,0.0,0.0,0
b4ff4a71-e2cb-40a7-afaa-04a5be660e06,2025-01-27,59,0.0434,1,403.59,403.59,0.0,0.0,1.0,403.59,692,0.0,403.59,-1.0,-1.0,1
b5597188-1096-40f6-bb3c-7eae56f49e62,2025-01-27,59,0.0992,2,2098.44,1049.22,0.0,0.0,1.0,1929.02,605,47.0,1929.02,-1.0,-1.0,1
b7d62bbb-f2b2-4bee-ac69-0e320b4b310f,2025-01-27,43,0.0915,2,9174.91,4587.455,0.0,0.0,1.0,4762.12,656,73.0,4762.12,-1.0,-1.0,0
b812927c-5d6a-4cb6-9794-94ec8e44c0bd,2025-01-27,25,0.0481,1,1420.97,1420.97,1.0,1420.97,1.0,1420.97,624,0.0,1420.97,0.0,0.0,0
b88b94e7-2bbd-4939-98cc-217258c364d3,2025-01-27,39,0.086,1,4587.03,4587.03,0.0,0.0,1.0,4587.03,349,0.0,4587.03,-1.0,-1.0,0
b8bfbbb5-a5a0-4d3d-905f-57ced220ffd3,2025-01-27,59,0.0599,1,932.15,932.15,0.0,0.0,1.0,932.15,501,0.0,932.15,-1.0,-1.0,0
ba0a6120-4b67-4e2b-b2c4-9036a195b99a,2025-01-27,25,0.038,1,2968.31,2968.31,1.0,2968.31,1.0,2968.31,790,0.0,2968.31,0.0,0.0,0
bab05b4b-0196-4bb2-a10a-34baf0750132,2025-01-27,48,0.1277,3,2871.43,957.143333,0.0,0.0,3.0,2871.43,705,9.0,1121.11,-1.0,-1.0,1
bc2eaeff-d2cb-413b-8716-a7fa6d9507c2,2025-01-27,22,0.1207,2,739.92,369.96,1.0,548.18,1.0,548.18,497,110.0,548.18,0.0,0.0,0
bc69f988-30c6-4bf2-b27f-beafca1b2282,2025-01-27,85,0.1124,3,7576.52,2525.506667,0.0,0.0,1.0,6293.91,801,24.0,6293.91,0.0,0.0,0
bcf78932-5b86-4918-b87a-32963317f18d,2025-01-27,10,0.0361,1,4214.99,4214.99,1.0,4214.99,1.0,4214.99,830,0.0,4214.99,0.0,0.0,0
bd918df4-d5fc-4b8a-9889-b0f92e0c438b,2025-01-27,60,0.0421,1,94.49,94.49,0.0,0.0,1.0,94.49,713,0.0,94.49,0.0,0.0,0
befa24a1-1459-4d2c-b2af-a4db90fa9666,2025-01-27,45,0.0682,2,5458.56,2729.28,0.0,0.0,2.0,5458.56,880,10.0,3576.6,-1.0,-1.0,1
c07f630a-a6d1-41a2-9f27-8f85f52260c4,2025-01-27,29,0.124,3,11109.43,3703.143333,1.0,4475.5,2.0,7320.62,726,35.0,4475.5,0.0,0.0,0
c1d6c130-eed3-43da-a713-c63009b0c952,2025-01-27,24,0.0508,1,1858.31,1858.31,1.0,1858.31,1.0,1858.31,591,0.0,1858.31,0.0,0.0,1
c34e266e-6b0c-4505-b1cc-f98b610c4986,2025-01-27,52,0.0434,1,1210.78,1210.78,0.0,0.0,1.0,1210.78,691,0.0,1210.78,-1.0,-1.0,1
c3bc5bb3-aee9-4150-b36a-c89a22162e7d,2025-01-27,49,0.2195,3,10216.62,3405.54,0.0,0.0,3.0,10216.62,410,17.0,7771.19,-1.0,-1.0,0
c47da78e-a80f-46b0-b907-4867b0ac75da,2025-01-27,68,0.0493,1,560.4,560.4,0.0,0.0,1.0,560.4,609,0.0,560.4,0.0,0.0,1
c7af740f-1d7a-4321-9d3e-ec9107c05254,2025-01-27,26,0.0365,1,232.79,232.79,1.0,232.79,1.0,232.79,823,0.0,232.79,0.0,0.0,0
c7e971e5-62a6-49c9-a239-e17ea1f253a5,2025-01-27,78,0.0364,1,1210.78,1210.78,0.0,0.0,1.0,1210.78,825,0.0,1210.78,0.0,0.0,0
c8466347-f65e-48a7-a013-64f958a93e60,2025-01-27,42,0.0704,1,13887.65,13887.65,0.0,0.0,1.0,13887.65,426,0.0,13887.65,-1.0,-1.0,0
c895adf4-11e4-460d-bad6-1bc4560990aa,2025-01-27,58,0.0833,1,448.13,448.13,0.0,0.0,1.0,448.13,360,0.0,448.13,-1.0,-1.0,0
c8a387fb-7265-43df-9af8-79f21e3f7a8b,2025-01-27,32,0.0388,1,733.58,733.58,0.0,0.0,1.0,733.58,773,0.0,733.58,-1.0,-1.0,0
cb169247-90fc-4859-9c5d-36f94515f6a5,2025-01-27,91,0.0486,1,6586.85,6586.85,0.0,0.0,0.0,0.0,617,0.0,6586.85,0.0,0.0,1
cbf3e2e4-9c43-4976-afaa-bc231bff129c,2025-01-27,50,0.0738,2,8856.8,4428.4,0.0,0.0,2.0,8856.8,813,30.0,8770.52,-1.0,-1.0,0
cc681bd0-1bf2-4364-a2fe-b18907da68dd,2025-01-27,75,0.0414,1,215.38,215.38,0.0,0.0,1.0,215.38,725,0.0,215.38,0.0,0.0,1
cd796877-895f-4bcc-8fe0-0c8c6c4e68b0,2025-01-27,24,0.0852,1,2468.21,2468.21,1.0,2468.21,1.0,2468.21,352,0.0,2468.21,0.0,0.0,0
ced1be46-44d9-42f9-913f-bf359f04d616,2025-01-27,13,0.0783,2,3986.21,1993.105,1.0,2263.21,2.0,3986.21,766,26.0,2263.21,0.313529,0.0,0
cf567dce-5613-483a-b10d-b4947a588d18,2025-01-27,89,0.0416,1,283.47,283.47,0.0,0.0,1.0,283.47,722,0.0,283.47,0.0,0.0,0
d16a7971-11f5-4284-b4c4-063a25f1f892,2025-01-27,18,0.0393,1,2334.09,2334.09,1.0,2334.09,1.0,2334.09,763,0.0,2334.09,0.0,0.0,0
d16d5f0e-f1af-4ab1-8b14-12ce745ddd9b,2025-01-27,14,0.0916,2,1843.15,921.575,1.0,304.19,2.0,1843.15,655,17.0,304.19,-0.802341,0.0,0
d1907207-2f2d-4486-87e7-7b004fd2fab1,2025-01-27,27,0.0369,1,1514.46,1514.46,1.0,1514.46,1.0,1514.46,812,0.0,1514.46,0.0,0.0,0
d34c22d5-fa13-4eb6-a115-4306ab8f65d5,2025-01-27,39,0.0633,1,1349.86,1349.86,0.0,0.0,1.0,1349.86,474,0.0,1349.86,-1.0,-1.0,0
d3af0e3f-6c8e-43fd-b62a-d477ca54c291,2025-01-27,56,0.1068,1,4173.15,4173.15,0.0,0.0,1.0,4173.15,281,0.0,4173.15,-1.0,-1.0,0
d3ceae53-5516-4152-a247-d101c45a4912,2025-01-27,16,0.1911,4,13222.95,3305.7375,1.0,3485.11,3.0,9869.68,628,29.0,3485.11,0.215637,0.0,0
d5bde5d5-ffb3-40af-bfb0-e1fbc0fc8ac6,2025-01-27,21,0.0696,1,2031.83,2031.83,1.0,2031.83,1.0,2031.83,431,0.0,2031.83,0.0,0.0,0
d6235160-cff1-499b-8088-b1ef010206d2,2025-01-27,7,0.0448,1,4076.94,4076.94,1.0,4076.94,1.0,4076.94,670,0.0,4076.94,0.0,0.0,1
d6e6f2c0-9d75-46fe-a6d0-19f4998b8aa0,2025-01-27,120,0.0737,1,1428.9,1428.9,0.0,0.0,0.0,0.0,407,0.0,1428.9,0.0,0.0,0
d74a8b02-d712-4df5-b21a-91890f17146e,2025-01-27,33,0.0421,1,4475.5,4475.5,0.0,0.0,1.0,4475.5,713,0.0,4475.5,-1.0,-1.0,0
d768ded2-0e1f-4338-a373-8cb12093b6b9,2025-01-27,18,0.0692,2,3241.76,1620.88,1.0,1139.97,2.0,3241.76,867,69.0,1139.97,0.0,0.0,0
da7dbacc-46a8-44dc-b4c5-5e21bf437da6,2025-01-27,15,0.1761,5,18077.78,3615.556,2.0,8453.92,5.0,18077.78,852,18.25,3602.18,5.221333,1.0,0
db49dbe2-b046-4b0c-8d11-6e496b852270,2025-01-27,39,0.2277,4,12794.57,3198.6425,0.0,0.0,2.0,3492.94,527,32.6667,1874.27,-1.0,-1.0,0
dbc5aa6b-529c-4c91-8331-7ec33c8503bb,2025-01-27,37,0.0756,2,4943.58,2471.79,0.0,0.0,2.0,4943.58,794,9.0,3716.48,-1.0,-1.0,0
dc32c9bc-f5b1-425c-b068-0f753d9baf2f,2025-01-27,89,0.0433,1,1026.63,1026.63,0.0,0.0,1.0,1026.63,693,0.0,1026.63,0.0,0.0,0
debb1669-0087-4b21-a027-8766438b09f1,2025-01-27,0,0.1049,2,9600.23,4800.115,1.0,5537.86,1.0,5537.86,572,105.0,5537.86,0.0,0.0,0
df94c0e2-bf7b-4b60-9391-80972fa8058c,2025-01-27,24,0.0355,1,1388.35,1388.35,1.0,1388.35,1.0,1388.35,846,0.0,1388.35,0.0,0.0,1
e040241c-efa6-453e-8e84-6caae95e5811,2025-01-27,15,0.0993,1,5096.18,5096.18,1.0,5096.18,1.0,5096.18,302,0.0,5096.18,0.0,0.0,1
e05c9e8f-2852-4c9d-9c2a-756d89ba64a0,2025-01-27,9,0.1963,5,13079.59,2615.918,3.0,7448.33,4.0,11138.9,764,34.75,1655.43,1.018206,2.0,0
e223a14f-9752-4dfc-b998-04cfae44ca10,2025-01-27,6,0.2423,6,12096.88,2016.146667,1.0,528.76,6.0,12096.88,743,14.2,528.76,-0.947052,-0.75,0
e400fe49-64f8-4e45-8877-6c5fd0a7747d,2025-01-27,60,0.0683,2,8731.71,4365.855,0.0,0.0,1.0,6111.77,879,34.0,6111.77,0.0,0.0,0
e408e6a2-589e-4b0f-a98f-6a5e0f9e9e53,2025-01-27,76,0.0402,1,3885.6,3885.6,0.0,0.0,1.0,3885.6,746,0.0,3885.6,0.0,0.0,0
e4636af2-ab68-4a83-a019-d77df1fa2bb5,2025-01-27,76,0.0583,1,377.96,377.96,0.0,0.0,1.0,377.96,515,0.0,377.96,0.0,0.0,0
e51c365e-179f-4c2e-92f5-bc4c2fc6282a,2025-01-27,67,0.0337,1,4762.12,4762.12,0.0,0.0,1.0,4762.12,891,0.0,4762.12,0.0,0.0,0
e61ddcc6-8917-49aa-b93d-ba7a21702a71,2025-01-27,63,0.0997,1,5853.68,5853.68,0.0,0.0,1.0,5853.68,301,0.0,5853.68,0.0,0.0,0
e74c4bf9-90b2-4723-8b21-9af623c5b124,2025-01-27,2,0.2848,3,8609.45,2869.816667,2.0,5939.98,3.0,8609.45,316,34.5,924.71,0.0,0.0,0
e9152f33-f58e-4690-a02f-18066572acda,2025-01-27,27,0.0545,1,2498.92,2498.92,1.0,2498.92,1.0,2498.92,550,0.0,2498.92,0.0,0.0,0
e9afc85a-81e7-4518-a4f2-c3650f0c8105,2025-01-27,11,0.1075,1,2161.31,2161.31,1.0,2161.31,1.0,2161.31,279,0.0,2161.31,0.0,0.0,0
eb632b3d-7715-4810-ac99-01c19831c220,2025-01-27,86,0.1525,3,8653.81,2884.603333,0.0,0.0,1.0,2221.39,590,24.5,2221.39,0.0,0.0,0
ebe34170-88a5-4097-a231-ec6187114560,2025-01-27,3,0.0971,1,2762.66,2762.66,1.0,2762.66,1.0,2762.66,309,0.0,2762.66,0.0,0.0,1
ec0b1685-64bd-41e0-8aa1-e25e3abe480b,2025-01-27,70,0.0438,1,3069.29,3069.29,0.0,0.0,1.0,3069.29,685,0.0,3069.29,0.0,0.0,0
ec140a91-94c2-46b5-90c6-215cbcc0402e,2025-01-27,3,0.0467,1,868.56,868.56,1.0,868.56,1.0,868.56,642,0.0,868.56,0.0,0.0,1
ec6b856d-40f2-41ed-a20b-7af257224723,2025-01-27,77,0.0348,1,7694.83,7694.83,0.0,0.0,1.0,7694.83,862,0.0,7694.83,0.0,0.0,1
edf4822d-49a2-4ae7-95c1-975b85069210,2025-01-27,9,0.1592,2,6971.19,3485.595,1.0,3233.74,1.0,3233.74,377,114.0,3233.74,0.0,0.0,0
efa9353f-2d88-426a-a592-e6a1f87c7b1b,2025-01-27,47,0.1091,1,9631.78,9631.78,0.0,0.0,1.0,9631.78,275,0.0,9631.78,-1.0,-1.0,1
f17f8b99-61d1-4e7b-a6d3-4d0334235cc5,2025-01-27,24,0.0479,1,621.76,621.76,1.0,621.76,1.0,621.76,626,0.0,621.76,0.0,0.0,1
f201cdf9-cb7c-4b4b-8da0-68bccc439429,2025-01-27,43,0.3883,4,4707.11,1176.7775,0.0,0.0,3.0,3540.51,309,18.3333,199.38,-1.0,-1.0,0
f223cb41-eede-43d3-bafb-311ac6aab7d7,2025-01-27,126,0.0472,1,2833.43,2833.43,0.0,0.0,0.0,0.0,635,0.0,2833.43,0.0,0.0,1
f288b108-b674-41c7-91d6-0f5fdb761b37,2025-01-27,3,0.0353,1,1615.69,1615.69,1.0,1615.69,1.0,1615.69,850,0.0,1615.69,0.0,0.0,1
f3d3da1e-a146-45f1-bea7-4e9b3d5e991e,2025-01-27,113,0.0677,1,2170.36,2170.36,0.0,0.0,0.0,0.0,443,0.0,2170.36,0.0,0.0,0
f5f339bf-3ab5-4a2e-916f-2db044568f67,2025-01-27,121,0.047,1,842.29,842.29,0.0,0.0,0.0,0.0,638,0.0,842.29,0.0,0.0,0
f5f5a8ec-4cbe-4541-a494-d455225a8197,2025-01-27,39,0.0716,1,5342.96,5342.96,0.0,0.0,1.0,5342.96,419,0.0,5342.96,-1.0,-1.0,0
f6176f19-c718-4746-9808-d110ecf53a50,2025-01-27,57,0.2473,3,1480.8,493.6,0.0,0.0,3.0,1480.8,364,11.5,335.75,-1.0,-1.0,0
f631940b-26c5-4144-a328-f2b93f3b2f7e,2025-01-27,31,0.0431,1,4083.11,4083.11,0.0,0.0,1.0,4083.11,696,0.0,4083.11,-1.0,-1.0,0
f6a6bafb-8098-4f2d-ae6d-689b77c84f2b,2025-01-27,0,0.1056,1,5835.22,5835.22,1.0,5835.22,1.0,5835.22,284,0.0,5835.22,0.0,0.0,0
f819f234-f7a8-41f3-8b26-732ac35c4d0b,2025-01-27,94,0.0867,1,310.72,310.72,0.0,0.0,0.0,0.0,346,0.0,310.72,0.0,0.0,0
f8435633-4f8d-462d-872a-e6a541d39872,2025-01-27,38,0.0684,2,11472.91,5736.455,0.0,0.0,2.0,11472.91,877,25.0,5712.19,-1.0,-1.0,0
f8a3ae68-a437-491d-b88b-abad9164379f,2025-01-27,27,0.3968,5,19552.87,3910.574,1.0,5045.57,4.0,18316.9,378,26.25,5045.57,-0.555387,-0.5,0
fc90d768-4902-4267-aee4-185b5584cee7,2025-01-27,8,0.0493,1,2752.94,2752.94,1.0,2752.94,1.0,2752.94,608,0.0,2752.94,0.0,0.0,0
feb9f5f4-bed9-4b39-bb94-062fa9706005,2025-01-27,4,0.2836,5,33995.53,6799.106,1.0,4943.45,3.0,22151.39,529,29.25,4943.45,-0.712723,-0.5,0
fec6b81b-c723-45e8-a11f-75a4cb6a1381,2025-01-27,15,0.1977,4,12922.01,3230.5025,1.0,3379.4,4.0,12922.01,607,7.3333,3379.4,-0.645862,-0.6667,0
ff29a3b3-fb27-44ad-8dcc-9551fb3c7420,2025-01-27,6,0.4959,6,20188.03,3364.671667,2.0,1784.79,5.0,19048.06,363,27.2,864.15,-0.854538,0.0,0
00acfd4d-b8a4-441a-b965-3c900cea01a1,2025-02-26,71,0.1485,3,13692.96,4564.32,0.0,0.0,3.0,13692.96,606,7.0,3855.92,0.0,0.0,0
027e2c71-76f6-44d8-b214-51097fc3e605,2025-02-26,26,0.3041,3,3782.42,1260.806667,1.0,760.46,1.0,760.46,296,46.5,760.46,0.0,0.0,0
033361ce-6653-4ee7-bee4-3fdbd06887c9,2025-02-26,26,0.1045,2,4098.96,2049.48,1.0,925.52,2.0,4098.96,574,4.0,925.52,-0.708354,0.0,1
03d535e6-bab9-4699-93ff-729d55e623f0,2025-02-26,38,0.0523,1,599.51,599.51,0.0,0.0,1.0,599.51,574,0.0,599.51,-1.0,-1.0,1
05f197bf-0bdd-44a5-84bb-1878a08666b6,2025-02-26,71,0.073,2,1463.83,731.915,0.0,0.0,1.0,383.66,822,30.0,383.66,0.0,0.0,0
066b0bf5-5f5a-4c95-a709-b1fc1d059f94,2025-02-26,71,0.1452,3,10801.51,3600.503333,0.0,0.0,1.0,3163.35,620,18.5,3163.35,0.0,0.0,0
06771e16-c89d-4440-9d23-12b982301e00,2025-02-26,55,0.0448,1,4755.14,4755.14,0.0,0.0,1.0,4755.14,670,0.0,4755.14,-1.0,-1.0,0
0833337f-d730-49c9-98d3-adc98d0ffdd5,2025-02-26,36,0.0391,1,2133.6,2133.6,0.0,0.0,1.0,2133.6,767,0.0,2133.6,-1.0,-1.0,0
08667cf4-ac3a-45ee-a2ce-c49435d37bd6,2025-02-26,44,0.1042,1,754.4,754.4,0.0,0.0,1.0,754.4,288,0.0,754.4,-1.0,-1.0,0
0915900f-d22e-42b0-8e9e-810e55498a13,2025-02-26,25,0.2184,6,13583.74,2263.956667,1.0,415.11,5.0,8675.34,824,14.8,415.11,-0.736148,0.0,0
091ba1e5-58cf-4e6c-badc-17dbe89dea69,2025-02-26,3,0.1926,5,14831.41,2966.282,3.0,4937.7,3.0,4937.7,779,43.75,1846.18,0.0,0.0,0
09c23830-7cee-4f7c-94cb-8d5486ccf53f,2025-02-26,1,0.0445,1,951.03,951.03,1.0,951.03,1.0,951.03,674,0.0,951.03,0.0,0.0,0
0b56c7b0-943b-425a-b6dc-6ab9f4e721ae,2025-02-26,14,0.0744,1,829.87,829.87,1.0,829.87,1.0,829.87,403,0.0,829.87,0.0,0.0,0
0b94772b-0571-4308-92cc-ac6baf2ac02b,2025-02-26,13,0.1368,3,10424.74,3474.913333,1.0,1851.05,2.0,7003.09,658,55.0,1851.05,-0.640715,0.0,0
0c75c934-71c3-45ff-9de2-91babfa75c3f,2025-02-26,26,0.053,1,4085.6,4085.6,1.0,4085.6,1.0,4085.6,566,0.0,4085.6,0.0,0.0,0
0c9d8d71-baa9-4ddf-936f-0c9137dc6dc6,2025-02-26,24,0.0369,1,411.99,411.99,1.0,411.99,1.0,411.99,812,0.0,411.99,0.0,0.0,1
0d0e2d20-27bb-4c93-9f8f-b7710b37194a,2025-02-26,30,0.0767,2,9043.03,4521.515,0.0,0.0,1.0,2272.41,782,80.0,2272.41,-1.0,-1.0,0
0e79db9e-6873-435b-b29c-9f8be3977517,2025-02-26,23,0.0359,1,2649.34,2649.34,1.0,2649.34,1.0,2649.34,836,0.0,2649.34,0.0,0.0,0
10cb2e84-0bd1-4b29-8db3-06ae3488789d,2025-02-26,124,0.2507,3,18159.64,6053.213333,0.0,0.0,0.0,0.0,359,20.0,5035.13,0.0,0.0,0
113fc32a-23b9-4b41-82f4-df6c2b1ae4ae,2025-02-26,13,0.0997,3,1114.87,371.623333,1.0,135.85,3.0,1114.87,903,22.5,135.85,-0.861239,-0.5,0
119de36d-41b2-4136-a3a2-0b81cfcdf6f9,2025-02-26,12,0.2479,4,13253.0,3313.25,2.0,1844.98,4.0,13253.0,484,23.0,694.18,0.0,0.0,1
121edff8-dfb7-4758-a559-7855430672f3,2025-02-26,59,0.1007,1,3309.59,3309.59,0.0,0.0,1.0,3309.59,298,0.0,3309.59,-1.0,-1.0,0
12be2694-e03e-4703-878e-8ce9ad582cf1,2025-02-26,41,0.07,2,6324.03,3162.015,0.0,0.0,1.0,3488.88,857,90.0,3488.88,-1.0,-1.0,0
13995ae9-c50f-4813-b0ba-6e044fe0b9ef,2025-02-26,17,0.096,2,4033.23,2016.615,1.0,2451.55,1.0,2451.55,625,97.0,2451.55,0.0,0.0,0
13b4e054-f5c9-4aaa-adb2-89ae2ad3a8bb,2025-02-26,53,0.0425,1,443.08,443.08,0.0,0.0,1.0,443.08,706,0.0,443.08,-1.0,-1.0,0
13d8502b-672a-495d-a3f4-30157008db99,2025-02-26,1,0.0739,1,621.76,621.76,1.0,621.76,1.0,621.76,406,0.0,621.76,0.0,0.0,1
1445cd5d-91a8-417f-b07d-805a30ad7fb7,2025-02-26,18,0.142,3,4366.15,1455.383333,1.0,279.97,3.0,4366.15,634,11.0,279.97,-0.931484,-0.5,1
1686f723-a337-4bf4-aedd-21d353bffde6,2025-02-26,2,0.0904,1,4095.42,4095.42,1.0,4095.42,1.0,4095.42,332,0.0,4095.42,0.0,0.0,1
1762b46f-b7ef-481c-9e0b-7e6d2033bcf4,2025-02-26,180,0.098,1,951.03,951.03,0.0,0.0,0.0,0.0,306,0.0,951.03,0.0,0.0,0
1790c003-10df-448c-b85d-1632f261eb08,2025-02-26,53,0.082,1,1382.09,1382.09,0.0,0.0,1.0,1382.09,366,0.0,1382.09,-1.0,-1.0,0
1a467aee-8d4c-4127-8afb-fde18c339771,2025-02-26,28,0.0985,2,4751.43,2375.715,1.0,1952.69,2.0,4751.43,609,43.0,1952.69,0.0,0.0,1
1a980af4-4a6b-40eb-a9a0-f4ffc25c68aa,2025-02-26,79,0.0674,1,5144.06,5144.06,0.0,0.0,1.0,5144.06,445,0.0,5144.06,0.0,0.0,0
1c22a6c4-3de0-4f96-b62a-3a6edbbaf732,2025-02-26,27,0.1894,5,9834.04,1966.808,2.0,1989.05,4.0,6468.89,792,26.25,1440.87,-0.556,0.0,0
1fff1144-0a72-44bd-ae41-900fd84b9dec,2025-02-26,12,0.1099,3,10205.66,3401.886667,2.0,1949.86,2.0,1949.86,819,63.0,842.29,0.0,0.0,0
20791844-68d1-4c47-8940-96e45daf918f,2025-02-26,37,0.1786,5,10735.03,2147.006,0.0,0.0,4.0,9449.14,840,32.25,1420.97,-1.0,-1.0,0
21a51334-c936-4d66-b3de-22e7b162ade5,2025-02-26,103,0.0367,1,5295.74,5295.74,0.0,0.0,0.0,0.0,818,0.0,5295.74,0.0,0.0,1
2259bbe9-5f76-414c-ac70-cb078652ec8b,2025-02-26,26,0.0567,1,2461.58,2461.58,1.0,2461.58,1.0,2461.58,529,0.0,2461.58,0.0,0.0,1
2277c61c-6a77-4651-9d4b-9cccf937b007,2025-02-26,143,0.0403,1,1942.79,1942.79,0.0,0.0,0.0,0.0,744,0.0,1942.79,0.0,0.0,1
229edd85-4113-4b2a-be5b-1cc986fd5173,2025-02-26,22,0.1399,2,8417.04,4208.52,1.0,4331.12,2.0,8417.04,429,24.0,4331.12,0.060011,0.0,0
22c9e11f-8a46-446c-a948-06b756976159,2025-02-26,123,0.0512,1,767.32,767.32,0.0,0.0,0.0,0.0,586,0.0,767.32,0.0,0.0,1
2576b737-f022-4e9c-8640-a88226cea0ff,2025-02-26,17,0.3982,6,16537.43,2756.238333,4.0,6190.13,5.0,13044.99,452,15.2,3385.12,0.0,0.0,0
27121f78-6ac9-48b9-bd1d-14e1b17b0217,2025-02-26,56,0.0488,1,1057.52,1057.52,0.0,0.0,1.0,1057.52,615,0.0,1057.52,-1.0,-1.0,0
272c06ef-927d-483b-b924-350e81ee8dfe,2025-02-26,4,0.0365,1,4139.84,4139.84,1.0,4139.84,1.0,4139.84,822,0.0,4139.84,0.0,0.0,0
27415395-c694-42d4-a2b5-04dfddb578f5,2025-02-26,134,0.0327,1,399.26,399.26,0.0,0.0,0.0,0.0,917,0.0,399.26,0.0,0.0,0
28e3eb2f-4e60-491c-8ecf-9260a4a4ced4,2025-02-26,17,0.1082,3,24556.54,8185.513333,1.0,1657.59,2.0,14089.99,832,40.0,1657.59,0.0,0.0,0
28fe8878-f7c1-4a80-9dc8-ab4bf2bbd40a,2025-02-26,3,0.0667,1,274.09,274.09,1.0,274.09,1.0,274.09,450,0.0,274.09,0.0,0.0,0
2c1bec68-3786-4dae-bb18-e5be2c55ad92,2025-02-26,30,0.0385,1,1324.34,1324.34,0.0,0.0,1.0,1324.34,780,0.0,1324.34,-1.0,-1.0,1
2c3ca1b8-7c76-4a4c-80bf-5314fb7f22ae,2025-02-26,41,0.1302,4,13653.77,3413.4425,0.0,0.0,1.0,1349.88,922,35.0,1349.88,-1.0,-1.0,0
2d2d74d8-47ee-4fdd-a00f-61966c2b1b25,2025-02-26,47,0.0592,1,2202.35,2202.35,0.0,0.0,1.0,2202.35,507,0.0,2202.35,-1.0,-1.0,1
2fd49fb9-c8b2-4ec3-b38c-a061a73e1168,2025-02-26,32,0.1158,2,4380.47,2190.235,0.0,0.0,2.0,4380.47,518,42.0,1068.39,-1.0,-1.0,0
2fdb2470-7bb8-4ff4-90ef-b13139714701,2025-02-26,28,0.2233,3,4927.99,1642.663333,1.0,1905.2,2.0,3447.89,403,40.5,1905.2,0.0,0.0,0
3137607b-7cb7-42f6-bf45-44b8618d38d2,2025-02-26,110,0.0968,1,5045.57,5045.57,0.0,0.0,0.0,0.0,310,0.0,5045.57,0.0,0.0,0
31e4bcb5-1a69-45eb-a2c7-5bfa73cdfca1,2025-02-26,8,0.107,3,5248.1,1749.366667,2.0,396.36,3.0,5248.1,841,19.0,116.39,-0.918306,1.0,0
32ab5f7d-2c86-49a3-b8c6-009538e6624d,2025-02-26,142,0.0587,1,942.78,942.78,0.0,0.0,0.0,0.0,511,0.0,942.78,0.0,0.0,0
334ea671-bdee-4328-983b-35a799b372d6,2025-02-26,17,0.1314,4,10824.74,2706.185,2.0,3152.55,3.0,9210.38,913,26.6667,981.15,0.0,0.0,0
3378475b-b350-4593-9546-01468d85dcd8,2025-02-26,8,0.1881,2,1421.33,710.665,2.0,1421.33,2.0,1421.33,319,5.0,1293.5,0.0,0.0,0
33879d3b-ca28-410e-9d37-7a429d1c33aa,2025-02-26,177,0.0465,1,3076.97,3076.97,0.0,0.0,0.0,0.0,645,0.0,3076.97,0.0,0.0,0
33ee3ff1-854d-447c-b205-31e8f43b9b20,2025-02-26,26,0.1682,3,4633.83,1544.61,1.0,1978.87,3.0,4633.83,535,25.0,1978.87,0.0,0.0,1
34a16a66-821a-489f-8fc2-67d38c8256d4,2025-02-26,7,0.1398,3,11500.48,3833.493333,2.0,6913.45,3.0,11500.48,644,38.5,4703.33,0.0,0.0,0
34f539cb-584e-4259-ac9f-44e6d5484ebf,2025-02-26,24,0.2844,4,9574.73,2393.6825,2.0,2233.58,3.0,3127.51,422,35.3333,1082.78,0.0,0.0,0
34fc1ab3-f5c6-4545-9ba9-158e780f74bd,2025-02-26,7,0.1255,3,7264.69,2421.563333,1.0,803.84,3.0,7264.69,717,34.0,803.84,0.0,0.0,0
36526e5e-f875-4c3e-a8d6-c50ede833ade,2025-02-26,18,0.1531,2,3598.29,1799.145,1.0,1144.08,1.0,1144.08,392,72.0,1144.08,0.0,0.0,0
376ee9f0-6491-4a85-888a-05e690a5e05f,2025-02-26,62,0.0579,1,4726.52,4726.52,0.0,0.0,1.0,4726.52,518,0.0,4726.52,0.0,0.0,1
3773055e-a1f8-4fba-8846-a4b4eca5c2b7,2025-02-26,30,0.0721,1,347.09,347.09,0.0,0.0,1.0,347.09,416,0.0,347.09,-1.0,-1.0,0
3907704e-d22a-40f9-9591-9c06dfc1b6d2,2025-02-26,54,0.0842,2,8508.33,4254.165,0.0,0.0,1.0,449.63,713,84.0,449.63,-1.0,-1.0,0
399ee9ba-2674-41aa-a50a-7b370668b523,2025-02-26,13,0.0508,1,1754.08,1754.08,1.0,1754.08,1.0,1754.08,591,0.0,1754.08,0.0,0.0,0
3a4a12e8-a3c4-4fe3-a0bc-ed28dee70ff0,2025-02-26,37,0.0458,1,1230.79,1230.79,0.0,0.0,1.0,1230.79,655,0.0,1230.79,-1.0,-1.0,0
3a8f7a32-89b6-42d8-b99a-bc1041025065,2025-02-26,134,0.037,1,1076.88,1076.88,0.0,0.0,0.0,0.0,811,0.0,1076.88,0.0,0.0,1
3bd0dd5d-7d24-48da-856a-69e393e5e5b9,2025-02-26,62,0.045,1,1120.79,1120.79,0.0,0.0,1.0,1120.79,667,0.0,1120.79,0.0,0.0,0
3cc7350b-72e0-4990-a2f4-79f0e19bfe72,2025-02-26,115,0.0664,2,7634.45,3817.225,0.0,0.0,0.0,0.0,903,26.0,1011.68,0.0,0.0,0
3ce5849f-19ca-4eca-8a46-e4a3b8828dc2,2025-02-26,80,0.0464,1,2841.6,2841.6,0.0,0.0,1.0,2841.6,646,0.0,2841.6,0.0,0.0,1
3d036612-3ff3-451e-a921-d163e55b4c30,2025-02-26,18,0.0412,1,800.12,800.12,1.0,800.12,1.0,800.12,729,0.0,800.12,0.0,0.0,0
3da770f9-a532-48df-a2e4-cf550c263161,2025-02-26,5,0.1657,2,2570.67,1285.335,2.0,2570.67,2.0,2570.67,362,18.0,1962.3,0.0,0.0,0
3de6f533-5503-4109-875b-33f40109353f,2025-02-26,46,0.0842,2,2211.99,1105.995,0.0,0.0,1.0,476.04,713,77.0,476.04,-1.0,-1.0,0
3e80243e-ed4d-46b5-a4ec-9aa1107c32da,2025-02-26,39,0.3185,5,20528.36,4105.672,0.0,0.0,3.0,14020.67,471,17.25,2968.31,-1.0,-1.0,0
3e8f3d31-4fdc-4858-8d58-87b8c70d1e61,2025-02-26,98,0.0713,1,621.43,621.43,0.0,0.0,0.0,0.0,421,0.0,621.43,0.0,0.0,1
403ba4f6-3b05-4fb0-9c95-6068878e01b1,2025-02-26,8,0.1813,4,15304.49,3826.1225,1.0,2161.31,3.0,7582.11,662,46.3333,2161.31,-0.601293,-0.5,0
40abd3f4-34c6-407b-8dfe-8ff445cce235,2025-02-26,165,0.0352,1,271.7,271.7,0.0,0.0,0.0,0.0,853,0.0,271.7,0.0,0.0,0
414fbbd6-b12f-45a2-85f2-fd8a574567fa,2025-02-26,27,0.0368,1,319.07,319.07,1.0,319.07,1.0,319.07,816,0.0,319.07,0.0,0.0,1
41906a86-bd78-43ee-a9ab-5f93230c56a1,2025-02-26,35,0.1478,4,14586.54,3646.635,0.0,0.0,3.0,14152.26,812,46.0,1403.26,-1.0,-1.0,0
41cc51fc-74f3-43aa-b9e8-c4269becb375,2025-02-26,6,0.1247,3,8557.79,2852.596667,1.0,197.17,3.0,8557.79,722,32.5,197.17,0.0,0.0,0
420464c7-e05c-4002-9ab4-902acb471c60,2025-02-26,2,0.2697,4,4221.62,1055.405,1.0,797.69,2.0,1768.04,445,46.0,797.69,-0.177936,0.0,0
43b1d0a0-404f-48c8-96ee-46291e3ceaa3,2025-02-26,22,0.3237,6,12670.03,2111.671667,2.0,4149.94,4.0,9398.13,556,19.4,988.69,-0.209263,0.0,1
44e18ff7-c6c4-4f05-810a-10acda026843,2025-02-26,66,0.1157,3,12615.92,4205.306667,0.0,0.0,3.0,12615.92,778,8.0,1283.89,0.0,0.0,0
44e3f736-1e1f-478d-876f-f18c9b474ec7,2025-02-26,86,0.065,2,13776.99,6888.495,0.0,0.0,1.0,7112.81,923,43.0,7112.81,0.0,0.0,0
44f08084-85aa-46b5-8832-5d1d2b8db2cc,2025-02-26,21,0.0417,1,159.54,159.54,1.0,159.54,1.0,159.54,720,0.0,159.54,0.0,0.0,1
454e54ed-b5e4-4096-9693-090f3ddaa42e,2025-02-26,99,0.0872,1,10596.43,10596.43,0.0,0.0,0.0,0.0,344,0.0,10596.43,0.0,0.0,0
456196a3-f5fd-4769-85c9-fe12f73de5b9,2025-02-26,66,0.1996,3,11118.67,3706.223333,0.0,0.0,2.0,7402.19,451,14.0,4294.86,0.0,0.0,0
45b35575-e766-4b46-861c-910c86237813,2025-02-26,27,0.3201,7,17901.74,2557.391429,1.0,572.04,6.0,10772.62,656,12.0,572.04,-0.767576,0.0,0
46131e6b-4c77-4840-8255-973dc2b72450,2025-02-26,42,0.0373,1,846.28,846.28,0.0,0.0,1.0,846.28,804,0.0,846.28,-1.0,-1.0,0
46ced229-ee4c-418c-badd-2f91fc1ab760,2025-02-26,23,0.1263,2,4541.29,2270.645,2.0,4541.29,2.0,4541.29,475,4.0,803.84,0.0,0.0,0
48689e01-09c4-46f3-9d8e-5d6c440e56cb,2025-02-26,44,0.0335,1,1133.2,1133.2,0.0,0.0,1.0,1133.2,896,0.0,1133.2,-1.0,-1.0,1
48871682-8627-402c-b359-46e536c8c5f8,2025-02-26,68,0.1852,3,4550.81,1516.936667,0.0,0.0,1.0,471.39,486,15.0,471.39,0.0,0.0,0
4985763f-1aec-4bc7-8147-1beeb7a2d9c0,2025-02-26,13,0.0654,2,2214.55,1107.275,2.0,2214.55,2.0,2214.55,917,4.0,566.6,0.0,0.0,0
49d4f65c-a7f6-423f-97b2-75571396471e,2025-02-26,64,0.1563,2,11898.4,5949.2,0.0,0.0,1.0,4203.57,384,51.0,4203.57,0.0,0.0,1
4db8450b-3473-4e34-abb8-61b270b04333,2025-02-26,102,0.0514,1,1340.9,1340.9,0.0,0.0,0.0,0.0,584,0.0,1340.9,0.0,0.0,0
4ee7f9a8-1985-4e04-82b5-332cbc70c187,2025-02-26,18,0.2299,4,11164.75,2791.1875,1.0,712.26,3.0,5452.36,522,24.0,712.26,-0.829323,0.0,1
4f4f2ef2-6350-45b8-af19-6bd90adfc454,2025-02-26,3,0.083,2,2048.45,1024.225,2.0,2048.45,2.0,2048.45,723,9.0,1420.97,0.0,0.0,0
505deb96-02b0-4484-ae43-533961fa661d,2025-02-26,5,0.1353,3,4525.87,1508.623333,1.0,754.4,3.0,4525.87,665,28.5,754.4,-0.743702,0.0,0
5097dfe0-2eb9-4792-a52b-170cf10ad290,2025-02-26,21,0.0748,1,390.54,390.54,1.0,390.54,1.0,390.54,401,0.0,390.54,0.0,0.0,1
5173c47a-a140-490b-afc1-af84817a605e,2025-02-26,21,0.1058,3,7466.95,2488.983333,1.0,2586.99,3.0,7466.95,851,33.5,2586.99,0.39758,0.0,1
51833259-a233-414c-85fb-6ed59e50dfed,2025-02-26,65,0.3695,5,21413.71,4282.742,0.0,0.0,3.0,9985.55,406,25.5,2798.6,0.0,0.0,0
529b58fc-1d6b-4a46-bcf3-bd50c058a284,2025-02-26,40,0.0584,1,1684.58,1684.58,0.0,0.0,1.0,1684.58,514,0.0,1684.58,-1.0,-1.0,0
532c0027-0a87-4b04-8cd6-433b7eda14e0,2025-02-26,39,0.0507,1,5262.39,5262.39,0.0,0.0,1.0,5262.39,592,0.0,5262.39,-1.0,-1.0,0
5379215b-cc4c-4e00-a6c5-27be458826a0,2025-02-26,64,0.0363,1,3053.65,3053.65,0.0,0.0,1.0,3053.65,826,0.0,3053.65,0.0,0.0,1
53cf422c-89ff-449d-9e2b-509585fbfa93,2025-02-26,81,0.0654,1,4267.68,4267.68,0.0,0.0,1.0,4267.68,459,0.0,4267.68,0.0,0.0,0
54739a70-fe3b-45f0-b6da-5eb96fddebc6,2025-02-26,1,0.3198,5,16226.53,3245.306,2.0,3434.44,3.0,7607.59,469,27.0,1082.78,0.0,0.0,0
549276f5-7982-4ddd-9090-30fd37f31bf6,2025-02-26,0,0.1347,3,8651.2,2883.733333,3.0,8651.2,3.0,8651.2,668,11.0,3183.81,0.0,0.0,0
556c3740-52fd-4022-8755-b92b9fa5342d,2025-02-26,7,0.1004,3,10796.88,3598.96,1.0,5879.16,2.0,10309.45,896,77.5,5879.16,0.327037,0.0,0
575ab059-021e-48cf-a1f6-39e5a9719349,2025-02-26,57,0.0904,2,4444.54,2222.27,0.0,0.0,2.0,4444.54,664,5.0,2170.36,-1.0,-1.0,0
5772f550-5886-44ab-b618-cc525d22c053,2025-02-26,48,0.5245,5,11733.05,2346.61,0.0,0.0,2.0,6229.11,286,25.25,1428.9,-1.0,-1.0,0
5828d313-995e-4774-b19c-e8ac7bc3daea,2025-02-26,65,0.0335,1,183.39,183.39,0.0,0.0,1.0,183.39,896,0.0,183.39,0.0,0.0,1
585a8991-c44f-4e18-b8e0-6283bf6f9aff,2025-02-26,21,0.131,4,14834.88,3708.72,1.0,5413.91,2.0,6851.85,916,41.3333,5413.91,0.0,0.0,0
5a2542d2-8392-4c53-bbf2-259d1b7de2ba,2025-02-26,7,0.0915,1,2202.35,2202.35,1.0,2202.35,1.0,2202.35,328,0.0,2202.35,0.0,0.0,0
5a60bb30-d49d-430c-b819-619528fa0373,2025-02-26,31,0.1493,2,3510.83,1755.415,0.0,0.0,1.0,443.08,402,79.0,443.08,-1.0,-1.0,0
5b8f23c7-fa9a-4a08-9a59-251fb715af18,2025-02-26,103,0.0349,1,6419.44,6419.44,0.0,0.0,0.0,0.0,859,0.0,6419.44,0.0,0.0,1
5d5fa6d8-0ad7-4ade-be35-1c481b16b275,2025-02-26,10,0.1734,3,10342.31,3447.436667,1.0,812.39,2.0,10155.51,519,50.5,812.39,0.0,0.0,0
600950e2-e195-4863-b978-6b55ea2f8a24,2025-02-26,29,0.0682,1,69.99,69.99,1.0,69.99,1.0,69.99,440,0.0,69.99,0.0,0.0,0
60fc3a69-d7a0-4445-b08b-d165e0bc4928,2025-02-26,36,0.0356,1,2335.32,2335.32,0.0,0.0,1.0,2335.32,842,0.0,2335.32,-1.0,-1.0,0
614d73fd-8846-4895-a773-7898e1678216,2025-02-26,11,0.1541,3,3308.19,1102.73,1.0,349.18,2.0,785.41,584,50.0,349.18,0.0,0.0,0
6272b3b9-197b-4be0-bf82-5b6e74a51d18,2025-02-26,40,0.0749,2,10742.6,5371.3,0.0,0.0,2.0,10742.6,801,19.0,1508.81,-1.0,-1.0,1
62795829-338f-4ef4-a58a-8b4df43e37ed,2025-02-26,156,0.0581,1,349.18,349.18,0.0,0.0,0.0,0.0,516,0.0,349.18,0.0,0.0,1
66581e52-4a91-4e5a-9db9-6ea7faad6977,2025-02-26,61,0.1351,2,3969.8,1984.9,0.0,0.0,1.0,756.54,444,69.0,756.54,0.0,0.0,0
66aa9f2d-de6b-4def-8269-b6d0177dbf9a,2025-02-26,47,0.2029,6,34748.47,5791.411667,0.0,0.0,3.0,14264.59,887,19.2,2774.14,-1.0,-1.0,0
6774c3a7-d951-43fa-9c75-eaca2ced5391,2025-02-26,153,0.0424,1,691.05,691.05,0.0,0.0,0.0,0.0,708,0.0,691.05,0.0,0.0,0
679c79cb-5d90-434a-a13e-d63368ba0b98,2025-02-26,65,0.0342,1,836.24,836.24,0.0,0.0,1.0,836.24,876,0.0,836.24,0.0,0.0,0
67fc2766-666c-4de5-9a16-9a35603b9a46,2025-02-26,97,0.1017,1,3681.3,3681.3,0.0,0.0,0.0,0.0,295,0.0,3681.3,0.0,0.0,1
6853ff18-9673-4369-b96a-eb7e1eb71169,2025-02-26,25,0.0369,1,5268.74,5268.74,1.0,5268.74,1.0,5268.74,814,0.0,5268.74,0.0,0.0,0
6892976f-0a64-4372-bcd7-14d6113ea6e2,2025-02-26,60,0.0353,1,430.75,430.75,0.0,0.0,1.0,430.75,850,0.0,430.75,0.0,0.0,0
69008e38-87df-4edc-8e0c-02e44a0802a3,2025-02-26,1,0.068,1,465.57,465.57,1.0,465.57,1.0,465.57,441,0.0,465.57,0.0,0.0,1
69223a3a-0e99-457c-b139-53a914126da0,2025-02-26,114,0.0351,1,7771.19,7771.19,0.0,0.0,0.0,0.0,855,0.0,7771.19,0.0,0.0,1
6a7efc18-882b-4c4c-a75d-1b8aecdbf4a6,2025-02-26,4,0.0326,1,1003.05,1003.05,1.0,1003.05,1.0,1003.05,919,0.0,1003.05,0.0,0.0,0
6b35501e-08f6-41b4-8699-30281befd8ec,2025-02-26,12,0.3226,4,21325.24,5331.31,2.0,5419.76,2.0,5419.76,372,51.0,1324.34,0.0,0.0,0
6bb31b8a-5c85-4549-9106-7183256248ff,2025-02-26,68,0.1008,2,6891.54,3445.77,0.0,0.0,1.0,185.01,595,26.0,185.01,0.0,0.0,0
6cad4c9f-a37c-452d-9e24-b927cd585be0,2025-02-26,80,0.0498,1,410.66,410.66,0.0,0.0,1.0,410.66,602,0.0,410.66,0.0,0.0,1
6d07afb5-e45f-49c8-8fe6-ab313f89ab9c,2025-02-26,12,0.1273,3,8015.74,2671.913333,3.0,8015.74,3.0,8015.74,707,2.5,2586.99,0.0,0.0,0
6dd97a45-7233-4f75-bf2b-a02f9e2403f5,2025-02-26,143,0.0888,1,1172.56,1172.56,0.0,0.0,0.0,0.0,338,0.0,1172.56,0.0,0.0,0
6f363f3d-a553-4343-928a-865ef7efa488,2025-02-26,115,0.0605,1,3890.36,3890.36,0.0,0.0,0.0,0.0,496,0.0,3890.36,0.0,0.0,0
6f43c820-6bb0-443a-a276-f436ff5cc816,2025-02-26,71,0.0852,1,5588.78,5588.78,0.0,0.0,1.0,5588.78,352,0.0,5588.78,0.0,0.0,1
6fb7d847-f44b-41dc-a325-7b26c61cbc96,2025-02-26,3,0.2079,6,17651.97,2941.995,1.0,1235.97,5.0,8114.35,866,22.6,1235.97,-0.789324,-0.6667,0
7010920b-f9d5-4e97-9d6a-a57cfe832fad,2025-02-26,25,0.1642,3,4722.47,1574.156667,2.0,4143.96,2.0,4143.96,548,34.0,3946.79,0.0,0.0,0
73c3d633-4b34-49ad-a380-07fa31442bd6,2025-02-26,10,0.1307,2,7197.55,3598.775,2.0,7197.55,2.0,7197.55,459,3.0,3057.71,0.0,0.0,0
744605d3-9330-457d-9c53-8b4b59950976,2025-02-26,6,0.2703,5,10255.37,2051.074,2.0,4112.17,3.0,5455.16,555,30.0,1902.05,0.0,0.0,0
7613c703-00a5-4fcd-b61f-b4f85bd36ac2,2025-02-26,12,0.1043,3,6473.99,2157.996667,2.0,2360.3,3.0,6473.99,863,12.5,2076.11,-0.426233,1.0,0
76c7e6e2-ab70-4430-9c0e-611b3e8e3f7d,2025-02-26,21,0.0657,2,8729.59,4364.795,1.0,4101.98,2.0,8729.59,913,11.0,4101.98,-0.113586,0.0,1
78106c04-2615-4323-b215-3172fb34fc72,2025-02-26,26,0.1515,3,9386.91,3128.97,1.0,5879.16,2.0,6816.3,594,45.5,5879.16,5.273513,0.0,0
79ce75bd-e156-4762-a109-91880fa27abc,2025-02-26,29,0.1647,5,13617.32,2723.464,1.0,4651.84,5.0,13617.32,911,9.75,4651.84,4.687055,-0.5,0
7b3011de-1fd5-49d7-8cd0-565a3af5b5da,2025-02-26,52,0.1538,3,2291.77,763.923333,0.0,0.0,3.0,2291.77,585,10.5,1175.83,-1.0,-1.0,0
7d31f2fa-4d24-4819-aa43-8ca6f961480f,2025-02-26,134,0.0804,1,3834.51,3834.51,0.0,0.0,0.0,0.0,373,0.0,3834.51,0.0,0.0,1
7d5e174f-f3d2-488e-99b3-a0591b1a9319,2025-02-26,18,0.0445,1,1735.44,1735.44,1.0,1735.44,1.0,1735.44,674,0.0,1735.44,0.0,0.0,1
7dc50afb-0eaa-4b38-8b2f-04eb2c57446e,2025-02-26,141,0.1635,2,3989.74,1994.87,0.0,0.0,0.0,0.0,367,5.0,2123.91,0.0,0.0,1
7dd67799-87bf-4c47-944e-e495c976e50e,2025-02-26,61,0.0393,1,1354.12,1354.12,0.0,0.0,1.0,1354.12,763,0.0,1354.12,0.0,0.0,0
7e1ea714-6fe4-494e-9554-750dbe019c23,2025-02-26,94,0.0325,1,5961.02,5961.02,0.0,0.0,0.0,0.0,924,0.0,5961.02,0.0,0.0,1
80425ba2-13bc-407f-9a1c-ff4f30480010,2025-02-26,18,0.0656,2,5876.54,2938.27,1.0,1952.69,2.0,5876.54,914,53.0,1952.69,0.0,0.0,0
809a4c1b-22b1-4046-b62e-5ca84f41ae56,2025-02-26,2,0.0833,1,355.05,355.05,1.0,355.05,1.0,355.05,360,0.0,355.05,0.0,0.0,1
81038b9d-eef0-443c-9635-a2e4c4df490f,2025-02-26,102,0.1115,2,7606.59,3803.295,0.0,0.0,0.0,0.0,538,38.0,3748.55,0.0,0.0,0
81aa5e22-d678-428b-b005-9b81178d3a85,2025-02-26,87,0.0501,1,383.66,383.66,0.0,0.0,1.0,383.66,599,0.0,383.66,0.0,0.0,0
82241b4b-7959-4079-9369-bbfcffcbc453,2025-02-26,11,0.2885,6,18760.02,3126.67,1.0,4671.82,5.0,15288.11,624,20.0,4671.82,0.055602,-0.5,0
824fbcc7-5420-4ca2-84b0-15b0b4a2292b,2025-02-26,8,0.0413,1,920.64,920.64,1.0,920.64,1.0,920.64,727,0.0,920.64,0.0,0.0,1
826855e8-3a9a-4032-ad5b-6ca64c822572,2025-02-26,30,0.0528,1,200.96,200.96,0.0,0.0,1.0,200.96,568,0.0,200.96,-1.0,-1.0,1
82c5a7aa-2ec7-45dc-9d03-be3531473f2f,2025-02-26,37,0.1017,1,981.15,981.15,0.0,0.0,1.0,981.15,295,0.0,981.15,-1.0,-1.0,1
82d60e37-f049-4852-9464-c94b4e5c3244,2025-02-26,4,0.1422,2,4303.43,2151.715,2.0,4303.43,2.0,4303.43,422,7.0,3109.55,0.0,0.0,0
83fe13f3-1026-46b2-9abd-d7277ea2f653,2025-02-26,17,0.0825,2,2188.87,1094.435,1.0,649.91,1.0,649.91,727,80.0,649.91,0.0,0.0,1
855f6897-60c0-42cc-aa5a-bbcf4dfcfd28,2025-02-26,19,0.0346,1,1699.8,1699.8,1.0,1699.8,1.0,1699.8,867,0.0,1699.8,0.0,0.0,0
86208847-cfb3-449d-a634-075a2b7c33cc,2025-02-26,8,0.1775,2,3952.91,1976.455,1.0,1689.7,1.0,1689.7,338,170.0,1689.7,0.0,0.0,0
86ab916f-9734-41f0-b5c0-9bbc082b3251,2025-02-26,5,0.444,7,15811.52,2258.788571,3.0,3087.84,5.0,8209.96,473,26.3333,1274.18,-0.397156,0.5,0
87b06d02-c4e0-4e44-a8d4-a21cdc592676,2025-02-26,51,0.1446,2,4784.11,2392.055,0.0,0.0,2.0,4784.11,415,15.0,1052.45,-1.0,-1.0,0
8867ed0f-4c50-4aa9-8fb4-993893bd97df,2025-02-26,34,0.0815,1,2158.66,2158.66,0.0,0.0,1.0,2158.66,368,0.0,2158.66,-1.0,-1.0,0
88f8cded-9e9f-4c71-9504-8cae260151bf,2025-02-26,31,0.0367,1,2210.12,2210.12,0.0,0.0,1.0,2210.12,818,0.0,2210.12,-1.0,-1.0,0
8aa74529-c59e-4daf-9b98-321ebfce7306,2025-02-26,5,0.5505,6,12266.16,2044.36,2.0,4362.64,4.0,7772.61,327,24.8,3602.18,0.927634,1.0,0
8b278dae-e043-44f3-a5f0-8466df24d3a2,2025-02-26,14,0.1894,5,12627.53,2525.506,2.0,4177.07,4.0,11169.66,792,26.75,3183.81,1.902537,1.0,0
8bd2e91f-b7be-4b2c-95e8-9b9f6936c3fe,2025-02-26,72,0.067,2,8057.68,4028.84,0.0,0.0,1.0,5815.48,896,24.0,5815.48,0.0,0.0,0
8bf0cc1f-c9f7-4393-806f-86bce9acf23a,2025-02-26,108,0.0349,1,1085.19,1085.19,0.0,0.0,0.0,0.0,859,0.0,1085.19,0.0,0.0,1
8daa11dd-d410-44bf-a0de-622a9ca7c78d,2025-02-26,0,0.2868,5,22103.01,4420.602,2.0,2531.63,5.0,22103.01,523,16.5,1904.15,-0.70015,0.0,0
8f10e8bf-c7a4-4bd6-93ce-4de936a938ef,2025-02-26,2,0.3099,5,13239.09,2647.818,5.0,13239.09,5.0,13239.09,484,5.0,1238.87,0.0,0.0,0
9013910b-257e-462f-8142-555578e385a5,2025-02-26,61,0.1,2,12887.27,6443.635,0.0,0.0,2.0,12887.27,600,22.0,4062.37,0.0,0.0,0
90ef6a35-c0dc-4b20-aede-0d1b3e525838,2025-02-26,72,0.0432,1,3440.27,3440.27,0.0,0.0,1.0,3440.27,694,0.0,3440.27,0.0,0.0,0
910bd8ae-df74-4feb-9e1a-4e8966115c12,2025-02-26,105,0.0464,1,566.95,566.95,0.0,0.0,0.0,0.0,647,0.0,566.95,0.0,0.0,0
911f8116-248a-4e3d-afb4-62a632746852,2025-02-26,1,0.2525,5,11929.44,2385.888,4.0,8077.78,4.0,8077.78,594,29.25,738.47,0.0,0.0,0
918ccc0d-7add-4cda-bb90-29b5623f6d86,2025-02-26,68,0.0463,1,3600.45,3600.45,0.0,0.0,1.0,3600.45,648,0.0,3600.45,0.0,0.0,1
91f0a872-33ad-4dbe-9801-ac03b375f584,2025-02-26,24,0.1453,2,7528.59,3764.295,1.0,1858.31,1.0,1858.31,413,100.0,1858.31,0.0,0.0,0
97a7e174-c5da-4d97-b94b-09d5f4788809,2025-02-26,46,0.0729,2,15335.09,7667.545,0.0,0.0,1.0,2762.66,823,70.0,2762.66,-1.0,-1.0,0
97c341f3-26c0-47ee-949b-ec2349709b82,2025-02-26,15,0.2723,6,15680.86,2613.476667,1.0,988.69,3.0,5108.26,661,29.2,988.69,-0.760002,-0.5,0
9a48cdff-42f6-4b91-80ce-e531f3622d2b,2025-02-26,2,0.0971,1,1858.31,1858.31,1.0,1858.31,1.0,1858.31,309,0.0,1858.31,0.0,0.0,0
9ada7a7c-35d9-4619-9117-c1d9c05f08e9,2025-02-26,0,0.0474,1,697.02,697.02,1.0,697.02,1.0,697.02,633,0.0,697.02,0.0,0.0,1
9b131352-2e3f-4966-865e-a01b50bde6e5,2025-02-26,5,0.1418,4,8762.94,2190.735,1.0,827.97,3.0,5425.64,846,49.0,827.97,-0.819915,-0.5,0
9b4342ff-79f2-40db-9669-bbab65d50e2f,2025-02-26,40,0.1749,2,6623.01,3311.505,0.0,0.0,2.0,6623.01,343,44.0,2060.81,-1.0,-1.0,0
9c75b413-efd7-4171-9aa3-e4f50c8b52ea,2025-02-26,0,0.0435,1,3698.86,3698.86,1.0,3698.86,1.0,3698.86,690,0.0,3698.86,0.0,0.0,1
9cbf413a-a00b-482b-9441-e8fce7668a2e,2025-02-26,37,0.1628,4,12348.98,3087.245,0.0,0.0,4.0,12348.98,737,14.6667,3057.71,-1.0,-1.0,0
9de44d71-02d0-4684-a314-54f9abd3f2cd,2025-02-26,2,0.1478,3,8800.55,2933.516667,2.0,4717.44,2.0,4717.44,609,62.5,571.37,0.0,0.0,0
9e3ba510-550f-49bf-a866-a3124ebe334a,2025-02-26,35,0.0329,1,1150.86,1150.86,0.0,0.0,1.0,1150.86,912,0.0,1150.86,-1.0,-1.0,0
a137cf0f-749a-402e-9913-60a7f4a47b92,2025-02-26,4,0.1954,4,8389.53,2097.3825,2.0,4090.31,4.0,8389.53,614,26.0,3311.87,3.013098,1.0,0
a20f7825-b033-409c-9c97-b044b61bae47,2025-02-26,66,0.1325,2,6041.78,3020.89,0.0,0.0,2.0,6041.78,453,20.0,1758.83,0.0,0.0,0
a281fc1b-5e0e-400e-9760-0f4eecb192e1,2025-02-26,58,0.2839,3,10730.01,3576.67,0.0,0.0,3.0,10730.01,317,7.0,3929.91,-1.0,-1.0,0
a48769af-aacd-4623-8e69-fc86e1d3745e,2025-02-26,7,0.0448,1,691.05,691.05,1.0,691.05,1.0,691.05,670,0.0,691.05,0.0,0.0,0
a54b8eca-fc5f-46cd-9407-2f103beabcc7,2025-02-26,13,0.1075,3,4552.3,1517.433333,2.0,2322.41,3.0,4552.3,837,26.0,1171.61,0.0,0.0,0
a62bcc77-cf9c-44a3-920f-2e2e57c723dc,2025-02-26,60,0.4823,5,35158.41,7031.682,0.0,0.0,3.0,21290.3,311,16.75,1529.82,0.0,0.0,0
a69011f4-c3f9-4f91-92f2-3df9072b53e7,2025-02-26,134,0.0912,1,1011.68,1011.68,0.0,0.0,0.0,0.0,329,0.0,1011.68,0.0,0.0,0
a7925872-0bc3-4eee-b74c-5086ea1e992d,2025-02-26,52,0.0499,1,428.53,428.53,0.0,0.0,1.0,428.53,601,0.0,428.53,-1.0,-1.0,0
a7c6d291-2d8a-45ea-8005-81ecfd3682df,2025-02-26,3,0.0816,2,2308.26,1154.13,1.0,908.96,2.0,2308.26,735,73.0,908.96,0.0,0.0,1
a7dd5f9a-9fa6-4592-b920-cc610a4ca21b,2025-02-26,9,0.123,3,12596.04,4198.68,2.0,2964.26,2.0,2964.26,732,59.5,691.85,0.0,0.0,1
a8091949-9c95-4f66-b956-b61849aa17d1,2025-02-26,68,0.0855,1,6305.36,6305.36,0.0,0.0,1.0,6305.36,351,0.0,6305.36,0.0,0.0,0
a8a318fe-4ac5-43e5-819c-0493f94dfd8e,2025-02-26,43,0.0504,1,1660.89,1660.89,0.0,0.0,1.0,1660.89,595,0.0,1660.89,-1.0,-1.0,0
a91e3f3f-94ea-410a-afcd-a9721a392b5a,2025-02-26,66,0.0504,1,4714.66,4714.66,0.0,0.0,1.0,4714.66,595,0.0,4714.66,0.0,0.0,0
a955f9af-0de0-488d-9638-13b909991020,2025-02-26,9,0.0955,1,2622.11,2622.11,1.0,2622.11,1.0,2622.11,314,0.0,2622.11,0.0,0.0,0
a9a14d19-86ba-40be-883c-0be4db2e7555,2025-02-26,55,0.1671,2,1040.51,520.255,0.0,0.0,1.0,67.92,359,90.0,67.92,-1.0,-1.0,0
aa210298-0ad5-4fe1-9a49-04d9c35709c6,2025-02-26,23,0.1418,4,11639.39,2909.8475,1.0,331.95,3.0,5424.73,846,34.6667,331.95,0.0,0.0,0
ad10f2bd-d571-4f42-aec5-a7a10eaa3ca9,2025-02-26,31,0.0328,1,2038.47,2038.47,0.0,0.0,1.0,2038.47,916,0.0,2038.47,-1.0,-1.0,1
b067038f-9577-43c4-a072-0376499a6f51,2025-02-26,85,0.0856,2,10643.67,5321.835,0.0,0.0,2.0,10643.67,701,1.0,6854.86,0.0,0.0,0
b0a7ac9f-5dc3-43d5-bf2f-2201d6f385b2,2025-02-26,40,0.0444,1,649.91,649.91,0.0,0.0,1.0,649.91,676,0.0,649.91,-1.0,-1.0,0
b0d043da-1294-4ab0-8fa2-ebb68dbb62a2,2025-02-26,27,0.0376,1,4224.26,4224.26,1.0,4224.26,1.0,4224.26,797,0.0,4224.26,0.0,0.0,0
b0d81eaf-60e0-4aa5-b3e9-64fdea18f5e9,2025-02-26,20,0.113,2,6200.85,3100.425,1.0,1699.8,2.0,6200.85,531,40.0,1699.8,0.0,0.0,0
b2109776-616b-488c-9721-f3f116afd30f,2025-02-26,48,0.1319,2,12150.91,6075.455,0.0,0.0,2.0,12150.91,455,10.0,3857.68,-1.0,-1.0,1
b21eb80b-84a0-490b-abcb-151568e54d64,2025-02-26,47,0.0759,2,5555.72,2777.86,0.0,0.0,2.0,5555.72,790,10.0,1699.8,-1.0,-1.0,1
b247c235-943b-4c46-91c2-168e86d26161,2025-02-26,44,0.0898,2,856.23,428.115,0.0,0.0,2.0,856.23,668,7.0,284.19,-1.0,-1.0,0
b2ef61f5-8a4e-44af-9b72-983eb8729127,2025-02-26,2,0.0328,1,1940.69,1940.69,1.0,1940.69,1.0,1940.69,916,0.0,1940.69,0.0,0.0,0
b2f4f0f6-9d52-4439-b5fe-14ebe8887e7a,2025-02-26,142,0.045,1,9233.79,9233.79,0.0,0.0,0.0,0.0,667,0.0,9233.79,0.0,0.0,1
b35ff2cc-b3d7-4eee-bbe6-72dd663e82bf,2025-02-26,157,0.0865,1,5143.57,5143.57,0.0,0.0,0.0,0.0,347,0.0,5143.57,0.0,0.0,0
b3bc0c36-2894-415e-8303-9ce0c524adf7,2025-02-26,55,0.0508,1,701.63,701.63,0.0,0.0,1.0,701.63,591,0.0,701.63,-1.0,-1.0,1
b4a140af-8af0-4074-8c4e-f1e587fff314,2025-02-26,57,0.2862,6,20919.62,3486.603333,0.0,0.0,3.0,6208.11,629,14.6,2619.94,-1.0,-1.0,0
b4dd90f1-04a6-4d42-ac0a-2702bbc8d0db,2025-02-26,20,0.0898,2,7064.32,3532.16,1.0,3365.46,1.0,3365.46,668,134.0,3365.46,0.0,0.0,0
b4ff4a71-e2cb-40a7-afaa-04a5be660e06,2025-02-26,89,0.0416,1,403.59,403.59,0.0,0.0,1.0,403.59,722,0.0,403.59,0.0,0.0,1
b5597188-1096-40f6-bb3c-7eae56f49e62,2025-02-26,89,0.0945,2,2098.44,1049.22,0.0,0.0,1.0,1929.02,635,47.0,1929.02,0.0,0.0,0
b6466b91-0c2a-4a1f-bf51-fd9f9de8b206,2025-02-26,21,0.0792,1,4668.17,4668.17,1.0,4668.17,1.0,4668.17,379,0.0,4668.17,0.0,0.0,1
b7d62bbb-f2b2-4bee-ac69-0e320b4b310f,2025-02-26,73,0.0875,2,9174.91,4587.455,0.0,0.0,1.0,4762.12,686,73.0,4762.12,0.0,0.0,0
b812927c-5d6a-4cb6-9794-94ec8e44c0bd,2025-02-26,55,0.0459,1,1420.97,1420.97,0.0,0.0,1.0,1420.97,654,0.0,1420.97,-1.0,-1.0,0
b88b94e7-2bbd-4939-98cc-217258c364d3,2025-02-26,12,0.1583,2,6974.79,3487.395,1.0,2387.76,2.0,6974.79,379,57.0,2387.76,0.0,0.0,0
b88bef53-7397-4409-b454-f68fa7827873,2025-02-26,11,0.1103,2,2718.54,1359.27,2.0,2718.54,2.0,2718.54,544,2.0,627.48,0.0,0.0,0
b8bfbbb5-a5a0-4d3d-905f-57ced220ffd3,2025-02-26,26,0.113,2,2837.35,1418.675,1.0,1905.2,2.0,2837.35,531,63.0,1905.2,0.0,0.0,0
b9e85363-f343-4a9b-a6b9-588a5c0f9633,2025-02-26,8,0.0354,1,2643.8,2643.8,1.0,2643.8,1.0,2643.8,847,0.0,2643.8,0.0,0.0,0
ba0a6120-4b67-4e2b-b2c4-9036a195b99a,2025-02-26,19,0.0732,2,3920.91,1960.455,1.0,952.6,2.0,3920.91,820,36.0,952.6,-0.679077,0.0,0
bab05b4b-0196-4bb2-a10a-34baf0750132,2025-02-26,78,0.1224,3,2871.43,957.143333,0.0,0.0,2.0,2062.09,735,9.0,1121.11,0.0,0.0,1
bc2eaeff-d2cb-413b-8716-a7fa6d9507c2,2025-02-26,2,0.1708,3,4971.32,1657.106667,1.0,4231.4,2.0,4779.58,527,80.0,4231.4,6.718997,0.0,0
bc69f988-30c6-4bf2-b27f-beafca1b2282,2025-02-26,13,0.1444,4,11602.77,2900.6925,1.0,4026.25,1.0,4026.25,831,50.0,4026.25,0.0,0.0,1
bcf78932-5b86-4918-b87a-32963317f18d,2025-02-26,0,0.0698,2,4861.74,2430.87,1.0,646.75,2.0,4861.74,860,40.0,646.75,-0.84656,0.0,1
bd918df4-d5fc-4b8a-9889-b0f92e0c438b,2025-02-26,3,0.0808,2,3831.94,1915.97,1.0,3737.45,1.0,3737.45,743,87.0,3737.45,0.0,0.0,0
befa24a1-1459-4d2c-b2af-a4db90fa9666,2025-02-26,75,0.0659,2,5458.56,2729.28,0.0,0.0,2.0,5458.56,910,10.0,3576.6,0.0,0.0,1
c07f630a-a6d1-41a2-9f27-8f85f52260c4,2025-02-26,20,0.1984,5,17742.39,3548.478,2.0,6632.96,3.0,11108.46,756,27.25,1023.86,0.48206,1.0,0
c1a55833-8139-41dd-8bb5-59ab8a090d3b,2025-02-26,6,0.0409,1,1754.08,1754.08,1.0,1754.08,1.0,1754.08,733,0.0,1754.08,0.0,0.0,0
c1d6c130-eed3-43da-a713-c63009b0c952,2025-02-26,54,0.0483,1,1858.31,1858.31,0.0,0.0,1.0,1858.31,621,0.0,1858.31,-1.0,-1.0,0
c34e266e-6b0c-4505-b1cc-f98b610c4986,2025-02-26,82,0.0416,1,1210.78,1210.78,0.0,0.0,1.0,1210.78,721,0.0,1210.78,0.0,0.0,1
c3bc5bb3-aee9-4150-b36a-c89a22162e7d,2025-02-26,79,0.2045,3,10216.62,3405.54,0.0,0.0,2.0,9105.92,440,17.0,7771.19,0.0,0.0,0
c47da78e-a80f-46b0-b907-4867b0ac75da,2025-02-26,98,0.0469,1,560.4,560.4,0.0,0.0,0.0,0.0,639,0.0,560.4,0.0,0.0,0
c7af740f-1d7a-4321-9d3e-ec9107c05254,2025-02-26,56,0.0352,1,232.79,232.79,0.0,0.0,1.0,232.79,853,0.0,232.79,-1.0,-1.0,0
c7e971e5-62a6-49c9-a239-e17ea1f253a5,2025-02-26,108,0.0351,1,1210.78,1210.78,0.0,0.0,0.0,0.0,855,0.0,1210.78,0.0,0.0,0
c8466347-f65e-48a7-a013-64f958a93e60,2025-02-26,72,0.0658,1,13887.65,13887.65,0.0,0.0,1.0,13887.65,456,0.0,13887.65,0.0,0.0,0
c895adf4-11e4-460d-bad6-1bc4560990aa,2025-02-26,20,0.1538,2,1278.0,639.0,1.0,829.87,2.0,1278.0,390,68.0,829.87,0.0,0.0,1
c8a387fb-7265-43df-9af8-79f21e3f7a8b,2025-02-26,62,0.0374,1,733.58,733.58,0.0,0.0,1.0,733.58,803,0.0,733.58,0.0,0.0,0
c9b37375-0f54-4110-983e-7b7635c1257f,2025-02-26,21,0.1935,2,2581.72,1290.86,2.0,2581.72,2.0,2581.72,310,6.0,1735.44,0.0,0.0,0
cb169247-90fc-4859-9c5d-36f94515f6a5,2025-02-26,121,0.0464,1,6586.85,6586.85,0.0,0.0,0.0,0.0,647,0.0,6586.85,0.0,0.0,1
cbf3e2e4-9c43-4976-afaa-bc231bff129c,2025-02-26,16,0.1068,3,9765.76,3255.253333,1.0,908.96,2.0,9679.48,843,47.0,908.96,0.0,0.0,0
cc681bd0-1bf2-4364-a2fe-b18907da68dd,2025-02-26,105,0.0397,1,215.38,215.38,0.0,0.0,0.0,0.0,755,0.0,215.38,0.0,0.0,1
cd796877-895f-4bcc-8fe0-0c8c6c4e68b0,2025-02-26,14,0.1571,2,3437.62,1718.81,1.0,969.41,2.0,3437.62,382,40.0,969.41,-0.607242,0.0,0
ced1be46-44d9-42f9-913f-bf359f04d616,2025-02-26,3,0.1508,4,6792.02,1698.005,2.0,2805.81,4.0,6792.02,796,22.0,2272.41,0.239748,1.0,0
cf567dce-5613-483a-b10d-b4947a588d18,2025-02-26,1,0.0798,2,5379.65,2689.825,1.0,5096.18,1.0,5096.18,752,118.0,5096.18,0.0,0.0,0
d16a7971-11f5-4284-b4c4-063a25f1f892,2025-02-26,48,0.0378,1,2334.09,2334.09,0.0,0.0,1.0,2334.09,793,0.0,2334.09,-1.0,-1.0,0
d16d5f0e-f1af-4ab1-8b14-12ce745ddd9b,2025-02-26,12,0.1314,3,6694.89,2231.63,1.0,4851.74,3.0,6694.89,685,24.5,4851.74,14.949702,0.0,0
d1907207-2f2d-4486-87e7-7b004fd2fab1,2025-02-26,5,0.0713,2,3729.6,1864.8,1.0,2215.14,2.0,3729.6,842,52.0,2215.14,0.46266,0.0,0
d2b88436-ba26-4efa-bc74-287512167c81,2025-02-26,28,0.0518,1,868.56,868.56,1.0,868.56,1.0,868.56,579,0.0,868.56,0.0,0.0,0
d34c22d5-fa13-4eb6-a115-4306ab8f65d5,2025-02-26,25,0.119,2,1815.43,907.715,1.0,465.57,2.0,1815.43,504,44.0,465.57,0.0,0.0,1
d3af0e3f-6c8e-43fd-b62a-d477ca54c291,2025-02-26,86,0.0965,1,4173.15,4173.15,0.0,0.0,1.0,4173.15,311,0.0,4173.15,0.0,0.0,0
d3ceae53-5516-4152-a247-d101c45a4912,2025-02-26,21,0.228,5,16588.41,3317.682,1.0,3365.46,3.0,9717.47,658,28.0,3365.46,-0.034332,0.0,0
d3f21a44-d6a7-4183-9e3d-ca1e2f665ada,2025-02-26,1,0.0704,1,830.45,830.45,1.0,830.45,1.0,830.45,426,0.0,830.45,0.0,0.0,0
d5357dae-eafa-48fc-9a2b-b791e7c9e85e,2025-02-26,26,0.0494,1,1302.84,1302.84,1.0,1302.84,1.0,1302.84,607,0.0,1302.84,0.0,0.0,0
d5bde5d5-ffb3-40af-bfb0-e1fbc0fc8ac6,2025-02-26,3,0.1302,2,3807.07,1903.535,1.0,1775.24,2.0,3807.07,461,48.0,1775.24,-0.126285,0.0,0
d6235160-cff1-499b-8088-b1ef010206d2,2025-02-26,37,0.0429,1,4076.94,4076.94,0.0,0.0,1.0,4076.94,700,0.0,4076.94,-1.0,-1.0,1
d6e6f2c0-9d75-46fe-a6d0-19f4998b8aa0,2025-02-26,150,0.0686,1,1428.9,1428.9,0.0,0.0,0.0,0.0,437,0.0,1428.9,0.0,0.0,0
d74a8b02-d712-4df5-b21a-91890f17146e,2025-02-26,11,0.0808,2,5904.4,2952.2,1.0,1428.9,2.0,5904.4,743,52.0,1428.9,0.0,0.0,0
d768ded2-0e1f-4338-a373-8cb12093b6b9,2025-02-26,48,0.0669,2,3241.76,1620.88,0.0,0.0,1.0,1139.97,897,69.0,1139.97,-1.0,-1.0,0
da7dbacc-46a8-44dc-b4c5-5e21bf437da6,2025-02-26,45,0.1701,5,18077.78,3615.556,0.0,0.0,3.0,9812.78,882,18.25,3602.18,-1.0,-1.0,0
db49dbe2-b046-4b0c-8d11-6e496b852270,2025-02-26,25,0.2693,5,13149.62,2629.924,1.0,355.05,3.0,3847.99,557,35.5,355.05,0.0,0.0,0
dbc5aa6b-529c-4c91-8331-7ec33c8503bb,2025-02-26,0,0.1092,3,5563.02,1854.34,1.0,619.44,3.0,5563.02,824,38.0,619.44,0.0,0.0,0
dc1aef37-ddb1-4abc-a40f-974a11372fc7,2025-02-26,6,0.0855,2,5425.2,2712.6,2.0,5425.2,2.0,5425.2,702,9.0,2622.11,0.0,0.0,1
dc32c9bc-f5b1-425c-b068-0f753d9baf2f,2025-02-26,119,0.0415,1,1026.63,1026.63,0.0,0.0,0.0,0.0,723,0.0,1026.63,0.0,0.0,0
debb1669-0087-4b21-a027-8766438b09f1,2025-02-26,30,0.0997,2,9600.23,4800.115,0.0,0.0,1.0,5537.86,602,105.0,5537.86,-1.0,-1.0,0
df5f2a94-fa46-46dc-b4fc-0a08486e8118,2025-02-26,16,0.1054,2,753.25,376.625,2.0,753.25,2.0,753.25,569,7.0,162.48,0.0,0.0,1
df94c0e2-bf7b-4b60-9391-80972fa8058c,2025-02-26,54,0.0342,1,1388.35,1388.35,0.0,0.0,1.0,1388.35,876,0.0,1388.35,-1.0,-1.0,1
e040241c-efa6-453e-8e84-6caae95e5811,2025-02-26,45,0.0904,1,5096.18,5096.18,0.0,0.0,1.0,5096.18,332,0.0,5096.18,-1.0,-1.0,1
e05c9e8f-2852-4c9d-9c2a-756d89ba64a0,2025-02-26,39,0.1889,5,13079.59,2615.918,0.0,0.0,4.0,11138.9,794,34.75,1655.43,-1.0,-1.0,0
e223a14f-9752-4dfc-b998-04cfae44ca10,2025-02-26,36,0.2329,6,12096.88,2016.146667,0.0,0.0,5.0,10515.2,773,14.2,528.76,-1.0,-1.0,0
e400fe49-64f8-4e45-8877-6c5fd0a7747d,2025-02-26,90,0.066,2,8731.71,4365.855,0.0,0.0,0.0,0.0,909,34.0,6111.77,0.0,0.0,0
e408e6a2-589e-4b0f-a98f-6a5e0f9e9e53,2025-02-26,3,0.116,3,9544.88,3181.626667,2.0,5659.28,2.0,5659.28,776,51.5,390.54,0.0,0.0,0
e4636af2-ab68-4a83-a019-d77df1fa2bb5,2025-02-26,106,0.055,1,377.96,377.96,0.0,0.0,0.0,0.0,545,0.0,377.96,0.0,0.0,0
e51c365e-179f-4c2e-92f5-bc4c2fc6282a,2025-02-26,22,0.0651,2,7230.33,3615.165,1.0,2468.21,1.0,2468.21,921,75.0,2468.21,0.0,0.0,0
e61ddcc6-8917-49aa-b93d-ba7a21702a71,2025-02-26,15,0.1813,2,6019.65,3009.825,1.0,165.97,1.0,165.97,331,78.0,165.97,0.0,0.0,1
e630e7cb-c24b-49e2-af83-702facb0c4b9,2025-02-26,4,0.0455,1,3739.05,3739.05,1.0,3739.05,1.0,3739.05,660,0.0,3739.05,0.0,0.0,1
e74c4bf9-90b2-4723-8b21-9af623c5b124,2025-02-26,20,0.4335,5,13640.05,2728.01,2.0,5030.6,4.0,10970.58,346,20.25,1645.48,-0.153095,0.0,0
e85ec7b9-dc33-474f-b99d-d8ce41ac3c81,2025-02-26,8,0.0354,1,690.48,690.48,1.0,690.48,1.0,690.48,848,0.0,690.48,0.0,0.0,0
e9152f33-f58e-4690-a02f-18066572acda,2025-02-26,57,0.0517,1,2498.92,2498.92,0.0,0.0,1.0,2498.92,580,0.0,2498.92,-1.0,-1.0,0
e9afc85a-81e7-4518-a4f2-c3650f0c8105,2025-02-26,41,0.0971,1,2161.31,2161.31,0.0,0.0,1.0,2161.31,309,0.0,2161.31,-1.0,-1.0,0
eb632b3d-7715-4810-ac99-01c19831c220,2025-02-26,116,0.1452,3,8653.81,2884.603333,0.0,0.0,0.0,0.0,620,24.5,2221.39,0.0,0.0,0
ebe34170-88a5-4097-a231-ec6187114560,2025-02-26,33,0.0885,1,2762.66,2762.66,0.0,0.0,1.0,2762.66,339,0.0,2762.66,-1.0,-1.0,0
ec0b1685-64bd-41e0-8aa1-e25e3abe480b,2025-02-26,100,0.042,1,3069.29,3069.29,0.0,0.0,0.0,0.0,715,0.0,3069.29,0.0,0.0,0
ec140a91-94c2-46b5-90c6-215cbcc0402e,2025-02-26,33,0.0446,1,868.56,868.56,0.0,0.0,1.0,868.56,672,0.0,868.56,-1.0,-1.0,1
ec6b856d-40f2-41ed-a20b-7af257224723,2025-02-26,107,0.0336,1,7694.83,7694.83,0.0,0.0,0.0,0.0,892,0.0,7694.83,0.0,0.0,0
eddc4ec7-f3d1-445e-8c5f-3f767fd5305e,2025-02-26,10,0.1195,2,7313.1,3656.55,2.0,7313.1,2.0,7313.1,502,19.0,1775.24,0.0,0.0,0
edf4822d-49a2-4ae7-95c1-975b85069210,2025-02-26,8,0.2211,3,10670.05,3556.683333,1.0,3698.86,2.0,6932.6,407,72.5,3698.86,0.143833,0.0,0
efa9353f-2d88-426a-a592-e6a1f87c7b1b,2025-02-26,77,0.0984,1,9631.78,9631.78,0.0,0.0,1.0,9631.78,305,0.0,9631.78,0.0,0.0,0
f17f8b99-61d1-4e7b-a6d3-4d0334235cc5,2025-02-26,54,0.0457,1,621.76,621.76,0.0,0.0,1.0,621.76,656,0.0,621.76,-1.0,-1.0,1
f201cdf9-cb7c-4b4b-8da0-68bccc439429,2025-02-26,10,0.531,6,9880.72,1646.786667,2.0,5173.61,4.0,5971.14,339,23.6,4943.45,0.0,0.0,0
f223cb41-eede-43d3-bafb-311ac6aab7d7,2025-02-26,156,0.0451,1,2833.43,2833.43,0.0,0.0,0.0,0.0,665,0.0,2833.43,0.0,0.0,1
f288b108-b674-41c7-91d6-0f5fdb761b37,2025-02-26,33,0.0341,1,1615.69,1615.69,0.0,0.0,1.0,1615.69,880,0.0,1615.69,-1.0,-1.0,0
f2c6c870-59a5-4df4-8f5a-85d42b868208,2025-02-26,2,0.0503,1,649.91,649.91,1.0,649.91,1.0,649.91,596,0.0,649.91,0.0,0.0,0
f3d3da1e-a146-45f1-bea7-4e9b3d5e991e,2025-02-26,143,0.0634,1,2170.36,2170.36,0.0,0.0,0.0,0.0,473,0.0,2170.36,0.0,0.0,0
f5905fb3-1b37-4afd-80b2-3e6bb136b5b1,2025-02-26,5,0.0332,1,1902.05,1902.05,1.0,1902.05,1.0,1902.05,904,0.0,1902.05,0.0,0.0,0
f5f339bf-3ab5-4a2e-916f-2db044568f67,2025-02-26,9,0.0898,2,1831.73,915.865,1.0,989.44,1.0,989.44,668,142.0,989.44,0.0,0.0,0
f5f5a8ec-4cbe-4541-a494-d455225a8197,2025-02-26,69,0.0668,1,5342.96,5342.96,0.0,0.0,1.0,5342.96,449,0.0,5342.96,0.0,0.0,0
f6176f19-c718-4746-9808-d110ecf53a50,2025-02-26,11,0.3046,4,3345.66,836.415,1.0,1864.86,2.0,2200.61,394,33.0,1864.86,0.0,0.0,0
f631940b-26c5-4144-a328-f2b93f3b2f7e,2025-02-26,61,0.0413,1,4083.11,4083.11,0.0,0.0,1.0,4083.11,726,0.0,4083.11,0.0,0.0,0
f6a6bafb-8098-4f2d-ae6d-689b77c84f2b,2025-02-26,30,0.0955,1,5835.22,5835.22,0.0,0.0,1.0,5835.22,314,0.0,5835.22,-1.0,-1.0,0
f819f234-f7a8-41f3-8b26-732ac35c4d0b,2025-02-26,124,0.0798,1,310.72,310.72,0.0,0.0,0.0,0.0,376,0.0,310.72,0.0,0.0,0
f8435633-4f8d-462d-872a-e6a541d39872,2025-02-26,2,0.1323,4,13794.05,3448.5125,2.0,2321.14,3.0,8033.33,907,30.3333,1864.86,0.0,0.0,0
f8a3ae68-a437-491d-b88b-abad9164379f,2025-02-26,22,0.5147,7,23854.24,3407.748571,2.0,4301.37,5.0,20695.17,408,23.3333,1634.37,-0.147496,1.0,0
fc625523-78f4-4bf4-920a-ec3d6bf61de9,2025-02-26,6,0.042,1,1428.12,1428.12,1.0,1428.12,1.0,1428.12,715,0.0,1428.12,0.0,0.0,1
fc90d768-4902-4267-aee4-185b5584cee7,2025-02-26,20,0.1411,3,8158.17,2719.39,2.0,5405.23,3.0,8158.17,638,9.0,5262.39,0.963439,1.0,0
fd071015-793c-469e-bc3a-2f94a20f8f62,2025-02-26,22,0.0423,1,5250.26,5250.26,1.0,5250.26,1.0,5250.26,710,0.0,5250.26,0.0,0.0,0
feb9f5f4-bed9-4b39-bb94-062fa9706005,2025-02-26,34,0.2683,5,33995.53,6799.106,0.0,0.0,3.0,22151.39,559,29.25,4943.45,-1.0,-1.0,0
fec6b81b-c723-45e8-a11f-75a4cb6a1381,2025-02-26,45,0.1884,4,12922.01,3230.5025,0.0,0.0,4.0,12922.01,637,7.3333,3379.4,-1.0,-1.0,0
ff29a3b3-fb27-44ad-8dcc-9551fb3c7420,2025-02-26,0,0.5344,7,21434.38,3062.054286,1.0,1246.35,5.0,15300.96,393,28.6667,1246.35,-0.301683,-0.5,0
ffb862d5-c41a-4b47-8ccf-b781447c9d8f,2025-02-26,22,0.0414,1,1246.35,1246.35,1.0,1246.35,1.0,1246.35,724,0.0,1246.35,0.0,0.0,1
00acfd4d-b8a4-441a-b965-3c900cea01a1,2025-03-28,0,0.1887,4,17639.75,4409.9375,1.0,3946.79,1.0,3946.79,636,38.3333,3946.79,0.0,0.0,0
01a1b558-e312-42e2-ae36-718f30634861,2025-03-28,10,0.0515,1,3602.18,3602.18,1.0,3602.18,1.0,3602.18,583,0.0,3602.18,0.0,0.0,1
027e2c71-76f6-44d8-b214-51097fc3e605,2025-03-28,0,0.7362,8,13614.95,1701.86875,5.0,9832.53,6.0,10592.99,326,21.2857,1068.39,11.929714,4.0,0
033361ce-6653-4ee7-bee4-3fdbd06887c9,2025-03-28,56,0.0993,2,4098.96,2049.48,0.0,0.0,2.0,4098.96,604,4.0,925.52,-1.0,-1.0,1
03d535e6-bab9-4699-93ff-729d55e623f0,2025-03-28,68,0.0497,1,599.51,599.51,0.0,0.0,1.0,599.51,604,0.0,599.51,0.0,0.0,1
0443c1b9-9e56-4bed-b673-1441efe40f38,2025-03-28,14,0.0855,2,1005.07,502.535,2.0,1005.07,2.0,1005.07,702,7.0,550.59,0.0,0.0,1
05f197bf-0bdd-44a5-84bb-1878a08666b6,2025-03-28,18,0.1408,4,9169.94,2292.485,2.0,7706.11,2.0,7706.11,852,37.6667,2762.66,0.0,0.0,0
066b0bf5-5f5a-4c95-a709-b1fc1d059f94,2025-03-28,29,0.1846,4,11226.24,2806.56,1.0,424.73,1.0,424.73,650,36.3333,424.73,0.0,0.0,0
06771e16-c89d-4440-9d23-12b982301e00,2025-03-28,85,0.0429,1,4755.14,4755.14,0.0,0.0,1.0,4755.14,700,0.0,4755.14,0.0,0.0,0
0833337f-d730-49c9-98d3-adc98d0ffdd5,2025-03-28,66,0.0376,1,2133.6,2133.6,0.0,0.0,1.0,2133.6,797,0.0,2133.6,0.0,0.0,0
08667cf4-ac3a-45ee-a2ce-c49435d37bd6,2025-03-28,74,0.0943,1,754.4,754.4,0.0,0.0,1.0,754.4,318,0.0,754.4,0.0,0.0,0
0915900f-d22e-42b0-8e9e-810e55498a13,2025-03-28,12,0.281,8,20845.7,2605.7125,2.0,7261.96,4.0,9250.34,854,16.7143,5969.41,16.494062,1.0,0
091ba1e5-58cf-4e6c-badc-17dbe89dea69,2025-03-28,0,0.3708,10,22945.21,2294.521,5.0,8113.8,8.0,13051.5,809,23.1111,566.69,0.643235,0.6667,0
097828d9-6691-4ec3-9ba8-624b866da2cf,2025-03-28,2,0.0923,1,232.79,232.79,1.0,232.79,1.0,232.79,325,0.0,232.79,0.0,0.0,1
09c23830-7cee-4f7c-94cb-8d5486ccf53f,2025-03-28,31,0.0426,1,951.03,951.03,0.0,0.0,1.0,951.03,704,0.0,951.03,-1.0,-1.0,0
0b56c7b0-943b-425a-b6dc-6ab9f4e721ae,2025-03-28,44,0.0693,1,829.87,829.87,0.0,0.0,1.0,829.87,433,0.0,829.87,-1.0,-1.0,0
0b94772b-0571-4308-92cc-ac6baf2ac02b,2025-03-28,43,0.1308,3,10424.74,3474.913333,0.0,0.0,2.0,7003.09,688,55.0,1851.05,-1.0,-1.0,0
0c75c934-71c3-45ff-9de2-91babfa75c3f,2025-03-28,18,0.1007,2,8788.93,4394.465,1.0,4703.33,2.0,8788.93,596,38.0,4703.33,0.151197,0.0,0
0c9d8d71-baa9-4ddf-936f-0c9137dc6dc6,2025-03-28,54,0.0356,1,411.99,411.99,0.0,0.0,1.0,411.99,842,0.0,411.99,-1.0,-1.0,1
0d0e2d20-27bb-4c93-9f8f-b7710b37194a,2025-03-28,60,0.0739,2,9043.03,4521.515,0.0,0.0,1.0,2272.41,812,80.0,2272.41,0.0,0.0,0
0e79db9e-6873-435b-b29c-9f8be3977517,2025-03-28,53,0.0346,1,2649.34,2649.34,0.0,0.0,1.0,2649.34,866,0.0,2649.34,-1.0,-1.0,0
0e83066e-d18a-4165-9e12-fbcb5945fbb6,2025-03-28,23,0.0481,1,4026.25,4026.25,1.0,4026.25,1.0,4026.25,624,0.0,4026.25,0.0,0.0,1
108df563-ddcd-4802-83f7-6f5da40664d0,2025-03-28,1,0.0539,1,1139.97,1139.97,1.0,1139.97,1.0,1139.97,557,0.0,1139.97,0.0,0.0,1
10cb2e84-0bd1-4b29-8db3-06ae3488789d,2025-03-28,18,0.3085,4,18619.96,4654.99,1.0,460.32,1.0,460.32,389,58.6667,460.32,0.0,0.0,0
113fc32a-23b9-4b41-82f4-df6c2b1ae4ae,2025-03-28,43,0.0965,3,1114.87,371.623333,0.0,0.0,3.0,1114.87,933,22.5,135.85,-1.0,-1.0,0
118ee786-a564-468b-9121-6d099423827f,2025-03-28,19,0.0409,1,1139.97,1139.97,1.0,1139.97,1.0,1139.97,734,0.0,1139.97,0.0,0.0,1
119de36d-41b2-4136-a3a2-0b81cfcdf6f9,2025-03-28,42,0.2335,4,13253.0,3313.25,0.0,0.0,2.0,1844.98,514,23.0,694.18,-1.0,-1.0,1
121edff8-dfb7-4758-a559-7855430672f3,2025-03-28,89,0.0915,1,3309.59,3309.59,0.0,0.0,1.0,3309.59,328,0.0,3309.59,0.0,0.0,0
12be2694-e03e-4703-878e-8ce9ad582cf1,2025-03-28,71,0.0676,2,6324.03,3162.015,0.0,0.0,1.0,3488.88,887,90.0,3488.88,0.0,0.0,0
13995ae9-c50f-4813-b0ba-6e044fe0b9ef,2025-03-28,47,0.0916,2,4033.23,2016.615,0.0,0.0,1.0,2451.55,655,97.0,2451.55,-1.0,-1.0,0
13b4e054-f5c9-4aaa-adb2-89ae2ad3a8bb,2025-03-28,83,0.0408,1,443.08,443.08,0.0,0.0,1.0,443.08,736,0.0,443.08,0.0,0.0,0
13d8502b-672a-495d-a3f4-30157008db99,2025-03-28,31,0.0688,1,621.76,621.76,0.0,0.0,1.0,621.76,436,0.0,621.76,-1.0,-1.0,1
1445cd5d-91a8-417f-b07d-805a30ad7fb7,2025-03-28,48,0.1355,3,4366.15,1455.383333,0.0,0.0,3.0,4366.15,664,11.0,279.97,-1.0,-1.0,0
1686f723-a337-4bf4-aedd-21d353bffde6,2025-03-28,32,0.0829,1,4095.42,4095.42,0.0,0.0,1.0,4095.42,362,0.0,4095.42,-1.0,-1.0,1
1762b46f-b7ef-481c-9e0b-7e6d2033bcf4,2025-03-28,16,0.1786,2,4436.14,2218.07,1.0,3485.11,1.0,3485.11,336,194.0,3485.11,0.0,0.0,0
1790c003-10df-448c-b85d-1632f261eb08,2025-03-28,28,0.1515,2,1612.25,806.125,1.0,230.16,2.0,1612.25,396,55.0,230.16,0.0,0.0,1
1948ea27-1b6a-4dd3-8c99-b399dcf88ed3,2025-03-28,2,0.1288,2,5297.21,2648.605,2.0,5297.21,2.0,5297.21,466,3.0,2762.66,0.0,0.0,0
1a467aee-8d4c-4127-8afb-fde18c339771,2025-03-28,58,0.0939,2,4751.43,2375.715,0.0,0.0,1.0,1952.69,639,43.0,1952.69,-1.0,-1.0,0
1a980af4-4a6b-40eb-a9a0-f4ffc25c68aa,2025-03-28,109,0.0632,1,5144.06,5144.06,0.0,0.0,0.0,0.0,475,0.0,5144.06,0.0,0.0,0
1b167ea1-66cf-416e-82fc-b6448dbddf75,2025-03-28,1,0.0499,1,2266.4,2266.4,1.0,2266.4,1.0,2266.4,601,0.0,2266.4,0.0,0.0,0
1b1ed7c2-6b3b-4ab2-9092-bb1c6ed900ba,2025-03-28,27,0.0683,1,2483.9,2483.9,1.0,2483.9,1.0,2483.9,439,0.0,2483.9,0.0,0.0,1
1c22a6c4-3de0-4f96-b62a-3a6edbbaf732,2025-03-28,8,0.219,6,11894.85,1982.475,1.0,2060.81,5.0,8529.7,822,30.8,2060.81,0.036078,-0.5,0
1fff1144-0a72-44bd-ae41-900fd84b9dec,2025-03-28,19,0.1767,5,15621.89,3124.378,2.0,5416.23,4.0,7366.09,849,37.25,165.97,1.777753,0.0,0
20538050-69a2-4a47-9dd1-b9142fb76c57,2025-03-28,10,0.044,1,778.44,778.44,1.0,778.44,1.0,778.44,682,0.0,778.44,0.0,0.0,0
20791844-68d1-4c47-8940-96e45daf918f,2025-03-28,4,0.2414,7,14215.48,2030.782857,2.0,3480.45,3.0,4901.42,870,32.0,2241.58,0.0,0.0,0
21a51334-c936-4d66-b3de-22e7b162ade5,2025-03-28,133,0.0354,1,5295.74,5295.74,0.0,0.0,0.0,0.0,848,0.0,5295.74,0.0,0.0,0
2259bbe9-5f76-414c-ac70-cb078652ec8b,2025-03-28,56,0.0537,1,2461.58,2461.58,0.0,0.0,1.0,2461.58,559,0.0,2461.58,-1.0,-1.0,1
2277c61c-6a77-4651-9d4b-9cccf937b007,2025-03-28,173,0.0388,1,1942.79,1942.79,0.0,0.0,0.0,0.0,774,0.0,1942.79,0.0,0.0,1
229edd85-4113-4b2a-be5b-1cc986fd5173,2025-03-28,9,0.1961,3,9177.5,3059.166667,1.0,760.46,3.0,9177.5,459,33.5,760.46,-0.82442,0.0,0
22c9e11f-8a46-446c-a948-06b756976159,2025-03-28,153,0.0487,1,767.32,767.32,0.0,0.0,0.0,0.0,616,0.0,767.32,0.0,0.0,0
2576b737-f022-4e9c-8640-a88226cea0ff,2025-03-28,0,0.4357,7,18272.87,2610.41,1.0,1735.44,5.0,7925.57,482,20.5,1735.44,-0.719644,-0.75,0
27121f78-6ac9-48b9-bd1d-14e1b17b0217,2025-03-28,7,0.093,2,2477.71,1238.855,1.0,1420.19,2.0,2477.71,645,79.0,1420.19,0.0,0.0,0
272c06ef-927d-483b-b924-350e81ee8dfe,2025-03-28,34,0.0352,1,4139.84,4139.84,0.0,0.0,1.0,4139.84,852,0.0,4139.84,-1.0,-1.0,0
27415395-c694-42d4-a2b5-04dfddb578f5,2025-03-28,20,0.0634,2,2460.07,1230.035,1.0,2060.81,1.0,2060.81,947,144.0,2060.81,0.0,0.0,1
28db185a-0491-429f-bcbf-840c74d94b1e,2025-03-28,24,0.0613,1,1120.79,1120.79,1.0,1120.79,1.0,1120.79,489,0.0,1120.79,0.0,0.0,1
28e3eb2f-4e60-491c-8ecf-9260a4a4ced4,2025-03-28,47,0.1044,3,24556.54,8185.513333,0.0,0.0,1.0,1657.59,862,40.0,1657.59,-1.0,-1.0,0
28fe8878-f7c1-4a80-9dc8-ab4bf2bbd40a,2025-03-28,10,0.125,2,3134.29,1567.145,1.0,2860.2,2.0,3134.29,480,23.0,2860.2,9.435258,0.0,1
29da7f9b-7059-4c90-999f-3737f7557ee5,2025-03-28,18,0.053,1,465.57,465.57,1.0,465.57,1.0,465.57,566,0.0,465.57,0.0,0.0,0
2c1bec68-3786-4dae-bb18-e5be2c55ad92,2025-03-28,60,0.037,1,1324.34,1324.34,0.0,0.0,1.0,1324.34,810,0.0,1324.34,0.0,0.0,1
2c3ca1b8-7c76-4a4c-80bf-5314fb7f22ae,2025-03-28,28,0.1576,5,16671.39,3334.278,1.0,3017.62,2.0,4367.5,952,37.0,3017.62,0.0,0.0,0
2c513a38-ffd7-477a-8bc7-7f96f8b9ca38,2025-03-28,7,0.094,1,2387.76,2387.76,1.0,2387.76,1.0,2387.76,319,0.0,2387.76,0.0,0.0,1
2d2d74d8-47ee-4fdd-a00f-61966c2b1b25,2025-03-28,77,0.0559,1,2202.35,2202.35,0.0,0.0,1.0,2202.35,537,0.0,2202.35,0.0,0.0,1
2fcab125-0690-4478-91f9-6c3b3e5eada3,2025-03-28,17,0.0761,2,2113.42,1056.71,2.0,2113.42,2.0,2113.42,788,2.0,2059.94,0.0,0.0,1
2fd49fb9-c8b2-4ec3-b38c-a061a73e1168,2025-03-28,1,0.1642,3,6864.37,2288.123333,1.0,2483.9,2.0,3552.29,548,51.5,2483.9,0.0,0.0,0
2fdb2470-7bb8-4ff4-90ef-b13139714701,2025-03-28,58,0.2079,3,4927.99,1642.663333,0.0,0.0,1.0,1905.2,433,40.5,1905.2,-1.0,-1.0,0
30234645-3e34-4245-a4e4-e0e65a95e222,2025-03-28,23,0.0765,1,1302.84,1302.84,1.0,1302.84,1.0,1302.84,392,0.0,1302.84,0.0,0.0,0
3137607b-7cb7-42f6-bf45-44b8618d38d2,2025-03-28,28,0.1765,2,7270.44,3635.22,1.0,2224.87,1.0,2224.87,340,112.0,2224.87,0.0,0.0,0
31e4bcb5-1a69-45eb-a2c7-5bfa73cdfca1,2025-03-28,38,0.1033,3,5248.1,1749.366667,0.0,0.0,3.0,5248.1,871,19.0,116.39,-1.0,-1.0,0
32ab5f7d-2c86-49a3-b8c6-009538e6624d,2025-03-28,172,0.0555,1,942.78,942.78,0.0,0.0,0.0,0.0,541,0.0,942.78,0.0,0.0,0
334ea671-bdee-4328-983b-35a799b372d6,2025-03-28,2,0.1591,5,12174.62,2434.924,1.0,1349.88,3.0,4502.43,943,31.25,1349.88,-0.571813,-0.5,0
3378475b-b350-4593-9546-01468d85dcd8,2025-03-28,38,0.1719,2,1421.33,710.665,0.0,0.0,2.0,1421.33,349,5.0,1293.5,-1.0,-1.0,0
33879d3b-ca28-410e-9d37-7a429d1c33aa,2025-03-28,207,0.0444,1,3076.97,3076.97,0.0,0.0,0.0,0.0,675,0.0,3076.97,0.0,0.0,0
33ee3ff1-854d-447c-b205-31e8f43b9b20,2025-03-28,56,0.1593,3,4633.83,1544.61,0.0,0.0,1.0,1978.87,565,25.0,1978.87,-1.0,-1.0,1
34a16a66-821a-489f-8fc2-67d38c8256d4,2025-03-28,37,0.1335,3,11500.48,3833.493333,0.0,0.0,2.0,6913.45,674,38.5,4703.33,-1.0,-1.0,0
34f539cb-584e-4259-ac9f-44e6d5484ebf,2025-03-28,19,0.3982,6,18964.06,3160.676667,2.0,9389.33,4.0,11622.91,452,28.2,5969.41,3.203713,0.0,0
34fc1ab3-f5c6-4545-9ba9-158e780f74bd,2025-03-28,27,0.1606,4,7468.46,1867.115,1.0,203.77,2.0,1007.61,747,26.0,203.77,-0.746504,0.0,0
36526e5e-f875-4c3e-a8d6-c50ede833ade,2025-03-28,27,0.2133,3,9413.09,3137.696667,1.0,5814.8,2.0,6958.88,422,46.5,5814.8,4.082512,0.0,0
376ee9f0-6491-4a85-888a-05e690a5e05f,2025-03-28,92,0.0547,1,4726.52,4726.52,0.0,0.0,0.0,0.0,548,0.0,4726.52,0.0,0.0,1
3773055e-a1f8-4fba-8846-a4b4eca5c2b7,2025-03-28,5,0.1345,2,2969.2,1484.6,1.0,2622.11,2.0,2969.2,446,55.0,2622.11,0.0,0.0,0
3907704e-d22a-40f9-9591-9c06dfc1b6d2,2025-03-28,0,0.1615,4,12467.54,3116.885,2.0,3959.21,3.0,4408.84,743,56.0,3268.73,0.0,0.0,0
399ee9ba-2674-41aa-a50a-7b370668b523,2025-03-28,43,0.0483,1,1754.08,1754.08,0.0,0.0,1.0,1754.08,621,0.0,1754.08,-1.0,-1.0,0
3a4a12e8-a3c4-4fe3-a0bc-ed28dee70ff0,2025-03-28,67,0.0438,1,1230.79,1230.79,0.0,0.0,1.0,1230.79,685,0.0,1230.79,0.0,0.0,0
3a8f7a32-89b6-42d8-b99a-bc1041025065,2025-03-28,164,0.0357,1,1076.88,1076.88,0.0,0.0,0.0,0.0,841,0.0,1076.88,0.0,0.0,1
3b80de3a-118c-4393-9d4e-1994031e22b9,2025-03-28,0,0.0898,1,3281.59,3281.59,1.0,3281.59,1.0,3281.59,334,0.0,3281.59,0.0,0.0,0
3bd0dd5d-7d24-48da-856a-69e393e5e5b9,2025-03-28,17,0.0861,2,1671.38,835.69,1.0,550.59,1.0,550.59,697,75.0,550.59,0.0,0.0,0
3cc7350b-72e0-4990-a2f4-79f0e19bfe72,2025-03-28,28,0.0965,3,9596.75,3198.916667,1.0,1962.3,1.0,1962.3,933,71.5,1962.3,0.0,0.0,0
3ce5849f-19ca-4eca-8a46-e4a3b8828dc2,2025-03-28,110,0.0444,1,2841.6,2841.6,0.0,0.0,0.0,0.0,676,0.0,2841.6,0.0,0.0,1
3d036612-3ff3-451e-a921-d163e55b4c30,2025-03-28,48,0.0395,1,800.12,800.12,0.0,0.0,1.0,800.12,759,0.0,800.12,-1.0,-1.0,0
3da770f9-a532-48df-a2e4-cf550c263161,2025-03-28,35,0.1531,2,2570.67,1285.335,0.0,0.0,2.0,2570.67,392,18.0,1962.3,-1.0,-1.0,0
3de6f533-5503-4109-875b-33f40109353f,2025-03-28,76,0.0808,2,2211.99,1105.995,0.0,0.0,1.0,476.04,743,77.0,476.04,0.0,0.0,0
3e80243e-ed4d-46b5-a4ec-9aa1107c32da,2025-03-28,18,0.3593,6,21380.94,3563.49,1.0,852.58,3.0,12945.29,501,24.0,852.58,0.0,0.0,0
3e8f3d31-4fdc-4858-8d58-87b8c70d1e61,2025-03-28,128,0.0665,1,621.43,621.43,0.0,0.0,0.0,0.0,451,0.0,621.43,0.0,0.0,0
403ba4f6-3b05-4fb0-9c95-6068878e01b1,2025-03-28,28,0.2168,5,21733.96,4346.792,1.0,6429.47,4.0,14011.58,692,37.25,6429.47,1.974802,0.0,0
40abd3f4-34c6-407b-8dfe-8ff445cce235,2025-03-28,4,0.1019,3,1231.72,410.573333,2.0,960.02,2.0,960.02,883,95.5,142.84,0.0,0.0,0
414fbbd6-b12f-45a2-85f2-fd8a574567fa,2025-03-28,57,0.0355,1,319.07,319.07,0.0,0.0,1.0,319.07,846,0.0,319.07,-1.0,-1.0,0
41906a86-bd78-43ee-a9ab-5f93230c56a1,2025-03-28,1,0.1781,5,15825.41,3165.082,1.0,1238.87,2.0,2642.13,842,50.5,1238.87,0.0,0.0,0
41cc51fc-74f3-43aa-b9e8-c4269becb375,2025-03-28,8,0.1596,4,13543.19,3385.7975,1.0,4985.4,2.0,5182.57,752,31.0,4985.4,24.28478,0.0,0
420464c7-e05c-4002-9ab4-902acb471c60,2025-03-28,32,0.2526,4,4221.62,1055.405,0.0,0.0,2.0,1768.04,475,46.0,797.69,-1.0,-1.0,0
43b1d0a0-404f-48c8-96ee-46291e3ceaa3,2025-03-28,52,0.3072,6,12670.03,2111.671667,0.0,0.0,4.0,9398.13,586,19.4,988.69,-1.0,-1.0,1
44e18ff7-c6c4-4f05-810a-10acda026843,2025-03-28,16,0.1485,4,14139.8,3534.95,1.0,1523.88,1.0,1523.88,808,32.0,1523.88,0.0,0.0,0
44e3f736-1e1f-478d-876f-f18c9b474ec7,2025-03-28,116,0.063,2,13776.99,6888.495,0.0,0.0,0.0,0.0,953,43.0,7112.81,0.0,0.0,0
44f08084-85aa-46b5-8832-5d1d2b8db2cc,2025-03-28,51,0.04,1,159.54,159.54,0.0,0.0,1.0,159.54,750,0.0,159.54,-1.0,-1.0,1
454e54ed-b5e4-4096-9693-090f3ddaa42e,2025-03-28,129,0.0802,1,10596.43,10596.43,0.0,0.0,0.0,0.0,374,0.0,10596.43,0.0,0.0,0
456196a3-f5fd-4769-85c9-fe12f73de5b9,2025-03-28,21,0.2495,4,12294.5,3073.625,1.0,1175.83,1.0,1175.83,481,34.3333,1175.83,0.0,0.0,0
45b35575-e766-4b46-861c-910c86237813,2025-03-28,21,0.3499,8,18908.3,2363.5375,1.0,1006.56,3.0,4039.79,686,15.4286,1006.56,0.759597,0.0,0
46131e6b-4c77-4840-8255-973dc2b72450,2025-03-28,72,0.036,1,846.28,846.28,0.0,0.0,1.0,846.28,834,0.0,846.28,0.0,0.0,0
46ced229-ee4c-418c-badd-2f91fc1ab760,2025-03-28,53,0.1188,2,4541.29,2270.645,0.0,0.0,2.0,4541.29,505,4.0,803.84,-1.0,-1.0,0
48689e01-09c4-46f3-9d8e-5d6c440e56cb,2025-03-28,74,0.0324,1,1133.2,1133.2,0.0,0.0,1.0,1133.2,926,0.0,1133.2,0.0,0.0,1
48871682-8627-402c-b359-46e536c8c5f8,2025-03-28,12,0.2326,4,6240.51,1560.1275,1.0,1689.7,1.0,1689.7,516,38.6667,1689.7,0.0,0.0,1
4985763f-1aec-4bc7-8147-1beeb7a2d9c0,2025-03-28,43,0.0634,2,2214.55,1107.275,0.0,0.0,2.0,2214.55,947,4.0,566.6,-1.0,-1.0,0
49d4f65c-a7f6-423f-97b2-75571396471e,2025-03-28,94,0.1449,2,11898.4,5949.2,0.0,0.0,0.0,0.0,414,51.0,4203.57,0.0,0.0,0
4db8450b-3473-4e34-abb8-61b270b04333,2025-03-28,132,0.0489,1,1340.9,1340.9,0.0,0.0,0.0,0.0,614,0.0,1340.9,0.0,0.0,0
4ee7f9a8-1985-4e04-82b5-332cbc70c187,2025-03-28,48,0.2174,4,11164.75,2791.1875,0.0,0.0,2.0,4885.41,552,24.0,712.26,-1.0,-1.0,1
4f4f2ef2-6350-45b8-af19-6bd90adfc454,2025-03-28,21,0.1195,3,2240.19,746.73,1.0,191.74,3.0,2240.19,753,10.5,191.74,-0.906398,-0.5,0
505deb96-02b0-4484-ae43-533961fa661d,2025-03-28,5,0.1727,4,5638.3,1409.575,1.0,1112.43,3.0,4810.28,695,29.0,1112.43,0.474589,0.0,0
5097dfe0-2eb9-4792-a52b-170cf10ad290,2025-03-28,51,0.0696,1,390.54,390.54,0.0,0.0,1.0,390.54,431,0.0,390.54,-1.0,-1.0,1
5173c47a-a140-490b-afc1-af84817a605e,2025-03-28,51,0.1022,3,7466.95,2488.983333,0.0,0.0,2.0,4438.04,881,33.5,2586.99,-1.0,-1.0,1
51833259-a233-414c-85fb-6ed59e50dfed,2025-03-28,3,0.5505,8,27806.85,3475.85625,3.0,6393.14,3.0,6393.14,436,27.7143,421.14,0.0,0.0,0
529b58fc-1d6b-4a46-bcf3-bd50c058a284,2025-03-28,6,0.1103,2,5069.7,2534.85,1.0,3385.12,2.0,5069.7,544,64.0,3385.12,0.0,0.0,0
532c0027-0a87-4b04-8cd6-433b7eda14e0,2025-03-28,69,0.0482,1,5262.39,5262.39,0.0,0.0,1.0,5262.39,622,0.0,5262.39,0.0,0.0,0
5379215b-cc4c-4e00-a6c5-27be458826a0,2025-03-28,94,0.035,1,3053.65,3053.65,0.0,0.0,0.0,0.0,856,0.0,3053.65,0.0,0.0,1
53cf422c-89ff-449d-9e2b-509585fbfa93,2025-03-28,111,0.0613,1,4267.68,4267.68,0.0,0.0,0.0,0.0,489,0.0,4267.68,0.0,0.0,0
54739a70-fe3b-45f0-b6da-5eb96fddebc6,2025-03-28,17,0.4208,7,21237.87,3033.981429,2.0,5011.34,4.0,8445.78,499,20.3333,4662.16,0.459143,0.0,0
549276f5-7982-4ddd-9090-30fd37f31bf6,2025-03-28,30,0.1289,3,8651.2,2883.733333,0.0,0.0,3.0,8651.2,698,11.0,3183.81,-1.0,-1.0,0
556c3740-52fd-4022-8755-b92b9fa5342d,2025-03-28,37,0.0972,3,10796.88,3598.96,0.0,0.0,2.0,10309.45,926,77.5,5879.16,-1.0,-1.0,0
5705b303-d99b-47e5-9620-2ac37d16bf70,2025-03-28,7,0.0893,1,331.09,331.09,1.0,331.09,1.0,331.09,336,0.0,331.09,0.0,0.0,0
575ab059-021e-48cf-a1f6-39e5a9719349,2025-03-28,25,0.1297,3,8424.3,2808.1,1.0,3979.76,2.0,6150.12,694,33.5,3979.76,0.0,0.0,0
5772f550-5886-44ab-b618-cc525d22c053,2025-03-28,3,0.6646,7,18434.31,2633.472857,2.0,6701.26,3.0,8130.16,316,29.3333,4947.18,0.0,0.0,0
5828d313-995e-4774-b19c-e8ac7bc3daea,2025-03-28,95,0.0324,1,183.39,183.39,0.0,0.0,0.0,0.0,926,0.0,183.39,0.0,0.0,1
585a8991-c44f-4e18-b8e0-6283bf6f9aff,2025-03-28,5,0.1586,5,16699.74,3339.948,1.0,1864.86,2.0,7278.77,946,42.5,1864.86,-0.655543,0.0,0
5a2542d2-8392-4c53-bbf2-259d1b7de2ba,2025-03-28,37,0.0838,1,2202.35,2202.35,0.0,0.0,1.0,2202.35,358,0.0,2202.35,-1.0,-1.0,0
5a60bb30-d49d-430c-b819-619528fa0373,2025-03-28,61,0.1389,2,3510.83,1755.415,0.0,0.0,1.0,443.08,432,79.0,443.08,0.0,0.0,0
5b8f23c7-fa9a-4a08-9a59-251fb715af18,2025-03-28,133,0.0337,1,6419.44,6419.44,0.0,0.0,0.0,0.0,889,0.0,6419.44,0.0,0.0,1
5d5fa6d8-0ad7-4ade-be35-1c481b16b275,2025-03-28,6,0.2186,4,11987.79,2996.9475,1.0,1645.48,2.0,2457.87,549,45.0,1645.48,1.02548,0.0,0
600950e2-e195-4863-b978-6b55ea2f8a24,2025-03-28,18,0.1277,2,209.98,104.99,1.0,139.99,2.0,209.98,470,41.0,139.99,1.000143,0.0,0
60ce8a0f-d7a4-4ed2-ac8e-6e0a87d50d90,2025-03-28,18,0.0331,1,1036.52,1036.52,1.0,1036.52,1.0,1036.52,905,0.0,1036.52,0.0,0.0,0
60fc3a69-d7a0-4445-b08b-d165e0bc4928,2025-03-28,66,0.0344,1,2335.32,2335.32,0.0,0.0,1.0,2335.32,872,0.0,2335.32,0.0,0.0,0
614d73fd-8846-4895-a773-7898e1678216,2025-03-28,17,0.2443,5,8819.41,1763.882,2.0,5511.22,3.0,5860.4,614,31.0,4214.99,14.783321,1.0,0
61ca8ccc-59b9-4f6f-84a3-e49d67fbff34,2025-03-28,18,0.0503,1,2266.74,2266.74,1.0,2266.74,1.0,2266.74,596,0.0,2266.74,0.0,0.0,0
6272b3b9-197b-4be0-bf82-5b6e74a51d18,2025-03-28,70,0.0722,2,10742.6,5371.3,0.0,0.0,2.0,10742.6,831,19.0,1508.81,0.0,0.0,0
62795829-338f-4ef4-a58a-8b4df43e37ed,2025-03-28,186,0.0549,1,349.18,349.18,0.0,0.0,0.0,0.0,546,0.0,349.18,0.0,0.0,1
66581e52-4a91-4e5a-9db9-6ea7faad6977,2025-03-28,10,0.1899,3,4838.36,1612.786667,1.0,868.56,1.0,868.56,474,75.0,868.56,0.0,0.0,1
66aa9f2d-de6b-4def-8269-b6d0177dbf9a,2025-03-28,20,0.2944,9,43583.93,4842.658889,3.0,8835.46,5.0,11759.48,917,19.125,4559.9,0.0,0.0,0
6774c3a7-d951-43fa-9c75-eaca2ced5391,2025-03-28,24,0.122,3,7059.77,2353.256667,2.0,6368.72,2.0,6368.72,738,79.5,2266.74,0.0,0.0,0
679c79cb-5d90-434a-a13e-d63368ba0b98,2025-03-28,95,0.0331,1,836.24,836.24,0.0,0.0,0.0,0.0,906,0.0,836.24,0.0,0.0,0
67fc2766-666c-4de5-9a16-9a35603b9a46,2025-03-28,127,0.0923,1,3681.3,3681.3,0.0,0.0,0.0,0.0,325,0.0,3681.3,0.0,0.0,0
6853ff18-9673-4369-b96a-eb7e1eb71169,2025-03-28,6,0.1066,3,12772.94,4257.646667,2.0,7504.2,3.0,12772.94,844,24.5,2215.14,0.424287,1.0,0
6892976f-0a64-4372-bcd7-14d6113ea6e2,2025-03-28,90,0.0341,1,430.75,430.75,0.0,0.0,0.0,0.0,880,0.0,430.75,0.0,0.0,0
69008e38-87df-4edc-8e0c-02e44a0802a3,2025-03-28,31,0.0637,1,465.57,465.57,0.0,0.0,1.0,465.57,471,0.0,465.57,-1.0,-1.0,1
69223a3a-0e99-457c-b139-53a914126da0,2025-03-28,144,0.0339,1,7771.19,7771.19,0.0,0.0,0.0,0.0,885,0.0,7771.19,0.0,0.0,1
6a7efc18-882b-4c4c-a75d-1b8aecdbf4a6,2025-03-28,1,0.0948,3,2833.41,944.47,2.0,1830.36,3.0,2833.41,949,16.5,1600.2,0.824794,1.0,0
6b35501e-08f6-41b4-8699-30281befd8ec,2025-03-28,3,0.3731,5,23398.38,4679.676,1.0,2073.14,3.0,7492.9,402,48.0,2073.14,-0.617485,-0.5,0
6bb31b8a-5c85-4549-9106-7183256248ff,2025-03-28,98,0.096,2,6891.54,3445.77,0.0,0.0,0.0,0.0,625,26.0,185.01,0.0,0.0,0
6cad4c9f-a37c-452d-9e24-b927cd585be0,2025-03-28,110,0.0475,1,410.66,410.66,0.0,0.0,0.0,0.0,632,0.0,410.66,0.0,0.0,1
6d07afb5-e45f-49c8-8fe6-ab313f89ab9c,2025-03-28,42,0.1221,3,8015.74,2671.913333,0.0,0.0,3.0,8015.74,737,2.5,2586.99,-1.0,-1.0,0
6dd97a45-7233-4f75-bf2b-a02f9e2403f5,2025-03-28,27,0.163,2,5286.25,2643.125,1.0,4113.69,1.0,4113.69,368,146.0,4113.69,0.0,0.0,0
6f363f3d-a553-4343-928a-865ef7efa488,2025-03-28,13,0.1141,2,6368.11,3184.055,1.0,2477.75,1.0,2477.75,526,132.0,2477.75,0.0,0.0,0
6f43c820-6bb0-443a-a276-f436ff5cc816,2025-03-28,101,0.0785,1,5588.78,5588.78,0.0,0.0,0.0,0.0,382,0.0,5588.78,0.0,0.0,1
6fb7d847-f44b-41dc-a325-7b26c61cbc96,2025-03-28,0,0.2344,7,18475.95,2639.421429,1.0,823.98,5.0,7926.65,896,24.3333,823.98,-0.333333,0.0,0
7010920b-f9d5-4e97-9d6a-a57cfe832fad,2025-03-28,12,0.2595,5,5846.21,1169.242,2.0,1123.74,4.0,5267.7,578,27.75,1053.75,-0.728825,0.0,0
726b4f75-d374-4f7f-bf66-eff61209fe02,2025-03-28,15,0.0563,1,533.4,533.4,1.0,533.4,1.0,533.4,533,0.0,533.4,0.0,0.0,1
73c3d633-4b34-49ad-a380-07fa31442bd6,2025-03-28,40,0.1227,2,7197.55,3598.775,0.0,0.0,2.0,7197.55,489,3.0,3057.71,-1.0,-1.0,0
744605d3-9330-457d-9c53-8b4b59950976,2025-03-28,27,0.3077,6,11053.06,1842.176667,1.0,797.69,3.0,4909.86,585,25.8,797.69,-0.806017,-0.5,0
7613c703-00a5-4fcd-b61f-b4f85bd36ac2,2025-03-28,42,0.1008,3,6473.99,2157.996667,0.0,0.0,3.0,6473.99,893,12.5,2076.11,-1.0,-1.0,0
76c7e6e2-ab70-4430-9c0e-611b3e8e3f7d,2025-03-28,51,0.0636,2,8729.59,4364.795,0.0,0.0,2.0,8729.59,943,11.0,4101.98,-1.0,-1.0,0
78106c04-2615-4323-b215-3172fb34fc72,2025-03-28,56,0.1442,3,9386.91,3128.97,0.0,0.0,2.0,6816.3,624,45.5,5879.16,-1.0,-1.0,0
79ce75bd-e156-4762-a109-91880fa27abc,2025-03-28,7,0.2232,7,17047.38,2435.34,2.0,3430.06,5.0,8899.87,941,15.1667,1324.34,-0.262644,1.0,0
7b3011de-1fd5-49d7-8cd0-565a3af5b5da,2025-03-28,0,0.3415,7,4231.02,604.431429,4.0,1939.25,5.0,3115.08,615,17.1667,147.69,0.0,0.0,0
7b5dbebc-9a0e-4613-8844-f85ea0bc161d,2025-03-28,18,0.0433,1,4200.21,4200.21,1.0,4200.21,1.0,4200.21,693,0.0,4200.21,0.0,0.0,1
7d31f2fa-4d24-4819-aa43-8ca6f961480f,2025-03-28,164,0.0744,1,3834.51,3834.51,0.0,0.0,0.0,0.0,403,0.0,3834.51,0.0,0.0,1
7d5e174f-f3d2-488e-99b3-a0591b1a9319,2025-03-28,48,0.0426,1,1735.44,1735.44,0.0,0.0,1.0,1735.44,704,0.0,1735.44,-1.0,-1.0,1
7dc50afb-0eaa-4b38-8b2f-04eb2c57446e,2025-03-28,171,0.1511,2,3989.74,1994.87,0.0,0.0,0.0,0.0,397,5.0,2123.91,0.0,0.0,1
7dd67799-87bf-4c47-944e-e495c976e50e,2025-03-28,24,0.0757,2,4235.87,2117.935,1.0,2881.75,1.0,2881.75,793,67.0,2881.75,0.0,0.0,1
7e1ea714-6fe4-494e-9554-750dbe019c23,2025-03-28,124,0.0314,1,5961.02,5961.02,0.0,0.0,0.0,0.0,954,0.0,5961.02,0.0,0.0,1
80425ba2-13bc-407f-9a1c-ff4f30480010,2025-03-28,9,0.0953,3,9888.76,3296.253333,1.0,4012.22,2.0,5964.91,944,46.0,4012.22,1.054714,0.0,0
809a4c1b-22b1-4046-b62e-5ca84f41ae56,2025-03-28,32,0.0769,1,355.05,355.05,0.0,0.0,1.0,355.05,390,0.0,355.05,-1.0,-1.0,1
81038b9d-eef0-443c-9635-a2e4c4df490f,2025-03-28,29,0.1585,3,13306.46,4435.486667,1.0,5699.87,1.0,5699.87,568,70.5,5699.87,0.0,0.0,1
81aa5e22-d678-428b-b005-9b81178d3a85,2025-03-28,20,0.0954,2,682.62,341.31,1.0,298.96,1.0,298.96,629,97.0,298.96,0.0,0.0,0
82241b4b-7959-4079-9369-bbfcffcbc453,2025-03-28,41,0.2752,6,18760.02,3126.67,0.0,0.0,3.0,9097.56,654,20.0,4671.82,-1.0,-1.0,0
824fbcc7-5420-4ca2-84b0-15b0b4a2292b,2025-03-28,38,0.0396,1,920.64,920.64,0.0,0.0,1.0,920.64,757,0.0,920.64,-1.0,-1.0,1
826855e8-3a9a-4032-ad5b-6ca64c822572,2025-03-28,60,0.0502,1,200.96,200.96,0.0,0.0,1.0,200.96,598,0.0,200.96,0.0,0.0,1
82c5a7aa-2ec7-45dc-9d03-be3531473f2f,2025-03-28,67,0.0923,1,981.15,981.15,0.0,0.0,1.0,981.15,325,0.0,981.15,0.0,0.0,1
82d60e37-f049-4852-9464-c94b4e5c3244,2025-03-28,21,0.1991,3,6419.05,2139.683333,1.0,2115.62,3.0,6419.05,452,10.0,2115.62,-0.508387,-0.5,0
83fe13f3-1026-46b2-9abd-d7277ea2f653,2025-03-28,47,0.0793,2,2188.87,1094.435,0.0,0.0,1.0,649.91,757,80.0,649.91,-1.0,-1.0,0
855f6897-60c0-42cc-aa5a-bbcf4dfcfd28,2025-03-28,29,0.0669,2,1929.96,964.98,1.0,230.16,2.0,1929.96,897,20.0,230.16,-0.864596,0.0,0
86208847-cfb3-449d-a634-075a2b7c33cc,2025-03-28,22,0.2446,3,4368.02,1456.006667,1.0,415.11,2.0,2104.81,368,93.0,415.11,-0.754329,0.0,1
86ab916f-9734-41f0-b5c0-9bbc082b3251,2025-03-28,10,0.5368,9,18532.19,2059.132222,2.0,2720.67,7.0,10930.63,503,22.875,1292.55,-0.118908,-0.3333,0
87b06d02-c4e0-4e44-a8d4-a21cdc592676,2025-03-28,12,0.2022,3,7875.33,2625.11,1.0,3091.22,2.0,4143.67,445,42.0,3091.22,0.0,0.0,0
8867ed0f-4c50-4aa9-8fb4-993893bd97df,2025-03-28,64,0.0754,1,2158.66,2158.66,0.0,0.0,1.0,2158.66,398,0.0,2158.66,0.0,0.0,0
88f8cded-9e9f-4c71-9504-8cae260151bf,2025-03-28,61,0.0354,1,2210.12,2210.12,0.0,0.0,1.0,2210.12,848,0.0,2210.12,0.0,0.0,0
8aa74529-c59e-4daf-9b98-321ebfce7306,2025-03-28,9,0.7563,9,17832.77,1981.418889,3.0,5566.61,6.0,12192.46,357,18.75,1420.19,0.275973,0.5,0
8b278dae-e043-44f3-a5f0-8466df24d3a2,2025-03-28,22,0.2555,7,15507.37,2215.338571,2.0,2879.84,5.0,8496.02,822,21.5,1849.43,-0.31056,0.0,0
8bd2e91f-b7be-4b2c-95e8-9b9f6936c3fe,2025-03-28,21,0.0972,3,9823.91,3274.636667,1.0,1766.23,1.0,1766.23,926,52.5,1766.23,0.0,0.0,0
8bf0cc1f-c9f7-4393-806f-86bce9acf23a,2025-03-28,138,0.0337,1,1085.19,1085.19,0.0,0.0,0.0,0.0,889,0.0,1085.19,0.0,0.0,1
8daa11dd-d410-44bf-a0de-622a9ca7c78d,2025-03-28,9,0.3255,6,24134.84,4022.473333,1.0,2031.83,5.0,13006.45,553,17.4,2031.83,-0.197422,-0.5,0
8f10e8bf-c7a4-4bd6-93ce-4de936a938ef,2025-03-28,7,0.3502,6,13558.66,2259.776667,1.0,319.57,6.0,13558.66,514,9.0,319.57,-0.975862,-0.8,0
9013910b-257e-462f-8142-555578e385a5,2025-03-28,3,0.2381,5,17331.8,3466.36,3.0,4444.53,3.0,4444.53,630,27.5,778.44,0.0,0.0,1
90ef6a35-c0dc-4b20-aede-0d1b3e525838,2025-03-28,102,0.0414,1,3440.27,3440.27,0.0,0.0,0.0,0.0,724,0.0,3440.27,0.0,0.0,0
910bd8ae-df74-4feb-9e1a-4e8966115c12,2025-03-28,135,0.0443,1,566.95,566.95,0.0,0.0,0.0,0.0,677,0.0,566.95,0.0,0.0,0
911f8116-248a-4e3d-afb4-62a632746852,2025-03-28,10,0.3846,8,16703.27,2087.90875,3.0,4773.83,7.0,12851.61,624,19.7143,165.97,-0.409017,-0.25,0
918ccc0d-7add-4cda-bb90-29b5623f6d86,2025-03-28,98,0.0442,1,3600.45,3600.45,0.0,0.0,0.0,0.0,678,0.0,3600.45,0.0,0.0,1
91f0a872-33ad-4dbe-9801-ac03b375f584,2025-03-28,54,0.1354,2,7528.59,3764.295,0.0,0.0,1.0,1858.31,443,100.0,1858.31,-1.0,-1.0,0
957f9181-281b-4ff6-9370-462fb40cb6e5,2025-03-28,11,0.0774,2,4487.55,2243.775,2.0,4487.55,2.0,4487.55,775,8.0,2215.14,0.0,0.0,0
97a7e174-c5da-4d97-b94b-09d5f4788809,2025-03-28,5,0.1055,3,19292.83,6430.943333,1.0,3957.74,2.0,6720.4,853,70.5,3957.74,0.0,0.0,0
97c341f3-26c0-47ee-949b-ec2349709b82,2025-03-28,6,0.3039,7,15823.7,2260.528571,1.0,142.84,4.0,5251.1,691,30.8333,142.84,-0.855526,0.0,0
98c0d934-599f-43f0-b624-02fafa9a625d,2025-03-28,20,0.084,1,1817.93,1817.93,1.0,1817.93,1.0,1817.93,357,0.0,1817.93,0.0,0.0,0
9a48cdff-42f6-4b91-80ce-e531f3622d2b,2025-03-28,7,0.177,2,2979.1,1489.55,1.0,1120.79,2.0,2979.1,339,25.0,1120.79,-0.396877,0.0,0
9ada7a7c-35d9-4619-9117-c1d9c05f08e9,2025-03-28,30,0.0452,1,697.02,697.02,0.0,0.0,1.0,697.02,663,0.0,697.02,-1.0,-1.0,1
9b131352-2e3f-4966-865e-a01b50bde6e5,2025-03-28,3,0.2055,6,9952.71,1658.785,2.0,1189.77,5.0,6615.41,876,35.8,691.85,0.436972,1.0,0
9b4342ff-79f2-40db-9669-bbab65d50e2f,2025-03-28,25,0.2413,3,9010.87,3003.623333,1.0,2387.86,2.0,4448.67,373,44.5,2387.86,0.0,0.0,0
9c75b413-efd7-4171-9aa3-e4f50c8b52ea,2025-03-28,30,0.0417,1,3698.86,3698.86,0.0,0.0,1.0,3698.86,720,0.0,3698.86,-1.0,-1.0,0
9cbf413a-a00b-482b-9441-e8fce7668a2e,2025-03-28,8,0.1956,5,16580.23,3316.046,1.0,4231.25,4.0,13524.9,767,25.75,4231.25,0.0,0.0,0
9de44d71-02d0-4684-a314-54f9abd3f2cd,2025-03-28,3,0.2347,5,10419.46,2083.892,2.0,1618.91,4.0,6336.35,639,38.5,1175.83,-0.656824,0.0,0
9e3ba510-550f-49bf-a866-a3124ebe334a,2025-03-28,65,0.0318,1,1150.86,1150.86,0.0,0.0,1.0,1150.86,942,0.0,1150.86,0.0,0.0,0
a029db9e-0867-4074-9876-83433dcbc19c,2025-03-28,0,0.0725,2,5388.61,2694.305,2.0,5388.61,2.0,5388.61,828,2.0,720.44,0.0,0.0,1
a0323814-cd5e-4bbc-ae91-13b77ec723bb,2025-03-28,13,0.0475,1,533.4,533.4,1.0,533.4,1.0,533.4,631,0.0,533.4,0.0,0.0,1
a137cf0f-749a-402e-9913-60a7f4a47b92,2025-03-28,15,0.2329,5,9396.09,1879.218,1.0,1006.56,4.0,6116.11,644,24.25,1006.56,-0.753916,-0.5,0
a20f7825-b033-409c-9c97-b044b61bae47,2025-03-28,17,0.1863,3,7817.02,2605.673333,1.0,1775.24,1.0,1775.24,483,49.5,1775.24,0.0,0.0,0
a281fc1b-5e0e-400e-9760-0f4eecb192e1,2025-03-28,2,0.3458,4,15160.3,3790.075,1.0,4430.29,3.0,13504.26,347,33.3333,4430.29,0.0,0.0,0
a458eb88-221d-40e0-8a04-289e42780afe,2025-03-28,19,0.056,1,2105.72,2105.72,1.0,2105.72,1.0,2105.72,536,0.0,2105.72,0.0,0.0,1
a48769af-aacd-4623-8e69-fc86e1d3745e,2025-03-28,37,0.0429,1,691.05,691.05,0.0,0.0,1.0,691.05,700,0.0,691.05,-1.0,-1.0,0
a54b8eca-fc5f-46cd-9407-2f103beabcc7,2025-03-28,43,0.1038,3,4552.3,1517.433333,0.0,0.0,2.0,2322.41,867,26.0,1171.61,-1.0,-1.0,0
a62bcc77-cf9c-44a3-920f-2e2e57c723dc,2025-03-28,6,0.6158,7,36241.72,5177.388571,2.0,1083.31,2.0,1083.31,341,25.1667,662.17,0.0,0.0,0
a69011f4-c3f9-4f91-92f2-3df9072b53e7,2025-03-28,5,0.2507,3,2633.8,877.933333,2.0,1622.12,2.0,1622.12,359,79.5,602.88,0.0,0.0,0
a7925872-0bc3-4eee-b74c-5086ea1e992d,2025-03-28,82,0.0475,1,428.53,428.53,0.0,0.0,1.0,428.53,631,0.0,428.53,0.0,0.0,0
a7c6d291-2d8a-45ea-8005-81ecfd3682df,2025-03-28,33,0.0784,2,2308.26,1154.13,0.0,0.0,1.0,908.96,765,73.0,908.96,-1.0,-1.0,0
a7dd5f9a-9fa6-4592-b920-cc610a4ca21b,2025-03-28,39,0.1181,3,12596.04,4198.68,0.0,0.0,2.0,2964.26,762,59.5,691.85,-1.0,-1.0,1
a8091949-9c95-4f66-b956-b61849aa17d1,2025-03-28,98,0.0787,1,6305.36,6305.36,0.0,0.0,0.0,0.0,381,0.0,6305.36,0.0,0.0,0
a8a318fe-4ac5-43e5-819c-0493f94dfd8e,2025-03-28,24,0.096,2,4539.11,2269.555,1.0,2878.22,2.0,4539.11,625,49.0,2878.22,0.0,0.0,0
a91e3f3f-94ea-410a-afcd-a9721a392b5a,2025-03-28,96,0.048,1,4714.66,4714.66,0.0,0.0,0.0,0.0,625,0.0,4714.66,0.0,0.0,0
a955f9af-0de0-488d-9638-13b909991020,2025-03-28,39,0.0872,1,2622.11,2622.11,0.0,0.0,1.0,2622.11,344,0.0,2622.11,-1.0,-1.0,0
a9a14d19-86ba-40be-883c-0be4db2e7555,2025-03-28,85,0.1542,2,1040.51,520.255,0.0,0.0,1.0,67.92,389,90.0,67.92,0.0,0.0,0
aa210298-0ad5-4fe1-9a49-04d9c35709c6,2025-03-28,53,0.137,4,11639.39,2909.8475,0.0,0.0,1.0,331.95,876,34.6667,331.95,-1.0,-1.0,0
acf31d10-d223-4df6-a143-e9ba0e8118f4,2025-03-28,28,0.045,1,1164.11,1164.11,1.0,1164.11,1.0,1164.11,666,0.0,1164.11,0.0,0.0,1
ad10f2bd-d571-4f42-aec5-a7a10eaa3ca9,2025-03-28,61,0.0317,1,2038.47,2038.47,0.0,0.0,1.0,2038.47,946,0.0,2038.47,0.0,0.0,0
b067038f-9577-43c4-a072-0376499a6f51,2025-03-28,115,0.0821,2,10643.67,5321.835,0.0,0.0,0.0,0.0,731,1.0,6854.86,0.0,0.0,0
b0a7ac9f-5dc3-43d5-bf2f-2201d6f385b2,2025-03-28,70,0.0425,1,649.91,649.91,0.0,0.0,1.0,649.91,706,0.0,649.91,0.0,0.0,0
b0d043da-1294-4ab0-8fa2-ebb68dbb62a2,2025-03-28,10,0.1814,5,13080.91,2616.182,4.0,8856.65,5.0,13080.91,827,11.75,3290.95,1.096616,3.0,0
b0d81eaf-60e0-4aa5-b3e9-64fdea18f5e9,2025-03-28,50,0.107,2,6200.85,3100.425,0.0,0.0,1.0,1699.8,561,40.0,1699.8,-1.0,-1.0,0
b2109776-616b-488c-9721-f3f116afd30f,2025-03-28,78,0.1237,2,12150.91,6075.455,0.0,0.0,2.0,12150.91,485,10.0,3857.68,0.0,0.0,1
b21eb80b-84a0-490b-abcb-151568e54d64,2025-03-28,77,0.0732,2,5555.72,2777.86,0.0,0.0,2.0,5555.72,820,10.0,1699.8,0.0,0.0,1
b247c235-943b-4c46-91c2-168e86d26161,2025-03-28,13,0.1719,4,2185.34,546.335,2.0,1329.11,4.0,2185.34,698,22.6667,701.63,0.0,0.0,0
b2c24112-6ed5-433e-ae6e-c541f21defe5,2025-03-28,25,0.0662,1,1238.87,1238.87,1.0,1238.87,1.0,1238.87,453,0.0,1238.87,0.0,0.0,1
b2ef61f5-8a4e-44af-9b72-983eb8729127,2025-03-28,26,0.0634,2,2543.57,1271.785,1.0,602.88,2.0,2543.57,946,6.0,602.88,-0.689348,0.0,0
b2f4f0f6-9d52-4439-b5fe-14ebe8887e7a,2025-03-28,172,0.043,1,9233.79,9233.79,0.0,0.0,0.0,0.0,697,0.0,9233.79,0.0,0.0,1
b35ff2cc-b3d7-4eee-bbe6-72dd663e82bf,2025-03-28,187,0.0796,1,5143.57,5143.57,0.0,0.0,0.0,0.0,377,0.0,5143.57,0.0,0.0,0
b3bc0c36-2894-415e-8303-9ce0c524adf7,2025-03-28,85,0.0483,1,701.63,701.63,0.0,0.0,1.0,701.63,621,0.0,701.63,0.0,0.0,1
b4a140af-8af0-4074-8c4e-f1e587fff314,2025-03-28,87,0.2731,6,20919.62,3486.603333,0.0,0.0,1.0,2619.94,659,14.6,2619.94,0.0,0.0,0
b4dd90f1-04a6-4d42-ac0a-2702bbc8d0db,2025-03-28,50,0.086,2,7064.32,3532.16,0.0,0.0,1.0,3365.46,698,134.0,3365.46,-1.0,-1.0,0
b4ff4a71-e2cb-40a7-afaa-04a5be660e06,2025-03-28,119,0.0399,1,403.59,403.59,0.0,0.0,0.0,0.0,752,0.0,403.59,0.0,0.0,1
b5597188-1096-40f6-bb3c-7eae56f49e62,2025-03-28,119,0.0902,2,2098.44,1049.22,0.0,0.0,0.0,0.0,665,47.0,1929.02,0.0,0.0,0
b6466b91-0c2a-4a1f-bf51-fd9f9de8b206,2025-03-28,51,0.0733,1,4668.17,4668.17,0.0,0.0,1.0,4668.17,409,0.0,4668.17,-1.0,-1.0,1
b7a528c9-9989-42b3-86f1-dfe0266eb7da,2025-03-28,8,0.0429,1,159.54,159.54,1.0,159.54,1.0,159.54,700,0.0,159.54,0.0,0.0,1
b7d62bbb-f2b2-4bee-ac69-0e320b4b310f,2025-03-28,5,0.1257,3,12085.95,4028.65,1.0,2911.04,1.0,2911.04,716,85.5,2911.04,0.0,0.0,0
b812927c-5d6a-4cb6-9794-94ec8e44c0bd,2025-03-28,85,0.0439,1,1420.97,1420.97,0.0,0.0,1.0,1420.97,684,0.0,1420.97,0.0,0.0,0
b88b94e7-2bbd-4939-98cc-217258c364d3,2025-03-28,42,0.1467,2,6974.79,3487.395,0.0,0.0,1.0,2387.76,409,57.0,2387.76,-1.0,-1.0,0
b88bef53-7397-4409-b454-f68fa7827873,2025-03-28,25,0.1568,3,3410.39,1136.796667,1.0,691.85,3.0,3410.39,574,9.0,691.85,-0.745507,-0.5,0
b8bfbbb5-a5a0-4d3d-905f-57ced220ffd3,2025-03-28,56,0.107,2,2837.35,1418.675,0.0,0.0,1.0,1905.2,561,63.0,1905.2,-1.0,-1.0,0
b9e85363-f343-4a9b-a6b9-588a5c0f9633,2025-03-28,38,0.0342,1,2643.8,2643.8,0.0,0.0,1.0,2643.8,877,0.0,2643.8,-1.0,-1.0,0
ba0a6120-4b67-4e2b-b2c4-9036a195b99a,2025-03-28,0,0.1059,3,4070.79,1356.93,1.0,149.88,3.0,4070.79,850,42.5,149.88,-0.842662,0.0,0
bab05b4b-0196-4bb2-a10a-34baf0750132,2025-03-28,108,0.1176,3,2871.43,957.143333,0.0,0.0,0.0,0.0,765,9.0,1121.11,0.0,0.0,0
bc2eaeff-d2cb-413b-8716-a7fa6d9507c2,2025-03-28,3,0.2154,4,5720.71,1430.1775,1.0,749.39,3.0,5528.97,557,63.0,749.39,-0.822898,0.0,0
bc69f988-30c6-4bf2-b27f-beafca1b2282,2025-03-28,43,0.1394,4,11602.77,2900.6925,0.0,0.0,1.0,4026.25,861,50.0,4026.25,-1.0,-1.0,1
bcf78932-5b86-4918-b87a-32963317f18d,2025-03-28,30,0.0674,2,4861.74,2430.87,0.0,0.0,2.0,4861.74,890,40.0,646.75,-1.0,-1.0,1
bd918df4-d5fc-4b8a-9889-b0f92e0c438b,2025-03-28,33,0.0776,2,3831.94,1915.97,0.0,0.0,1.0,3737.45,773,87.0,3737.45,-1.0,-1.0,0
befa24a1-1459-4d2c-b2af-a4db90fa9666,2025-03-28,105,0.0638,2,5458.56,2729.28,0.0,0.0,0.0,0.0,940,10.0,3576.6,0.0,0.0,0
c07f630a-a6d1-41a2-9f27-8f85f52260c4,2025-03-28,7,0.229,6,22398.85,3733.141667,1.0,4656.46,4.0,15764.92,786,30.4,4656.46,-0.297982,-0.5,0
c1a55833-8139-41dd-8bb5-59ab8a090d3b,2025-03-28,36,0.0393,1,1754.08,1754.08,0.0,0.0,1.0,1754.08,763,0.0,1754.08,-1.0,-1.0,0
c1d6c130-eed3-43da-a713-c63009b0c952,2025-03-28,84,0.0461,1,1858.31,1858.31,0.0,0.0,1.0,1858.31,651,0.0,1858.31,0.0,0.0,0
c34e266e-6b0c-4505-b1cc-f98b610c4986,2025-03-28,112,0.0399,1,1210.78,1210.78,0.0,0.0,0.0,0.0,751,0.0,1210.78,0.0,0.0,1
c3bc5bb3-aee9-4150-b36a-c89a22162e7d,2025-03-28,18,0.2553,4,12118.67,3029.6675,1.0,1902.05,1.0,1902.05,470,41.6667,1902.05,0.0,0.0,0
c47da78e-a80f-46b0-b907-4867b0ac75da,2025-03-28,128,0.0448,1,560.4,560.4,0.0,0.0,0.0,0.0,669,0.0,560.4,0.0,0.0,0
c4abe8e7-17ea-4981-acd2-0e286bf0080b,2025-03-28,0,0.1379,2,5335.72,2667.86,2.0,5335.72,2.0,5335.72,435,1.0,3581.64,0.0,0.0,0
c7af740f-1d7a-4321-9d3e-ec9107c05254,2025-03-28,28,0.068,2,2136.94,1068.47,1.0,1904.15,2.0,2136.94,883,58.0,1904.15,0.0,0.0,0
c7e971e5-62a6-49c9-a239-e17ea1f253a5,2025-03-28,0,0.0678,2,3286.89,1643.445,1.0,2076.11,1.0,2076.11,885,138.0,2076.11,0.0,0.0,0
c8466347-f65e-48a7-a013-64f958a93e60,2025-03-28,102,0.0617,1,13887.65,13887.65,0.0,0.0,0.0,0.0,486,0.0,13887.65,0.0,0.0,0
c895adf4-11e4-460d-bad6-1bc4560990aa,2025-03-28,50,0.1429,2,1278.0,639.0,0.0,0.0,1.0,829.87,420,68.0,829.87,-1.0,-1.0,1
c8a387fb-7265-43df-9af8-79f21e3f7a8b,2025-03-28,92,0.036,1,733.58,733.58,0.0,0.0,0.0,0.0,833,0.0,733.58,0.0,0.0,0
c9b37375-0f54-4110-983e-7b7635c1257f,2025-03-28,20,0.3529,4,10471.43,2617.8575,2.0,7889.71,4.0,10471.43,340,12.3333,3804.11,2.05599,0.0,0
cb169247-90fc-4859-9c5d-36f94515f6a5,2025-03-28,151,0.0443,1,6586.85,6586.85,0.0,0.0,0.0,0.0,677,0.0,6586.85,0.0,0.0,1
cbf3e2e4-9c43-4976-afaa-bc231bff129c,2025-03-28,4,0.1375,4,10718.36,2679.59,1.0,952.6,2.0,1861.56,873,45.3333,952.6,0.048011,0.0,0
cc681bd0-1bf2-4364-a2fe-b18907da68dd,2025-03-28,135,0.0382,1,215.38,215.38,0.0,0.0,0.0,0.0,785,0.0,215.38,0.0,0.0,0
cd796877-895f-4bcc-8fe0-0c8c6c4e68b0,2025-03-28,17,0.2184,3,3962.04,1320.68,1.0,524.42,3.0,3962.04,412,33.5,524.42,-0.459032,0.0,0
ce1c7e34-50d9-4f3b-ab54-cbb7cab9fa18,2025-03-28,12,0.0775,2,5480.87,2740.435,2.0,5480.87,2.0,5480.87,774,11.0,3019.68,0.0,0.0,0
ced1be46-44d9-42f9-913f-bf359f04d616,2025-03-28,17,0.1816,5,9849.73,1969.946,1.0,3057.71,4.0,8126.73,826,20.5,3057.71,0.089778,-0.5,0
cf567dce-5613-483a-b10d-b4947a588d18,2025-03-28,31,0.0767,2,5379.65,2689.825,0.0,0.0,1.0,5096.18,782,118.0,5096.18,-1.0,-1.0,0
cfc90a2e-3eb4-476f-8b9b-493b93566dcb,2025-03-28,6,0.0461,1,1428.12,1428.12,1.0,1428.12,1.0,1428.12,651,0.0,1428.12,0.0,0.0,0
d16a7971-11f5-4284-b4c4-063a25f1f892,2025-03-28,78,0.0365,1,2334.09,2334.09,0.0,0.0,1.0,2334.09,823,0.0,2334.09,0.0,0.0,0
d16d5f0e-f1af-4ab1-8b14-12ce745ddd9b,2025-03-28,5,0.1678,4,7433.36,1858.34,1.0,738.47,3.0,5894.4,715,28.6667,738.47,-0.847793,0.0,0
d1907207-2f2d-4486-87e7-7b004fd2fab1,2025-03-28,35,0.0688,2,3729.6,1864.8,0.0,0.0,2.0,3729.6,872,52.0,2215.14,-1.0,-1.0,0
d2b88436-ba26-4efa-bc74-287512167c81,2025-03-28,58,0.0493,1,868.56,868.56,0.0,0.0,1.0,868.56,609,0.0,868.56,-1.0,-1.0,0
d34c22d5-fa13-4eb6-a115-4306ab8f65d5,2025-03-28,55,0.1124,2,1815.43,907.715,0.0,0.0,1.0,465.57,534,44.0,465.57,-1.0,-1.0,1
d3af0e3f-6c8e-43fd-b62a-d477ca54c291,2025-03-28,6,0.176,2,7084.19,3542.095,1.0,2911.04,1.0,2911.04,341,110.0,2911.04,0.0,0.0,1
d3ceae53-5516-4152-a247-d101c45a4912,2025-03-28,14,0.3052,7,17452.45,2493.207143,2.0,864.04,4.0,7714.61,688,24.8333,524.42,-0.743262,1.0,0
d3f21a44-d6a7-4183-9e3d-ca1e2f665ada,2025-03-28,31,0.0658,1,830.45,830.45,0.0,0.0,1.0,830.45,456,0.0,830.45,-1.0,-1.0,0
d5357dae-eafa-48fc-9a2b-b791e7c9e85e,2025-03-28,10,0.0942,2,1653.66,826.83,1.0,350.82,2.0,1653.66,637,46.0,350.82,-0.730727,0.0,0
d5bde5d5-ffb3-40af-bfb0-e1fbc0fc8ac6,2025-03-28,33,0.1222,2,3807.07,1903.535,0.0,0.0,2.0,3807.07,491,48.0,1775.24,-1.0,-1.0,0
d6235160-cff1-499b-8088-b1ef010206d2,2025-03-28,67,0.0411,1,4076.94,4076.94,0.0,0.0,1.0,4076.94,730,0.0,4076.94,0.0,0.0,1
d6b350eb-48ff-4268-b8d2-d00fb5bd3417,2025-03-28,22,0.0472,1,590.77,590.77,1.0,590.77,1.0,590.77,636,0.0,590.77,0.0,0.0,0
d6e6f2c0-9d75-46fe-a6d0-19f4998b8aa0,2025-03-28,180,0.0642,1,1428.9,1428.9,0.0,0.0,0.0,0.0,467,0.0,1428.9,0.0,0.0,0
d74a8b02-d712-4df5-b21a-91890f17146e,2025-03-28,41,0.0776,2,5904.4,2952.2,0.0,0.0,1.0,1428.9,773,52.0,1428.9,-1.0,-1.0,0
d768ded2-0e1f-4338-a373-8cb12093b6b9,2025-03-28,9,0.1618,5,6051.99,1210.398,3.0,2810.23,4.0,3950.2,927,34.5,501.98,0.0,0.0,0
da7dbacc-46a8-44dc-b4c5-5e21bf437da6,2025-03-28,4,0.1974,6,22309.18,3718.196667,1.0,4231.4,3.0,12685.32,912,28.8,4231.4,0.0,0.0,0
db49dbe2-b046-4b0c-8d11-6e496b852270,2025-03-28,10,0.3066,6,18135.02,3022.503333,1.0,4985.4,2.0,5340.45,587,37.4,4985.4,13.041403,0.0,0
dbc5aa6b-529c-4c91-8331-7ec33c8503bb,2025-03-28,0,0.1405,4,6730.06,1682.515,1.0,1167.04,2.0,1786.48,854,35.3333,1167.04,0.884024,0.0,0
dc1aef37-ddb1-4abc-a40f-974a11372fc7,2025-03-28,36,0.082,2,5425.2,2712.6,0.0,0.0,2.0,5425.2,732,9.0,2622.11,-1.0,-1.0,1
dc32c9bc-f5b1-425c-b068-0f753d9baf2f,2025-03-28,0,0.0797,2,2667.42,1333.71,1.0,1640.79,1.0,1640.79,753,149.0,1640.79,0.0,0.0,0
dcdc70f5-6a80-4b14-8487-b99c29cfcb2e,2025-03-28,15,0.0682,1,2097.69,2097.69,1.0,2097.69,1.0,2097.69,440,0.0,2097.69,0.0,0.0,0
debb1669-0087-4b21-a027-8766438b09f1,2025-03-28,27,0.1424,3,14633.04,4877.68,1.0,5032.81,2.0,10570.67,632,69.0,5032.81,0.0,0.0,0
df5f2a94-fa46-46dc-b4fc-0a08486e8118,2025-03-28,46,0.1002,2,753.25,376.625,0.0,0.0,2.0,753.25,599,7.0,162.48,-1.0,-1.0,0
df94c0e2-bf7b-4b60-9391-80972fa8058c,2025-03-28,84,0.0331,1,1388.35,1388.35,0.0,0.0,1.0,1388.35,906,0.0,1388.35,0.0,0.0,1
e040241c-efa6-453e-8e84-6caae95e5811,2025-03-28,75,0.0829,1,5096.18,5096.18,0.0,0.0,1.0,5096.18,362,0.0,5096.18,0.0,0.0,1
e05c9e8f-2852-4c9d-9c2a-756d89ba64a0,2025-03-28,4,0.2184,6,16464.71,2744.118333,1.0,3385.12,4.0,10833.45,824,40.8,3385.12,0.0,0.0,0
e223a14f-9752-4dfc-b998-04cfae44ca10,2025-03-28,5,0.2615,7,16182.48,2311.782857,1.0,4085.6,2.0,4614.36,803,22.0,4085.6,0.0,0.0,0
e400fe49-64f8-4e45-8877-6c5fd0a7747d,2025-03-28,7,0.1278,4,11505.35,2876.3375,2.0,2773.64,2.0,2773.64,939,49.0,1737.12,0.0,0.0,0
e408e6a2-589e-4b0f-a98f-6a5e0f9e9e53,2025-03-28,33,0.1117,3,9544.88,3181.626667,0.0,0.0,2.0,5659.28,806,51.5,390.54,-1.0,-1.0,0
e4636af2-ab68-4a83-a019-d77df1fa2bb5,2025-03-28,6,0.1043,2,1024.24,512.12,1.0,646.28,1.0,646.28,575,130.0,646.28,0.0,0.0,0
e51c365e-179f-4c2e-92f5-bc4c2fc6282a,2025-03-28,3,0.0946,3,9564.42,3188.14,1.0,2334.09,2.0,4802.3,951,62.0,2334.09,-0.054339,0.0,0
e61ddcc6-8917-49aa-b93d-ba7a21702a71,2025-03-28,45,0.1662,2,6019.65,3009.825,0.0,0.0,1.0,165.97,361,78.0,165.97,-1.0,-1.0,0
e630e7cb-c24b-49e2-af83-702facb0c4b9,2025-03-28,34,0.0435,1,3739.05,3739.05,0.0,0.0,1.0,3739.05,690,0.0,3739.05,-1.0,-1.0,0
e74c4bf9-90b2-4723-8b21-9af623c5b124,2025-03-28,50,0.3989,5,13640.05,2728.01,0.0,0.0,4.0,10970.58,376,20.25,1645.48,-1.0,-1.0,0
e818ffda-4cf8-4137-92f5-f73ec2be9aac,2025-03-28,16,0.0949,1,424.73,424.73,1.0,424.73,1.0,424.73,316,0.0,424.73,0.0,0.0,0
e85ec7b9-dc33-474f-b99d-d8ce41ac3c81,2025-03-28,38,0.0342,1,690.48,690.48,0.0,0.0,1.0,690.48,878,0.0,690.48,-1.0,-1.0,0
e9152f33-f58e-4690-a02f-18066572acda,2025-03-28,0,0.1475,3,3462.39,1154.13,2.0,963.47,3.0,3462.39,610,43.5,487.43,0.0,0.0,0
e9afc85a-81e7-4518-a4f2-c3650f0c8105,2025-03-28,21,0.177,2,2853.16,1426.58,1.0,691.85,2.0,2853.16,339,50.0,691.85,0.0,0.0,0
eb632b3d-7715-4810-ac99-01c19831c220,2025-03-28,146,0.1385,3,8653.81,2884.603333,0.0,0.0,0.0,0.0,650,24.5,2221.39,0.0,0.0,0
ebbc4745-0985-45f9-b142-3002a577acc3,2025-03-28,2,0.0322,1,147.69,147.69,1.0,147.69,1.0,147.69,931,0.0,147.69,0.0,0.0,1
ebe34170-88a5-4097-a231-ec6187114560,2025-03-28,63,0.0813,1,2762.66,2762.66,0.0,0.0,1.0,2762.66,369,0.0,2762.66,0.0,0.0,0
ec0b1685-64bd-41e0-8aa1-e25e3abe480b,2025-03-28,130,0.0403,1,3069.29,3069.29,0.0,0.0,0.0,0.0,745,0.0,3069.29,0.0,0.0,0
ec140a91-94c2-46b5-90c6-215cbcc0402e,2025-03-28,63,0.0427,1,868.56,868.56,0.0,0.0,1.0,868.56,702,0.0,868.56,0.0,0.0,1
ec6b856d-40f2-41ed-a20b-7af257224723,2025-03-28,137,0.0325,1,7694.83,7694.83,0.0,0.0,0.0,0.0,922,0.0,7694.83,0.0,0.0,0
ed2171b1-c19b-4e0d-8734-299f1f997a16,2025-03-28,6,0.042,1,331.09,331.09,1.0,331.09,1.0,331.09,715,0.0,331.09,0.0,0.0,0
ed3be97a-9e98-4ace-ba11-f1c0e145bfd5,2025-03-28,3,0.0366,1,3702.09,3702.09,1.0,3702.09,1.0,3702.09,819,0.0,3702.09,0.0,0.0,0
eddc4ec7-f3d1-445e-8c5f-3f767fd5305e,2025-03-28,40,0.1128,2,7313.1,3656.55,0.0,0.0,2.0,7313.1,532,19.0,1775.24,-1.0,-1.0,0
edf4822d-49a2-4ae7-95c1-975b85069210,2025-03-28,26,0.2746,4,12487.98,3121.995,1.0,1817.93,3.0,8750.53,437,52.3333,1817.93,-0.508516,0.0,1
efa9353f-2d88-426a-a592-e6a1f87c7b1b,2025-03-28,107,0.0896,1,9631.78,9631.78,0.0,0.0,0.0,0.0,335,0.0,9631.78,0.0,0.0,0
f17f8b99-61d1-4e7b-a6d3-4d0334235cc5,2025-03-28,84,0.0437,1,621.76,621.76,0.0,0.0,1.0,621.76,686,0.0,621.76,0.0,0.0,1
f201cdf9-cb7c-4b4b-8da0-68bccc439429,2025-03-28,40,0.4878,6,9880.72,1646.786667,0.0,0.0,2.0,5173.61,369,23.6,4943.45,-1.0,-1.0,0
f21b3e42-ab75-442f-8649-bca6bf44c9d8,2025-03-28,12,0.0537,1,3017.62,3017.62,1.0,3017.62,1.0,3017.62,559,0.0,3017.62,0.0,0.0,1
f223cb41-eede-43d3-bafb-311ac6aab7d7,2025-03-28,186,0.0432,1,2833.43,2833.43,0.0,0.0,0.0,0.0,695,0.0,2833.43,0.0,0.0,1
f288b108-b674-41c7-91d6-0f5fdb761b37,2025-03-28,63,0.033,1,1615.69,1615.69,0.0,0.0,1.0,1615.69,910,0.0,1615.69,0.0,0.0,0
f2c6c870-59a5-4df4-8f5a-85d42b868208,2025-03-28,32,0.0479,1,649.91,649.91,0.0,0.0,1.0,649.91,626,0.0,649.91,-1.0,-1.0,0
f311db56-da65-41a9-a889-888c821ca32c,2025-03-28,7,0.0575,1,2107.5,2107.5,1.0,2107.5,1.0,2107.5,522,0.0,2107.5,0.0,0.0,0
f3d3da1e-a146-45f1-bea7-4e9b3d5e991e,2025-03-28,15,0.1193,2,5590.28,2795.14,1.0,3419.92,1.0,3419.92,503,158.0,3419.92,0.0,0.0,0
f5905fb3-1b37-4afd-80b2-3e6bb136b5b1,2025-03-28,35,0.0321,1,1902.05,1902.05,0.0,0.0,1.0,1902.05,934,0.0,1902.05,-1.0,-1.0,0
f5f339bf-3ab5-4a2e-916f-2db044568f67,2025-03-28,17,0.1289,3,6459.34,2153.113333,1.0,4627.61,2.0,5617.05,698,82.0,4627.61,3.676999,0.0,0
f5f5a8ec-4cbe-4541-a494-d455225a8197,2025-03-28,23,0.1253,2,6081.43,3040.715,1.0,738.47,1.0,738.47,479,76.0,738.47,0.0,0.0,0
f6176f19-c718-4746-9808-d110ecf53a50,2025-03-28,41,0.283,4,3345.66,836.415,0.0,0.0,1.0,1864.86,424,33.0,1864.86,-1.0,-1.0,0
f631940b-26c5-4144-a328-f2b93f3b2f7e,2025-03-28,2,0.0794,2,4389.78,2194.89,1.0,306.67,1.0,306.67,756,89.0,306.67,0.0,0.0,1
f6a6bafb-8098-4f2d-ae6d-689b77c84f2b,2025-03-28,60,0.0872,1,5835.22,5835.22,0.0,0.0,1.0,5835.22,344,0.0,5835.22,0.0,0.0,0
f6c06ee2-7826-4de2-af26-9b9143bd5efb,2025-03-28,3,0.0621,1,1692.56,1692.56,1.0,1692.56,1.0,1692.56,483,0.0,1692.56,0.0,0.0,0
f819f234-f7a8-41f3-8b26-732ac35c4d0b,2025-03-28,154,0.0739,1,310.72,310.72,0.0,0.0,0.0,0.0,406,0.0,310.72,0.0,0.0,0
f8435633-4f8d-462d-872a-e6a541d39872,2025-03-28,15,0.1921,6,18966.81,3161.135,2.0,5172.76,4.0,7493.9,937,21.6,53.48,1.228543,0.0,0
f8a3ae68-a437-491d-b88b-abad9164379f,2025-03-28,0,0.6164,9,26970.09,2996.676667,2.0,3115.85,5.0,12462.79,438,24.0,849.45,-0.275615,0.0,0
fc625523-78f4-4bf4-920a-ec3d6bf61de9,2025-03-28,36,0.0403,1,1428.12,1428.12,0.0,0.0,1.0,1428.12,745,0.0,1428.12,-1.0,-1.0,1
fc90d768-4902-4267-aee4-185b5584cee7,2025-03-28,4,0.2695,6,11983.09,1997.181667,3.0,3824.92,6.0,11983.09,668,12.8,1144.08,-0.292367,0.5,0
fd071015-793c-469e-bc3a-2f94a20f8f62,2025-03-28,52,0.0405,1,5250.26,5250.26,0.0,0.0,1.0,5250.26,740,0.0,5250.26,-1.0,-1.0,0
feb9f5f4-bed9-4b39-bb94-062fa9706005,2025-03-28,64,0.2547,5,33995.53,6799.106,0.0,0.0,1.0,4943.45,589,29.25,4943.45,0.0,0.0,0
fec6b81b-c723-45e8-a11f-75a4cb6a1381,2025-03-28,3,0.2699,6,17854.65,2975.775,2.0,4932.64,3.0,8312.04,667,18.8,1698.9,0.0,0.0,0
ff29a3b3-fb27-44ad-8dcc-9551fb3c7420,2025-03-28,8,0.5674,8,22080.66,2760.0825,1.0,646.28,4.0,3677.42,423,27.7143,646.28,-0.481462,0.0,0
ffb862d5-c41a-4b47-8ccf-b781447c9d8f,2025-03-28,52,0.0398,1,1246.35,1246.35,0.0,0.0,1.0,1246.35,754,0.0,1246.35,-1.0,-1.0,0
00acfd4d-b8a4-441a-b965-3c900cea01a1,2025-04-27,16,0.2252,5,22928.81,4585.762,1.0,5289.06,2.0,9235.85,666,32.25,5289.06,0.340092,0.0,0
01a1b558-e312-42e2-ae36-718f30634861,2025-04-27,40,0.0489,1,3602.18,3602.18,0.0,0.0,1.0,3602.18,613,0.0,3602.18,-1.0,-1.0,1
027e2c71-76f6-44d8-b214-51097fc3e605,2025-04-27,12,0.8427,10,16338.05,1633.805,2.0,2723.1,8.0,13316.09,356,18.5556,2215.14,-0.723052,-0.6,0
033361ce-6653-4ee7-bee4-3fdbd06887c9,2025-04-27,86,0.0946,2,4098.96,2049.48,0.0,0.0,1.0,925.52,634,4.0,925.52,0.0,0.0,1
03d535e6-bab9-4699-93ff-729d55e623f0,2025-04-27,98,0.0473,1,599.51,599.51,0.0,0.0,0.0,0.0,634,0.0,599.51,0.0,0.0,0
0443c1b9-9e56-4bed-b673-1441efe40f38,2025-04-27,44,0.082,2,1005.07,502.535,0.0,0.0,2.0,1005.07,732,7.0,550.59,-1.0,-1.0,1
05f197bf-0bdd-44a5-84bb-1878a08666b6,2025-04-27,0,0.2381,7,15160.41,2165.772857,3.0,5990.47,5.0,13696.58,882,26.8333,2483.9,-0.222634,0.5,0
066b0bf5-5f5a-4c95-a709-b1fc1d059f94,2025-04-27,8,0.2647,6,16350.74,2725.123333,2.0,5124.5,3.0,5549.23,680,32.0,3183.81,11.065312,1.0,0
06771e16-c89d-4440-9d23-12b982301e00,2025-04-27,0,0.1233,3,5964.02,1988.006667,2.0,1208.88,2.0,1208.88,730,57.5,454.48,0.0,0.0,0
0833337f-d730-49c9-98d3-adc98d0ffdd5,2025-04-27,96,0.0363,1,2133.6,2133.6,0.0,0.0,0.0,0.0,827,0.0,2133.6,0.0,0.0,0
08667cf4-ac3a-45ee-a2ce-c49435d37bd6,2025-04-27,21,0.1724,2,1819.54,909.77,1.0,1065.14,1.0,1065.14,348,83.0,1065.14,0.0,0.0,1
0915900f-d22e-42b0-8e9e-810e55498a13,2025-04-27,8,0.3394,10,26248.03,2624.803,2.0,5402.33,5.0,13079.4,884,16.7778,952.6,-0.256078,0.0,0
091ba1e5-58cf-4e6c-badc-17dbe89dea69,2025-04-27,8,0.3933,11,24606.1,2236.918182,1.0,1660.89,9.0,14712.39,839,23.0,1660.89,-0.795301,-0.8,0
097828d9-6691-4ec3-9ba8-624b866da2cf,2025-04-27,32,0.0845,1,232.79,232.79,0.0,0.0,1.0,232.79,355,0.0,232.79,-1.0,-1.0,0
09c23830-7cee-4f7c-94cb-8d5486ccf53f,2025-04-27,6,0.0817,2,5366.6,2683.3,1.0,4415.57,2.0,5366.6,734,55.0,4415.57,0.0,0.0,0
0b56c7b0-943b-425a-b6dc-6ab9f4e721ae,2025-04-27,4,0.1296,2,3773.32,1886.66,1.0,2943.45,2.0,3773.32,463,70.0,2943.45,0.0,0.0,0
0b94772b-0571-4308-92cc-ac6baf2ac02b,2025-04-27,73,0.1253,3,10424.74,3474.913333,0.0,0.0,1.0,1851.05,718,55.0,1851.05,0.0,0.0,0
0c75c934-71c3-45ff-9de2-91babfa75c3f,2025-04-27,1,0.1917,4,15115.91,3778.9775,2.0,6326.98,4.0,15115.91,626,28.3333,3946.79,0.345213,1.0,0
0c9d8d71-baa9-4ddf-936f-0c9137dc6dc6,2025-04-27,84,0.0344,1,411.99,411.99,0.0,0.0,1.0,411.99,872,0.0,411.99,0.0,0.0,0
0d0e2d20-27bb-4c93-9f8f-b7710b37194a,2025-04-27,90,0.0713,2,9043.03,4521.515,0.0,0.0,0.0,0.0,842,80.0,2272.41,0.0,0.0,0
0d5cae3a-3f1a-4ef0-b794-ba9364aaff19,2025-04-27,27,0.0508,1,1977.38,1977.38,1.0,1977.38,1.0,1977.38,591,0.0,1977.38,0.0,0.0,0
0e79db9e-6873-435b-b29c-9f8be3977517,2025-04-27,3,0.067,2,4551.39,2275.695,1.0,1902.05,2.0,4551.39,896,80.0,1902.05,0.0,0.0,0
0e83066e-d18a-4165-9e12-fbcb5945fbb6,2025-04-27,53,0.0459,1,4026.25,4026.25,0.0,0.0,1.0,4026.25,654,0.0,4026.25,-1.0,-1.0,0
108df563-ddcd-4802-83f7-6f5da40664d0,2025-04-27,31,0.0511,1,1139.97,1139.97,0.0,0.0,1.0,1139.97,587,0.0,1139.97,-1.0,-1.0,0
10cb2e84-0bd1-4b29-8db3-06ae3488789d,2025-04-27,48,0.2864,4,18619.96,4654.99,0.0,0.0,1.0,460.32,419,58.6667,460.32,-1.0,-1.0,0
113fc32a-23b9-4b41-82f4-df6c2b1ae4ae,2025-04-27,29,0.1246,4,3092.25,773.0625,1.0,1977.38,2.0,2113.23,963,29.6667,1977.38,0.0,0.0,0
118ee786-a564-468b-9121-6d099423827f,2025-04-27,49,0.0393,1,1139.97,1139.97,0.0,0.0,1.0,1139.97,764,0.0,1139.97,-1.0,-1.0,1
119de36d-41b2-4136-a3a2-0b81cfcdf6f9,2025-04-27,72,0.2206,4,13253.0,3313.25,0.0,0.0,2.0,1844.98,544,23.0,694.18,0.0,0.0,1
121edff8-dfb7-4758-a559-7855430672f3,2025-04-27,12,0.1676,2,4583.77,2291.885,1.0,1274.18,1.0,1274.18,358,107.0,1274.18,0.0,0.0,0
12be2694-e03e-4703-878e-8ce9ad582cf1,2025-04-27,101,0.0654,2,6324.03,3162.015,0.0,0.0,0.0,0.0,917,90.0,3488.88,0.0,0.0,0
13995ae9-c50f-4813-b0ba-6e044fe0b9ef,2025-04-27,5,0.1314,3,8938.99,2979.663333,1.0,4905.76,2.0,7357.31,685,84.5,4905.76,0.0,0.0,0
13b4e054-f5c9-4aaa-adb2-89ae2ad3a8bb,2025-04-27,5,0.0783,2,5198.22,2599.11,1.0,4755.14,1.0,4755.14,766,108.0,4755.14,0.0,0.0,0
13d8502b-672a-495d-a3f4-30157008db99,2025-04-27,61,0.0644,1,621.76,621.76,0.0,0.0,1.0,621.76,466,0.0,621.76,0.0,0.0,1
1445cd5d-91a8-417f-b07d-805a30ad7fb7,2025-04-27,78,0.1297,3,4366.15,1455.383333,0.0,0.0,1.0,279.97,694,11.0,279.97,0.0,0.0,0
1686f723-a337-4bf4-aedd-21d353bffde6,2025-04-27,62,0.0765,1,4095.42,4095.42,0.0,0.0,1.0,4095.42,392,0.0,4095.42,0.0,0.0,0
1762b46f-b7ef-481c-9e0b-7e6d2033bcf4,2025-04-27,2,0.4918,6,18278.32,3046.386667,4.0,13842.18,5.0,17327.29,366,47.6,2803.09,2.971806,3.0,0
1790c003-10df-448c-b85d-1632f261eb08,2025-04-27,58,0.1408,2,1612.25,806.125,0.0,0.0,1.0,230.16,426,55.0,230.16,-1.0,-1.0,1
1948ea27-1b6a-4dd3-8c99-b399dcf88ed3,2025-04-27,32,0.121,2,5297.21,2648.605,0.0,0.0,2.0,5297.21,496,3.0,2762.66,-1.0,-1.0,0
1a467aee-8d4c-4127-8afb-fde18c339771,2025-04-27,88,0.0897,2,4751.43,2375.715,0.0,0.0,1.0,1952.69,669,43.0,1952.69,0.0,0.0,0
1a980af4-4a6b-40eb-a9a0-f4ffc25c68aa,2025-04-27,10,0.1188,2,7241.75,3620.875,1.0,2097.69,1.0,2097.69,505,129.0,2097.69,0.0,0.0,0
1b167ea1-66cf-416e-82fc-b6448dbddf75,2025-04-27,9,0.0951,2,5439.84,2719.92,1.0,3173.44,2.0,5439.84,631,22.0,3173.44,0.400212,0.0,0
1b1ed7c2-6b3b-4ab2-9092-bb1c6ed900ba,2025-04-27,57,0.064,1,2483.9,2483.9,0.0,0.0,1.0,2483.9,469,0.0,2483.9,-1.0,-1.0,0
1c22a6c4-3de0-4f96-b62a-3a6edbbaf732,2025-04-27,7,0.2817,8,14980.56,1872.57,2.0,3085.71,5.0,7135.57,852,26.4286,1428.12,0.497329,1.0,0
1fff1144-0a72-44bd-ae41-900fd84b9dec,2025-04-27,26,0.2048,6,19622.5,3270.416667,1.0,4000.61,5.0,11366.7,879,34.4,4000.61,-0.261366,-0.5,0
20538050-69a2-4a47-9dd1-b9142fb76c57,2025-04-27,40,0.0421,1,778.44,778.44,0.0,0.0,1.0,778.44,712,0.0,778.44,-1.0,-1.0,0
20791844-68d1-4c47-8940-96e45daf918f,2025-04-27,22,0.3,9,16609.09,1845.454444,2.0,2393.61,4.0,5874.06,900,25.5,2123.63,-0.31227,0.0,0
21a51334-c936-4d66-b3de-22e7b162ade5,2025-04-27,163,0.0342,1,5295.74,5295.74,0.0,0.0,0.0,0.0,878,0.0,5295.74,0.0,0.0,0
2259bbe9-5f76-414c-ac70-cb078652ec8b,2025-04-27,86,0.0509,1,2461.58,2461.58,0.0,0.0,1.0,2461.58,589,0.0,2461.58,0.0,0.0,1
2277c61c-6a77-4651-9d4b-9cccf937b007,2025-04-27,203,0.0373,1,1942.79,1942.79,0.0,0.0,0.0,0.0,804,0.0,1942.79,0.0,0.0,0
229edd85-4113-4b2a-be5b-1cc986fd5173,2025-04-27,39,0.184,3,9177.5,3059.166667,0.0,0.0,2.0,5091.58,489,33.5,760.46,-1.0,-1.0,0
22c9e11f-8a46-446c-a948-06b756976159,2025-04-27,183,0.0464,1,767.32,767.32,0.0,0.0,0.0,0.0,646,0.0,767.32,0.0,0.0,0
2576b737-f022-4e9c-8640-a88226cea0ff,2025-04-27,29,0.4688,8,20304.7,2538.0875,1.0,2031.83,6.0,9957.4,512,17.7143,2031.83,0.170787,0.0,0
27121f78-6ac9-48b9-bd1d-14e1b17b0217,2025-04-27,37,0.0889,2,2477.71,1238.855,0.0,0.0,1.0,1420.19,675,79.0,1420.19,-1.0,-1.0,0
272c06ef-927d-483b-b924-350e81ee8dfe,2025-04-27,64,0.034,1,4139.84,4139.84,0.0,0.0,1.0,4139.84,882,0.0,4139.84,0.0,0.0,0
27415395-c694-42d4-a2b5-04dfddb578f5,2025-04-27,50,0.0614,2,2460.07,1230.035,0.0,0.0,1.0,2060.81,977,144.0,2060.81,-1.0,-1.0,0
28db185a-0491-429f-bcbf-840c74d94b1e,2025-04-27,54,0.0578,1,1120.79,1120.79,0.0,0.0,1.0,1120.79,519,0.0,1120.79,-1.0,-1.0,1
28e3eb2f-4e60-491c-8ecf-9260a4a4ced4,2025-04-27,14,0.2018,6,28942.42,4823.736667,3.0,4385.88,4.0,6043.47,892,28.6,797.69,0.0,0.0,0
28fe8878-f7c1-4a80-9dc8-ab4bf2bbd40a,2025-04-27,40,0.1176,2,3134.29,1567.145,0.0,0.0,2.0,3134.29,510,23.0,2860.2,-1.0,-1.0,0
29da7f9b-7059-4c90-999f-3737f7557ee5,2025-04-27,13,0.1007,2,2193.87,1096.935,1.0,1728.3,2.0,2193.87,596,35.0,1728.3,2.712224,0.0,1
2b7d87b4-19c8-4ef8-88c3-9bc34019b9ea,2025-04-27,16,0.0371,1,638.15,638.15,1.0,638.15,1.0,638.15,809,0.0,638.15,0.0,0.0,1
2c1bec68-3786-4dae-bb18-e5be2c55ad92,2025-04-27,90,0.0357,1,1324.34,1324.34,0.0,0.0,0.0,0.0,840,0.0,1324.34,0.0,0.0,1
2c3ca1b8-7c76-4a4c-80bf-5314fb7f22ae,2025-04-27,3,0.2138,7,19694.86,2813.551429,2.0,3023.47,3.0,6041.09,982,33.8333,1940.69,0.001939,1.0,0
2c513a38-ffd7-477a-8bc7-7f96f8b9ca38,2025-04-27,37,0.086,1,2387.76,2387.76,0.0,0.0,1.0,2387.76,349,0.0,2387.76,-1.0,-1.0,1
2d2d74d8-47ee-4fdd-a00f-61966c2b1b25,2025-04-27,107,0.0529,1,2202.35,2202.35,0.0,0.0,0.0,0.0,567,0.0,2202.35,0.0,0.0,1
2e532847-959f-4087-bd6e-85a52170ee01,2025-04-27,11,0.0946,2,1932.02,966.01,2.0,1932.02,2.0,1932.02,634,2.0,1403.26,0.0,0.0,0
2fcab125-0690-4478-91f9-6c3b3e5eada3,2025-04-27,47,0.0733,2,2113.42,1056.71,0.0,0.0,2.0,2113.42,818,2.0,2059.94,-1.0,-1.0,1
2fd49fb9-c8b2-4ec3-b38c-a061a73e1168,2025-04-27,15,0.2076,4,9190.29,2297.5725,1.0,2325.92,2.0,4809.82,578,39.6667,2325.92,-0.063602,0.0,0
2fdb2470-7bb8-4ff4-90ef-b13139714701,2025-04-27,8,0.2592,4,7389.57,1847.3925,1.0,2461.58,2.0,4366.78,463,53.6667,2461.58,0.0,0.0,0
30234645-3e34-4245-a4e4-e0e65a95e222,2025-04-27,24,0.1422,2,1601.8,800.9,1.0,298.96,2.0,1601.8,422,29.0,298.96,-0.770532,0.0,0
3137607b-7cb7-42f6-bf45-44b8618d38d2,2025-04-27,58,0.1622,2,7270.44,3635.22,0.0,0.0,1.0,2224.87,370,112.0,2224.87,-1.0,-1.0,0
31e4bcb5-1a69-45eb-a2c7-5bfa73cdfca1,2025-04-27,2,0.1998,6,12590.11,2098.351667,3.0,7342.01,5.0,7738.37,901,20.8,760.46,0.0,0.0,0
32ab5f7d-2c86-49a3-b8c6-009538e6624d,2025-04-27,5,0.1576,3,6378.76,2126.253333,2.0,5435.98,2.0,5435.98,571,98.5,1737.12,0.0,0.0,0
334ea671-bdee-4328-983b-35a799b372d6,2025-04-27,32,0.1542,5,12174.62,2434.924,0.0,0.0,3.0,4502.43,973,31.25,1349.88,-1.0,-1.0,0
3378475b-b350-4593-9546-01468d85dcd8,2025-04-27,6,0.3958,5,6780.01,1356.002,3.0,5358.68,5.0,6780.01,379,16.75,1175.83,0.0,0.0,1
33879d3b-ca28-410e-9d37-7a429d1c33aa,2025-04-27,237,0.0426,1,3076.97,3076.97,0.0,0.0,0.0,0.0,705,0.0,3076.97,0.0,0.0,0
33ee3ff1-854d-447c-b205-31e8f43b9b20,2025-04-27,86,0.1513,3,4633.83,1544.61,0.0,0.0,1.0,1978.87,595,25.0,1978.87,0.0,0.0,1
34a16a66-821a-489f-8fc2-67d38c8256d4,2025-04-27,67,0.1278,3,11500.48,3833.493333,0.0,0.0,2.0,6913.45,704,38.5,4703.33,0.0,0.0,0
34a5889e-5833-48a0-a0ba-44d9c14b5e71,2025-04-27,7,0.0685,1,864.15,864.15,1.0,864.15,1.0,864.15,438,0.0,864.15,0.0,0.0,0
34f539cb-584e-4259-ac9f-44e6d5484ebf,2025-04-27,3,0.4979,8,21419.22,2677.4025,2.0,2455.16,6.0,14078.07,482,26.7143,355.05,-0.738516,0.0,0
34fc1ab3-f5c6-4545-9ba9-158e780f74bd,2025-04-27,57,0.1544,4,7468.46,1867.115,0.0,0.0,2.0,1007.61,777,26.0,203.77,-1.0,-1.0,0
36526e5e-f875-4c3e-a8d6-c50ede833ade,2025-04-27,12,0.2655,4,10230.27,2557.5675,1.0,817.18,3.0,7776.06,452,46.0,817.18,-0.859466,0.0,0
376ee9f0-6491-4a85-888a-05e690a5e05f,2025-04-27,122,0.0519,1,4726.52,4726.52,0.0,0.0,0.0,0.0,578,0.0,4726.52,0.0,0.0,1
3773055e-a1f8-4fba-8846-a4b4eca5c2b7,2025-04-27,23,0.1891,3,3765.15,1255.05,1.0,795.95,2.0,3418.06,476,33.5,795.95,-0.696447,0.0,0
3907704e-d22a-40f9-9591-9c06dfc1b6d2,2025-04-27,2,0.2329,6,18677.02,3112.836667,2.0,6209.48,4.0,10168.69,773,39.2,4101.98,0.568363,0.0,0
399ee9ba-2674-41aa-a50a-7b370668b523,2025-04-27,73,0.0461,1,1754.08,1754.08,0.0,0.0,1.0,1754.08,651,0.0,1754.08,0.0,0.0,0
3a2f88d5-e75e-4285-9b59-ed2b46276d42,2025-04-27,15,0.0324,1,812.39,812.39,1.0,812.39,1.0,812.39,927,0.0,812.39,0.0,0.0,0
3a4a12e8-a3c4-4fe3-a0bc-ed28dee70ff0,2025-04-27,18,0.0839,2,2457.48,1228.74,1.0,1226.69,1.0,1226.69,715,79.0,1226.69,0.0,0.0,0
3a8f7a32-89b6-42d8-b99a-bc1041025065,2025-04-27,194,0.0344,1,1076.88,1076.88,0.0,0.0,0.0,0.0,871,0.0,1076.88,0.0,0.0,1
3b80de3a-118c-4393-9d4e-1994031e22b9,2025-04-27,6,0.1648,2,3881.1,1940.55,1.0,599.51,2.0,3881.1,364,24.0,599.51,-0.817311,0.0,0
3bd0dd5d-7d24-48da-856a-69e393e5e5b9,2025-04-27,47,0.0825,2,1671.38,835.69,0.0,0.0,1.0,550.59,727,75.0,550.59,-1.0,-1.0,0
3cc7350b-72e0-4990-a2f4-79f0e19bfe72,2025-04-27,4,0.1246,4,9903.42,2475.855,1.0,306.67,2.0,2268.97,963,65.6667,306.67,-0.843719,0.0,0
3ce5849f-19ca-4eca-8a46-e4a3b8828dc2,2025-04-27,140,0.0425,1,2841.6,2841.6,0.0,0.0,0.0,0.0,706,0.0,2841.6,0.0,0.0,1
3d036612-3ff3-451e-a921-d163e55b4c30,2025-04-27,78,0.038,1,800.12,800.12,0.0,0.0,1.0,800.12,789,0.0,800.12,0.0,0.0,0
3da770f9-a532-48df-a2e4-cf550c263161,2025-04-27,17,0.2133,3,3146.1,1048.7,1.0,575.43,3.0,3146.1,422,33.0,575.43,0.0,0.0,0
3de6f533-5503-4109-875b-33f40109353f,2025-04-27,16,0.1552,4,11257.59,2814.3975,2.0,9045.6,2.0,9045.6,773,55.6667,4139.84,0.0,0.0,0
3e80243e-ed4d-46b5-a4ec-9aa1107c32da,2025-04-27,48,0.339,6,21380.94,3563.49,0.0,0.0,1.0,852.58,531,24.0,852.58,-1.0,-1.0,0
3e8f3d31-4fdc-4858-8d58-87b8c70d1e61,2025-04-27,158,0.0624,1,621.43,621.43,0.0,0.0,0.0,0.0,481,0.0,621.43,0.0,0.0,0
403ba4f6-3b05-4fb0-9c95-6068878e01b1,2025-04-27,58,0.2078,5,21733.96,4346.792,0.0,0.0,2.0,8590.78,722,37.25,6429.47,-1.0,-1.0,0
40abd3f4-34c6-407b-8dfe-8ff445cce235,2025-04-27,34,0.0986,3,1231.72,410.573333,0.0,0.0,2.0,960.02,913,95.5,142.84,-1.0,-1.0,0
414fbbd6-b12f-45a2-85f2-fd8a574567fa,2025-04-27,87,0.0342,1,319.07,319.07,0.0,0.0,1.0,319.07,876,0.0,319.07,0.0,0.0,0
41906a86-bd78-43ee-a9ab-5f93230c56a1,2025-04-27,14,0.2408,7,19976.66,2853.808571,2.0,4151.25,3.0,5390.12,872,36.5,3597.77,2.350836,1.0,0
41cc51fc-74f3-43aa-b9e8-c4269becb375,2025-04-27,38,0.1535,4,13543.19,3385.7975,0.0,0.0,2.0,5182.57,782,31.0,4985.4,-1.0,-1.0,0
420464c7-e05c-4002-9ab4-902acb471c60,2025-04-27,62,0.2376,4,4221.62,1055.405,0.0,0.0,1.0,797.69,505,46.0,797.69,0.0,0.0,0
43b1d0a0-404f-48c8-96ee-46291e3ceaa3,2025-04-27,82,0.2922,6,12670.03,2111.671667,0.0,0.0,2.0,4149.94,616,19.4,988.69,0.0,0.0,1
44e18ff7-c6c4-4f05-810a-10acda026843,2025-04-27,5,0.2148,6,15033.52,2505.586667,2.0,893.72,3.0,2417.6,838,27.4,415.11,-0.413523,1.0,0
44e3f736-1e1f-478d-876f-f18c9b474ec7,2025-04-27,146,0.061,2,13776.99,6888.495,0.0,0.0,0.0,0.0,983,43.0,7112.81,0.0,0.0,0
44f08084-85aa-46b5-8832-5d1d2b8db2cc,2025-04-27,81,0.0385,1,159.54,159.54,0.0,0.0,1.0,159.54,780,0.0,159.54,0.0,0.0,1
454e54ed-b5e4-4096-9693-090f3ddaa42e,2025-04-27,159,0.0743,1,10596.43,10596.43,0.0,0.0,0.0,0.0,404,0.0,10596.43,0.0,0.0,0
456196a3-f5fd-4769-85c9-fe12f73de5b9,2025-04-27,14,0.3523,6,16373.41,2728.901667,2.0,4078.91,3.0,5254.74,511,28.0,349.18,2.468962,1.0,0
45b35575-e766-4b46-861c-910c86237813,2025-04-27,29,0.3771,9,22108.78,2456.531111,1.0,3200.48,3.0,4779.08,716,16.25,3200.48,2.179622,0.0,0
45b88888-2215-4e91-9647-006d4a1e9e88,2025-04-27,10,0.1473,3,12189.97,4063.323333,3.0,12189.97,3.0,12189.97,611,4.5,5413.91,0.0,0.0,0
46131e6b-4c77-4840-8255-973dc2b72450,2025-04-27,7,0.0694,2,4019.72,2009.86,1.0,3173.44,1.0,3173.44,864,95.0,3173.44,0.0,0.0,0
46ced229-ee4c-418c-badd-2f91fc1ab760,2025-04-27,83,0.1121,2,4541.29,2270.645,0.0,0.0,2.0,4541.29,535,4.0,803.84,0.0,0.0,0
48689e01-09c4-46f3-9d8e-5d6c440e56cb,2025-04-27,104,0.0314,1,1133.2,1133.2,0.0,0.0,0.0,0.0,956,0.0,1133.2,0.0,0.0,0
48871682-8627-402c-b359-46e536c8c5f8,2025-04-27,42,0.2198,4,6240.51,1560.1275,0.0,0.0,1.0,1689.7,546,38.6667,1689.7,-1.0,-1.0,0
4985763f-1aec-4bc7-8147-1beeb7a2d9c0,2025-04-27,73,0.0614,2,2214.55,1107.275,0.0,0.0,2.0,2214.55,977,4.0,566.6,0.0,0.0,0
49d4f65c-a7f6-423f-97b2-75571396471e,2025-04-27,124,0.1351,2,11898.4,5949.2,0.0,0.0,0.0,0.0,444,51.0,4203.57,0.0,0.0,0
4db8450b-3473-4e34-abb8-61b270b04333,2025-04-27,10,0.0932,2,1608.28,804.14,1.0,267.38,1.0,267.38,644,152.0,267.38,0.0,0.0,0
4ed5562c-399a-4f63-8123-7496d2617ad8,2025-04-27,10,0.0496,1,552.53,552.53,1.0,552.53,1.0,552.53,605,0.0,552.53,0.0,0.0,0
4ee7f9a8-1985-4e04-82b5-332cbc70c187,2025-04-27,78,0.2062,4,11164.75,2791.1875,0.0,0.0,1.0,712.26,582,24.0,712.26,0.0,0.0,1
4f4f2ef2-6350-45b8-af19-6bd90adfc454,2025-04-27,11,0.2682,7,7281.85,1040.264286,4.0,5041.66,7.0,7281.85,783,10.1667,3379.4,25.294253,3.0,0
505deb96-02b0-4484-ae43-533961fa661d,2025-04-27,8,0.2483,6,8609.61,1434.935,2.0,2971.31,4.0,4838.14,725,22.8,2492.7,1.671009,1.0,0
5097dfe0-2eb9-4792-a52b-170cf10ad290,2025-04-27,81,0.0651,1,390.54,390.54,0.0,0.0,1.0,390.54,461,0.0,390.54,0.0,0.0,1
5173c47a-a140-490b-afc1-af84817a605e,2025-04-27,81,0.0988,3,7466.95,2488.983333,0.0,0.0,1.0,2586.99,911,33.5,2586.99,0.0,0.0,0
51833259-a233-414c-85fb-6ed59e50dfed,2025-04-27,21,0.5794,9,32926.13,3658.458889,1.0,5119.28,4.0,11512.42,466,25.75,5119.28,-0.199254,-0.6667,0
529b58fc-1d6b-4a46-bcf3-bd50c058a284,2025-04-27,6,0.1568,3,8597.2,2865.733333,1.0,3527.5,2.0,6912.62,574,47.0,3527.5,0.042061,0.0,0
532c0027-0a87-4b04-8cd6-433b7eda14e0,2025-04-27,99,0.046,1,5262.39,5262.39,0.0,0.0,0.0,0.0,652,0.0,5262.39,0.0,0.0,0
5379215b-cc4c-4e00-a6c5-27be458826a0,2025-04-27,124,0.0339,1,3053.65,3053.65,0.0,0.0,0.0,0.0,886,0.0,3053.65,0.0,0.0,1
53cf422c-89ff-449d-9e2b-509585fbfa93,2025-04-27,19,0.1156,2,5308.94,2654.47,1.0,1041.26,1.0,1041.26,519,122.0,1041.26,0.0,0.0,1
54739a70-fe3b-45f0-b6da-5eb96fddebc6,2025-04-27,4,0.6238,11,29226.16,2656.923636,4.0,7988.29,8.0,16434.07,529,16.5,2171.4,0.594043,1.0,0
549276f5-7982-4ddd-9090-30fd37f31bf6,2025-04-27,23,0.206,5,13375.52,2675.104,2.0,4724.32,5.0,13375.52,728,14.75,492.92,0.0,0.0,0
556c3740-52fd-4022-8755-b92b9fa5342d,2025-04-27,67,0.0941,3,10796.88,3598.96,0.0,0.0,1.0,5879.16,956,77.5,5879.16,0.0,0.0,0
5705b303-d99b-47e5-9620-2ac37d16bf70,2025-04-27,37,0.082,1,331.09,331.09,0.0,0.0,1.0,331.09,366,0.0,331.09,-1.0,-1.0,0
575ab059-021e-48cf-a1f6-39e5a9719349,2025-04-27,55,0.1243,3,8424.3,2808.1,0.0,0.0,1.0,3979.76,724,33.5,3979.76,-1.0,-1.0,0
5772f550-5886-44ab-b618-cc525d22c053,2025-04-27,13,0.6936,8,19726.86,2465.8575,1.0,1292.55,3.0,7993.81,346,28.0,1292.55,-0.807118,-0.5,0
5828d313-995e-4774-b19c-e8ac7bc3daea,2025-04-27,125,0.0314,1,183.39,183.39,0.0,0.0,0.0,0.0,956,0.0,183.39,0.0,0.0,0
585a8991-c44f-4e18-b8e0-6283bf6f9aff,2025-04-27,2,0.1844,6,19487.83,3247.971667,1.0,2788.09,3.0,10066.86,976,40.6,2788.09,0.495067,0.0,0
59749859-a81e-48e6-bc39-a362a3eada9b,2025-04-27,3,0.0744,1,3091.22,3091.22,1.0,3091.22,1.0,3091.22,403,0.0,3091.22,0.0,0.0,0
5a2542d2-8392-4c53-bbf2-259d1b7de2ba,2025-04-27,67,0.0773,1,2202.35,2202.35,0.0,0.0,1.0,2202.35,388,0.0,2202.35,0.0,0.0,0
5a60bb30-d49d-430c-b819-619528fa0373,2025-04-27,19,0.1948,3,4077.43,1359.143333,1.0,566.6,1.0,566.6,462,75.5,566.6,0.0,0.0,0
5b8f23c7-fa9a-4a08-9a59-251fb715af18,2025-04-27,163,0.0326,1,6419.44,6419.44,0.0,0.0,0.0,0.0,919,0.0,6419.44,0.0,0.0,0
5be61d8d-e5a3-403f-b61d-c9096e40b7fb,2025-04-27,28,0.0411,1,1645.48,1645.48,1.0,1645.48,1.0,1645.48,730,0.0,1645.48,0.0,0.0,1
5d5fa6d8-0ad7-4ade-be35-1c481b16b275,2025-04-27,16,0.3109,6,13302.18,2217.03,2.0,1314.39,4.0,3772.26,579,31.0,989.44,-0.201212,1.0,0
600950e2-e195-4863-b978-6b55ea2f8a24,2025-04-27,12,0.18,3,489.95,163.316667,1.0,279.97,3.0,489.95,500,38.5,279.97,0.999929,0.0,0
60ce8a0f-d7a4-4ed2-ac8e-6e0a87d50d90,2025-04-27,4,0.0642,2,2066.93,1033.465,1.0,1030.41,2.0,2066.93,935,44.0,1030.41,-0.005895,0.0,0
60fc3a69-d7a0-4445-b08b-d165e0bc4928,2025-04-27,96,0.0333,1,2335.32,2335.32,0.0,0.0,0.0,0.0,902,0.0,2335.32,0.0,0.0,0
614d73fd-8846-4895-a773-7898e1678216,2025-04-27,0,0.3261,7,13276.14,1896.591429,2.0,4456.73,5.0,10317.13,644,28.5,3017.62,-0.191335,0.0,0
61ca8ccc-59b9-4f6f-84a3-e49d67fbff34,2025-04-27,48,0.0479,1,2266.74,2266.74,0.0,0.0,1.0,2266.74,626,0.0,2266.74,-1.0,-1.0,0
6272b3b9-197b-4be0-bf82-5b6e74a51d18,2025-04-27,100,0.0697,2,10742.6,5371.3,0.0,0.0,0.0,0.0,861,19.0,1508.81,0.0,0.0,0
62795829-338f-4ef4-a58a-8b4df43e37ed,2025-04-27,216,0.0521,1,349.18,349.18,0.0,0.0,0.0,0.0,576,0.0,349.18,0.0,0.0,1
66581e52-4a91-4e5a-9db9-6ea7faad6977,2025-04-27,40,0.1786,3,4838.36,1612.786667,0.0,0.0,1.0,868.56,504,75.0,868.56,-1.0,-1.0,1
66aa9f2d-de6b-4def-8269-b6d0177dbf9a,2025-04-27,7,0.3801,12,45551.86,3795.988333,3.0,1967.93,6.0,10803.39,947,17.8182,599.51,-0.777269,0.0,0
6774c3a7-d951-43fa-9c75-eaca2ced5391,2025-04-27,4,0.2344,6,10913.54,1818.923333,3.0,3853.77,5.0,10222.49,768,41.8,566.69,-0.394891,0.5,0
679c79cb-5d90-434a-a13e-d63368ba0b98,2025-04-27,125,0.0321,1,836.24,836.24,0.0,0.0,0.0,0.0,936,0.0,836.24,0.0,0.0,0
67fc2766-666c-4de5-9a16-9a35603b9a46,2025-04-27,157,0.0845,1,3681.3,3681.3,0.0,0.0,0.0,0.0,355,0.0,3681.3,0.0,0.0,0
6853ff18-9673-4369-b96a-eb7e1eb71169,2025-04-27,36,0.103,3,12772.94,4257.646667,0.0,0.0,3.0,12772.94,874,24.5,2215.14,-1.0,-1.0,0
6892976f-0a64-4372-bcd7-14d6113ea6e2,2025-04-27,120,0.033,1,430.75,430.75,0.0,0.0,0.0,0.0,910,0.0,430.75,0.0,0.0,0
69008e38-87df-4edc-8e0c-02e44a0802a3,2025-04-27,61,0.0599,1,465.57,465.57,0.0,0.0,1.0,465.57,501,0.0,465.57,0.0,0.0,1
69223a3a-0e99-457c-b139-53a914126da0,2025-04-27,174,0.0328,1,7771.19,7771.19,0.0,0.0,0.0,0.0,915,0.0,7771.19,0.0,0.0,1
6a7efc18-882b-4c4c-a75d-1b8aecdbf4a6,2025-04-27,31,0.0919,3,2833.41,944.47,0.0,0.0,3.0,2833.41,979,16.5,1600.2,-1.0,-1.0,0
6b35501e-08f6-41b4-8699-30281befd8ec,2025-04-27,33,0.3472,5,23398.38,4679.676,0.0,0.0,3.0,7492.9,432,48.0,2073.14,-1.0,-1.0,0
6bb31b8a-5c85-4549-9106-7183256248ff,2025-04-27,15,0.1374,3,7246.59,2415.53,1.0,355.05,1.0,355.05,655,69.5,355.05,0.0,0.0,0
6cad4c9f-a37c-452d-9e24-b927cd585be0,2025-04-27,140,0.0453,1,410.66,410.66,0.0,0.0,0.0,0.0,662,0.0,410.66,0.0,0.0,0
6ccef97b-c165-4c24-aa1d-00119b8315f2,2025-04-27,22,0.0469,1,3739.05,3739.05,1.0,3739.05,1.0,3739.05,639,0.0,3739.05,0.0,0.0,0
6d07afb5-e45f-49c8-8fe6-ab313f89ab9c,2025-04-27,72,0.1173,3,8015.74,2671.913333,0.0,0.0,3.0,8015.74,767,2.5,2586.99,0.0,0.0,0
6dd97a45-7233-4f75-bf2b-a02f9e2403f5,2025-04-27,57,0.1508,2,5286.25,2643.125,0.0,0.0,1.0,4113.69,398,146.0,4113.69,-1.0,-1.0,0
6f363f3d-a553-4343-928a-865ef7efa488,2025-04-27,43,0.1079,2,6368.11,3184.055,0.0,0.0,1.0,2477.75,556,132.0,2477.75,-1.0,-1.0,0
6f43c820-6bb0-443a-a276-f436ff5cc816,2025-04-27,131,0.0728,1,5588.78,5588.78,0.0,0.0,0.0,0.0,412,0.0,5588.78,0.0,0.0,1
6fb7d847-f44b-41dc-a325-7b26c61cbc96,2025-04-27,30,0.2268,7,18475.95,2639.421429,0.0,0.0,2.0,2059.95,926,24.3333,823.98,-1.0,-1.0,0
7010920b-f9d5-4e97-9d6a-a57cfe832fad,2025-04-27,12,0.3454,7,11742.51,1677.501429,2.0,5896.3,6.0,11164.0,608,23.5,800.12,4.247032,0.0,0
726b4f75-d374-4f7f-bf66-eff61209fe02,2025-04-27,45,0.0533,1,533.4,533.4,0.0,0.0,1.0,533.4,563,0.0,533.4,-1.0,-1.0,1
731fe7b0-483a-4068-a5c1-e8ce074a22e2,2025-04-27,0,0.0743,1,1858.31,1858.31,1.0,1858.31,1.0,1858.31,404,0.0,1858.31,0.0,0.0,1
73c3d633-4b34-49ad-a380-07fa31442bd6,2025-04-27,4,0.1734,3,8166.96,2722.32,1.0,969.41,3.0,8166.96,519,34.5,969.41,0.0,0.0,0
744605d3-9330-457d-9c53-8b4b59950976,2025-04-27,6,0.3902,8,15375.49,1921.93625,2.0,4322.43,5.0,9232.29,615,25.7143,1735.44,4.418684,1.0,0
7613c703-00a5-4fcd-b61f-b4f85bd36ac2,2025-04-27,6,0.13,4,7704.78,1926.195,1.0,1230.79,3.0,3591.09,923,30.3333,1230.79,0.0,0.0,0
76c7e6e2-ab70-4430-9c0e-611b3e8e3f7d,2025-04-27,81,0.0617,2,8729.59,4364.795,0.0,0.0,1.0,4101.98,973,11.0,4101.98,0.0,0.0,0
78106c04-2615-4323-b215-3172fb34fc72,2025-04-27,20,0.1835,4,14996.01,3749.0025,1.0,5609.1,2.0,11488.26,654,52.3333,5609.1,0.0,0.0,0
79ce75bd-e156-4762-a109-91880fa27abc,2025-04-27,23,0.2472,8,17607.78,2200.9725,1.0,560.4,4.0,8642.3,971,15.0,560.4,-0.836621,-0.5,0
7b3011de-1fd5-49d7-8cd0-565a3af5b5da,2025-04-27,7,0.3721,8,5619.37,702.42125,1.0,1388.35,5.0,3327.6,645,18.0,1388.35,-0.284079,-0.75,0
7b5dbebc-9a0e-4613-8844-f85ea0bc161d,2025-04-27,48,0.0415,1,4200.21,4200.21,0.0,0.0,1.0,4200.21,723,0.0,4200.21,-1.0,-1.0,1
7d31f2fa-4d24-4819-aa43-8ca6f961480f,2025-04-27,194,0.0693,1,3834.51,3834.51,0.0,0.0,0.0,0.0,433,0.0,3834.51,0.0,0.0,1
7d5e174f-f3d2-488e-99b3-a0591b1a9319,2025-04-27,78,0.0409,1,1735.44,1735.44,0.0,0.0,1.0,1735.44,734,0.0,1735.44,0.0,0.0,1
7dc50afb-0eaa-4b38-8b2f-04eb2c57446e,2025-04-27,201,0.1405,2,3989.74,1994.87,0.0,0.0,0.0,0.0,427,5.0,2123.91,0.0,0.0,1
7dd67799-87bf-4c47-944e-e495c976e50e,2025-04-27,54,0.0729,2,4235.87,2117.935,0.0,0.0,1.0,2881.75,823,67.0,2881.75,-1.0,-1.0,0
7e1ea714-6fe4-494e-9554-750dbe019c23,2025-04-27,154,0.0305,1,5961.02,5961.02,0.0,0.0,0.0,0.0,984,0.0,5961.02,0.0,0.0,0
80425ba2-13bc-407f-9a1c-ff4f30480010,2025-04-27,27,0.1232,4,10192.95,2548.2375,1.0,304.19,3.0,6269.1,974,34.6667,304.19,-0.924184,0.0,0
809a4c1b-22b1-4046-b62e-5ca84f41ae56,2025-04-27,62,0.0714,1,355.05,355.05,0.0,0.0,1.0,355.05,420,0.0,355.05,0.0,0.0,1
81038b9d-eef0-443c-9635-a2e4c4df490f,2025-04-27,59,0.1505,3,13306.46,4435.486667,0.0,0.0,1.0,5699.87,598,70.5,5699.87,-1.0,-1.0,1
81aa5e22-d678-428b-b005-9b81178d3a85,2025-04-27,29,0.1366,3,1499.8,499.933333,1.0,817.18,2.0,1116.14,659,59.0,817.18,1.733409,0.0,0
82241b4b-7959-4079-9369-bbfcffcbc453,2025-04-27,71,0.2632,6,18760.02,3126.67,0.0,0.0,1.0,4671.82,684,20.0,4671.82,0.0,0.0,0
824fbcc7-5420-4ca2-84b0-15b0b4a2292b,2025-04-27,68,0.0381,1,920.64,920.64,0.0,0.0,1.0,920.64,787,0.0,920.64,0.0,0.0,0
826855e8-3a9a-4032-ad5b-6ca64c822572,2025-04-27,90,0.0478,1,200.96,200.96,0.0,0.0,0.0,0.0,628,0.0,200.96,0.0,0.0,0
82c5a7aa-2ec7-45dc-9d03-be3531473f2f,2025-04-27,97,0.0845,1,981.15,981.15,0.0,0.0,0.0,0.0,355,0.0,981.15,0.0,0.0,1
82d60e37-f049-4852-9464-c94b4e5c3244,2025-04-27,5,0.3112,5,8743.7,1748.74,2.0,2324.65,5.0,8743.7,482,16.5,1494.78,0.098803,1.0,0
83fe13f3-1026-46b2-9abd-d7277ea2f653,2025-04-27,77,0.0762,2,2188.87,1094.435,0.0,0.0,1.0,649.91,787,80.0,649.91,0.0,0.0,0
855f6897-60c0-42cc-aa5a-bbcf4dfcfd28,2025-04-27,7,0.0971,3,2496.56,832.186667,1.0,566.6,3.0,2496.56,927,36.0,566.6,1.461766,0.0,0
86208847-cfb3-449d-a634-075a2b7c33cc,2025-04-27,52,0.2261,3,4368.02,1456.006667,0.0,0.0,2.0,2104.81,398,93.0,415.11,-1.0,-1.0,0
86ab916f-9734-41f0-b5c0-9bbc082b3251,2025-04-27,1,0.6754,12,20761.66,1730.138333,3.0,2229.47,8.0,8037.98,533,20.1818,803.84,-0.180544,0.5,0
87b06d02-c4e0-4e44-a8d4-a21cdc592676,2025-04-27,7,0.2526,4,8916.59,2229.1475,1.0,1041.26,2.0,4132.48,475,39.6667,1041.26,-0.663156,0.0,0
8867ed0f-4c50-4aa9-8fb4-993893bd97df,2025-04-27,94,0.0701,1,2158.66,2158.66,0.0,0.0,0.0,0.0,428,0.0,2158.66,0.0,0.0,0
88f8cded-9e9f-4c71-9504-8cae260151bf,2025-04-27,91,0.0342,1,2210.12,2210.12,0.0,0.0,0.0,0.0,878,0.0,2210.12,0.0,0.0,0
8aa74529-c59e-4daf-9b98-321ebfce7306,2025-04-27,26,0.7752,10,18187.82,1818.782,1.0,355.05,6.0,10284.3,387,18.1111,355.05,-0.936218,-0.6667,0
8b278dae-e043-44f3-a5f0-8466df24d3a2,2025-04-27,3,0.493,14,25505.57,1821.826429,7.0,9998.2,11.0,17055.11,852,13.6923,1139.97,2.47179,2.5,0
8bd2e91f-b7be-4b2c-95e8-9b9f6936c3fe,2025-04-27,51,0.0941,3,9823.91,3274.636667,0.0,0.0,1.0,1766.23,956,52.5,1766.23,-1.0,-1.0,0
8bf0cc1f-c9f7-4393-806f-86bce9acf23a,2025-04-27,168,0.0326,1,1085.19,1085.19,0.0,0.0,0.0,0.0,919,0.0,1085.19,0.0,0.0,0
8d58c937-6e14-4be1-98f6-33ea0a28136f,2025-04-27,27,0.0402,1,1403.26,1403.26,1.0,1403.26,1.0,1403.26,747,0.0,1403.26,0.0,0.0,1
8daa11dd-d410-44bf-a0de-622a9ca7c78d,2025-04-27,0,0.5146,10,35312.27,3531.227,4.0,11177.43,7.0,15740.89,583,14.0,2387.76,4.501164,3.0,0
8de2f61f-499f-4ce6-a7d6-a5e9b9219f67,2025-04-27,9,0.0386,1,5152.04,5152.04,1.0,5152.04,1.0,5152.04,777,0.0,5152.04,0.0,0.0,1
8f10e8bf-c7a4-4bd6-93ce-4de936a938ef,2025-04-27,28,0.386,7,14722.77,2103.252857,1.0,1164.11,7.0,14722.77,544,9.0,1164.11,2.642739,0.0,0
9013910b-257e-462f-8142-555578e385a5,2025-04-27,33,0.2273,5,17331.8,3466.36,0.0,0.0,3.0,4444.53,660,27.5,778.44,-1.0,-1.0,0
90ef6a35-c0dc-4b20-aede-0d1b3e525838,2025-04-27,132,0.0398,1,3440.27,3440.27,0.0,0.0,0.0,0.0,754,0.0,3440.27,0.0,0.0,0
910bd8ae-df74-4feb-9e1a-4e8966115c12,2025-04-27,22,0.0849,2,1571.75,785.875,1.0,1004.8,1.0,1004.8,707,143.0,1004.8,0.0,0.0,0
911f8116-248a-4e3d-afb4-62a632746852,2025-04-27,2,0.5046,11,20513.52,1864.865455,3.0,3810.25,10.0,16661.86,654,17.6,550.59,-0.201846,0.0,0
918ccc0d-7add-4cda-bb90-29b5623f6d86,2025-04-27,128,0.0424,1,3600.45,3600.45,0.0,0.0,0.0,0.0,708,0.0,3600.45,0.0,0.0,0
91f0a872-33ad-4dbe-9801-ac03b375f584,2025-04-27,0,0.2537,4,9812.64,2453.16,2.0,2284.05,3.0,4142.36,473,61.3333,1977.38,0.0,0.0,0
957f9181-281b-4ff6-9370-462fb40cb6e5,2025-04-27,15,0.1118,3,7778.5,2592.833333,1.0,3290.95,3.0,7778.5,805,17.0,3290.95,-0.266649,-0.5,0
97a7e174-c5da-4d97-b94b-09d5f4788809,2025-04-27,15,0.1699,5,20141.29,4028.258,2.0,848.46,3.0,4806.2,883,40.25,710.09,-0.78562,1.0,1
97c341f3-26c0-47ee-949b-ec2349709b82,2025-04-27,36,0.2913,7,15823.7,2260.528571,0.0,0.0,2.0,1131.53,721,30.8333,142.84,-1.0,-1.0,0
98c0d934-599f-43f0-b624-02fafa9a625d,2025-04-27,50,0.0775,1,1817.93,1817.93,0.0,0.0,1.0,1817.93,387,0.0,1817.93,-1.0,-1.0,0
9a48cdff-42f6-4b91-80ce-e531f3622d2b,2025-04-27,11,0.3252,4,7056.38,1764.095,2.0,4077.28,4.0,7056.38,369,17.0,1324.34,2.637863,1.0,1
9ada7a7c-35d9-4619-9117-c1d9c05f08e9,2025-04-27,60,0.0433,1,697.02,697.02,0.0,0.0,1.0,697.02,693,0.0,697.02,0.0,0.0,1
9b131352-2e3f-4966-865e-a01b50bde6e5,2025-04-27,33,0.1987,6,9952.71,1658.785,0.0,0.0,3.0,2017.74,906,35.8,691.85,-1.0,-1.0,0
9b4342ff-79f2-40db-9669-bbab65d50e2f,2025-04-27,0,0.2978,4,10068.68,2517.17,1.0,1057.81,2.0,3445.67,403,48.0,1057.81,-0.557005,0.0,1
9c75b413-efd7-4171-9aa3-e4f50c8b52ea,2025-04-27,60,0.04,1,3698.86,3698.86,0.0,0.0,1.0,3698.86,750,0.0,3698.86,0.0,0.0,0
9cbf413a-a00b-482b-9441-e8fce7668a2e,2025-04-27,23,0.2635,7,19073.13,2724.732857,2.0,2492.9,3.0,6724.15,797,19.6667,1780.64,-0.410836,1.0,0
9de44d71-02d0-4684-a314-54f9abd3f2cd,2025-04-27,28,0.2691,6,11197.9,1866.316667,1.0,778.44,5.0,7114.79,669,31.8,778.44,-0.519158,-0.5,0
9e3ba510-550f-49bf-a866-a3124ebe334a,2025-04-27,95,0.0309,1,1150.86,1150.86,0.0,0.0,0.0,0.0,972,0.0,1150.86,0.0,0.0,0
a029db9e-0867-4074-9876-83433dcbc19c,2025-04-27,30,0.0699,2,5388.61,2694.305,0.0,0.0,2.0,5388.61,858,2.0,720.44,-1.0,-1.0,1
a0323814-cd5e-4bbc-ae91-13b77ec723bb,2025-04-27,43,0.0454,1,533.4,533.4,0.0,0.0,1.0,533.4,661,0.0,533.4,-1.0,-1.0,0
a137cf0f-749a-402e-9913-60a7f4a47b92,2025-04-27,1,0.2671,6,11402.2,1900.366667,1.0,2006.11,4.0,7102.98,674,28.2,2006.11,0.993036,0.0,0
a20f7825-b033-409c-9c97-b044b61bae47,2025-04-27,47,0.1754,3,7817.02,2605.673333,0.0,0.0,1.0,1775.24,513,49.5,1775.24,-1.0,-1.0,0
a281fc1b-5e0e-400e-9760-0f4eecb192e1,2025-04-27,32,0.3183,4,15160.3,3790.075,0.0,0.0,1.0,4430.29,377,33.3333,4430.29,-1.0,-1.0,0
a39d8cb3-e105-4215-9fc6-c0cb27d75ca0,2025-04-27,3,0.049,1,295.39,295.39,1.0,295.39,1.0,295.39,612,0.0,295.39,0.0,0.0,1
a458eb88-221d-40e0-8a04-289e42780afe,2025-04-27,49,0.053,1,2105.72,2105.72,0.0,0.0,1.0,2105.72,566,0.0,2105.72,-1.0,-1.0,1
a48769af-aacd-4623-8e69-fc86e1d3745e,2025-04-27,23,0.0822,2,1684.31,842.155,1.0,993.26,2.0,1684.31,730,44.0,993.26,0.0,0.0,1
a54b8eca-fc5f-46cd-9407-2f103beabcc7,2025-04-27,73,0.1003,3,4552.3,1517.433333,0.0,0.0,2.0,2322.41,897,26.0,1171.61,0.0,0.0,0
a62bcc77-cf9c-44a3-920f-2e2e57c723dc,2025-04-27,36,0.566,7,36241.72,5177.388571,0.0,0.0,2.0,1083.31,371,25.1667,662.17,-1.0,-1.0,0
a69011f4-c3f9-4f91-92f2-3df9072b53e7,2025-04-27,3,0.5398,7,10680.12,1525.731429,4.0,8046.32,6.0,9668.44,389,31.8333,864.15,3.960373,1.0,0
a7925872-0bc3-4eee-b74c-5086ea1e992d,2025-04-27,112,0.0454,1,428.53,428.53,0.0,0.0,0.0,0.0,661,0.0,428.53,0.0,0.0,0
a7c6d291-2d8a-45ea-8005-81ecfd3682df,2025-04-27,63,0.0755,2,2308.26,1154.13,0.0,0.0,1.0,908.96,795,73.0,908.96,0.0,0.0,0
a7dd5f9a-9fa6-4592-b920-cc610a4ca21b,2025-04-27,69,0.1136,3,12596.04,4198.68,0.0,0.0,2.0,2964.26,792,59.5,691.85,0.0,0.0,1
a8091949-9c95-4f66-b956-b61849aa17d1,2025-04-27,13,0.146,2,8476.76,4238.38,1.0,2171.4,1.0,2171.4,411,115.0,2171.4,0.0,0.0,0
a8592085-1f10-4731-b976-351290d3b914,2025-04-27,13,0.0723,1,553.48,553.48,1.0,553.48,1.0,553.48,415,0.0,553.48,0.0,0.0,1
a8a318fe-4ac5-43e5-819c-0493f94dfd8e,2025-04-27,25,0.1374,3,4963.84,1654.613333,1.0,424.73,2.0,3302.95,655,39.0,424.73,-0.852433,0.0,0
a91e3f3f-94ea-410a-afcd-a9721a392b5a,2025-04-27,17,0.0916,2,7734.34,3867.17,1.0,3019.68,1.0,3019.68,655,109.0,3019.68,0.0,0.0,0
a955f9af-0de0-488d-9638-13b909991020,2025-04-27,69,0.0802,1,2622.11,2622.11,0.0,0.0,1.0,2622.11,374,0.0,2622.11,0.0,0.0,0
a9a14d19-86ba-40be-883c-0be4db2e7555,2025-04-27,27,0.2148,3,4844.62,1614.873333,1.0,3804.11,1.0,3804.11,419,89.0,3804.11,0.0,0.0,0
aa210298-0ad5-4fe1-9a49-04d9c35709c6,2025-04-27,83,0.1325,4,11639.39,2909.8475,0.0,0.0,1.0,331.95,906,34.6667,331.95,0.0,0.0,0
acf31d10-d223-4df6-a143-e9ba0e8118f4,2025-04-27,58,0.0431,1,1164.11,1164.11,0.0,0.0,1.0,1164.11,696,0.0,1164.11,-1.0,-1.0,1
ad10f2bd-d571-4f42-aec5-a7a10eaa3ca9,2025-04-27,91,0.0307,1,2038.47,2038.47,0.0,0.0,0.0,0.0,976,0.0,2038.47,0.0,0.0,0
ade55153-89f8-4d7a-9199-12bcf0e9f0ce,2025-04-27,0,0.1395,2,3226.87,1613.435,2.0,3226.87,2.0,3226.87,430,14.0,1952.69,0.0,0.0,1
b067038f-9577-43c4-a072-0376499a6f51,2025-04-27,145,0.0788,2,10643.67,5321.835,0.0,0.0,0.0,0.0,761,1.0,6854.86,0.0,0.0,0
b0a7ac9f-5dc3-43d5-bf2f-2201d6f385b2,2025-04-27,100,0.0408,1,649.91,649.91,0.0,0.0,0.0,0.0,736,0.0,649.91,0.0,0.0,0
b0d043da-1294-4ab0-8fa2-ebb68dbb62a2,2025-04-27,40,0.175,5,13080.91,2616.182,0.0,0.0,5.0,13080.91,857,11.75,3290.95,-1.0,-1.0,0
b0d81eaf-60e0-4aa5-b3e9-64fdea18f5e9,2025-04-27,80,0.1015,2,6200.85,3100.425,0.0,0.0,1.0,1699.8,591,40.0,1699.8,0.0,0.0,0
b2109776-616b-488c-9721-f3f116afd30f,2025-04-27,108,0.1165,2,12150.91,6075.455,0.0,0.0,0.0,0.0,515,10.0,3857.68,0.0,0.0,0
b21eb80b-84a0-490b-abcb-151568e54d64,2025-04-27,107,0.0706,2,5555.72,2777.86,0.0,0.0,0.0,0.0,850,10.0,1699.8,0.0,0.0,0
b247c235-943b-4c46-91c2-168e86d26161,2025-04-27,43,0.1648,4,2185.34,546.335,0.0,0.0,2.0,1329.11,728,22.6667,701.63,-1.0,-1.0,0
b2c24112-6ed5-433e-ae6e-c541f21defe5,2025-04-27,55,0.0621,1,1238.87,1238.87,0.0,0.0,1.0,1238.87,483,0.0,1238.87,-1.0,-1.0,1
b2ef61f5-8a4e-44af-9b72-983eb8729127,2025-04-27,13,0.0922,3,2890.66,963.553333,1.0,347.09,3.0,2890.66,976,24.5,347.09,-0.42428,0.0,0
b2f4f0f6-9d52-4439-b5fe-14ebe8887e7a,2025-04-27,202,0.0413,1,9233.79,9233.79,0.0,0.0,0.0,0.0,727,0.0,9233.79,0.0,0.0,1
b35ff2cc-b3d7-4eee-bbe6-72dd663e82bf,2025-04-27,10,0.1474,2,6112.98,3056.49,1.0,969.41,1.0,969.41,407,207.0,969.41,0.0,0.0,1
b3bc0c36-2894-415e-8303-9ce0c524adf7,2025-04-27,115,0.0461,1,701.63,701.63,0.0,0.0,0.0,0.0,651,0.0,701.63,0.0,0.0,1
b4322a23-acd4-46a3-8620-5130bd7bc8c3,2025-04-27,22,0.0857,1,2335.32,2335.32,1.0,2335.32,1.0,2335.32,350,0.0,2335.32,0.0,0.0,1
b4a140af-8af0-4074-8c4e-f1e587fff314,2025-04-27,117,0.2612,6,20919.62,3486.603333,0.0,0.0,0.0,0.0,689,14.6,2619.94,0.0,0.0,0
b4dd90f1-04a6-4d42-ac0a-2702bbc8d0db,2025-04-27,1,0.1236,3,8303.19,2767.73,1.0,1238.87,2.0,4604.33,728,106.5,1238.87,0.0,0.0,0
b4ff4a71-e2cb-40a7-afaa-04a5be660e06,2025-04-27,149,0.0384,1,403.59,403.59,0.0,0.0,0.0,0.0,782,0.0,403.59,0.0,0.0,0
b5597188-1096-40f6-bb3c-7eae56f49e62,2025-04-27,149,0.0863,2,2098.44,1049.22,0.0,0.0,0.0,0.0,695,47.0,1929.02,0.0,0.0,0
b6466b91-0c2a-4a1f-bf51-fd9f9de8b206,2025-04-27,81,0.0683,1,4668.17,4668.17,0.0,0.0,1.0,4668.17,439,0.0,4668.17,0.0,0.0,0
b73d152b-3ccf-4708-8854-ab85e6abc82c,2025-04-27,19,0.0802,1,274.09,274.09,1.0,274.09,1.0,274.09,374,0.0,274.09,0.0,0.0,0
b7a528c9-9989-42b3-86f1-dfe0266eb7da,2025-04-27,38,0.0411,1,159.54,159.54,0.0,0.0,1.0,159.54,730,0.0,159.54,-1.0,-1.0,1
b7d62bbb-f2b2-4bee-ac69-0e320b4b310f,2025-04-27,2,0.2011,5,14760.4,2952.08,2.0,2674.45,3.0,5585.49,746,51.0,1681.19,-0.081273,1.0,0
b812927c-5d6a-4cb6-9794-94ec8e44c0bd,2025-04-27,13,0.084,2,2112.82,1056.41,1.0,691.85,1.0,691.85,714,102.0,691.85,0.0,0.0,0
b8302dbd-4877-438d-ac91-c2d5dbbadf09,2025-04-27,7,0.0354,1,1403.26,1403.26,1.0,1403.26,1.0,1403.26,848,0.0,1403.26,0.0,0.0,0
b88b94e7-2bbd-4939-98cc-217258c364d3,2025-04-27,72,0.1367,2,6974.79,3487.395,0.0,0.0,1.0,2387.76,439,57.0,2387.76,0.0,0.0,0
b88bef53-7397-4409-b454-f68fa7827873,2025-04-27,55,0.149,3,3410.39,1136.796667,0.0,0.0,3.0,3410.39,604,9.0,691.85,-1.0,-1.0,0
b8bfbbb5-a5a0-4d3d-905f-57ced220ffd3,2025-04-27,16,0.1523,3,3757.37,1252.456667,1.0,920.02,2.0,2825.22,591,66.5,920.02,0.0,0.0,0
b9e85363-f343-4a9b-a6b9-588a5c0f9633,2025-04-27,68,0.0331,1,2643.8,2643.8,0.0,0.0,1.0,2643.8,907,0.0,2643.8,0.0,0.0,0
ba0a6120-4b67-4e2b-b2c4-9036a195b99a,2025-04-27,30,0.1023,3,4070.79,1356.93,0.0,0.0,2.0,1102.48,880,42.5,149.88,-1.0,-1.0,0
bab05b4b-0196-4bb2-a10a-34baf0750132,2025-04-27,138,0.1132,3,2871.43,957.143333,0.0,0.0,0.0,0.0,795,9.0,1121.11,0.0,0.0,0
bc2eaeff-d2cb-413b-8716-a7fa6d9507c2,2025-04-27,26,0.2555,5,5881.14,1176.228,1.0,160.43,3.0,5141.22,587,49.0,160.43,-0.785919,0.0,0
bc69f988-30c6-4bf2-b27f-beafca1b2282,2025-04-27,73,0.1347,4,11602.77,2900.6925,0.0,0.0,1.0,4026.25,891,50.0,4026.25,0.0,0.0,0
bcf78932-5b86-4918-b87a-32963317f18d,2025-04-27,60,0.0652,2,4861.74,2430.87,0.0,0.0,1.0,646.75,920,40.0,646.75,0.0,0.0,0
bd918df4-d5fc-4b8a-9889-b0f92e0c438b,2025-04-27,24,0.1121,3,6606.08,2202.026667,1.0,2774.14,2.0,6511.59,803,63.0,2774.14,0.0,0.0,0
befa24a1-1459-4d2c-b2af-a4db90fa9666,2025-04-27,135,0.0619,2,5458.56,2729.28,0.0,0.0,0.0,0.0,970,10.0,3576.6,0.0,0.0,0
c07f630a-a6d1-41a2-9f27-8f85f52260c4,2025-04-27,17,0.2941,8,33488.16,4186.02,2.0,11089.31,5.0,22378.73,816,24.5714,5268.74,1.381489,1.0,0
c1a55833-8139-41dd-8bb5-59ab8a090d3b,2025-04-27,23,0.0757,2,2804.13,1402.065,1.0,1050.05,2.0,2804.13,793,43.0,1050.05,0.0,0.0,1
c1a9f9e4-02c9-4e11-9ae3-d7f5eec25bdf,2025-04-27,26,0.0464,1,934.36,934.36,1.0,934.36,1.0,934.36,647,0.0,934.36,0.0,0.0,1
c1d6c130-eed3-43da-a713-c63009b0c952,2025-04-27,114,0.0441,1,1858.31,1858.31,0.0,0.0,0.0,0.0,681,0.0,1858.31,0.0,0.0,0
c29cb1e1-b422-45f3-829a-82a9e80f8c8f,2025-04-27,22,0.0435,1,1634.24,1634.24,1.0,1634.24,1.0,1634.24,689,0.0,1634.24,0.0,0.0,1
c34e266e-6b0c-4505-b1cc-f98b610c4986,2025-04-27,142,0.0384,1,1210.78,1210.78,0.0,0.0,0.0,0.0,781,0.0,1210.78,0.0,0.0,0
c3bc5bb3-aee9-4150-b36a-c89a22162e7d,2025-04-27,18,0.36,6,17820.66,2970.11,2.0,5701.99,3.0,7604.04,500,31.0,1562.15,1.997813,1.0,0
c47da78e-a80f-46b0-b907-4867b0ac75da,2025-04-27,158,0.0429,1,560.4,560.4,0.0,0.0,0.0,0.0,699,0.0,560.4,0.0,0.0,0
c4abe8e7-17ea-4981-acd2-0e286bf0080b,2025-04-27,30,0.129,2,5335.72,2667.86,0.0,0.0,2.0,5335.72,465,1.0,3581.64,-1.0,-1.0,0
c7af740f-1d7a-4321-9d3e-ec9107c05254,2025-04-27,5,0.1314,4,4876.73,1219.1825,2.0,2739.79,3.0,4643.94,913,37.0,2171.4,0.438852,1.0,0
c7e971e5-62a6-49c9-a239-e17ea1f253a5,2025-04-27,16,0.0984,3,3698.03,1232.676667,1.0,411.14,2.0,2487.25,915,76.0,411.14,-0.801966,0.0,1
c8466347-f65e-48a7-a013-64f958a93e60,2025-04-27,28,0.1163,2,17867.41,8933.705,1.0,3979.76,1.0,3979.76,516,104.0,3979.76,0.0,0.0,0
c895adf4-11e4-460d-bad6-1bc4560990aa,2025-04-27,80,0.1333,2,1278.0,639.0,0.0,0.0,1.0,829.87,450,68.0,829.87,0.0,0.0,0
c8a387fb-7265-43df-9af8-79f21e3f7a8b,2025-04-27,14,0.1043,3,1878.78,626.26,2.0,1145.2,2.0,1145.2,863,54.0,295.75,0.0,0.0,0
c9b37375-0f54-4110-983e-7b7635c1257f,2025-04-27,50,0.3243,4,10471.43,2617.8575,0.0,0.0,4.0,10471.43,370,12.3333,3804.11,-1.0,-1.0,0
cb169247-90fc-4859-9c5d-36f94515f6a5,2025-04-27,181,0.0424,1,6586.85,6586.85,0.0,0.0,0.0,0.0,707,0.0,6586.85,0.0,0.0,1
cbf3e2e4-9c43-4976-afaa-bc231bff129c,2025-04-27,27,0.1661,5,12334.05,2466.81,1.0,1615.69,3.0,3477.25,903,35.75,1615.69,0.696084,0.0,0
cc681bd0-1bf2-4364-a2fe-b18907da68dd,2025-04-27,165,0.0368,1,215.38,215.38,0.0,0.0,0.0,0.0,815,0.0,215.38,0.0,0.0,0
cd796877-895f-4bcc-8fe0-0c8c6c4e68b0,2025-04-27,24,0.2715,4,7494.49,1873.6225,1.0,3532.45,3.0,5026.28,442,30.0,3532.45,5.735918,0.0,0
cdc86dc6-c2f3-4988-94e7-c7b7f1a4a81b,2025-04-27,2,0.0516,1,1775.24,1775.24,1.0,1775.24,1.0,1775.24,581,0.0,1775.24,0.0,0.0,1
ce1c7e34-50d9-4f3b-ab54-cbb7cab9fa18,2025-04-27,42,0.0746,2,5480.87,2740.435,0.0,0.0,2.0,5480.87,804,11.0,3019.68,-1.0,-1.0,0
ced1be46-44d9-42f9-913f-bf359f04d616,2025-04-27,9,0.2103,6,14180.85,2363.475,1.0,4331.12,4.0,10194.64,856,24.0,4331.12,0.416459,0.0,0
cf567dce-5613-483a-b10d-b4947a588d18,2025-04-27,21,0.1108,3,7072.21,2357.403333,1.0,1692.56,2.0,6788.74,812,79.0,1692.56,0.0,0.0,0
cfa38335-ed20-4254-b309-74d0dadee3bb,2025-04-27,8,0.0503,1,1394.04,1394.04,1.0,1394.04,1.0,1394.04,596,0.0,1394.04,0.0,0.0,1
cfc90a2e-3eb4-476f-8b9b-493b93566dcb,2025-04-27,23,0.0881,2,2026.03,1013.015,1.0,597.91,2.0,2026.03,681,13.0,597.91,-0.581331,0.0,0
d16a7971-11f5-4284-b4c4-063a25f1f892,2025-04-27,7,0.1055,3,7992.73,2664.243333,2.0,5658.64,2.0,5658.64,853,50.5,4775.53,0.0,0.0,0
d16d5f0e-f1af-4ab1-8b14-12ce745ddd9b,2025-04-27,0,0.2416,6,12318.22,2053.036667,2.0,4884.86,4.0,10475.07,745,24.2,3322.71,5.614839,1.0,0
d1907207-2f2d-4486-87e7-7b004fd2fab1,2025-04-27,65,0.0665,2,3729.6,1864.8,0.0,0.0,1.0,2215.14,902,52.0,2215.14,0.0,0.0,0
d2b88436-ba26-4efa-bc74-287512167c81,2025-04-27,17,0.0939,2,2035.6,1017.8,1.0,1167.04,2.0,2035.6,639,71.0,1167.04,0.0,0.0,0
d34c22d5-fa13-4eb6-a115-4306ab8f65d5,2025-04-27,85,0.1064,2,1815.43,907.715,0.0,0.0,1.0,465.57,564,44.0,465.57,0.0,0.0,1
d3af0e3f-6c8e-43fd-b62a-d477ca54c291,2025-04-27,36,0.1617,2,7084.19,3542.095,0.0,0.0,1.0,2911.04,371,110.0,2911.04,-1.0,-1.0,0
d3ceae53-5516-4152-a247-d101c45a4912,2025-04-27,16,0.3343,8,19724.86,2465.6075,1.0,2272.41,4.0,6501.91,718,25.2857,2272.41,1.629982,-0.5,0
d3f21a44-d6a7-4183-9e3d-ca1e2f665ada,2025-04-27,18,0.1852,3,4392.99,1464.33,2.0,3562.54,3.0,4392.99,486,21.5,1962.3,0.0,0.0,0
d5357dae-eafa-48fc-9a2b-b791e7c9e85e,2025-04-27,40,0.09,2,1653.66,826.83,0.0,0.0,2.0,1653.66,667,46.0,350.82,-1.0,-1.0,0
d5bde5d5-ffb3-40af-bfb0-e1fbc0fc8ac6,2025-04-27,10,0.1727,3,8989.66,2996.553333,1.0,5182.59,2.0,6957.83,521,50.5,5182.59,0.0,0.0,0
d6235160-cff1-499b-8088-b1ef010206d2,2025-04-27,97,0.0395,1,4076.94,4076.94,0.0,0.0,0.0,0.0,760,0.0,4076.94,0.0,0.0,1
d6b350eb-48ff-4268-b8d2-d00fb5bd3417,2025-04-27,17,0.0901,2,6405.57,3202.785,1.0,5814.8,2.0,6405.57,666,35.0,5814.8,8.842748,0.0,0
d6e6f2c0-9d75-46fe-a6d0-19f4998b8aa0,2025-04-27,29,0.1207,2,4590.15,2295.075,1.0,3161.25,1.0,3161.25,497,181.0,3161.25,0.0,0.0,0
d74a8b02-d712-4df5-b21a-91890f17146e,2025-04-27,71,0.0747,2,5904.4,2952.2,0.0,0.0,1.0,1428.9,803,52.0,1428.9,0.0,0.0,0
d768ded2-0e1f-4338-a373-8cb12093b6b9,2025-04-27,6,0.2194,7,9047.98,1292.568571,2.0,2995.99,5.0,5806.22,957,28.5,1439.11,0.066101,-0.3333,0
da7dbacc-46a8-44dc-b4c5-5e21bf437da6,2025-04-27,7,0.2229,7,22861.71,3265.958571,1.0,552.53,2.0,4783.93,942,28.5,552.53,-0.869421,0.0,0
dac7247b-1af7-458e-a5b0-4c00df11636c,2025-04-27,5,0.0475,1,67.92,67.92,1.0,67.92,1.0,67.92,632,0.0,67.92,0.0,0.0,0
db49dbe2-b046-4b0c-8d11-6e496b852270,2025-04-27,0,0.4376,9,25634.76,2848.306667,3.0,7499.74,5.0,12840.19,617,28.375,1905.2,0.504341,2.0,0
dbc5aa6b-529c-4c91-8331-7ec33c8503bb,2025-04-27,17,0.2036,6,8522.29,1420.381667,2.0,1792.23,4.0,3578.71,884,23.8,691.05,0.535706,1.0,0
dc1aef37-ddb1-4abc-a40f-974a11372fc7,2025-04-27,66,0.0787,2,5425.2,2712.6,0.0,0.0,2.0,5425.2,762,9.0,2622.11,0.0,0.0,1
dc32c9bc-f5b1-425c-b068-0f753d9baf2f,2025-04-27,22,0.1149,3,2986.49,995.496667,1.0,319.07,2.0,1959.86,783,78.5,319.07,-0.805539,0.0,1
dcdc70f5-6a80-4b14-8487-b99c29cfcb2e,2025-04-27,21,0.1277,2,3269.3,1634.65,1.0,1171.61,2.0,3269.3,470,24.0,1171.61,-0.441476,0.0,0
debb1669-0087-4b21-a027-8766438b09f1,2025-04-27,7,0.2266,5,16103.41,3220.682,2.0,1470.37,3.0,6503.18,662,47.0,465.57,-0.707843,1.0,0
df5f2a94-fa46-46dc-b4fc-0a08486e8118,2025-04-27,76,0.0954,2,753.25,376.625,0.0,0.0,2.0,753.25,629,7.0,162.48,0.0,0.0,0
df94c0e2-bf7b-4b60-9391-80972fa8058c,2025-04-27,114,0.0321,1,1388.35,1388.35,0.0,0.0,0.0,0.0,936,0.0,1388.35,0.0,0.0,1
e040241c-efa6-453e-8e84-6caae95e5811,2025-04-27,105,0.0765,1,5096.18,5096.18,0.0,0.0,0.0,0.0,392,0.0,5096.18,0.0,0.0,1
e05c9e8f-2852-4c9d-9c2a-756d89ba64a0,2025-04-27,16,0.2459,7,20541.65,2934.521429,1.0,4076.94,2.0,7462.06,854,37.0,4076.94,0.204371,0.0,0
e0666bd9-81b4-4c0c-aa13-af3137aaca09,2025-04-27,1,0.033,1,823.98,823.98,1.0,823.98,1.0,823.98,909,0.0,823.98,0.0,0.0,1
e223a14f-9752-4dfc-b998-04cfae44ca10,2025-04-27,24,0.2881,8,18970.57,2371.32125,1.0,2788.09,2.0,6873.69,833,20.4286,2788.09,-0.317581,0.0,0
e400fe49-64f8-4e45-8877-6c5fd0a7747d,2025-04-27,37,0.1238,4,11505.35,2876.3375,0.0,0.0,2.0,2773.64,969,49.0,1737.12,-1.0,-1.0,0
e408e6a2-589e-4b0f-a98f-6a5e0f9e9e53,2025-04-27,4,0.2153,6,14942.73,2490.455,3.0,5397.85,5.0,11057.13,836,32.4,4415.57,0.0,0.0,0
e4636af2-ab68-4a83-a019-d77df1fa2bb5,2025-04-27,23,0.1488,3,2082.05,694.016667,1.0,1057.81,2.0,1704.09,605,71.5,1057.81,0.636767,0.0,1
e51c365e-179f-4c2e-92f5-bc4c2fc6282a,2025-04-27,20,0.1529,5,11977.43,2395.486,2.0,2413.01,4.0,7215.31,981,34.25,1952.69,0.033812,1.0,0
e61ddcc6-8917-49aa-b93d-ba7a21702a71,2025-04-27,75,0.1535,2,6019.65,3009.825,0.0,0.0,1.0,165.97,391,78.0,165.97,0.0,0.0,0
e630e7cb-c24b-49e2-af83-702facb0c4b9,2025-04-27,64,0.0417,1,3739.05,3739.05,0.0,0.0,1.0,3739.05,720,0.0,3739.05,0.0,0.0,0
e63160b3-9636-4ddf-b7f6-a843aef7e599,2025-04-27,7,0.0433,1,852.58,852.58,1.0,852.58,1.0,852.58,693,0.0,852.58,0.0,0.0,0
e74c4bf9-90b2-4723-8b21-9af623c5b124,2025-04-27,23,0.4433,6,16731.27,2788.545,1.0,3091.22,3.0,8121.82,406,27.6,3091.22,0.0,0.0,0
e818ffda-4cf8-4137-92f5-f73ec2be9aac,2025-04-27,6,0.2601,3,3736.98,1245.66,2.0,3312.25,3.0,3736.98,346,20.0,63.91,6.798484,1.0,1
e85ec7b9-dc33-474f-b99d-d8ce41ac3c81,2025-04-27,23,0.0661,2,6525.7,3262.85,1.0,5835.22,2.0,6525.7,908,45.0,5835.22,0.0,0.0,1
e9152f33-f58e-4690-a02f-18066572acda,2025-04-27,9,0.1875,4,7420.13,1855.0325,1.0,3957.74,3.0,4921.21,640,36.0,3957.74,3.107798,-0.5,0
e9afc85a-81e7-4518-a4f2-c3650f0c8105,2025-04-27,51,0.1626,2,2853.16,1426.58,0.0,0.0,1.0,691.85,369,50.0,691.85,-1.0,-1.0,0
eb632b3d-7715-4810-ac99-01c19831c220,2025-04-27,1,0.1765,4,12073.73,3018.4325,1.0,3419.92,1.0,3419.92,680,74.6667,3419.92,0.0,0.0,0
ebbc4745-0985-45f9-b142-3002a577acc3,2025-04-27,32,0.0312,1,147.69,147.69,0.0,0.0,1.0,147.69,961,0.0,147.69,-1.0,-1.0,1
ebe34170-88a5-4097-a231-ec6187114560,2025-04-27,93,0.0752,1,2762.66,2762.66,0.0,0.0,0.0,0.0,399,0.0,2762.66,0.0,0.0,0
ec0b1685-64bd-41e0-8aa1-e25e3abe480b,2025-04-27,14,0.0774,2,6303.03,3151.515,1.0,3233.74,1.0,3233.74,775,146.0,3233.74,0.0,0.0,0
ec140a91-94c2-46b5-90c6-215cbcc0402e,2025-04-27,93,0.041,1,868.56,868.56,0.0,0.0,0.0,0.0,732,0.0,868.56,0.0,0.0,0
ec6b856d-40f2-41ed-a20b-7af257224723,2025-04-27,167,0.0315,1,7694.83,7694.83,0.0,0.0,0.0,0.0,952,0.0,7694.83,0.0,0.0,0
ed2171b1-c19b-4e0d-8734-299f1f997a16,2025-04-27,17,0.1208,3,2851.97,950.656667,2.0,2520.88,3.0,2851.97,745,9.5,920.64,6.613881,1.0,0
ed3be97a-9e98-4ace-ba11-f1c0e145bfd5,2025-04-27,33,0.0353,1,3702.09,3702.09,0.0,0.0,1.0,3702.09,849,0.0,3702.09,-1.0,-1.0,0
ed43e4c6-255f-4de8-9134-6d5542faa41b,2025-04-27,3,0.037,1,1657.59,1657.59,1.0,1657.59,1.0,1657.59,810,0.0,1657.59,0.0,0.0,1
eddc4ec7-f3d1-445e-8c5f-3f767fd5305e,2025-04-27,70,0.1068,2,7313.1,3656.55,0.0,0.0,2.0,7313.1,562,19.0,1775.24,0.0,0.0,0
edf4822d-49a2-4ae7-95c1-975b85069210,2025-04-27,56,0.257,4,12487.98,3121.995,0.0,0.0,2.0,5516.79,467,52.3333,1817.93,-1.0,-1.0,1
efa9353f-2d88-426a-a592-e6a1f87c7b1b,2025-04-27,137,0.0822,1,9631.78,9631.78,0.0,0.0,0.0,0.0,365,0.0,9631.78,0.0,0.0,0
f17f8b99-61d1-4e7b-a6d3-4d0334235cc5,2025-04-27,114,0.0419,1,621.76,621.76,0.0,0.0,0.0,0.0,716,0.0,621.76,0.0,0.0,1
f201cdf9-cb7c-4b4b-8da0-68bccc439429,2025-04-27,20,0.5263,7,10229.9,1461.414286,1.0,349.18,3.0,5522.79,399,28.0,349.18,0.0,0.0,0
f21b3e42-ab75-442f-8649-bca6bf44c9d8,2025-04-27,42,0.0509,1,3017.62,3017.62,0.0,0.0,1.0,3017.62,589,0.0,3017.62,-1.0,-1.0,1
f223cb41-eede-43d3-bafb-311ac6aab7d7,2025-04-27,216,0.0414,1,2833.43,2833.43,0.0,0.0,0.0,0.0,725,0.0,2833.43,0.0,0.0,1
f288b108-b674-41c7-91d6-0f5fdb761b37,2025-04-27,93,0.0319,1,1615.69,1615.69,0.0,0.0,0.0,0.0,940,0.0,1615.69,0.0,0.0,0
f2c6c870-59a5-4df4-8f5a-85d42b868208,2025-04-27,62,0.0457,1,649.91,649.91,0.0,0.0,1.0,649.91,656,0.0,649.91,0.0,0.0,0
f311db56-da65-41a9-a889-888c821ca32c,2025-04-27,37,0.0543,1,2107.5,2107.5,0.0,0.0,1.0,2107.5,552,0.0,2107.5,-1.0,-1.0,0
f3d3da1e-a146-45f1-bea7-4e9b3d5e991e,2025-04-27,1,0.1689,3,8927.58,2975.86,1.0,3337.3,2.0,6757.22,533,101.0,3337.3,-0.024158,0.0,1
f5905fb3-1b37-4afd-80b2-3e6bb136b5b1,2025-04-27,13,0.0622,2,3978.16,1989.08,1.0,2076.11,2.0,3978.16,964,52.0,2076.11,0.0,0.0,0
f5f339bf-3ab5-4a2e-916f-2db044568f67,2025-04-27,17,0.1648,4,6902.42,1725.605,1.0,443.08,3.0,6060.13,728,64.6667,443.08,-0.904253,0.0,0
f5f5a8ec-4cbe-4541-a494-d455225a8197,2025-04-27,53,0.1179,2,6081.43,3040.715,0.0,0.0,1.0,738.47,509,76.0,738.47,-1.0,-1.0,0
f6176f19-c718-4746-9808-d110ecf53a50,2025-04-27,14,0.3965,6,8627.24,1437.873333,2.0,5281.58,3.0,7146.44,454,31.2,3527.5,0.0,0.0,0
f631940b-26c5-4144-a328-f2b93f3b2f7e,2025-04-27,32,0.0763,2,4389.78,2194.89,0.0,0.0,1.0,306.67,786,89.0,306.67,-1.0,-1.0,1
f6a6bafb-8098-4f2d-ae6d-689b77c84f2b,2025-04-27,22,0.1604,2,6388.7,3194.35,1.0,553.48,1.0,553.48,374,68.0,553.48,0.0,0.0,0
f6c06ee2-7826-4de2-af26-9b9143bd5efb,2025-04-27,12,0.117,2,4769.53,2384.765,1.0,3076.97,2.0,4769.53,513,21.0,3076.97,0.817939,0.0,0
f819f234-f7a8-41f3-8b26-732ac35c4d0b,2025-04-27,29,0.1376,2,2711.08,1355.54,1.0,2400.36,1.0,2400.36,436,155.0,2400.36,0.0,0.0,0
f8435633-4f8d-462d-872a-e6a541d39872,2025-04-27,5,0.2172,7,20816.24,2973.748571,1.0,1849.43,5.0,9343.33,967,24.6667,1849.43,-0.642467,-0.5,0
f8a3ae68-a437-491d-b88b-abad9164379f,2025-04-27,12,0.7051,11,36258.73,3296.248182,2.0,9288.64,6.0,16705.86,468,21.0,5262.39,1.981093,0.0,0
fb5d70c0-f7cf-4096-a606-58d8efdd864b,2025-04-27,28,0.0497,1,497.92,497.92,1.0,497.92,1.0,497.92,604,0.0,497.92,0.0,0.0,1
fc625523-78f4-4bf4-920a-ec3d6bf61de9,2025-04-27,66,0.0387,1,1428.12,1428.12,0.0,0.0,1.0,1428.12,775,0.0,1428.12,0.0,0.0,0
fc90d768-4902-4267-aee4-185b5584cee7,2025-04-27,29,0.3009,7,12215.88,1745.125714,1.0,232.79,6.0,9462.94,698,11.5,232.79,-0.939139,-0.6667,0
fd071015-793c-469e-bc3a-2f94a20f8f62,2025-04-27,13,0.0779,2,9481.51,4740.755,1.0,4231.25,2.0,9481.51,770,69.0,4231.25,0.0,0.0,1
fdbf5f6b-5e04-401e-b01c-dadaea29b6bf,2025-04-27,1,0.0896,2,3753.1,1876.55,2.0,3753.1,2.0,3753.1,670,26.0,1902.05,0.0,0.0,0
feb9f5f4-bed9-4b39-bb94-062fa9706005,2025-04-27,7,0.2908,6,35656.42,5942.736667,1.0,1660.89,1.0,1660.89,619,40.8,1660.89,0.0,0.0,0
fec6b81b-c723-45e8-a11f-75a4cb6a1381,2025-04-27,6,0.4304,10,26566.18,2656.618,4.0,8711.53,6.0,13644.17,697,13.4444,2833.43,0.766099,1.0,0
ff29a3b3-fb27-44ad-8dcc-9551fb3c7420,2025-04-27,4,0.7285,11,25612.2,2328.381818,3.0,3531.54,5.0,5424.17,453,22.8,924.71,4.464412,2.0,0
ffb862d5-c41a-4b47-8ccf-b781447c9d8f,2025-04-27,82,0.0383,1,1246.35,1246.35,0.0,0.0,1.0,1246.35,784,0.0,1246.35,0.0,0.0,0
00acfd4d-b8a4-441a-b965-3c900cea01a1,2025-05-27,46,0.2155,5,22928.81,4585.762,0.0,0.0,2.0,9235.85,696,32.25,5289.06,-1.0,-1.0,0
01a1b558-e312-42e2-ae36-718f30634861,2025-05-27,70,0.0467,1,3602.18,3602.18,0.0,0.0,1.0,3602.18,643,0.0,3602.18,0.0,0.0,1
027e2c71-76f6-44d8-b214-51097fc3e605,2025-05-27,22,0.8549,11,20851.35,1895.577273,1.0,4513.3,8.0,17068.93,386,18.7,4513.3,0.657413,-0.5,0
033361ce-6653-4ee7-bee4-3fdbd06887c9,2025-05-27,116,0.0904,2,4098.96,2049.48,0.0,0.0,0.0,0.0,664,4.0,925.52,0.0,0.0,1
03d535e6-bab9-4699-93ff-729d55e623f0,2025-05-27,128,0.0452,1,599.51,599.51,0.0,0.0,0.0,0.0,664,0.0,599.51,0.0,0.0,0
0443c1b9-9e56-4bed-b673-1441efe40f38,2025-05-27,74,0.0787,2,1005.07,502.535,0.0,0.0,2.0,1005.07,762,7.0,550.59,0.0,0.0,0
050980d5-34a4-4416-b487-3ba57e340fdf,2025-05-27,20,0.0362,1,7471.19,7471.19,1.0,7471.19,1.0,7471.19,829,0.0,7471.19,0.0,0.0,0
05f197bf-0bdd-44a5-84bb-1878a08666b6,2025-05-27,12,0.3289,10,18080.09,1808.009,3.0,2919.68,8.0,16616.26,912,19.8889,1494.79,-0.512613,0.0,0
066b0bf5-5f5a-4c95-a709-b1fc1d059f94,2025-05-27,1,0.2958,7,19846.69,2835.241429,1.0,3495.95,4.0,9045.18,710,32.8333,3495.95,-0.317797,-0.5,0
06771e16-c89d-4440-9d23-12b982301e00,2025-05-27,16,0.1579,4,6697.89,1674.4725,1.0,733.87,3.0,1942.75,760,43.0,733.87,-0.392934,-0.5,0
0833337f-d730-49c9-98d3-adc98d0ffdd5,2025-05-27,12,0.07,2,2952.69,1476.345,1.0,819.09,1.0,819.09,857,114.0,819.09,0.0,0.0,1
08667cf4-ac3a-45ee-a2ce-c49435d37bd6,2025-05-27,51,0.1587,2,1819.54,909.77,0.0,0.0,1.0,1065.14,378,83.0,1065.14,-1.0,-1.0,1
0915900f-d22e-42b0-8e9e-810e55498a13,2025-05-27,13,0.3939,12,28012.62,2334.385,2.0,1764.59,6.0,14428.88,914,16.0,849.24,-0.673365,0.0,0
091ba1e5-58cf-4e6c-badc-17dbe89dea69,2025-05-27,22,0.4143,12,31299.76,2608.313333,1.0,6693.66,7.0,16468.35,869,22.3636,6693.66,3.030165,0.0,0
097828d9-6691-4ec3-9ba8-624b866da2cf,2025-05-27,62,0.0779,1,232.79,232.79,0.0,0.0,1.0,232.79,385,0.0,232.79,0.0,0.0,0
09c23830-7cee-4f7c-94cb-8d5486ccf53f,2025-05-27,11,0.1178,3,7553.96,2517.986667,1.0,2187.36,2.0,6602.93,764,40.0,2187.36,-0.504626,0.0,1
0b56c7b0-943b-425a-b6dc-6ab9f4e721ae,2025-05-27,0,0.1826,3,4272.74,1424.246667,1.0,499.42,2.0,3442.87,493,52.0,499.42,-0.830328,0.0,1
0b94772b-0571-4308-92cc-ac6baf2ac02b,2025-05-27,0,0.2406,6,22840.78,3806.796667,3.0,12416.04,3.0,12416.04,748,42.6,6396.5,0.0,0.0,0
0c75c934-71c3-45ff-9de2-91babfa75c3f,2025-05-27,23,0.2287,5,19980.5,3996.1,1.0,4864.59,4.0,15894.9,656,23.25,4864.59,-0.231136,-0.5,0
0c9d8d71-baa9-4ddf-936f-0c9137dc6dc6,2025-05-27,114,0.0333,1,411.99,411.99,0.0,0.0,0.0,0.0,902,0.0,411.99,0.0,0.0,0
0d0e2d20-27bb-4c93-9f8f-b7710b37194a,2025-05-27,1,0.2064,6,36522.38,6087.063333,4.0,27479.35,4.0,27479.35,872,39.8,11830.21,0.0,0.0,0
0d5cae3a-3f1a-4ef0-b794-ba9364aaff19,2025-05-27,4,0.0966,2,4392.51,2196.255,1.0,2415.13,2.0,4392.51,621,53.0,2415.13,0.221379,0.0,1
0e76c917-2eca-40e2-9cbd-346ac241a7fa,2025-05-27,9,0.0384,1,1064.35,1064.35,1.0,1064.35,1.0,1064.35,782,0.0,1064.35,0.0,0.0,0
0e79db9e-6873-435b-b29c-9f8be3977517,2025-05-27,3,0.0972,3,7941.6,2647.2,1.0,3390.21,2.0,5292.26,926,55.0,3390.21,0.782398,0.0,0
0e83066e-d18a-4165-9e12-fbcb5945fbb6,2025-05-27,83,0.0439,1,4026.25,4026.25,0.0,0.0,1.0,4026.25,684,0.0,4026.25,0.0,0.0,0
108df563-ddcd-4802-83f7-6f5da40664d0,2025-05-27,61,0.0486,1,1139.97,1139.97,0.0,0.0,1.0,1139.97,617,0.0,1139.97,0.0,0.0,0
10cb2e84-0bd1-4b29-8db3-06ae3488789d,2025-05-27,21,0.3341,5,19281.7,3856.34,1.0,661.74,2.0,1122.06,449,58.25,661.74,0.0,0.0,0
113fc32a-23b9-4b41-82f4-df6c2b1ae4ae,2025-05-27,59,0.1208,4,3092.25,773.0625,0.0,0.0,1.0,1977.38,993,29.6667,1977.38,-1.0,-1.0,0
118ee786-a564-468b-9121-6d099423827f,2025-05-27,79,0.0378,1,1139.97,1139.97,0.0,0.0,1.0,1139.97,794,0.0,1139.97,0.0,0.0,1
119de36d-41b2-4136-a3a2-0b81cfcdf6f9,2025-05-27,102,0.2091,4,13253.0,3313.25,0.0,0.0,0.0,0.0,574,23.0,694.18,0.0,0.0,0
121edff8-dfb7-4758-a559-7855430672f3,2025-05-27,3,0.3866,5,21064.69,4212.938,3.0,16480.92,4.0,17755.1,388,36.5,2482.46,11.93453,2.0,0
12be2694-e03e-4703-878e-8ce9ad582cf1,2025-05-27,21,0.095,3,10954.22,3651.406667,1.0,4630.19,1.0,4630.19,947,100.0,4630.19,0.0,0.0,1
13995ae9-c50f-4813-b0ba-6e044fe0b9ef,2025-05-27,35,0.1259,3,8938.99,2979.663333,0.0,0.0,1.0,4905.76,715,84.5,4905.76,-1.0,-1.0,0
13b4e054-f5c9-4aaa-adb2-89ae2ad3a8bb,2025-05-27,35,0.0754,2,5198.22,2599.11,0.0,0.0,1.0,4755.14,796,108.0,4755.14,-1.0,-1.0,0
13d8502b-672a-495d-a3f4-30157008db99,2025-05-27,91,0.0605,1,621.76,621.76,0.0,0.0,0.0,0.0,496,0.0,621.76,0.0,0.0,1
1445cd5d-91a8-417f-b07d-805a30ad7fb7,2025-05-27,108,0.1243,3,4366.15,1455.383333,0.0,0.0,0.0,0.0,724,11.0,279.97,0.0,0.0,0
1686f723-a337-4bf4-aedd-21d353bffde6,2025-05-27,92,0.0711,1,4095.42,4095.42,0.0,0.0,0.0,0.0,422,0.0,4095.42,0.0,0.0,0
1762b46f-b7ef-481c-9e0b-7e6d2033bcf4,2025-05-27,2,0.6061,8,24381.11,3047.63875,2.0,6102.79,7.0,23430.08,396,38.2857,2794.06,-0.559116,-0.5,0
1790c003-10df-448c-b85d-1632f261eb08,2025-05-27,88,0.1316,2,1612.25,806.125,0.0,0.0,1.0,230.16,456,55.0,230.16,0.0,0.0,1
1948ea27-1b6a-4dd3-8c99-b399dcf88ed3,2025-05-27,2,0.2281,4,8327.18,2081.795,2.0,3029.97,4.0,8327.18,526,21.0,1719.0,0.0,0.0,0
1a467aee-8d4c-4127-8afb-fde18c339771,2025-05-27,118,0.0858,2,4751.43,2375.715,0.0,0.0,0.0,0.0,699,43.0,1952.69,0.0,0.0,0
1a980af4-4a6b-40eb-a9a0-f4ffc25c68aa,2025-05-27,40,0.1121,2,7241.75,3620.875,0.0,0.0,1.0,2097.69,535,129.0,2097.69,-1.0,-1.0,0
1b167ea1-66cf-416e-82fc-b6448dbddf75,2025-05-27,39,0.0908,2,5439.84,2719.92,0.0,0.0,2.0,5439.84,661,22.0,3173.44,-1.0,-1.0,0
1b1ed7c2-6b3b-4ab2-9092-bb1c6ed900ba,2025-05-27,87,0.0601,1,2483.9,2483.9,0.0,0.0,1.0,2483.9,499,0.0,2483.9,0.0,0.0,0
1c22a6c4-3de0-4f96-b62a-3a6edbbaf732,2025-05-27,3,0.3061,9,20543.49,2282.61,1.0,5562.93,4.0,10709.45,882,27.375,5562.93,0.802804,-0.5,0
1fff1144-0a72-44bd-ae41-900fd84b9dec,2025-05-27,3,0.297,9,29502.96,3278.106667,3.0,9880.46,6.0,19297.3,909,28.125,644.46,1.469738,2.0,0
20538050-69a2-4a47-9dd1-b9142fb76c57,2025-05-27,13,0.0809,2,4283.35,2141.675,1.0,3504.91,2.0,4283.35,742,57.0,3504.91,0.0,0.0,1
20791844-68d1-4c47-8940-96e45daf918f,2025-05-27,6,0.3871,12,30317.75,2526.479167,3.0,13708.66,7.0,19582.72,930,22.7273,7964.96,4.72719,0.5,0
20862386-94e2-45f7-815a-43c7bc2f2b60,2025-05-27,1,0.0661,2,9555.37,4777.685,2.0,9555.37,2.0,9555.37,908,5.0,8032.38,0.0,0.0,0
21a51334-c936-4d66-b3de-22e7b162ade5,2025-05-27,193,0.033,1,5295.74,5295.74,0.0,0.0,0.0,0.0,908,0.0,5295.74,0.0,0.0,0
2259bbe9-5f76-414c-ac70-cb078652ec8b,2025-05-27,116,0.0485,1,2461.58,2461.58,0.0,0.0,0.0,0.0,619,0.0,2461.58,0.0,0.0,1
2277c61c-6a77-4651-9d4b-9cccf937b007,2025-05-27,233,0.036,1,1942.79,1942.79,0.0,0.0,0.0,0.0,834,0.0,1942.79,0.0,0.0,0
229edd85-4113-4b2a-be5b-1cc986fd5173,2025-05-27,3,0.289,5,11769.29,2353.858,2.0,2591.79,3.0,3352.25,519,33.25,468.68,0.0,0.0,0
22c9e11f-8a46-446c-a948-06b756976159,2025-05-27,213,0.0444,1,767.32,767.32,0.0,0.0,0.0,0.0,676,0.0,767.32,0.0,0.0,0
2576b737-f022-4e9c-8640-a88226cea0ff,2025-05-27,59,0.4428,8,20304.7,2538.0875,0.0,0.0,2.0,3767.27,542,17.7143,2031.83,-1.0,-1.0,0
27121f78-6ac9-48b9-bd1d-14e1b17b0217,2025-05-27,21,0.1277,3,3449.29,1149.763333,1.0,971.58,2.0,2391.77,705,62.5,971.58,0.0,0.0,0
272c06ef-927d-483b-b924-350e81ee8dfe,2025-05-27,28,0.0658,2,6913.98,3456.99,1.0,2774.14,1.0,2774.14,912,66.0,2774.14,0.0,0.0,1
27415395-c694-42d4-a2b5-04dfddb578f5,2025-05-27,80,0.0596,2,2460.07,1230.035,0.0,0.0,1.0,2060.81,1007,144.0,2060.81,0.0,0.0,0
28db185a-0491-429f-bcbf-840c74d94b1e,2025-05-27,84,0.0546,1,1120.79,1120.79,0.0,0.0,1.0,1120.79,549,0.0,1120.79,0.0,0.0,1
28e3eb2f-4e60-491c-8ecf-9260a4a4ced4,2025-05-27,4,0.2278,7,29022.91,4146.13,1.0,80.49,4.0,4466.37,922,30.5,80.49,-0.981648,-0.6667,0
28fe8878-f7c1-4a80-9dc8-ab4bf2bbd40a,2025-05-27,70,0.1111,2,3134.29,1567.145,0.0,0.0,1.0,2860.2,540,23.0,2860.2,0.0,0.0,0
29da7f9b-7059-4c90-999f-3737f7557ee5,2025-05-27,43,0.0958,2,2193.87,1096.935,0.0,0.0,2.0,2193.87,626,35.0,1728.3,-1.0,-1.0,0
2b7d87b4-19c8-4ef8-88c3-9bc34019b9ea,2025-05-27,46,0.0358,1,638.15,638.15,0.0,0.0,1.0,638.15,839,0.0,638.15,-1.0,-1.0,1
2c1bec68-3786-4dae-bb18-e5be2c55ad92,2025-05-27,120,0.0345,1,1324.34,1324.34,0.0,0.0,0.0,0.0,870,0.0,1324.34,0.0,0.0,1
2c3ca1b8-7c76-4a4c-80bf-5314fb7f22ae,2025-05-27,3,0.2668,9,26966.36,2996.262222,2.0,7271.5,5.0,13312.59,1012,29.125,5361.48,1.405018,0.0,0
2c513a38-ffd7-477a-8bc7-7f96f8b9ca38,2025-05-27,67,0.0792,1,2387.76,2387.76,0.0,0.0,1.0,2387.76,379,0.0,2387.76,0.0,0.0,1
2d2d74d8-47ee-4fdd-a00f-61966c2b1b25,2025-05-27,137,0.0503,1,2202.35,2202.35,0.0,0.0,0.0,0.0,597,0.0,2202.35,0.0,0.0,1
2e532847-959f-4087-bd6e-85a52170ee01,2025-05-27,41,0.0904,2,1932.02,966.01,0.0,0.0,2.0,1932.02,664,2.0,1403.26,-1.0,-1.0,0
2fcab125-0690-4478-91f9-6c3b3e5eada3,2025-05-27,77,0.0708,2,2113.42,1056.71,0.0,0.0,2.0,2113.42,848,2.0,2059.94,0.0,0.0,1
2fd49fb9-c8b2-4ec3-b38c-a061a73e1168,2025-05-27,5,0.3454,7,20298.66,2899.808571,3.0,11108.37,5.0,15918.19,608,26.5,2613.27,3.775904,2.0,0
2fdb2470-7bb8-4ff4-90ef-b13139714701,2025-05-27,38,0.2434,4,7389.57,1847.3925,0.0,0.0,1.0,2461.58,493,53.6667,2461.58,-1.0,-1.0,0
30234645-3e34-4245-a4e4-e0e65a95e222,2025-05-27,1,0.1991,3,8924.56,2974.853333,1.0,7322.76,3.0,8924.56,452,41.0,7322.76,23.494113,0.0,0
3137607b-7cb7-42f6-bf45-44b8618d38d2,2025-05-27,11,0.3,4,12781.25,3195.3125,2.0,5510.81,3.0,7735.68,400,63.0,2750.39,0.0,0.0,0
31e4bcb5-1a69-45eb-a2c7-5bfa73cdfca1,2025-05-27,32,0.1933,6,12590.11,2098.351667,0.0,0.0,3.0,7342.01,931,20.8,760.46,-1.0,-1.0,0
32ab5f7d-2c86-49a3-b8c6-009538e6624d,2025-05-27,15,0.1997,4,12736.39,3184.0975,1.0,6357.63,3.0,11793.61,601,72.3333,6357.63,0.169546,-0.5,0
334ea671-bdee-4328-983b-35a799b372d6,2025-05-27,62,0.1496,5,12174.62,2434.924,0.0,0.0,1.0,1349.88,1003,31.25,1349.88,0.0,0.0,0
3378475b-b350-4593-9546-01468d85dcd8,2025-05-27,36,0.3667,5,6780.01,1356.002,0.0,0.0,3.0,5358.68,409,16.75,1175.83,-1.0,-1.0,0
33879d3b-ca28-410e-9d37-7a429d1c33aa,2025-05-27,29,0.0816,2,3578.95,1789.475,1.0,501.98,1.0,501.98,735,238.0,501.98,0.0,0.0,0
33ee3ff1-854d-447c-b205-31e8f43b9b20,2025-05-27,116,0.144,3,4633.83,1544.61,0.0,0.0,0.0,0.0,625,25.0,1978.87,0.0,0.0,1
34a16a66-821a-489f-8fc2-67d38c8256d4,2025-05-27,9,0.1635,4,16454.4,4113.6,1.0,4953.92,1.0,4953.92,734,55.0,4953.92,0.0,0.0,1
34a5889e-5833-48a0-a0ba-44d9c14b5e71,2025-05-27,37,0.0641,1,864.15,864.15,0.0,0.0,1.0,864.15,468,0.0,864.15,-1.0,-1.0,0
34f539cb-584e-4259-ac9f-44e6d5484ebf,2025-05-27,33,0.4688,8,21419.22,2677.4025,0.0,0.0,4.0,11844.49,512,26.7143,355.05,-1.0,-1.0,0
34fc1ab3-f5c6-4545-9ba9-158e780f74bd,2025-05-27,87,0.1487,4,7468.46,1867.115,0.0,0.0,1.0,203.77,807,26.0,203.77,0.0,0.0,0
36526e5e-f875-4c3e-a8d6-c50ede833ade,2025-05-27,8,0.3734,6,21932.58,3655.43,2.0,11702.31,4.0,18334.29,482,34.4,7322.76,13.320358,1.0,0
376ee9f0-6491-4a85-888a-05e690a5e05f,2025-05-27,152,0.0493,1,4726.52,4726.52,0.0,0.0,0.0,0.0,608,0.0,4726.52,0.0,0.0,1
3773055e-a1f8-4fba-8846-a4b4eca5c2b7,2025-05-27,28,0.2372,4,6926.4,1731.6,1.0,3161.25,3.0,6579.31,506,30.6667,3161.25,2.971669,0.0,1
3907704e-d22a-40f9-9591-9c06dfc1b6d2,2025-05-27,32,0.2242,6,18677.02,3112.836667,0.0,0.0,4.0,10168.69,803,39.2,4101.98,-1.0,-1.0,0
399ee9ba-2674-41aa-a50a-7b370668b523,2025-05-27,7,0.1322,3,13193.07,4397.69,2.0,11438.99,2.0,11438.99,681,48.0,1973.54,0.0,0.0,0
3a2f88d5-e75e-4285-9b59-ed2b46276d42,2025-05-27,45,0.0313,1,812.39,812.39,0.0,0.0,1.0,812.39,957,0.0,812.39,-1.0,-1.0,0
3a4a12e8-a3c4-4fe3-a0bc-ed28dee70ff0,2025-05-27,26,0.1208,3,4580.59,1526.863333,1.0,2123.11,2.0,3349.8,745,50.5,2123.11,0.730763,0.0,0
3a8f7a32-89b6-42d8-b99a-bc1041025065,2025-05-27,224,0.0333,1,1076.88,1076.88,0.0,0.0,0.0,0.0,901,0.0,1076.88,0.0,0.0,1
3b80de3a-118c-4393-9d4e-1994031e22b9,2025-05-27,36,0.1523,2,3881.1,1940.55,0.0,0.0,2.0,3881.1,394,24.0,599.51,-1.0,-1.0,0
3bd0dd5d-7d24-48da-856a-69e393e5e5b9,2025-05-27,77,0.0793,2,1671.38,835.69,0.0,0.0,1.0,550.59,757,75.0,550.59,0.0,0.0,0
3cc7350b-72e0-4990-a2f4-79f0e19bfe72,2025-05-27,19,0.1813,6,21706.28,3617.713333,2.0,11802.86,4.0,14071.83,993,42.4,7964.96,37.487169,1.0,0
3ce5849f-19ca-4eca-8a46-e4a3b8828dc2,2025-05-27,170,0.0408,1,2841.6,2841.6,0.0,0.0,0.0,0.0,736,0.0,2841.6,0.0,0.0,0
3d036612-3ff3-451e-a921-d163e55b4c30,2025-05-27,29,0.0733,2,2580.76,1290.38,1.0,1780.64,1.0,1780.64,819,79.0,1780.64,0.0,0.0,0
3da770f9-a532-48df-a2e4-cf550c263161,2025-05-27,11,0.3319,5,11788.16,2357.632,2.0,8642.06,3.0,9217.49,452,25.5,5660.74,14.018438,1.0,0
3de6f533-5503-4109-875b-33f40109353f,2025-05-27,3,0.2242,6,19187.51,3197.918333,2.0,7929.92,4.0,16975.52,803,42.0,7521.62,-0.12334,0.0,0
3e80243e-ed4d-46b5-a4ec-9aa1107c32da,2025-05-27,18,0.3743,7,21730.76,3104.394286,1.0,349.82,2.0,1202.4,561,30.0,349.82,0.0,0.0,0
3e8f3d31-4fdc-4858-8d58-87b8c70d1e61,2025-05-27,188,0.0587,1,621.43,621.43,0.0,0.0,0.0,0.0,511,0.0,621.43,0.0,0.0,0
403ba4f6-3b05-4fb0-9c95-6068878e01b1,2025-05-27,7,0.2394,6,23072.69,3845.448333,1.0,1338.73,2.0,7768.2,752,46.0,1338.73,0.0,0.0,0
40abd3f4-34c6-407b-8dfe-8ff445cce235,2025-05-27,17,0.1273,4,2400.02,600.005,1.0,1168.3,3.0,2128.32,943,79.3333,1168.3,0.0,0.0,0
414fbbd6-b12f-45a2-85f2-fd8a574567fa,2025-05-27,117,0.0331,1,319.07,319.07,0.0,0.0,0.0,0.0,906,0.0,319.07,0.0,0.0,0
41906a86-bd78-43ee-a9ab-5f93230c56a1,2025-05-27,44,0.2328,7,19976.66,2853.808571,0.0,0.0,3.0,5390.12,902,36.5,3597.77,-1.0,-1.0,0
41cc51fc-74f3-43aa-b9e8-c4269becb375,2025-05-27,11,0.1847,5,17098.09,3419.618,1.0,3554.9,2.0,8540.3,812,37.5,3554.9,0.0,0.0,0
420464c7-e05c-4002-9ab4-902acb471c60,2025-05-27,14,0.2804,5,5376.18,1075.236,1.0,1154.56,1.0,1154.56,535,54.0,1154.56,0.0,0.0,0
43b1d0a0-404f-48c8-96ee-46291e3ceaa3,2025-05-27,112,0.2786,6,12670.03,2111.671667,0.0,0.0,0.0,0.0,646,19.4,988.69,0.0,0.0,0
44e18ff7-c6c4-4f05-810a-10acda026843,2025-05-27,21,0.2419,7,17575.16,2510.737143,1.0,2541.64,4.0,4959.24,868,25.1667,2541.64,1.843888,-0.5,0
44e3f736-1e1f-478d-876f-f18c9b474ec7,2025-05-27,8,0.0888,3,21138.1,7046.033333,1.0,7361.11,1.0,7361.11,1013,105.5,7361.11,0.0,0.0,0
44f08084-85aa-46b5-8832-5d1d2b8db2cc,2025-05-27,111,0.037,1,159.54,159.54,0.0,0.0,0.0,0.0,810,0.0,159.54,0.0,0.0,1
454e54ed-b5e4-4096-9693-090f3ddaa42e,2025-05-27,5,0.1382,2,19049.35,9524.675,1.0,8452.92,1.0,8452.92,434,184.0,8452.92,0.0,0.0,0
456196a3-f5fd-4769-85c9-fe12f73de5b9,2025-05-27,8,0.4436,8,24698.94,3087.3675,2.0,8325.53,5.0,13580.27,541,25.1429,2746.03,1.041116,0.0,0
45b35575-e766-4b46-861c-910c86237813,2025-05-27,59,0.3619,9,22108.78,2456.531111,0.0,0.0,2.0,4207.04,746,16.25,3200.48,-1.0,-1.0,0
45b88888-2215-4e91-9647-006d4a1e9e88,2025-05-27,40,0.1404,3,12189.97,4063.323333,0.0,0.0,3.0,12189.97,641,4.5,5413.91,-1.0,-1.0,0
46131e6b-4c77-4840-8255-973dc2b72450,2025-05-27,37,0.0671,2,4019.72,2009.86,0.0,0.0,1.0,3173.44,894,95.0,3173.44,-1.0,-1.0,0
4625383b-ddb9-4a4e-8e05-f4c0efbb0b38,2025-05-27,5,0.042,1,7151.97,7151.97,1.0,7151.97,1.0,7151.97,714,0.0,7151.97,0.0,0.0,1
46ced229-ee4c-418c-badd-2f91fc1ab760,2025-05-27,6,0.1593,3,5812.12,1937.373333,1.0,1270.83,1.0,1270.83,565,55.5,1270.83,0.0,0.0,0
48689e01-09c4-46f3-9d8e-5d6c440e56cb,2025-05-27,134,0.0304,1,1133.2,1133.2,0.0,0.0,0.0,0.0,986,0.0,1133.2,0.0,0.0,0
48871682-8627-402c-b359-46e536c8c5f8,2025-05-27,72,0.2083,4,6240.51,1560.1275,0.0,0.0,1.0,1689.7,576,38.6667,1689.7,0.0,0.0,0
4985763f-1aec-4bc7-8147-1beeb7a2d9c0,2025-05-27,17,0.0894,3,2559.27,853.09,1.0,344.72,1.0,344.72,1007,45.0,344.72,0.0,0.0,1
49d4f65c-a7f6-423f-97b2-75571396471e,2025-05-27,154,0.1266,2,11898.4,5949.2,0.0,0.0,0.0,0.0,474,51.0,4203.57,0.0,0.0,0
4db8450b-3473-4e34-abb8-61b270b04333,2025-05-27,40,0.089,2,1608.28,804.14,0.0,0.0,1.0,267.38,674,152.0,267.38,-1.0,-1.0,0
4ed5562c-399a-4f63-8123-7496d2617ad8,2025-05-27,40,0.0472,1,552.53,552.53,0.0,0.0,1.0,552.53,635,0.0,552.53,-1.0,-1.0,0
4ee7f9a8-1985-4e04-82b5-332cbc70c187,2025-05-27,108,0.1961,4,11164.75,2791.1875,0.0,0.0,0.0,0.0,612,24.0,712.26,0.0,0.0,0
4f4f2ef2-6350-45b8-af19-6bd90adfc454,2025-05-27,0,0.3321,9,19613.91,2179.323333,2.0,12332.06,7.0,17565.46,813,12.75,2866.61,1.446032,-0.5,0
505deb96-02b0-4484-ae43-533961fa661d,2025-05-27,38,0.2384,6,8609.61,1434.935,0.0,0.0,3.0,4083.74,755,22.8,2492.7,-1.0,-1.0,0
5097dfe0-2eb9-4792-a52b-170cf10ad290,2025-05-27,111,0.0611,1,390.54,390.54,0.0,0.0,0.0,0.0,491,0.0,390.54,0.0,0.0,1
5173c47a-a140-490b-afc1-af84817a605e,2025-05-27,111,0.0956,3,7466.95,2488.983333,0.0,0.0,0.0,0.0,941,33.5,2586.99,0.0,0.0,0
51833259-a233-414c-85fb-6ed59e50dfed,2025-05-27,5,0.6048,10,34766.36,3476.636,1.0,1840.23,5.0,13352.65,496,28.0,1840.23,-0.64053,0.0,0
529b58fc-1d6b-4a46-bcf3-bd50c058a284,2025-05-27,28,0.1987,4,10415.13,2603.7825,1.0,1817.93,3.0,8730.55,604,34.0,1817.93,-0.484641,0.0,0
532c0027-0a87-4b04-8cd6-433b7eda14e0,2025-05-27,21,0.088,2,10579.5,5289.75,1.0,5317.11,1.0,5317.11,682,108.0,5317.11,0.0,0.0,1
5379215b-cc4c-4e00-a6c5-27be458826a0,2025-05-27,154,0.0328,1,3053.65,3053.65,0.0,0.0,0.0,0.0,916,0.0,3053.65,0.0,0.0,1
53cf422c-89ff-449d-9e2b-509585fbfa93,2025-05-27,49,0.1093,2,5308.94,2654.47,0.0,0.0,1.0,1041.26,549,122.0,1041.26,-1.0,-1.0,1
54739a70-fe3b-45f0-b6da-5eb96fddebc6,2025-05-27,34,0.5903,11,29226.16,2656.923636,0.0,0.0,6.0,12999.63,559,16.5,2171.4,-1.0,-1.0,0
549276f5-7982-4ddd-9090-30fd37f31bf6,2025-05-27,5,0.2375,6,19809.3,3301.55,1.0,6433.78,3.0,11158.1,758,21.4,6433.78,0.361843,-0.5,0
556c3740-52fd-4022-8755-b92b9fa5342d,2025-05-27,29,0.1217,4,15465.05,3866.2625,1.0,4668.17,1.0,4668.17,986,74.3333,4668.17,0.0,0.0,0
5705b303-d99b-47e5-9620-2ac37d16bf70,2025-05-27,67,0.0758,1,331.09,331.09,0.0,0.0,1.0,331.09,396,0.0,331.09,0.0,0.0,0
575ab059-021e-48cf-a1f6-39e5a9719349,2025-05-27,85,0.1194,3,8424.3,2808.1,0.0,0.0,1.0,3979.76,754,33.5,3979.76,0.0,0.0,0
5768b4fe-4e94-4a79-bf94-aec56843c229,2025-05-27,9,0.0674,1,2412.34,2412.34,1.0,2412.34,1.0,2412.34,445,0.0,2412.34,0.0,0.0,1
5772f550-5886-44ab-b618-cc525d22c053,2025-05-27,3,1.0372,13,30021.12,2309.316923,5.0,10294.26,8.0,18288.07,376,19.6667,1074.52,6.964303,4.0,0
5828d313-995e-4774-b19c-e8ac7bc3daea,2025-05-27,155,0.0304,1,183.39,183.39,0.0,0.0,0.0,0.0,986,0.0,183.39,0.0,0.0,0
585a8991-c44f-4e18-b8e0-6283bf6f9aff,2025-05-27,32,0.1789,6,19487.83,3247.971667,0.0,0.0,2.0,4652.95,1006,40.6,2788.09,-1.0,-1.0,0
59749859-a81e-48e6-bc39-a362a3eada9b,2025-05-27,4,0.1386,2,8804.2,4402.1,1.0,5712.98,2.0,8804.2,433,29.0,5712.98,0.848131,0.0,0
5a2542d2-8392-4c53-bbf2-259d1b7de2ba,2025-05-27,23,0.1435,2,5837.79,2918.895,1.0,3635.44,1.0,3635.44,418,74.0,3635.44,0.0,0.0,0
5a60bb30-d49d-430c-b819-619528fa0373,2025-05-27,49,0.1829,3,4077.43,1359.143333,0.0,0.0,1.0,566.6,492,75.5,566.6,-1.0,-1.0,0
5b8f23c7-fa9a-4a08-9a59-251fb715af18,2025-05-27,193,0.0316,1,6419.44,6419.44,0.0,0.0,0.0,0.0,949,0.0,6419.44,0.0,0.0,0
5be61d8d-e5a3-403f-b61d-c9096e40b7fb,2025-05-27,58,0.0395,1,1645.48,1645.48,0.0,0.0,1.0,1645.48,760,0.0,1645.48,-1.0,-1.0,0
5d5fa6d8-0ad7-4ade-be35-1c481b16b275,2025-05-27,11,0.3448,7,15908.54,2272.648571,1.0,2606.36,4.0,5566.23,609,31.6667,2606.36,0.982943,-0.5,0
600950e2-e195-4863-b978-6b55ea2f8a24,2025-05-27,9,0.2264,4,1311.29,327.8225,1.0,821.34,3.0,1241.3,530,36.6667,821.34,1.933671,0.0,0
60ce8a0f-d7a4-4ed2-ac8e-6e0a87d50d90,2025-05-27,21,0.0933,3,2559.74,853.246667,1.0,492.81,3.0,2559.74,965,28.5,492.81,-0.521734,0.0,0
60fc3a69-d7a0-4445-b08b-d165e0bc4928,2025-05-27,12,0.0644,2,2818.27,1409.135,1.0,482.95,1.0,482.95,932,114.0,482.95,0.0,0.0,0
614d73fd-8846-4895-a773-7898e1678216,2025-05-27,5,0.3561,8,23763.91,2970.48875,1.0,10487.77,5.0,20455.72,674,28.0,10487.77,1.353243,-0.5,1
61ca8ccc-59b9-4f6f-84a3-e49d67fbff34,2025-05-27,78,0.0457,1,2266.74,2266.74,0.0,0.0,1.0,2266.74,656,0.0,2266.74,0.0,0.0,0
6272b3b9-197b-4be0-bf82-5b6e74a51d18,2025-05-27,130,0.0673,2,10742.6,5371.3,0.0,0.0,0.0,0.0,891,19.0,1508.81,0.0,0.0,0
62795829-338f-4ef4-a58a-8b4df43e37ed,2025-05-27,246,0.0495,1,349.18,349.18,0.0,0.0,0.0,0.0,606,0.0,349.18,0.0,0.0,0
655a8a99-8ea7-4fab-8686-b6e0a9369c3b,2025-05-27,2,0.0897,2,3601.89,1800.945,2.0,3601.89,2.0,3601.89,669,1.0,1478.78,0.0,0.0,0
66581e52-4a91-4e5a-9db9-6ea7faad6977,2025-05-27,70,0.1685,3,4838.36,1612.786667,0.0,0.0,1.0,868.56,534,75.0,868.56,0.0,0.0,1
66aa9f2d-de6b-4def-8269-b6d0177dbf9a,2025-05-27,20,0.4299,14,52975.28,3783.948571,2.0,7423.42,8.0,18226.81,977,16.3846,6554.86,2.772197,-0.3333,0
66c93c21-5319-42bd-aee5-a4af817f02a3,2025-05-27,6,0.0593,1,3478.21,3478.21,1.0,3478.21,1.0,3478.21,506,0.0,3478.21,0.0,0.0,1
6774c3a7-d951-43fa-9c75-eaca2ced5391,2025-05-27,34,0.2256,6,10913.54,1818.923333,0.0,0.0,5.0,10222.49,798,41.8,566.69,-1.0,-1.0,0
679c79cb-5d90-434a-a13e-d63368ba0b98,2025-05-27,18,0.0621,2,2052.38,1026.19,1.0,1216.14,1.0,1216.14,966,137.0,1216.14,0.0,0.0,1
67fc2766-666c-4de5-9a16-9a35603b9a46,2025-05-27,187,0.0779,1,3681.3,3681.3,0.0,0.0,0.0,0.0,385,0.0,3681.3,0.0,0.0,0
6853ff18-9673-4369-b96a-eb7e1eb71169,2025-05-27,3,0.1327,4,16639.67,4159.9175,1.0,3866.73,3.0,11370.93,904,37.3333,3866.73,0.0,0.0,0
6892976f-0a64-4372-bcd7-14d6113ea6e2,2025-05-27,6,0.1596,5,10530.35,2106.07,4.0,10099.6,4.0,10099.6,940,36.0,657.85,0.0,0.0,0
69008e38-87df-4edc-8e0c-02e44a0802a3,2025-05-27,91,0.0565,1,465.57,465.57,0.0,0.0,0.0,0.0,531,0.0,465.57,0.0,0.0,1
69223a3a-0e99-457c-b139-53a914126da0,2025-05-27,204,0.0317,1,7771.19,7771.19,0.0,0.0,0.0,0.0,945,0.0,7771.19,0.0,0.0,1
6a7efc18-882b-4c4c-a75d-1b8aecdbf4a6,2025-05-27,3,0.1487,5,3495.45,699.09,2.0,662.04,4.0,2492.4,1009,22.75,318.24,0.0,0.0,0
6b35501e-08f6-41b4-8699-30281befd8ec,2025-05-27,63,0.3247,5,23398.38,4679.676,0.0,0.0,1.0,2073.14,462,48.0,2073.14,0.0,0.0,0
6bb31b8a-5c85-4549-9106-7183256248ff,2025-05-27,27,0.1752,4,8235.28,2058.82,1.0,988.69,2.0,1343.74,685,52.3333,988.69,1.78465,0.0,0
6cad4c9f-a37c-452d-9e24-b927cd585be0,2025-05-27,170,0.0434,1,410.66,410.66,0.0,0.0,0.0,0.0,692,0.0,410.66,0.0,0.0,0
6ccef97b-c165-4c24-aa1d-00119b8315f2,2025-05-27,52,0.0448,1,3739.05,3739.05,0.0,0.0,1.0,3739.05,669,0.0,3739.05,-1.0,-1.0,0
6d07afb5-e45f-49c8-8fe6-ab313f89ab9c,2025-05-27,8,0.3011,8,30126.03,3765.75375,5.0,22110.29,5.0,22110.29,797,14.1429,2144.59,0.0,0.0,0
6dd97a45-7233-4f75-bf2b-a02f9e2403f5,2025-05-27,20,0.2103,3,6696.95,2232.316667,1.0,1410.7,2.0,5524.39,428,106.5,1410.7,0.0,0.0,0
6f363f3d-a553-4343-928a-865ef7efa488,2025-05-27,11,0.1536,3,8314.55,2771.516667,1.0,1946.44,2.0,4424.19,586,97.0,1946.44,0.0,0.0,1
6f43c820-6bb0-443a-a276-f436ff5cc816,2025-05-27,161,0.0679,1,5588.78,5588.78,0.0,0.0,0.0,0.0,442,0.0,5588.78,0.0,0.0,1
6fb7d847-f44b-41dc-a325-7b26c61cbc96,2025-05-27,9,0.2824,9,19555.66,2172.851111,2.0,1079.71,3.0,1903.69,956,24.625,184.5,0.0,0.0,0
7010920b-f9d5-4e97-9d6a-a57cfe832fad,2025-05-27,19,0.3762,8,18128.62,2266.0775,1.0,6386.11,5.0,13406.15,638,23.4286,6386.11,0.083071,-0.5,0
726b4f75-d374-4f7f-bf66-eff61209fe02,2025-05-27,75,0.0506,1,533.4,533.4,0.0,0.0,1.0,533.4,593,0.0,533.4,0.0,0.0,1
731fe7b0-483a-4068-a5c1-e8ce074a22e2,2025-05-27,30,0.0691,1,1858.31,1858.31,0.0,0.0,1.0,1858.31,434,0.0,1858.31,-1.0,-1.0,1
73c3d633-4b34-49ad-a380-07fa31442bd6,2025-05-27,1,0.2186,4,9239.25,2309.8125,1.0,1072.29,2.0,2041.7,549,34.0,1072.29,0.106126,0.0,0
744605d3-9330-457d-9c53-8b4b59950976,2025-05-27,20,0.4186,9,20531.13,2281.236667,1.0,5155.64,4.0,10275.76,645,24.5,5155.64,0.192764,-0.5,0
75e7956b-bba4-4d50-aa4d-f8061fa9b378,2025-05-27,10,0.0418,1,7865.82,7865.82,1.0,7865.82,1.0,7865.82,717,0.0,7865.82,0.0,0.0,1
7613c703-00a5-4fcd-b61f-b4f85bd36ac2,2025-05-27,36,0.1259,4,7704.78,1926.195,0.0,0.0,1.0,1230.79,953,30.3333,1230.79,-1.0,-1.0,0
76c7e6e2-ab70-4430-9c0e-611b3e8e3f7d,2025-05-27,111,0.0598,2,8729.59,4364.795,0.0,0.0,0.0,0.0,1003,11.0,4101.98,0.0,0.0,0
78106c04-2615-4323-b215-3172fb34fc72,2025-05-27,8,0.2632,6,21856.87,3642.811667,2.0,6860.86,3.0,12469.96,684,39.8,1031.39,0.223166,1.0,0
79ce75bd-e156-4762-a109-91880fa27abc,2025-05-27,53,0.2398,8,17607.78,2200.9725,0.0,0.0,3.0,3990.46,1001,15.0,560.4,-1.0,-1.0,0
7b3011de-1fd5-49d7-8cd0-565a3af5b5da,2025-05-27,27,0.4,9,6338.92,704.324444,1.0,719.55,6.0,4047.15,675,17.0,719.55,-0.481723,0.0,0
7b5dbebc-9a0e-4613-8844-f85ea0bc161d,2025-05-27,78,0.0398,1,4200.21,4200.21,0.0,0.0,1.0,4200.21,753,0.0,4200.21,0.0,0.0,1
7d31f2fa-4d24-4819-aa43-8ca6f961480f,2025-05-27,224,0.0648,1,3834.51,3834.51,0.0,0.0,0.0,0.0,463,0.0,3834.51,0.0,0.0,1
7d5e174f-f3d2-488e-99b3-a0591b1a9319,2025-05-27,108,0.0393,1,1735.44,1735.44,0.0,0.0,0.0,0.0,764,0.0,1735.44,0.0,0.0,0
7dc50afb-0eaa-4b38-8b2f-04eb2c57446e,2025-05-27,231,0.1313,2,3989.74,1994.87,0.0,0.0,0.0,0.0,457,5.0,2123.91,0.0,0.0,1
7dd67799-87bf-4c47-944e-e495c976e50e,2025-05-27,84,0.0703,2,4235.87,2117.935,0.0,0.0,1.0,2881.75,853,67.0,2881.75,0.0,0.0,0
7e1ea714-6fe4-494e-9554-750dbe019c23,2025-05-27,184,0.0296,1,5961.02,5961.02,0.0,0.0,0.0,0.0,1014,0.0,5961.02,0.0,0.0,0
80425ba2-13bc-407f-9a1c-ff4f30480010,2025-05-27,22,0.1494,5,10561.94,2112.388,1.0,368.99,3.0,4685.4,1004,34.75,368.99,0.213025,0.0,0
8081cb55-1e73-484f-b6fe-79fe7087f185,2025-05-27,9,0.0391,1,1188.93,1188.93,1.0,1188.93,1.0,1188.93,767,0.0,1188.93,0.0,0.0,1
809a4c1b-22b1-4046-b62e-5ca84f41ae56,2025-05-27,92,0.0667,1,355.05,355.05,0.0,0.0,0.0,0.0,450,0.0,355.05,0.0,0.0,0
81038b9d-eef0-443c-9635-a2e4c4df490f,2025-05-27,89,0.1433,3,13306.46,4435.486667,0.0,0.0,1.0,5699.87,628,70.5,5699.87,0.0,0.0,1
81aa5e22-d678-428b-b005-9b81178d3a85,2025-05-27,6,0.2612,6,7285.62,1214.27,3.0,5785.82,5.0,6901.96,689,34.2,1879.37,6.080227,2.0,0
82241b4b-7959-4079-9369-bbfcffcbc453,2025-05-27,9,0.2941,7,21950.29,3135.755714,1.0,3190.27,1.0,3190.27,714,32.0,3190.27,0.0,0.0,0
824fbcc7-5420-4ca2-84b0-15b0b4a2292b,2025-05-27,98,0.0367,1,920.64,920.64,0.0,0.0,0.0,0.0,817,0.0,920.64,0.0,0.0,0
826855e8-3a9a-4032-ad5b-6ca64c822572,2025-05-27,120,0.0456,1,200.96,200.96,0.0,0.0,0.0,0.0,658,0.0,200.96,0.0,0.0,0
82c5a7aa-2ec7-45dc-9d03-be3531473f2f,2025-05-27,127,0.0779,1,981.15,981.15,0.0,0.0,0.0,0.0,385,0.0,981.15,0.0,0.0,0
82d60e37-f049-4852-9464-c94b4e5c3244,2025-05-27,18,0.3516,6,9226.65,1537.775,1.0,482.95,4.0,4923.22,512,16.6,482.95,-0.792248,-0.5,0
83fe13f3-1026-46b2-9abd-d7277ea2f653,2025-05-27,107,0.0734,2,2188.87,1094.435,0.0,0.0,0.0,0.0,817,80.0,649.91,0.0,0.0,0
855f6897-60c0-42cc-aa5a-bbcf4dfcfd28,2025-05-27,13,0.1254,4,3984.08,996.02,1.0,1487.52,3.0,2284.28,957,32.0,1487.52,1.625344,0.0,0
86208847-cfb3-449d-a634-075a2b7c33cc,2025-05-27,82,0.2103,3,4368.02,1456.006667,0.0,0.0,1.0,415.11,428,93.0,415.11,0.0,0.0,0
86ab916f-9734-41f0-b5c0-9bbc082b3251,2025-05-27,31,0.6394,12,20761.66,1730.138333,0.0,0.0,5.0,4950.14,563,20.1818,803.84,-1.0,-1.0,0
87b06d02-c4e0-4e44-a8d4-a21cdc592676,2025-05-27,37,0.2376,4,8916.59,2229.1475,0.0,0.0,2.0,4132.48,505,39.6667,1041.26,-1.0,-1.0,0
8867ed0f-4c50-4aa9-8fb4-993893bd97df,2025-05-27,17,0.131,2,7314.3,3657.15,1.0,5155.64,1.0,5155.64,458,107.0,5155.64,0.0,0.0,0
88f8cded-9e9f-4c71-9504-8cae260151bf,2025-05-27,13,0.0661,2,5437.62,2718.81,1.0,3227.5,1.0,3227.5,908,108.0,3227.5,0.0,0.0,0
8aa74529-c59e-4daf-9b98-321ebfce7306,2025-05-27,11,0.9353,13,19610.25,1508.480769,3.0,1422.43,7.0,7344.09,417,17.3333,403.44,3.006281,2.0,0
8b278dae-e043-44f3-a5f0-8466df24d3a2,2025-05-27,23,0.5102,15,26795.66,1786.377333,1.0,1290.09,10.0,14168.13,882,13.4286,1290.09,-0.870968,-0.8571,0
8bd2e91f-b7be-4b2c-95e8-9b9f6936c3fe,2025-05-27,25,0.1217,4,10511.51,2627.8775,1.0,687.6,2.0,2453.83,986,53.6667,687.6,0.0,0.0,0
8bf0cc1f-c9f7-4393-806f-86bce9acf23a,2025-05-27,198,0.0316,1,1085.19,1085.19,0.0,0.0,0.0,0.0,949,0.0,1085.19,0.0,0.0,0
8d58c937-6e14-4be1-98f6-33ea0a28136f,2025-05-27,57,0.0386,1,1403.26,1403.26,0.0,0.0,1.0,1403.26,777,0.0,1403.26,-1.0,-1.0,1
8daa11dd-d410-44bf-a0de-622a9ca7c78d,2025-05-27,28,0.5383,11,36419.84,3310.894545,1.0,1107.57,6.0,14316.83,613,12.8,1107.57,-0.90091,-0.75,0
8de2f61f-499f-4ce6-a7d6-a5e9b9219f67,2025-05-27,39,0.0372,1,5152.04,5152.04,0.0,0.0,1.0,5152.04,807,0.0,5152.04,-1.0,-1.0,1
8f10e8bf-c7a4-4bd6-93ce-4de936a938ef,2025-05-27,8,0.4704,9,24238.43,2693.158889,2.0,9515.66,4.0,10999.34,574,13.0,2406.6,7.174193,1.0,1
9013910b-257e-462f-8142-555578e385a5,2025-05-27,63,0.2174,5,17331.8,3466.36,0.0,0.0,3.0,4444.53,690,27.5,778.44,0.0,0.0,0
90ef6a35-c0dc-4b20-aede-0d1b3e525838,2025-05-27,7,0.0765,2,10763.03,5381.515,1.0,7322.76,1.0,7322.76,784,155.0,7322.76,0.0,0.0,0
910bd8ae-df74-4feb-9e1a-4e8966115c12,2025-05-27,52,0.0814,2,1571.75,785.875,0.0,0.0,1.0,1004.8,737,143.0,1004.8,-1.0,-1.0,0
911f8116-248a-4e3d-afb4-62a632746852,2025-05-27,32,0.4825,11,20513.52,1864.865455,0.0,0.0,6.0,8584.08,684,17.6,550.59,-1.0,-1.0,0
918ccc0d-7add-4cda-bb90-29b5623f6d86,2025-05-27,158,0.0407,1,3600.45,3600.45,0.0,0.0,0.0,0.0,738,0.0,3600.45,0.0,0.0,0
91f0a872-33ad-4dbe-9801-ac03b375f584,2025-05-27,21,0.2982,5,11019.15,2203.83,1.0,1206.51,3.0,3490.56,503,48.25,1206.51,-0.471767,-0.5,0
953c5953-375c-42a1-89e5-7b370fa868be,2025-05-27,8,0.0383,1,788.01,788.01,1.0,788.01,1.0,788.01,784,0.0,788.01,0.0,0.0,1
957f9181-281b-4ff6-9370-462fb40cb6e5,2025-05-27,0,0.1437,4,12546.49,3136.6225,1.0,4767.99,4.0,12546.49,835,26.3333,4767.99,0.448819,0.0,1
97a7e174-c5da-4d97-b94b-09d5f4788809,2025-05-27,45,0.1643,5,20141.29,4028.258,0.0,0.0,3.0,4806.2,913,40.25,710.09,-1.0,-1.0,0
97bc17e3-9ca0-45a3-a8dd-947696378bf7,2025-05-27,7,0.0545,1,7109.06,7109.06,1.0,7109.06,1.0,7109.06,550,0.0,7109.06,0.0,0.0,0
97c341f3-26c0-47ee-949b-ec2349709b82,2025-05-27,4,0.3995,10,29576.94,2957.694,3.0,13753.24,4.0,13896.08,751,27.4444,8915.95,0.0,0.0,0
98c0d934-599f-43f0-b624-02fafa9a625d,2025-05-27,27,0.1439,2,2599.0,1299.5,1.0,781.07,2.0,2599.0,417,53.0,781.07,0.0,0.0,0
9a48cdff-42f6-4b91-80ce-e531f3622d2b,2025-05-27,41,0.3008,4,7056.38,1764.095,0.0,0.0,3.0,5198.07,399,17.0,1324.34,-1.0,-1.0,0
9ada7a7c-35d9-4619-9117-c1d9c05f08e9,2025-05-27,90,0.0415,1,697.02,697.02,0.0,0.0,0.0,0.0,723,0.0,697.02,0.0,0.0,1
9b131352-2e3f-4966-865e-a01b50bde6e5,2025-05-27,1,0.2885,9,16354.39,1817.154444,3.0,6401.68,5.0,7591.45,936,30.125,5767.57,0.0,0.0,0
9b4342ff-79f2-40db-9669-bbab65d50e2f,2025-05-27,30,0.2771,4,10068.68,2517.17,0.0,0.0,2.0,3445.67,433,48.0,1057.81,-1.0,-1.0,1
9c75b413-efd7-4171-9aa3-e4f50c8b52ea,2025-05-27,90,0.0385,1,3698.86,3698.86,0.0,0.0,0.0,0.0,780,0.0,3698.86,0.0,0.0,0
9cbf413a-a00b-482b-9441-e8fce7668a2e,2025-05-27,4,0.3265,9,26986.78,2998.531111,2.0,7913.65,5.0,14637.8,827,20.875,3308.73,2.174476,0.0,0
9de44d71-02d0-4684-a314-54f9abd3f2cd,2025-05-27,58,0.2575,6,11197.9,1866.316667,0.0,0.0,3.0,2397.35,699,31.8,778.44,-1.0,-1.0,0
9e3ba510-550f-49bf-a866-a3124ebe334a,2025-05-27,15,0.0599,2,3060.88,1530.44,1.0,1910.02,1.0,1910.02,1002,110.0,1910.02,0.0,0.0,1
a029db9e-0867-4074-9876-83433dcbc19c,2025-05-27,60,0.0676,2,5388.61,2694.305,0.0,0.0,2.0,5388.61,888,2.0,720.44,0.0,0.0,1
a0323814-cd5e-4bbc-ae91-13b77ec723bb,2025-05-27,73,0.0434,1,533.4,533.4,0.0,0.0,1.0,533.4,691,0.0,533.4,0.0,0.0,0
a137cf0f-749a-402e-9913-60a7f4a47b92,2025-05-27,0,0.5114,12,31904.84,2658.736667,6.0,20502.64,8.0,23515.31,704,15.6364,1155.51,9.220098,5.0,0
a20f7825-b033-409c-9c97-b044b61bae47,2025-05-27,11,0.221,4,9657.25,2414.3125,1.0,1840.23,2.0,3615.47,543,55.0,1840.23,0.0,0.0,0
a281fc1b-5e0e-400e-9760-0f4eecb192e1,2025-05-27,62,0.2948,4,15160.3,3790.075,0.0,0.0,1.0,4430.29,407,33.3333,4430.29,0.0,0.0,0
a39d8cb3-e105-4215-9fc6-c0cb27d75ca0,2025-05-27,33,0.0467,1,295.39,295.39,0.0,0.0,1.0,295.39,642,0.0,295.39,-1.0,-1.0,1
a458eb88-221d-40e0-8a04-289e42780afe,2025-05-27,79,0.0503,1,2105.72,2105.72,0.0,0.0,1.0,2105.72,596,0.0,2105.72,0.0,0.0,1
a48769af-aacd-4623-8e69-fc86e1d3745e,2025-05-27,53,0.0789,2,1684.31,842.155,0.0,0.0,1.0,993.26,760,44.0,993.26,-1.0,-1.0,1
a54b8eca-fc5f-46cd-9407-2f103beabcc7,2025-05-27,12,0.1294,4,6447.45,1611.8625,1.0,1895.15,1.0,1895.15,927,47.6667,1895.15,0.0,0.0,0
a578fb66-2e0c-4a26-8179-b1230347de46,2025-05-27,1,0.087,2,4126.39,2063.195,2.0,4126.39,2.0,4126.39,690,14.0,3575.99,0.0,0.0,1
a62bcc77-cf9c-44a3-920f-2e2e57c723dc,2025-05-27,66,0.5237,7,36241.72,5177.388571,0.0,0.0,2.0,1083.31,401,25.1667,662.17,0.0,0.0,0
a6818a6e-0465-4009-81b6-822245dae013,2025-05-27,4,0.0405,1,10189.66,10189.66,1.0,10189.66,1.0,10189.66,741,0.0,10189.66,0.0,0.0,0
a69011f4-c3f9-4f91-92f2-3df9072b53e7,2025-05-27,33,0.5012,7,10680.12,1525.731429,0.0,0.0,6.0,9668.44,419,31.8333,864.15,-1.0,-1.0,0
a7925872-0bc3-4eee-b74c-5086ea1e992d,2025-05-27,18,0.0868,2,975.98,487.99,1.0,547.45,1.0,547.45,691,124.0,547.45,0.0,0.0,0
a7c6d291-2d8a-45ea-8005-81ecfd3682df,2025-05-27,93,0.0727,2,2308.26,1154.13,0.0,0.0,0.0,0.0,825,73.0,908.96,0.0,0.0,0
a7dd5f9a-9fa6-4592-b920-cc610a4ca21b,2025-05-27,99,0.1095,3,12596.04,4198.68,0.0,0.0,0.0,0.0,822,59.5,691.85,0.0,0.0,1
a8091949-9c95-4f66-b956-b61849aa17d1,2025-05-27,9,0.2041,3,13244.75,4414.916667,1.0,4767.99,2.0,6939.39,441,74.5,4767.99,1.195814,0.0,0
a8592085-1f10-4731-b976-351290d3b914,2025-05-27,43,0.0674,1,553.48,553.48,0.0,0.0,1.0,553.48,445,0.0,553.48,-1.0,-1.0,1
a8a318fe-4ac5-43e5-819c-0493f94dfd8e,2025-05-27,13,0.1752,4,5279.05,1319.7625,1.0,315.21,3.0,3618.16,685,40.0,315.21,-0.257858,0.0,0
a91e3f3f-94ea-410a-afcd-a9721a392b5a,2025-05-27,47,0.0876,2,7734.34,3867.17,0.0,0.0,1.0,3019.68,685,109.0,3019.68,-1.0,-1.0,0
a955f9af-0de0-488d-9638-13b909991020,2025-05-27,8,0.1485,2,4607.35,2303.675,1.0,1985.24,1.0,1985.24,404,91.0,1985.24,0.0,0.0,0
a9a14d19-86ba-40be-883c-0be4db2e7555,2025-05-27,28,0.2673,4,7607.28,1901.82,1.0,2762.66,2.0,6566.77,449,69.0,2762.66,-0.27377,0.0,0
aa210298-0ad5-4fe1-9a49-04d9c35709c6,2025-05-27,9,0.1603,5,12684.7,2536.94,1.0,1045.31,1.0,1045.31,936,52.0,1045.31,0.0,0.0,0
aacf38f5-5690-4d24-95d3-d4b2fa5166a8,2025-05-27,10,0.0411,1,8872.66,8872.66,1.0,8872.66,1.0,8872.66,730,0.0,8872.66,0.0,0.0,1
acf31d10-d223-4df6-a143-e9ba0e8118f4,2025-05-27,88,0.0413,1,1164.11,1164.11,0.0,0.0,1.0,1164.11,726,0.0,1164.11,0.0,0.0,1
ad10f2bd-d571-4f42-aec5-a7a10eaa3ca9,2025-05-27,121,0.0298,1,2038.47,2038.47,0.0,0.0,0.0,0.0,1006,0.0,2038.47,0.0,0.0,0
ade55153-89f8-4d7a-9199-12bcf0e9f0ce,2025-05-27,30,0.1304,2,3226.87,1613.435,0.0,0.0,2.0,3226.87,460,14.0,1952.69,-1.0,-1.0,1
b067038f-9577-43c4-a072-0376499a6f51,2025-05-27,8,0.1138,3,15937.64,5312.546667,1.0,5293.97,1.0,5293.97,791,84.0,5293.97,0.0,0.0,0
b0a7ac9f-5dc3-43d5-bf2f-2201d6f385b2,2025-05-27,11,0.0783,2,8515.73,4257.865,1.0,7865.82,1.0,7865.82,766,119.0,7865.82,0.0,0.0,0
b0d043da-1294-4ab0-8fa2-ebb68dbb62a2,2025-05-27,20,0.2029,6,19685.11,3280.851667,1.0,6604.2,5.0,15460.85,887,19.4,6604.2,0.0,0.0,0
b0d81eaf-60e0-4aa5-b3e9-64fdea18f5e9,2025-05-27,14,0.2415,5,16445.47,3289.094,3.0,10244.62,3.0,10244.62,621,34.0,3575.99,0.0,0.0,0
b2109776-616b-488c-9721-f3f116afd30f,2025-05-27,138,0.1101,2,12150.91,6075.455,0.0,0.0,0.0,0.0,545,10.0,3857.68,0.0,0.0,0
b21eb80b-84a0-490b-abcb-151568e54d64,2025-05-27,137,0.0682,2,5555.72,2777.86,0.0,0.0,0.0,0.0,880,10.0,1699.8,0.0,0.0,0
b247c235-943b-4c46-91c2-168e86d26161,2025-05-27,12,0.277,7,4440.25,634.321429,3.0,2254.91,5.0,3584.02,758,21.5,113.37,0.0,0.0,0
b2c24112-6ed5-433e-ae6e-c541f21defe5,2025-05-27,85,0.0585,1,1238.87,1238.87,0.0,0.0,1.0,1238.87,513,0.0,1238.87,0.0,0.0,0
b2ef61f5-8a4e-44af-9b72-983eb8729127,2025-05-27,18,0.1193,4,5438.08,1359.52,1.0,2547.42,3.0,3497.39,1006,24.6667,2547.42,6.339364,0.0,0
b2f4f0f6-9d52-4439-b5fe-14ebe8887e7a,2025-05-27,232,0.0396,1,9233.79,9233.79,0.0,0.0,0.0,0.0,757,0.0,9233.79,0.0,0.0,1
b35ff2cc-b3d7-4eee-bbe6-72dd663e82bf,2025-05-27,40,0.1373,2,6112.98,3056.49,0.0,0.0,1.0,969.41,437,207.0,969.41,-1.0,-1.0,1
b3bc0c36-2894-415e-8303-9ce0c524adf7,2025-05-27,145,0.0441,1,701.63,701.63,0.0,0.0,0.0,0.0,681,0.0,701.63,0.0,0.0,1
b4322a23-acd4-46a3-8620-5130bd7bc8c3,2025-05-27,52,0.0789,1,2335.32,2335.32,0.0,0.0,1.0,2335.32,380,0.0,2335.32,-1.0,-1.0,1
b4a140af-8af0-4074-8c4e-f1e587fff314,2025-05-27,7,0.3338,8,28801.32,3600.165,2.0,7881.7,2.0,7881.7,719,30.4286,6578.32,0.0,0.0,0
b4dd90f1-04a6-4d42-ac0a-2702bbc8d0db,2025-05-27,31,0.1187,3,8303.19,2767.73,0.0,0.0,1.0,1238.87,758,106.5,1238.87,-1.0,-1.0,0
b4ff4a71-e2cb-40a7-afaa-04a5be660e06,2025-05-27,179,0.0369,1,403.59,403.59,0.0,0.0,0.0,0.0,812,0.0,403.59,0.0,0.0,0
b5597188-1096-40f6-bb3c-7eae56f49e62,2025-05-27,19,0.1241,3,4773.24,1591.08,1.0,2674.8,1.0,2674.8,725,103.5,2674.8,0.0,0.0,0
b6466b91-0c2a-4a1f-bf51-fd9f9de8b206,2025-05-27,111,0.064,1,4668.17,4668.17,0.0,0.0,0.0,0.0,469,0.0,4668.17,0.0,0.0,0
b6d1010f-48a8-4d83-a4bd-0a6c9a4521d9,2025-05-27,7,0.0322,1,3970.48,3970.48,1.0,3970.48,1.0,3970.48,931,0.0,3970.48,0.0,0.0,1
b73d152b-3ccf-4708-8854-ab85e6abc82c,2025-05-27,49,0.0743,1,274.09,274.09,0.0,0.0,1.0,274.09,404,0.0,274.09,-1.0,-1.0,0
b7a528c9-9989-42b3-86f1-dfe0266eb7da,2025-05-27,68,0.0395,1,159.54,159.54,0.0,0.0,1.0,159.54,760,0.0,159.54,0.0,0.0,0
b7d62bbb-f2b2-4bee-ac69-0e320b4b310f,2025-05-27,13,0.232,6,17581.79,2930.298333,1.0,2821.39,4.0,8406.88,776,44.6,2821.39,0.054942,-0.5,0
b812927c-5d6a-4cb6-9794-94ec8e44c0bd,2025-05-27,43,0.0806,2,2112.82,1056.41,0.0,0.0,1.0,691.85,744,102.0,691.85,-1.0,-1.0,0
b8302dbd-4877-438d-ac91-c2d5dbbadf09,2025-05-27,37,0.0342,1,1403.26,1403.26,0.0,0.0,1.0,1403.26,878,0.0,1403.26,-1.0,-1.0,0
b86f948a-d460-4c23-a79a-b2deafdc8880,2025-05-27,17,0.04,1,241.48,241.48,1.0,241.48,1.0,241.48,750,0.0,241.48,0.0,0.0,0
b88b94e7-2bbd-4939-98cc-217258c364d3,2025-05-27,19,0.1919,3,9231.44,3077.146667,1.0,2256.65,1.0,2256.65,469,70.0,2256.65,0.0,0.0,0
b88bef53-7397-4409-b454-f68fa7827873,2025-05-27,9,0.2366,5,7066.82,1413.364,2.0,3656.43,3.0,4348.28,634,23.5,2858.13,0.0,0.0,0
b8bfbbb5-a5a0-4d3d-905f-57ced220ffd3,2025-05-27,46,0.1449,3,3757.37,1252.456667,0.0,0.0,1.0,920.02,621,66.5,920.02,-1.0,-1.0,0
b9e85363-f343-4a9b-a6b9-588a5c0f9633,2025-05-27,16,0.064,2,2802.93,1401.465,1.0,159.13,1.0,159.13,937,82.0,159.13,0.0,0.0,0
ba0a6120-4b67-4e2b-b2c4-9036a195b99a,2025-05-27,9,0.1648,5,14413.46,2882.692,2.0,10342.67,3.0,10492.55,910,34.0,6761.03,0.0,0.0,0
bab05b4b-0196-4bb2-a10a-34baf0750132,2025-05-27,168,0.1091,3,2871.43,957.143333,0.0,0.0,0.0,0.0,825,9.0,1121.11,0.0,0.0,0
bc2eaeff-d2cb-413b-8716-a7fa6d9507c2,2025-05-27,11,0.4376,9,14015.65,1557.294444,4.0,8134.51,6.0,9044.33,617,30.125,651.69,49.704419,3.0,0
bc69f988-30c6-4bf2-b27f-beafca1b2282,2025-05-27,103,0.1303,4,11602.77,2900.6925,0.0,0.0,0.0,0.0,921,50.0,4026.25,0.0,0.0,0
bcf78932-5b86-4918-b87a-32963317f18d,2025-05-27,90,0.0632,2,4861.74,2430.87,0.0,0.0,0.0,0.0,950,40.0,646.75,0.0,0.0,0
bd918df4-d5fc-4b8a-9889-b0f92e0c438b,2025-05-27,54,0.108,3,6606.08,2202.026667,0.0,0.0,1.0,2774.14,833,63.0,2774.14,-1.0,-1.0,0
befa24a1-1459-4d2c-b2af-a4db90fa9666,2025-05-27,165,0.06,2,5458.56,2729.28,0.0,0.0,0.0,0.0,1000,10.0,3576.6,0.0,0.0,0
c07f630a-a6d1-41a2-9f27-8f85f52260c4,2025-05-27,12,0.3546,10,41662.24,4166.224,2.0,8174.08,5.0,23919.85,846,23.0,4551.4,-0.262887,0.0,0
c0c6efdb-fc14-4d7c-98f5-7088ddeb019c,2025-05-27,4,0.0396,1,687.6,687.6,1.0,687.6,1.0,687.6,758,0.0,687.6,0.0,0.0,1
c1a55833-8139-41dd-8bb5-59ab8a090d3b,2025-05-27,53,0.0729,2,2804.13,1402.065,0.0,0.0,1.0,1050.05,823,43.0,1050.05,-1.0,-1.0,0
c1a9f9e4-02c9-4e11-9ae3-d7f5eec25bdf,2025-05-27,56,0.0443,1,934.36,934.36,0.0,0.0,1.0,934.36,677,0.0,934.36,-1.0,-1.0,0
c1d6c130-eed3-43da-a713-c63009b0c952,2025-05-27,4,0.0844,2,2724.23,1362.115,1.0,865.92,1.0,865.92,711,140.0,865.92,0.0,0.0,0
c29cb1e1-b422-45f3-829a-82a9e80f8c8f,2025-05-27,52,0.0417,1,1634.24,1634.24,0.0,0.0,1.0,1634.24,719,0.0,1634.24,-1.0,-1.0,0
c34d6b05-2bac-4654-9150-9d59f1252d7b,2025-05-27,2,0.0606,2,11019.93,5509.965,2.0,11019.93,2.0,11019.93,990,12.0,3575.99,0.0,0.0,1
c34e266e-6b0c-4505-b1cc-f98b610c4986,2025-05-27,172,0.037,1,1210.78,1210.78,0.0,0.0,0.0,0.0,811,0.0,1210.78,0.0,0.0,0
c3bc5bb3-aee9-4150-b36a-c89a22162e7d,2025-05-27,48,0.3396,6,17820.66,2970.11,0.0,0.0,3.0,7604.04,530,31.0,1562.15,-1.0,-1.0,0
c47da78e-a80f-46b0-b907-4867b0ac75da,2025-05-27,17,0.0823,2,2751.38,1375.69,1.0,2190.98,1.0,2190.98,729,171.0,2190.98,0.0,0.0,1
c4abe8e7-17ea-4981-acd2-0e286bf0080b,2025-05-27,5,0.1818,3,7719.83,2573.276667,1.0,2384.11,3.0,7719.83,495,28.0,2384.11,0.0,0.0,0
c7af740f-1d7a-4321-9d3e-ec9107c05254,2025-05-27,18,0.1591,5,6707.43,1341.486,1.0,1830.7,4.0,6474.64,943,32.0,1830.7,-0.33181,-0.5,0
c7e971e5-62a6-49c9-a239-e17ea1f253a5,2025-05-27,46,0.0952,3,3698.03,1232.676667,0.0,0.0,2.0,2487.25,945,76.0,411.14,-1.0,-1.0,0
c8466347-f65e-48a7-a013-64f958a93e60,2025-05-27,58,0.1099,2,17867.41,8933.705,0.0,0.0,1.0,3979.76,546,104.0,3979.76,-1.0,-1.0,0
c895adf4-11e4-460d-bad6-1bc4560990aa,2025-05-27,110,0.125,2,1278.0,639.0,0.0,0.0,0.0,0.0,480,68.0,829.87,0.0,0.0,0
c8a387fb-7265-43df-9af8-79f21e3f7a8b,2025-05-27,12,0.1344,4,2486.86,621.715,1.0,608.08,3.0,1753.28,893,46.6667,608.08,-0.469019,-0.5,1
c9b37375-0f54-4110-983e-7b7635c1257f,2025-05-27,20,0.375,5,14280.07,2856.014,1.0,3808.64,3.0,11698.35,400,24.25,3808.64,0.0,0.0,0
cb169247-90fc-4859-9c5d-36f94515f6a5,2025-05-27,211,0.0407,1,6586.85,6586.85,0.0,0.0,0.0,0.0,737,0.0,6586.85,0.0,0.0,1
cbf3e2e4-9c43-4976-afaa-bc231bff129c,2025-05-27,57,0.1608,5,12334.05,2466.81,0.0,0.0,2.0,2568.29,933,35.75,1615.69,-1.0,-1.0,0
cc681bd0-1bf2-4364-a2fe-b18907da68dd,2025-05-27,195,0.0355,1,215.38,215.38,0.0,0.0,0.0,0.0,845,0.0,215.38,0.0,0.0,0
cd796877-895f-4bcc-8fe0-0c8c6c4e68b0,2025-05-27,54,0.2542,4,7494.49,1873.6225,0.0,0.0,2.0,4056.87,472,30.0,3532.45,-1.0,-1.0,0
cdc86dc6-c2f3-4988-94e7-c7b7f1a4a81b,2025-05-27,32,0.0491,1,1775.24,1775.24,0.0,0.0,1.0,1775.24,611,0.0,1775.24,-1.0,-1.0,1
ce1c7e34-50d9-4f3b-ab54-cbb7cab9fa18,2025-05-27,0,0.1799,5,9360.95,1872.19,3.0,3880.08,5.0,9360.95,834,20.75,2284.5,0.0,0.0,0
ced1be46-44d9-42f9-913f-bf359f04d616,2025-05-27,8,0.2709,8,18623.24,2327.905,2.0,4442.39,4.0,11831.22,886,21.5714,4298.07,0.025691,1.0,1
cf567dce-5613-483a-b10d-b4947a588d18,2025-05-27,17,0.1425,4,11366.08,2841.52,1.0,4293.87,2.0,5986.43,842,64.0,4293.87,1.536909,0.0,0
cfa38335-ed20-4254-b309-74d0dadee3bb,2025-05-27,38,0.0479,1,1394.04,1394.04,0.0,0.0,1.0,1394.04,626,0.0,1394.04,-1.0,-1.0,1
cfc90a2e-3eb4-476f-8b9b-493b93566dcb,2025-05-27,53,0.0844,2,2026.03,1013.015,0.0,0.0,2.0,2026.03,711,13.0,597.91,-1.0,-1.0,0
d16a7971-11f5-4284-b4c4-063a25f1f892,2025-05-27,18,0.1359,4,10405.07,2601.2675,1.0,2412.34,3.0,8070.98,883,40.0,2412.34,-0.573689,-0.5,1
d16d5f0e-f1af-4ab1-8b14-12ce745ddd9b,2025-05-27,9,0.271,7,17612.19,2516.027143,1.0,5293.97,4.0,10917.3,775,23.6667,5293.97,0.083751,-0.5,0
d1907207-2f2d-4486-87e7-7b004fd2fab1,2025-05-27,5,0.0966,3,5102.56,1700.853333,1.0,1372.96,1.0,1372.96,932,71.0,1372.96,0.0,0.0,0
d2b88436-ba26-4efa-bc74-287512167c81,2025-05-27,47,0.0897,2,2035.6,1017.8,0.0,0.0,1.0,1167.04,669,71.0,1167.04,-1.0,-1.0,0
d34c22d5-fa13-4eb6-a115-4306ab8f65d5,2025-05-27,115,0.101,2,1815.43,907.715,0.0,0.0,0.0,0.0,594,44.0,465.57,0.0,0.0,0
d3af0e3f-6c8e-43fd-b62a-d477ca54c291,2025-05-27,66,0.1496,2,7084.19,3542.095,0.0,0.0,1.0,2911.04,401,110.0,2911.04,0.0,0.0,0
d3ceae53-5516-4152-a247-d101c45a4912,2025-05-27,25,0.361,9,27085.97,3009.552222,1.0,7361.11,4.0,10497.56,748,24.75,7361.11,2.239341,0.0,0
d3f21a44-d6a7-4183-9e3d-ca1e2f665ada,2025-05-27,2,0.2326,4,4996.08,1249.02,1.0,603.09,3.0,4165.63,516,29.6667,603.09,-0.830713,-0.5,0
d5357dae-eafa-48fc-9a2b-b791e7c9e85e,2025-05-27,29,0.1291,3,1883.82,627.94,1.0,230.16,2.0,580.98,697,43.5,230.16,0.0,0.0,0
d536df89-ae17-40cc-ae90-1ec234f2db3e,2025-05-27,8,0.0367,1,9176.79,9176.79,1.0,9176.79,1.0,9176.79,818,0.0,9176.79,0.0,0.0,0
d5bde5d5-ffb3-40af-bfb0-e1fbc0fc8ac6,2025-05-27,40,0.1633,3,8989.66,2996.553333,0.0,0.0,1.0,5182.59,551,50.5,5182.59,-1.0,-1.0,0
d6235160-cff1-499b-8088-b1ef010206d2,2025-05-27,127,0.038,1,4076.94,4076.94,0.0,0.0,0.0,0.0,790,0.0,4076.94,0.0,0.0,0
d68104da-a018-4b47-aeb2-cb32a2380b79,2025-05-27,25,0.0462,1,794.05,794.05,1.0,794.05,1.0,794.05,649,0.0,794.05,0.0,0.0,0
d6b350eb-48ff-4268-b8d2-d00fb5bd3417,2025-05-27,23,0.1293,3,8422.76,2807.586667,1.0,2017.19,3.0,8422.76,696,29.5,2017.19,-0.653094,0.0,1
d6e6f2c0-9d75-46fe-a6d0-19f4998b8aa0,2025-05-27,59,0.1139,2,4590.15,2295.075,0.0,0.0,1.0,3161.25,527,181.0,3161.25,-1.0,-1.0,0
d74a8b02-d712-4df5-b21a-91890f17146e,2025-05-27,13,0.108,3,9527.08,3175.693333,1.0,3622.68,1.0,3622.68,833,70.0,3622.68,0.0,0.0,0
d768ded2-0e1f-4338-a373-8cb12093b6b9,2025-05-27,36,0.2128,7,9047.98,1292.568571,0.0,0.0,5.0,5806.22,987,28.5,1439.11,-1.0,-1.0,0
d7daaa71-d5b3-4958-ac9f-03d1c8077bf4,2025-05-27,16,0.0603,2,11068.97,5534.485,2.0,11068.97,2.0,11068.97,995,6.0,7450.45,0.0,0.0,0
da7dbacc-46a8-44dc-b4c5-5e21bf437da6,2025-05-27,3,0.2469,8,23506.17,2938.27125,1.0,644.46,3.0,5428.39,972,29.2857,644.46,0.16638,0.0,0
dac7247b-1af7-458e-a5b0-4c00df11636c,2025-05-27,35,0.0453,1,67.92,67.92,0.0,0.0,1.0,67.92,662,0.0,67.92,-1.0,-1.0,0
db49dbe2-b046-4b0c-8d11-6e496b852270,2025-05-27,30,0.4173,9,25634.76,2848.306667,0.0,0.0,4.0,12485.14,647,28.375,1905.2,-1.0,-1.0,0
dbc5aa6b-529c-4c91-8331-7ec33c8503bb,2025-05-27,6,0.2626,8,11485.21,1435.65125,2.0,2962.92,5.0,5922.19,914,22.8571,1654.98,0.653203,0.0,0
dc1aef37-ddb1-4abc-a40f-974a11372fc7,2025-05-27,96,0.0758,2,5425.2,2712.6,0.0,0.0,0.0,0.0,792,9.0,2622.11,0.0,0.0,0
dc32c9bc-f5b1-425c-b068-0f753d9baf2f,2025-05-27,52,0.1107,3,2986.49,995.496667,0.0,0.0,2.0,1959.86,813,78.5,319.07,-1.0,-1.0,0
dcdc70f5-6a80-4b14-8487-b99c29cfcb2e,2025-05-27,26,0.18,3,9897.32,3299.106667,1.0,6628.02,3.0,9897.32,500,24.5,6628.02,4.65719,0.0,0
debb1669-0087-4b21-a027-8766438b09f1,2025-05-27,37,0.2168,5,16103.41,3220.682,0.0,0.0,3.0,6503.18,692,47.0,465.57,-1.0,-1.0,0
df5f2a94-fa46-46dc-b4fc-0a08486e8118,2025-05-27,106,0.091,2,753.25,376.625,0.0,0.0,0.0,0.0,659,7.0,162.48,0.0,0.0,0
df94c0e2-bf7b-4b60-9391-80972fa8058c,2025-05-27,144,0.0311,1,1388.35,1388.35,0.0,0.0,0.0,0.0,966,0.0,1388.35,0.0,0.0,1
e040241c-efa6-453e-8e84-6caae95e5811,2025-05-27,135,0.0711,1,5096.18,5096.18,0.0,0.0,0.0,0.0,422,0.0,5096.18,0.0,0.0,0
e05c9e8f-2852-4c9d-9c2a-756d89ba64a0,2025-05-27,3,0.3394,10,36695.74,3669.574,3.0,16154.09,5.0,23616.15,884,29.4444,4907.28,2.962308,2.0,0
e0666bd9-81b4-4c0c-aa13-af3137aaca09,2025-05-27,31,0.0319,1,823.98,823.98,0.0,0.0,1.0,823.98,939,0.0,823.98,-1.0,-1.0,1
e223a14f-9752-4dfc-b998-04cfae44ca10,2025-05-27,54,0.2781,8,18970.57,2371.32125,0.0,0.0,2.0,6873.69,863,20.4286,2788.09,-1.0,-1.0,0
e400fe49-64f8-4e45-8877-6c5fd0a7747d,2025-05-27,14,0.1802,6,13952.24,2325.373333,2.0,2446.89,4.0,5220.53,999,40.0,2047.74,0.0,0.0,0
e408e6a2-589e-4b0f-a98f-6a5e0f9e9e53,2025-05-27,34,0.2079,6,14942.73,2490.455,0.0,0.0,3.0,5397.85,866,32.4,4415.57,-1.0,-1.0,0
e4636af2-ab68-4a83-a019-d77df1fa2bb5,2025-05-27,53,0.1417,3,2082.05,694.016667,0.0,0.0,2.0,1704.09,635,71.5,1057.81,-1.0,-1.0,1
e51c365e-179f-4c2e-92f5-bc4c2fc6282a,2025-05-27,26,0.178,6,12646.69,2107.781667,1.0,669.26,4.0,5416.36,1011,32.2,669.26,-0.722645,-0.5,0
e61ddcc6-8917-49aa-b93d-ba7a21702a71,2025-05-27,105,0.1425,2,6019.65,3009.825,0.0,0.0,0.0,0.0,421,78.0,165.97,0.0,0.0,0
e630e7cb-c24b-49e2-af83-702facb0c4b9,2025-05-27,94,0.04,1,3739.05,3739.05,0.0,0.0,0.0,0.0,750,0.0,3739.05,0.0,0.0,0
e63160b3-9636-4ddf-b7f6-a843aef7e599,2025-05-27,37,0.0415,1,852.58,852.58,0.0,0.0,1.0,852.58,723,0.0,852.58,-1.0,-1.0,0
e74c4bf9-90b2-4723-8b21-9af623c5b124,2025-05-27,0,0.5505,8,20274.26,2534.2825,2.0,3542.99,3.0,6634.21,436,27.2857,2821.39,0.146146,1.0,0
e818ffda-4cf8-4137-92f5-f73ec2be9aac,2025-05-27,36,0.2394,3,3736.98,1245.66,0.0,0.0,3.0,3736.98,376,20.0,63.91,-1.0,-1.0,1
e85ec7b9-dc33-474f-b99d-d8ce41ac3c81,2025-05-27,53,0.064,2,6525.7,3262.85,0.0,0.0,1.0,5835.22,938,45.0,5835.22,-1.0,-1.0,1
e9152f33-f58e-4690-a02f-18066572acda,2025-05-27,5,0.2239,5,11794.85,2358.97,1.0,4374.72,4.0,9295.93,670,35.5,4374.72,0.105358,0.0,0
e9afc85a-81e7-4518-a4f2-c3650f0c8105,2025-05-27,81,0.1504,2,2853.16,1426.58,0.0,0.0,1.0,691.85,399,50.0,691.85,0.0,0.0,0
eb632b3d-7715-4810-ac99-01c19831c220,2025-05-27,31,0.169,4,12073.73,3018.4325,0.0,0.0,1.0,3419.92,710,74.6667,3419.92,-1.0,-1.0,0
ebbc4745-0985-45f9-b142-3002a577acc3,2025-05-27,62,0.0303,1,147.69,147.69,0.0,0.0,1.0,147.69,991,0.0,147.69,0.0,0.0,0
ebe34170-88a5-4097-a231-ec6187114560,2025-05-27,11,0.1399,2,11000.45,5500.225,1.0,8237.79,1.0,8237.79,429,112.0,8237.79,0.0,0.0,0
ec0b1685-64bd-41e0-8aa1-e25e3abe480b,2025-05-27,0,0.1118,3,9446.86,3148.953333,1.0,3143.83,2.0,6377.57,805,95.0,3143.83,-0.027804,0.0,0
ec140a91-94c2-46b5-90c6-215cbcc0402e,2025-05-27,123,0.0394,1,868.56,868.56,0.0,0.0,0.0,0.0,762,0.0,868.56,0.0,0.0,0
ec6b856d-40f2-41ed-a20b-7af257224723,2025-05-27,24,0.0611,2,10901.13,5450.565,1.0,3206.3,1.0,3206.3,982,173.0,3206.3,0.0,0.0,0
ed2171b1-c19b-4e0d-8734-299f1f997a16,2025-05-27,47,0.1161,3,2851.97,950.656667,0.0,0.0,3.0,2851.97,775,9.5,920.64,-1.0,-1.0,0
ed3be97a-9e98-4ace-ba11-f1c0e145bfd5,2025-05-27,63,0.0341,1,3702.09,3702.09,0.0,0.0,1.0,3702.09,879,0.0,3702.09,0.0,0.0,0
ed43e4c6-255f-4de8-9134-6d5542faa41b,2025-05-27,33,0.0357,1,1657.59,1657.59,0.0,0.0,1.0,1657.59,840,0.0,1657.59,-1.0,-1.0,1
eddc4ec7-f3d1-445e-8c5f-3f767fd5305e,2025-05-27,29,0.152,3,13133.67,4377.89,1.0,5820.57,1.0,5820.57,592,45.0,5820.57,0.0,0.0,1
edf4822d-49a2-4ae7-95c1-975b85069210,2025-05-27,86,0.2414,4,12487.98,3121.995,0.0,0.0,1.0,1817.93,497,52.3333,1817.93,0.0,0.0,0
efa9353f-2d88-426a-a592-e6a1f87c7b1b,2025-05-27,5,0.1519,2,13451.83,6725.915,1.0,3820.05,1.0,3820.05,395,162.0,3820.05,0.0,0.0,0
f17f8b99-61d1-4e7b-a6d3-4d0334235cc5,2025-05-27,144,0.0402,1,621.76,621.76,0.0,0.0,0.0,0.0,746,0.0,621.76,0.0,0.0,0
f201cdf9-cb7c-4b4b-8da0-68bccc439429,2025-05-27,17,0.5594,8,17338.96,2167.37,1.0,7109.06,2.0,7458.24,429,28.7143,7109.06,19.359299,0.0,0
f21b3e42-ab75-442f-8649-bca6bf44c9d8,2025-05-27,72,0.0485,1,3017.62,3017.62,0.0,0.0,1.0,3017.62,619,0.0,3017.62,0.0,0.0,0
f223cb41-eede-43d3-bafb-311ac6aab7d7,2025-05-27,246,0.0397,1,2833.43,2833.43,0.0,0.0,0.0,0.0,755,0.0,2833.43,0.0,0.0,1
f288b108-b674-41c7-91d6-0f5fdb761b37,2025-05-27,12,0.0619,2,2163.14,1081.57,1.0,547.45,1.0,547.45,970,111.0,547.45,0.0,0.0,0
f2c6c870-59a5-4df4-8f5a-85d42b868208,2025-05-27,0,0.0875,2,6383.12,3191.56,1.0,5733.21,1.0,5733.21,686,92.0,5733.21,0.0,0.0,0
f311db56-da65-41a9-a889-888c821ca32c,2025-05-27,27,0.1031,2,5280.94,2640.47,1.0,3173.44,2.0,5280.94,582,40.0,3173.44,0.0,0.0,0
f3d3da1e-a146-45f1-bea7-4e9b3d5e991e,2025-05-27,31,0.1599,3,8927.58,2975.86,0.0,0.0,2.0,6757.22,563,101.0,3337.3,-1.0,-1.0,1
f5905fb3-1b37-4afd-80b2-3e6bb136b5b1,2025-05-27,23,0.0905,3,9470.02,3156.673333,1.0,5491.86,2.0,7567.97,994,36.0,5491.86,1.645264,0.0,1
f5f339bf-3ab5-4a2e-916f-2db044568f67,2025-05-27,6,0.277,7,12322.47,1760.352857,3.0,5420.05,5.0,10490.74,758,39.1667,2614.57,11.232667,2.0,0
f5f5a8ec-4cbe-4541-a494-d455225a8197,2025-05-27,5,0.167,3,6388.92,2129.64,1.0,307.49,2.0,1045.96,539,77.0,307.49,0.0,0.0,1
f6176f19-c718-4746-9808-d110ecf53a50,2025-05-27,25,0.4339,7,19217.8,2745.4,1.0,10590.56,3.0,15872.14,484,29.1667,10590.56,1.005188,-0.5,0
f631940b-26c5-4144-a328-f2b93f3b2f7e,2025-05-27,62,0.0735,2,4389.78,2194.89,0.0,0.0,1.0,306.67,816,89.0,306.67,0.0,0.0,1
f6a6bafb-8098-4f2d-ae6d-689b77c84f2b,2025-05-27,52,0.1485,2,6388.7,3194.35,0.0,0.0,1.0,553.48,404,68.0,553.48,-1.0,-1.0,0
f6c06ee2-7826-4de2-af26-9b9143bd5efb,2025-05-27,42,0.1105,2,4769.53,2384.765,0.0,0.0,2.0,4769.53,543,21.0,3076.97,-1.0,-1.0,0
f819f234-f7a8-41f3-8b26-732ac35c4d0b,2025-05-27,59,0.1288,2,2711.08,1355.54,0.0,0.0,1.0,2400.36,466,155.0,2400.36,-1.0,-1.0,0
f8435633-4f8d-462d-872a-e6a541d39872,2025-05-27,35,0.2106,7,20816.24,2973.748571,0.0,0.0,3.0,7022.19,997,24.6667,1849.43,-1.0,-1.0,0
f8a3ae68-a437-491d-b88b-abad9164379f,2025-05-27,11,0.8434,14,47719.87,3408.562143,3.0,11461.14,7.0,23865.63,498,18.5385,9176.79,0.233888,0.5,0
fb5d70c0-f7cf-4096-a606-58d8efdd864b,2025-05-27,58,0.0473,1,497.92,497.92,0.0,0.0,1.0,497.92,634,0.0,497.92,-1.0,-1.0,1
fc625523-78f4-4bf4-920a-ec3d6bf61de9,2025-05-27,96,0.0373,1,1428.12,1428.12,0.0,0.0,0.0,0.0,805,0.0,1428.12,0.0,0.0,0
fc90d768-4902-4267-aee4-185b5584cee7,2025-05-27,11,0.3297,8,13081.8,1635.225,1.0,865.92,5.0,4923.63,728,16.7143,865.92,2.719747,0.0,0
fd071015-793c-469e-bc3a-2f94a20f8f62,2025-05-27,43,0.075,2,9481.51,4740.755,0.0,0.0,1.0,4231.25,800,69.0,4231.25,-1.0,-1.0,1
fdbf5f6b-5e04-401e-b01c-dadaea29b6bf,2025-05-27,31,0.0857,2,3753.1,1876.55,0.0,0.0,2.0,3753.1,700,26.0,1902.05,-1.0,-1.0,0
feb9f5f4-bed9-4b39-bb94-062fa9706005,2025-05-27,9,0.3236,7,38702.41,5528.915714,1.0,3045.99,2.0,4706.88,649,38.6667,3045.99,0.83395,0.0,0
fec6b81b-c723-45e8-a11f-75a4cb6a1381,2025-05-27,36,0.4127,10,26566.18,2656.618,0.0,0.0,6.0,13644.17,727,13.4444,2833.43,-1.0,-1.0,0
ff29a3b3-fb27-44ad-8dcc-9551fb3c7420,2025-05-27,16,0.8075,13,32613.84,2508.756923,2.0,7001.64,6.0,11179.46,483,20.5,381.74,0.982602,-0.3333,0
ffb862d5-c41a-4b47-8ccf-b781447c9d8f,2025-05-27,112,0.0369,1,1246.35,1246.35,0.0,0.0,0.0,0.0,814,0.0,1246.35,0.0,0.0,0
ffc7534a-f026-4ccd-94d9-540e6abbb59f,2025-05-27,2,0.0674,1,806.87,806.87,1.0,806.87,1.0,806.87,445,0.0,806.87,0.0,0.0,1
008e597a-3a9f-4d40-9452-50852330ae26,2025-06-26,16,0.0543,1,1279.3,1279.3,1.0,1279.3,1.0,1279.3,552,0.0,1279.3,0.0,0.0,1
00acfd4d-b8a4-441a-b965-3c900cea01a1,2025-06-26,3,0.2893,7,25447.71,3635.387143,2.0,2518.9,3.0,7807.96,726,33.6667,2041.53,0.0,0.0,0
01a1b558-e312-42e2-ae36-718f30634861,2025-06-26,100,0.0446,1,3602.18,3602.18,0.0,0.0,0.0,0.0,673,0.0,3602.18,0.0,0.0,1
027e2c71-76f6-44d8-b214-51097fc3e605,2025-06-26,5,0.8654,12,21965.22,1830.435,1.0,1113.87,4.0,8350.27,416,21.2727,1113.87,-0.753203,0.0,0
033361ce-6653-4ee7-bee4-3fdbd06887c9,2025-06-26,146,0.0865,2,4098.96,2049.48,0.0,0.0,0.0,0.0,694,4.0,925.52,0.0,0.0,0
03d535e6-bab9-4699-93ff-729d55e623f0,2025-06-26,158,0.0432,1,599.51,599.51,0.0,0.0,0.0,0.0,694,0.0,599.51,0.0,0.0,0
0443c1b9-9e56-4bed-b673-1441efe40f38,2025-06-26,104,0.0758,2,1005.07,502.535,0.0,0.0,0.0,0.0,792,7.0,550.59,0.0,0.0,0
050980d5-34a4-4416-b487-3ba57e340fdf,2025-06-26,16,0.0698,2,7793.16,3896.58,1.0,321.97,2.0,7793.16,859,34.0,321.97,-0.956905,0.0,1
05f197bf-0bdd-44a5-84bb-1878a08666b6,2025-06-26,3,0.414,13,29967.93,2305.225385,3.0,11887.84,9.0,20797.99,942,18.1667,943.46,3.071624,0.0,0
066b0bf5-5f5a-4c95-a709-b1fc1d059f94,2025-06-26,7,0.527,13,43099.68,3315.36,6.0,23252.99,9.0,31873.44,740,18.4167,6266.43,5.651408,5.0,0
06771e16-c89d-4440-9d23-12b982301e00,2025-06-26,9,0.2278,6,13951.15,2325.191667,2.0,7253.26,5.0,9196.01,790,33.2,3419.04,8.883576,1.0,0
0833337f-d730-49c9-98d3-adc98d0ffdd5,2025-06-26,42,0.0676,2,2952.69,1476.345,0.0,0.0,1.0,819.09,887,114.0,819.09,-1.0,-1.0,0
08667cf4-ac3a-45ee-a2ce-c49435d37bd6,2025-06-26,81,0.1471,2,1819.54,909.77,0.0,0.0,1.0,1065.14,408,83.0,1065.14,0.0,0.0,1
0915900f-d22e-42b0-8e9e-810e55498a13,2025-06-26,3,0.4449,14,42917.33,3065.523571,2.0,14904.71,6.0,22071.63,944,16.6154,5293.97,7.446557,0.0,0
091ba1e5-58cf-4e6c-badc-17dbe89dea69,2025-06-26,10,0.5673,17,51190.66,3011.215294,5.0,19890.9,7.0,28245.45,899,18.0,3658.58,1.971603,4.0,0
097828d9-6691-4ec3-9ba8-624b866da2cf,2025-06-26,92,0.0723,1,232.79,232.79,0.0,0.0,0.0,0.0,415,0.0,232.79,0.0,0.0,0
099dc7e9-7010-498d-a042-18b5e023a832,2025-06-26,2,0.061,1,1145.21,1145.21,1.0,1145.21,1.0,1145.21,492,0.0,1145.21,0.0,0.0,0
09c23830-7cee-4f7c-94cb-8d5486ccf53f,2025-06-26,41,0.1134,3,7553.96,2517.986667,0.0,0.0,2.0,6602.93,794,40.0,2187.36,-1.0,-1.0,1
0b56c7b0-943b-425a-b6dc-6ab9f4e721ae,2025-06-26,30,0.1721,3,4272.74,1424.246667,0.0,0.0,2.0,3442.87,523,52.0,499.42,-1.0,-1.0,1
0b94772b-0571-4308-92cc-ac6baf2ac02b,2025-06-26,19,0.2699,7,25442.04,3634.577143,1.0,2601.26,4.0,15017.3,778,37.3333,2601.26,-0.790492,-0.6667,0
0c75c934-71c3-45ff-9de2-91babfa75c3f,2025-06-26,53,0.2187,5,19980.5,3996.1,0.0,0.0,3.0,11191.57,686,23.25,4864.59,-1.0,-1.0,0
0c9d8d71-baa9-4ddf-936f-0c9137dc6dc6,2025-06-26,144,0.0322,1,411.99,411.99,0.0,0.0,0.0,0.0,932,0.0,411.99,0.0,0.0,0
0d0e2d20-27bb-4c93-9f8f-b7710b37194a,2025-06-26,21,0.2328,7,36829.87,5261.41,1.0,307.49,5.0,27786.84,902,34.8333,307.49,-0.98881,-0.75,0
0d5cae3a-3f1a-4ef0-b794-ba9364aaff19,2025-06-26,34,0.0922,2,4392.51,2196.255,0.0,0.0,2.0,4392.51,651,53.0,2415.13,-1.0,-1.0,1
0e76c917-2eca-40e2-9cbd-346ac241a7fa,2025-06-26,39,0.0369,1,1064.35,1064.35,0.0,0.0,1.0,1064.35,812,0.0,1064.35,-1.0,-1.0,0
0e79db9e-6873-435b-b29c-9f8be3977517,2025-06-26,33,0.0941,3,7941.6,2647.2,0.0,0.0,2.0,5292.26,956,55.0,3390.21,-1.0,-1.0,0
0e83066e-d18a-4165-9e12-fbcb5945fbb6,2025-06-26,113,0.042,1,4026.25,4026.25,0.0,0.0,0.0,0.0,714,0.0,4026.25,0.0,0.0,0
108df563-ddcd-4802-83f7-6f5da40664d0,2025-06-26,91,0.0464,1,1139.97,1139.97,0.0,0.0,0.0,0.0,647,0.0,1139.97,0.0,0.0,0
10cb2e84-0bd1-4b29-8db3-06ae3488789d,2025-06-26,51,0.3132,5,19281.7,3856.34,0.0,0.0,1.0,661.74,479,58.25,661.74,-1.0,-1.0,0
113fc32a-23b9-4b41-82f4-df6c2b1ae4ae,2025-06-26,20,0.1466,5,3404.7,680.94,1.0,312.45,2.0,2289.83,1023,39.5,312.45,0.0,0.0,0
118ee786-a564-468b-9121-6d099423827f,2025-06-26,109,0.0364,1,1139.97,1139.97,0.0,0.0,0.0,0.0,824,0.0,1139.97,0.0,0.0,1
119de36d-41b2-4136-a3a2-0b81cfcdf6f9,2025-06-26,132,0.1987,4,13253.0,3313.25,0.0,0.0,0.0,0.0,604,23.0,694.18,0.0,0.0,0
121edff8-dfb7-4758-a559-7855430672f3,2025-06-26,4,0.5742,8,32982.44,4122.805,3.0,11917.75,7.0,29672.85,418,25.0,7270.86,-0.276876,0.0,0
12be2694-e03e-4703-878e-8ce9ad582cf1,2025-06-26,51,0.0921,3,10954.22,3651.406667,0.0,0.0,1.0,4630.19,977,100.0,4630.19,-1.0,-1.0,0
13995ae9-c50f-4813-b0ba-6e044fe0b9ef,2025-06-26,14,0.2013,5,14676.83,2935.366,2.0,5737.84,3.0,10643.6,745,55.0,5562.93,0.0,0.0,0
13b4e054-f5c9-4aaa-adb2-89ae2ad3a8bb,2025-06-26,0,0.1453,4,9794.76,2448.69,2.0,4596.54,3.0,9351.68,826,57.6667,3538.52,0.0,0.0,1
13d8502b-672a-495d-a3f4-30157008db99,2025-06-26,121,0.057,1,621.76,621.76,0.0,0.0,0.0,0.0,526,0.0,621.76,0.0,0.0,0
1445cd5d-91a8-417f-b07d-805a30ad7fb7,2025-06-26,8,0.1989,5,8354.96,1670.992,2.0,3988.81,2.0,3988.81,754,38.0,1303.19,0.0,0.0,1
1686f723-a337-4bf4-aedd-21d353bffde6,2025-06-26,122,0.0664,1,4095.42,4095.42,0.0,0.0,0.0,0.0,452,0.0,4095.42,0.0,0.0,0
1762b46f-b7ef-481c-9e0b-7e6d2033bcf4,2025-06-26,9,0.9155,13,42576.86,3275.143077,5.0,18195.75,11.0,38140.72,426,24.25,1245.2,1.981546,1.5,0
1790c003-10df-448c-b85d-1632f261eb08,2025-06-26,118,0.1235,2,1612.25,806.125,0.0,0.0,0.0,0.0,486,55.0,230.16,0.0,0.0,1
18f1b310-96f4-4c2e-b99b-5b091b3e0999,2025-06-26,17,0.044,1,4381.97,4381.97,1.0,4381.97,1.0,4381.97,682,0.0,4381.97,0.0,0.0,0
1948ea27-1b6a-4dd3-8c99-b399dcf88ed3,2025-06-26,18,0.3777,7,21718.71,3102.672857,3.0,13391.53,5.0,16421.5,556,12.8333,5212.73,3.419691,0.5,0
1a467aee-8d4c-4127-8afb-fde18c339771,2025-06-26,12,0.2058,5,12044.37,2408.874,3.0,7292.94,3.0,7292.94,729,44.75,4907.28,0.0,0.0,0
1a980af4-4a6b-40eb-a9a0-f4ffc25c68aa,2025-06-26,70,0.1062,2,7241.75,3620.875,0.0,0.0,1.0,2097.69,565,129.0,2097.69,0.0,0.0,0
1b167ea1-66cf-416e-82fc-b6448dbddf75,2025-06-26,2,0.1302,3,12549.65,4183.216667,1.0,7109.81,2.0,10283.25,691,44.5,7109.81,0.0,0.0,0
1b1ed7c2-6b3b-4ab2-9092-bb1c6ed900ba,2025-06-26,117,0.0567,1,2483.9,2483.9,0.0,0.0,0.0,0.0,529,0.0,2483.9,0.0,0.0,0
1c22a6c4-3de0-4f96-b62a-3a6edbbaf732,2025-06-26,7,0.4276,13,31055.02,2388.847692,4.0,10511.53,7.0,19160.17,912,20.4167,352.67,0.889567,3.0,0
1fff1144-0a72-44bd-ae41-900fd84b9dec,2025-06-26,1,0.3514,11,36171.9,3288.354545,2.0,6668.94,6.0,20550.01,939,25.7,3410.98,-0.325037,-0.3333,0
20538050-69a2-4a47-9dd1-b9142fb76c57,2025-06-26,43,0.0777,2,4283.35,2141.675,0.0,0.0,1.0,3504.91,772,57.0,3504.91,-1.0,-1.0,1
2068266d-f715-474b-b293-1caa9d9e7b74,2025-06-26,6,0.0441,1,491.99,491.99,1.0,491.99,1.0,491.99,680,0.0,491.99,0.0,0.0,0
20791844-68d1-4c47-8940-96e45daf918f,2025-06-26,16,0.4063,13,36543.75,2811.057692,1.0,6226.0,6.0,22328.27,960,22.5,6226.0,-0.545835,-0.6667,0
20862386-94e2-45f7-815a-43c7bc2f2b60,2025-06-26,31,0.064,2,9555.37,4777.685,0.0,0.0,2.0,9555.37,938,5.0,8032.38,-1.0,-1.0,0
21a51334-c936-4d66-b3de-22e7b162ade5,2025-06-26,14,0.064,2,6783.26,3391.63,1.0,1487.52,1.0,1487.52,938,209.0,1487.52,0.0,0.0,0
2259bbe9-5f76-414c-ac70-cb078652ec8b,2025-06-26,146,0.0462,1,2461.58,2461.58,0.0,0.0,0.0,0.0,649,0.0,2461.58,0.0,0.0,1
2277c61c-6a77-4651-9d4b-9cccf937b007,2025-06-26,263,0.0347,1,1942.79,1942.79,0.0,0.0,0.0,0.0,864,0.0,1942.79,0.0,0.0,0
229edd85-4113-4b2a-be5b-1cc986fd5173,2025-06-26,3,0.3279,6,14836.34,2472.723333,1.0,3067.05,3.0,5658.84,549,32.6,3067.05,0.183371,-0.5,0
22c9e11f-8a46-446c-a948-06b756976159,2025-06-26,6,0.085,2,10427.8,5213.9,1.0,9660.48,1.0,9660.48,706,237.0,9660.48,0.0,0.0,0
2576b737-f022-4e9c-8640-a88226cea0ff,2025-06-26,1,0.5769,11,23530.16,2139.105455,3.0,3225.46,4.0,5257.29,572,21.2,763.48,0.0,0.0,0
267963b4-ed35-41d7-b2ce-cc6088afbd06,2025-06-26,19,0.0437,1,2369.93,2369.93,1.0,2369.93,1.0,2369.93,686,0.0,2369.93,0.0,0.0,0
27121f78-6ac9-48b9-bd1d-14e1b17b0217,2025-06-26,51,0.1224,3,3449.29,1149.763333,0.0,0.0,1.0,971.58,735,62.5,971.58,-1.0,-1.0,0
272c06ef-927d-483b-b924-350e81ee8dfe,2025-06-26,58,0.0637,2,6913.98,3456.99,0.0,0.0,1.0,2774.14,942,66.0,2774.14,-1.0,-1.0,1
27415395-c694-42d4-a2b5-04dfddb578f5,2025-06-26,110,0.0579,2,2460.07,1230.035,0.0,0.0,0.0,0.0,1037,144.0,2060.81,0.0,0.0,0
274dc0d8-8ff4-4a0e-a6cd-722b3eed949b,2025-06-26,5,0.0598,1,403.44,403.44,1.0,403.44,1.0,403.44,502,0.0,403.44,0.0,0.0,1
28db185a-0491-429f-bcbf-840c74d94b1e,2025-06-26,114,0.0518,1,1120.79,1120.79,0.0,0.0,0.0,0.0,579,0.0,1120.79,0.0,0.0,0
28e3eb2f-4e60-491c-8ecf-9260a4a4ced4,2025-06-26,2,0.3151,10,33665.86,3366.586,3.0,4642.95,7.0,9109.32,952,23.8889,2336.61,56.683563,2.0,0
28fe8878-f7c1-4a80-9dc8-ab4bf2bbd40a,2025-06-26,100,0.1053,2,3134.29,1567.145,0.0,0.0,0.0,0.0,570,23.0,2860.2,0.0,0.0,0
29da7f9b-7059-4c90-999f-3737f7557ee5,2025-06-26,73,0.0915,2,2193.87,1096.935,0.0,0.0,1.0,1728.3,656,35.0,1728.3,0.0,0.0,0
2b7d87b4-19c8-4ef8-88c3-9bc34019b9ea,2025-06-26,76,0.0345,1,638.15,638.15,0.0,0.0,1.0,638.15,869,0.0,638.15,0.0,0.0,0
2c1bec68-3786-4dae-bb18-e5be2c55ad92,2025-06-26,150,0.0333,1,1324.34,1324.34,0.0,0.0,0.0,0.0,900,0.0,1324.34,0.0,0.0,1
2c3ca1b8-7c76-4a4c-80bf-5314fb7f22ae,2025-06-26,8,0.2879,10,30314.05,3031.405,1.0,3347.69,5.0,13642.66,1042,28.6667,3347.69,-0.539615,-0.5,0
2c513a38-ffd7-477a-8bc7-7f96f8b9ca38,2025-06-26,97,0.0733,1,2387.76,2387.76,0.0,0.0,0.0,0.0,409,0.0,2387.76,0.0,0.0,1
2d2d74d8-47ee-4fdd-a00f-61966c2b1b25,2025-06-26,167,0.0478,1,2202.35,2202.35,0.0,0.0,0.0,0.0,627,0.0,2202.35,0.0,0.0,1
2e532847-959f-4087-bd6e-85a52170ee01,2025-06-26,6,0.1729,4,6439.84,1609.96,2.0,4507.82,4.0,6439.84,694,22.3333,3658.58,0.0,0.0,0
2fcab125-0690-4478-91f9-6c3b3e5eada3,2025-06-26,107,0.0683,2,2113.42,1056.71,0.0,0.0,0.0,0.0,878,2.0,2059.94,0.0,0.0,0
2fd49fb9-c8b2-4ec3-b38c-a061a73e1168,2025-06-26,12,0.3762,8,22178.18,2772.2725,1.0,1879.52,5.0,15313.81,638,26.0,1879.52,-0.830801,-0.6667,0
2fdb2470-7bb8-4ff4-90ef-b13139714701,2025-06-26,68,0.2294,4,7389.57,1847.3925,0.0,0.0,1.0,2461.58,523,53.6667,2461.58,0.0,0.0,0
30234645-3e34-4245-a4e4-e0e65a95e222,2025-06-26,16,0.249,4,10912.11,2728.0275,1.0,1987.55,3.0,9609.27,482,32.3333,1987.55,-0.728579,0.0,0
3137607b-7cb7-42f6-bf45-44b8618d38d2,2025-06-26,21,0.3488,5,16754.78,3350.956,1.0,3973.53,3.0,9484.34,430,52.25,3973.53,-0.278957,-0.5,0
31e4bcb5-1a69-45eb-a2c7-5bfa73cdfca1,2025-06-26,16,0.281,9,18426.85,2047.427778,3.0,5836.74,6.0,13178.75,961,18.75,328.53,0.0,0.0,0
32ab5f7d-2c86-49a3-b8c6-009538e6624d,2025-06-26,26,0.2377,5,12797.89,2559.578,1.0,61.5,4.0,11855.11,631,59.0,61.5,-0.990327,0.0,0
334ea671-bdee-4328-983b-35a799b372d6,2025-06-26,2,0.2323,8,18235.84,2279.48,3.0,6061.22,3.0,6061.22,1033,30.7143,1128.32,0.0,0.0,0
3378475b-b350-4593-9546-01468d85dcd8,2025-06-26,66,0.3417,5,6780.01,1356.002,0.0,0.0,3.0,5358.68,439,16.75,1175.83,0.0,0.0,0
33879d3b-ca28-410e-9d37-7a429d1c33aa,2025-06-26,59,0.0784,2,3578.95,1789.475,0.0,0.0,1.0,501.98,765,238.0,501.98,-1.0,-1.0,0
33ee3ff1-854d-447c-b205-31e8f43b9b20,2025-06-26,146,0.1374,3,4633.83,1544.61,0.0,0.0,0.0,0.0,655,25.0,1978.87,0.0,0.0,1
342211c4-67cb-41aa-92dd-fdfb475efd26,2025-06-26,24,0.0544,1,2336.61,2336.61,1.0,2336.61,1.0,2336.61,551,0.0,2336.61,0.0,0.0,1
34a16a66-821a-489f-8fc2-67d38c8256d4,2025-06-26,39,0.1571,4,16454.4,4113.6,0.0,0.0,1.0,4953.92,764,55.0,4953.92,-1.0,-1.0,0
34a5889e-5833-48a0-a0ba-44d9c14b5e71,2025-06-26,67,0.0602,1,864.15,864.15,0.0,0.0,1.0,864.15,498,0.0,864.15,0.0,0.0,0
34f539cb-584e-4259-ac9f-44e6d5484ebf,2025-06-26,1,0.5535,10,34552.04,3455.204,2.0,13132.82,4.0,15587.98,542,27.6667,7471.19,0.0,0.0,0
34fc1ab3-f5c6-4545-9ba9-158e780f74bd,2025-06-26,4,0.1792,5,7546.57,1509.314,1.0,78.11,1.0,78.11,837,47.75,78.11,0.0,0.0,0
36526e5e-f875-4c3e-a8d6-c50ede833ade,2025-06-26,38,0.3516,6,21932.58,3655.43,0.0,0.0,3.0,12519.49,512,34.4,7322.76,-1.0,-1.0,0
376ee9f0-6491-4a85-888a-05e690a5e05f,2025-06-26,182,0.047,1,4726.52,4726.52,0.0,0.0,0.0,0.0,638,0.0,4726.52,0.0,0.0,1
3773055e-a1f8-4fba-8846-a4b4eca5c2b7,2025-06-26,58,0.2239,4,6926.4,1731.6,0.0,0.0,2.0,3957.2,536,30.6667,3161.25,-1.0,-1.0,1
3907704e-d22a-40f9-9591-9c06dfc1b6d2,2025-06-26,7,0.2881,8,22797.67,2849.70875,2.0,4120.65,4.0,10330.13,833,35.8571,2482.46,0.0,0.0,0
399ee9ba-2674-41aa-a50a-7b370668b523,2025-06-26,37,0.1266,3,13193.07,4397.69,0.0,0.0,2.0,11438.99,711,48.0,1973.54,-1.0,-1.0,0
3a2f88d5-e75e-4285-9b59-ed2b46276d42,2025-06-26,27,0.0608,2,1253.39,626.695,1.0,441.0,2.0,1253.39,987,48.0,441.0,0.0,0.0,1
3a4a12e8-a3c4-4fe3-a0bc-ed28dee70ff0,2025-06-26,56,0.1161,3,4580.59,1526.863333,0.0,0.0,2.0,3349.8,775,50.5,2123.11,-1.0,-1.0,0
3a8f7a32-89b6-42d8-b99a-bc1041025065,2025-06-26,254,0.0322,1,1076.88,1076.88,0.0,0.0,0.0,0.0,931,0.0,1076.88,0.0,0.0,1
3b80de3a-118c-4393-9d4e-1994031e22b9,2025-06-26,28,0.2123,3,5868.65,1956.216667,1.0,1987.55,2.0,2587.06,424,31.0,1987.55,0.0,0.0,0
3bd0dd5d-7d24-48da-856a-69e393e5e5b9,2025-06-26,24,0.1144,3,9876.23,3292.076667,1.0,8204.85,1.0,8204.85,787,79.0,8204.85,0.0,0.0,0
3cc7350b-72e0-4990-a2f4-79f0e19bfe72,2025-06-26,0,0.2639,9,25733.27,2859.252222,3.0,4026.99,6.0,16136.52,1023,32.625,1045.31,-0.658812,0.5,0
3ce5849f-19ca-4eca-8a46-e4a3b8828dc2,2025-06-26,200,0.0392,1,2841.6,2841.6,0.0,0.0,0.0,0.0,766,0.0,2841.6,0.0,0.0,0
3d036612-3ff3-451e-a921-d163e55b4c30,2025-06-26,59,0.0707,2,2580.76,1290.38,0.0,0.0,1.0,1780.64,849,79.0,1780.64,-1.0,-1.0,0
3da770f9-a532-48df-a2e4-cf550c263161,2025-06-26,41,0.3112,5,11788.16,2357.632,0.0,0.0,3.0,9217.49,482,25.5,5660.74,-1.0,-1.0,0
3de6f533-5503-4109-875b-33f40109353f,2025-06-26,33,0.2161,6,19187.51,3197.918333,0.0,0.0,4.0,16975.52,833,42.0,7521.62,-1.0,-1.0,0
3e80243e-ed4d-46b5-a4ec-9aa1107c32da,2025-06-26,3,0.5076,10,35260.15,3526.015,3.0,13529.39,4.0,13879.21,591,25.0,1642.34,37.67529,2.0,0
3e8f3d31-4fdc-4858-8d58-87b8c70d1e61,2025-06-26,6,0.1109,2,8674.03,4337.015,1.0,8052.6,1.0,8052.6,541,212.0,8052.6,0.0,0.0,0
403ba4f6-3b05-4fb0-9c95-6068878e01b1,2025-06-26,14,0.3069,8,38876.43,4859.55375,2.0,15803.74,3.0,17142.47,782,36.1429,11830.21,10.805024,1.0,0
40abd3f4-34c6-407b-8dfe-8ff445cce235,2025-06-26,7,0.185,6,4216.07,702.678333,2.0,1816.05,3.0,2984.35,973,55.6,328.53,0.554438,1.0,0
414fbbd6-b12f-45a2-85f2-fd8a574567fa,2025-06-26,10,0.0641,2,1024.42,512.21,1.0,705.35,1.0,705.35,936,137.0,705.35,0.0,0.0,1
41906a86-bd78-43ee-a9ab-5f93230c56a1,2025-06-26,11,0.2897,9,20858.66,2317.628889,2.0,882.0,4.0,5033.25,932,35.25,367.5,0.0,0.0,0
41cc51fc-74f3-43aa-b9e8-c4269becb375,2025-06-26,41,0.1781,5,17098.09,3419.618,0.0,0.0,1.0,3554.9,842,37.5,3554.9,-1.0,-1.0,0
420464c7-e05c-4002-9ab4-902acb471c60,2025-06-26,26,0.3186,6,14855.93,2475.988333,1.0,9479.75,2.0,10634.31,565,46.8,9479.75,7.210704,0.0,0
42b4250f-96b0-4ca7-b063-8722469fafa6,2025-06-26,1,0.0566,1,5638.13,5638.13,1.0,5638.13,1.0,5638.13,530,0.0,5638.13,0.0,0.0,0
43b1d0a0-404f-48c8-96ee-46291e3ceaa3,2025-06-26,142,0.2663,6,12670.03,2111.671667,0.0,0.0,0.0,0.0,676,19.4,988.69,0.0,0.0,0
44e18ff7-c6c4-4f05-810a-10acda026843,2025-06-26,10,0.3341,10,34141.24,3414.124,3.0,16566.08,6.0,20001.44,898,21.3333,6801.05,5.51787,2.0,0
44e3f736-1e1f-478d-876f-f18c9b474ec7,2025-06-26,38,0.0863,3,21138.1,7046.033333,0.0,0.0,1.0,7361.11,1043,105.5,7361.11,-1.0,-1.0,0
44f08084-85aa-46b5-8832-5d1d2b8db2cc,2025-06-26,141,0.0357,1,159.54,159.54,0.0,0.0,0.0,0.0,840,0.0,159.54,0.0,0.0,1
454e54ed-b5e4-4096-9693-090f3ddaa42e,2025-06-26,35,0.1293,2,19049.35,9524.675,0.0,0.0,1.0,8452.92,464,184.0,8452.92,-1.0,-1.0,0
456196a3-f5fd-4769-85c9-fe12f73de5b9,2025-06-26,17,0.4729,9,28083.91,3120.434444,1.0,3384.97,5.0,15789.41,571,24.625,3384.97,-0.593423,-0.5,0
45b35575-e766-4b46-861c-910c86237813,2025-06-26,16,0.3866,10,22448.48,2244.848,1.0,339.7,2.0,3540.18,776,22.5556,339.7,0.0,0.0,0
45b88888-2215-4e91-9647-006d4a1e9e88,2025-06-26,10,0.2235,5,17126.53,3425.306,2.0,4936.56,5.0,17126.53,671,17.25,4142.51,0.0,0.0,1
46131e6b-4c77-4840-8255-973dc2b72450,2025-06-26,8,0.0974,3,5514.51,1838.17,1.0,1494.79,2.0,4668.23,924,77.0,1494.79,0.0,0.0,0
4625383b-ddb9-4a4e-8e05-f4c0efbb0b38,2025-06-26,35,0.0403,1,7151.97,7151.97,0.0,0.0,1.0,7151.97,744,0.0,7151.97,-1.0,-1.0,1
46b19404-7f1c-4813-a3e9-8ad7066efbfb,2025-06-26,22,0.0685,1,9419.47,9419.47,1.0,9419.47,1.0,9419.47,438,0.0,9419.47,0.0,0.0,0
46ced229-ee4c-418c-badd-2f91fc1ab760,2025-06-26,36,0.1513,3,5812.12,1937.373333,0.0,0.0,1.0,1270.83,595,55.5,1270.83,-1.0,-1.0,0
46df1799-2ada-4ee5-af3b-e819f704a921,2025-06-26,25,0.0288,1,2128.71,2128.71,1.0,2128.71,1.0,2128.71,1043,0.0,2128.71,0.0,0.0,1
48689e01-09c4-46f3-9d8e-5d6c440e56cb,2025-06-26,164,0.0295,1,1133.2,1133.2,0.0,0.0,0.0,0.0,1016,0.0,1133.2,0.0,0.0,0
48871682-8627-402c-b359-46e536c8c5f8,2025-06-26,102,0.198,4,6240.51,1560.1275,0.0,0.0,0.0,0.0,606,38.6667,1689.7,0.0,0.0,0
4985763f-1aec-4bc7-8147-1beeb7a2d9c0,2025-06-26,47,0.0868,3,2559.27,853.09,0.0,0.0,1.0,344.72,1037,45.0,344.72,-1.0,-1.0,0
49d4f65c-a7f6-423f-97b2-75571396471e,2025-06-26,7,0.1786,3,12699.97,4233.323333,1.0,801.57,1.0,801.57,504,114.0,801.57,0.0,0.0,1
4db8450b-3473-4e34-abb8-61b270b04333,2025-06-26,70,0.0852,2,1608.28,804.14,0.0,0.0,1.0,267.38,704,152.0,267.38,0.0,0.0,0
4ed5562c-399a-4f63-8123-7496d2617ad8,2025-06-26,16,0.1353,3,10645.12,3548.373333,2.0,10092.59,3.0,10645.12,665,27.0,5950.08,0.0,0.0,0
4ee7f9a8-1985-4e04-82b5-332cbc70c187,2025-06-26,138,0.1869,4,11164.75,2791.1875,0.0,0.0,0.0,0.0,642,24.0,712.26,0.0,0.0,0
4f4f2ef2-6350-45b8-af19-6bd90adfc454,2025-06-26,0,0.3915,11,32679.91,2970.900909,2.0,13066.0,8.0,30439.72,843,13.2,3837.9,0.059515,0.0,0
505deb96-02b0-4484-ae43-533961fa661d,2025-06-26,9,0.2675,7,11655.6,1665.085714,1.0,3045.99,3.0,6017.3,785,28.8333,3045.99,0.0,0.0,0
5097dfe0-2eb9-4792-a52b-170cf10ad290,2025-06-26,141,0.0576,1,390.54,390.54,0.0,0.0,0.0,0.0,521,0.0,390.54,0.0,0.0,1
5173c47a-a140-490b-afc1-af84817a605e,2025-06-26,141,0.0927,3,7466.95,2488.983333,0.0,0.0,0.0,0.0,971,33.5,2586.99,0.0,0.0,0
51833259-a233-414c-85fb-6ed59e50dfed,2025-06-26,15,0.6844,12,35767.36,2980.613333,2.0,1001.0,4.0,7960.51,526,24.7273,288.65,-0.456046,1.0,0
528aa423-6b23-4a2a-8e8b-d2c5976a5484,2025-06-26,1,0.0976,2,13541.08,6770.54,2.0,13541.08,2.0,13541.08,615,23.0,4824.69,0.0,0.0,0
529b58fc-1d6b-4a46-bcf3-bd50c058a284,2025-06-26,58,0.1893,4,10415.13,2603.7825,0.0,0.0,2.0,5345.43,634,34.0,1817.93,-1.0,-1.0,0
532c0027-0a87-4b04-8cd6-433b7eda14e0,2025-06-26,51,0.0843,2,10579.5,5289.75,0.0,0.0,1.0,5317.11,712,108.0,5317.11,-1.0,-1.0,1
5379215b-cc4c-4e00-a6c5-27be458826a0,2025-06-26,184,0.0317,1,3053.65,3053.65,0.0,0.0,0.0,0.0,946,0.0,3053.65,0.0,0.0,1
53cf422c-89ff-449d-9e2b-509585fbfa93,2025-06-26,79,0.1036,2,5308.94,2654.47,0.0,0.0,1.0,1041.26,579,122.0,1041.26,0.0,0.0,1
54739a70-fe3b-45f0-b6da-5eb96fddebc6,2025-06-26,16,0.7131,14,35878.21,2562.729286,3.0,6652.05,7.0,14640.34,589,16.3846,2631.38,0.0,0.0,0
549276f5-7982-4ddd-9090-30fd37f31bf6,2025-06-26,35,0.2284,6,19809.3,3301.55,0.0,0.0,3.0,11158.1,788,21.4,6433.78,-1.0,-1.0,0
556c3740-52fd-4022-8755-b92b9fa5342d,2025-06-26,59,0.1181,4,15465.05,3866.2625,0.0,0.0,1.0,4668.17,1016,74.3333,4668.17,-1.0,-1.0,0
5705b303-d99b-47e5-9620-2ac37d16bf70,2025-06-26,1,0.1408,2,2828.2,1414.1,1.0,2497.11,1.0,2497.11,426,96.0,2497.11,0.0,0.0,1
575ab059-021e-48cf-a1f6-39e5a9719349,2025-06-26,20,0.1531,4,15002.62,3750.655,1.0,6578.32,1.0,6578.32,784,54.0,6578.32,0.0,0.0,0
5768b4fe-4e94-4a79-bf94-aec56843c229,2025-06-26,39,0.0632,1,2412.34,2412.34,0.0,0.0,1.0,2412.34,475,0.0,2412.34,-1.0,-1.0,0
5772f550-5886-44ab-b618-cc525d22c053,2025-06-26,1,1.1084,15,36804.41,2453.627333,2.0,6783.29,8.0,18370.1,406,19.1429,5372.59,-0.341061,-0.6,0
5828d313-995e-4774-b19c-e8ac7bc3daea,2025-06-26,185,0.0295,1,183.39,183.39,0.0,0.0,0.0,0.0,1016,0.0,183.39,0.0,0.0,0
585a8991-c44f-4e18-b8e0-6283bf6f9aff,2025-06-26,62,0.1737,6,19487.83,3247.971667,0.0,0.0,1.0,2788.09,1036,40.6,2788.09,0.0,0.0,0
59749859-a81e-48e6-bc39-a362a3eada9b,2025-06-26,1,0.1944,3,16856.8,5618.933333,1.0,8052.6,3.0,16856.8,463,31.0,8052.6,0.409527,0.0,0
5a2542d2-8392-4c53-bbf2-259d1b7de2ba,2025-06-26,1,0.3348,5,18487.82,3697.564,3.0,12650.03,4.0,16285.47,448,31.5,1985.24,2.479642,2.0,0
5a60bb30-d49d-430c-b819-619528fa0373,2025-06-26,29,0.2299,4,5710.64,1427.66,1.0,1633.21,2.0,2199.81,522,67.0,1633.21,0.0,0.0,0
5b8f23c7-fa9a-4a08-9a59-251fb715af18,2025-06-26,223,0.0306,1,6419.44,6419.44,0.0,0.0,0.0,0.0,979,0.0,6419.44,0.0,0.0,0
5be61d8d-e5a3-403f-b61d-c9096e40b7fb,2025-06-26,88,0.038,1,1645.48,1645.48,0.0,0.0,1.0,1645.48,790,0.0,1645.48,0.0,0.0,0
5d5fa6d8-0ad7-4ade-be35-1c481b16b275,2025-06-26,4,0.4695,10,22442.3,2244.23,3.0,6533.76,6.0,10454.51,639,25.2222,2745.93,1.506852,2.0,0
600950e2-e195-4863-b978-6b55ea2f8a24,2025-06-26,39,0.2143,4,1311.29,327.8225,0.0,0.0,2.0,1101.31,560,36.6667,821.34,-1.0,-1.0,0
60ce8a0f-d7a4-4ed2-ac8e-6e0a87d50d90,2025-06-26,51,0.0905,3,2559.74,853.246667,0.0,0.0,2.0,1523.22,995,28.5,492.81,-1.0,-1.0,0
60fc3a69-d7a0-4445-b08b-d165e0bc4928,2025-06-26,42,0.0624,2,2818.27,1409.135,0.0,0.0,1.0,482.95,962,114.0,482.95,-1.0,-1.0,0
614d73fd-8846-4895-a773-7898e1678216,2025-06-26,35,0.3409,8,23763.91,2970.48875,0.0,0.0,3.0,14944.5,704,28.0,10487.77,-1.0,-1.0,0
61ca8ccc-59b9-4f6f-84a3-e49d67fbff34,2025-06-26,6,0.0875,2,7846.24,3923.12,1.0,5579.5,1.0,5579.5,686,102.0,5579.5,0.0,0.0,0
6272b3b9-197b-4be0-bf82-5b6e74a51d18,2025-06-26,21,0.0977,3,13349.35,4449.783333,1.0,2606.75,1.0,2606.75,921,79.0,2606.75,0.0,0.0,0
62795829-338f-4ef4-a58a-8b4df43e37ed,2025-06-26,276,0.0472,1,349.18,349.18,0.0,0.0,0.0,0.0,636,0.0,349.18,0.0,0.0,0
655a8a99-8ea7-4fab-8686-b6e0a9369c3b,2025-06-26,32,0.0858,2,3601.89,1800.945,0.0,0.0,2.0,3601.89,699,1.0,1478.78,-1.0,-1.0,0
66581e52-4a91-4e5a-9db9-6ea7faad6977,2025-06-26,100,0.1596,3,4838.36,1612.786667,0.0,0.0,0.0,0.0,564,75.0,868.56,0.0,0.0,1
66aa9f2d-de6b-4def-8269-b6d0177dbf9a,2025-06-26,6,0.5065,17,58276.07,3428.004118,3.0,5300.79,8.0,14692.14,1007,16.0625,955.02,-0.285937,0.5,0
66c93c21-5319-42bd-aee5-a4af817f02a3,2025-06-26,36,0.056,1,3478.21,3478.21,0.0,0.0,1.0,3478.21,536,0.0,3478.21,-1.0,-1.0,1
6774c3a7-d951-43fa-9c75-eaca2ced5391,2025-06-26,7,0.2899,8,18210.41,2276.30125,2.0,7296.87,5.0,11150.64,828,38.0,3284.66,0.0,0.0,0
679c79cb-5d90-434a-a13e-d63368ba0b98,2025-06-26,48,0.0602,2,2052.38,1026.19,0.0,0.0,1.0,1216.14,996,137.0,1216.14,-1.0,-1.0,1
67fc2766-666c-4de5-9a16-9a35603b9a46,2025-06-26,12,0.2169,3,21364.3,7121.433333,2.0,17683.0,2.0,17683.0,415,102.5,5579.5,0.0,0.0,1
6853ff18-9673-4369-b96a-eb7e1eb71169,2025-06-26,12,0.1606,5,20053.22,4010.644,1.0,3413.55,2.0,7280.28,934,33.25,3413.55,-0.1172,0.0,0
6892976f-0a64-4372-bcd7-14d6113ea6e2,2025-06-26,36,0.1546,5,10530.35,2106.07,0.0,0.0,4.0,10099.6,970,36.0,657.85,-1.0,-1.0,0
69008e38-87df-4edc-8e0c-02e44a0802a3,2025-06-26,121,0.0535,1,465.57,465.57,0.0,0.0,0.0,0.0,561,0.0,465.57,0.0,0.0,0
69223a3a-0e99-457c-b139-53a914126da0,2025-06-26,234,0.0308,1,7771.19,7771.19,0.0,0.0,0.0,0.0,975,0.0,7771.19,0.0,0.0,1
69b42ebe-0ce1-4f78-b8cd-1bb12a098250,2025-06-26,10,0.0288,1,4337.82,4337.82,1.0,4337.82,1.0,4337.82,1042,0.0,4337.82,0.0,0.0,1
6a03d7f7-9095-4c61-b549-95cd16aba353,2025-06-26,28,0.0315,1,550.4,550.4,1.0,550.4,1.0,550.4,953,0.0,550.4,0.0,0.0,0
6a7efc18-882b-4c4c-a75d-1b8aecdbf4a6,2025-06-26,2,0.2021,7,6142.94,877.562857,2.0,2647.49,4.0,3309.53,1039,20.3333,794.7,2.998988,0.0,1
6b35501e-08f6-41b4-8699-30281befd8ec,2025-06-26,14,0.3659,6,23933.79,3988.965,1.0,535.41,1.0,535.41,492,54.2,535.41,0.0,0.0,1
6bb31b8a-5c85-4549-9106-7183256248ff,2025-06-26,57,0.1678,4,8235.28,2058.82,0.0,0.0,2.0,1343.74,715,52.3333,988.69,-1.0,-1.0,0
6cad4c9f-a37c-452d-9e24-b927cd585be0,2025-06-26,200,0.0416,1,410.66,410.66,0.0,0.0,0.0,0.0,722,0.0,410.66,0.0,0.0,0
6ccef97b-c165-4c24-aa1d-00119b8315f2,2025-06-26,29,0.0858,2,11257.13,5628.565,1.0,7518.08,2.0,11257.13,699,53.0,7518.08,0.0,0.0,0
6d07afb5-e45f-49c8-8fe6-ab313f89ab9c,2025-06-26,18,0.3628,10,37397.69,3739.769,2.0,7271.66,7.0,29381.95,827,13.2222,1862.84,-0.671119,-0.6,0
6dd97a45-7233-4f75-bf2b-a02f9e2403f5,2025-06-26,16,0.262,4,15179.63,3794.9075,1.0,8482.68,2.0,9893.38,458,82.3333,8482.68,5.0131,0.0,0
6e04016c-b9dc-4b48-ac9b-8e9eff3d52ef,2025-06-26,3,0.1237,4,14459.09,3614.7725,4.0,14459.09,4.0,14459.09,970,4.3333,1997.69,0.0,0.0,0
6f363f3d-a553-4343-928a-865ef7efa488,2025-06-26,41,0.1461,3,8314.55,2771.516667,0.0,0.0,1.0,1946.44,616,97.0,1946.44,-1.0,-1.0,0
6f43c820-6bb0-443a-a276-f436ff5cc816,2025-06-26,191,0.0636,1,5588.78,5588.78,0.0,0.0,0.0,0.0,472,0.0,5588.78,0.0,0.0,0
6fb7d847-f44b-41dc-a325-7b26c61cbc96,2025-06-26,8,0.3347,11,24806.26,2255.114545,2.0,5250.6,4.0,6330.31,986,22.8,2866.61,3.862972,0.0,0
7010920b-f9d5-4e97-9d6a-a57cfe832fad,2025-06-26,49,0.3593,8,18128.62,2266.0775,0.0,0.0,3.0,12282.41,668,23.4286,6386.11,-1.0,-1.0,0
726b4f75-d374-4f7f-bf66-eff61209fe02,2025-06-26,105,0.0482,1,533.4,533.4,0.0,0.0,0.0,0.0,623,0.0,533.4,0.0,0.0,0
731fe7b0-483a-4068-a5c1-e8ce074a22e2,2025-06-26,60,0.0647,1,1858.31,1858.31,0.0,0.0,1.0,1858.31,464,0.0,1858.31,0.0,0.0,1
73c3d633-4b34-49ad-a380-07fa31442bd6,2025-06-26,31,0.2073,4,9239.25,2309.8125,0.0,0.0,2.0,2041.7,579,34.0,1072.29,-1.0,-1.0,0
744605d3-9330-457d-9c53-8b4b59950976,2025-06-26,50,0.4,9,20531.13,2281.236667,0.0,0.0,3.0,9478.07,675,24.5,5155.64,-1.0,-1.0,0
75e7956b-bba4-4d50-aa4d-f8061fa9b378,2025-06-26,40,0.0402,1,7865.82,7865.82,0.0,0.0,1.0,7865.82,747,0.0,7865.82,-1.0,-1.0,0
7613c703-00a5-4fcd-b61f-b4f85bd36ac2,2025-06-26,13,0.2136,7,17687.84,2526.834286,3.0,9983.06,4.0,11213.85,983,24.0,1879.52,0.0,0.0,0
76c7e6e2-ab70-4430-9c0e-611b3e8e3f7d,2025-06-26,0,0.1162,4,23113.33,5778.3325,2.0,14383.74,2.0,14383.74,1033,50.6667,5155.64,0.0,0.0,0
78106c04-2615-4323-b215-3172fb34fc72,2025-06-26,21,0.3361,8,35411.75,4426.46875,2.0,13554.88,5.0,26024.84,714,30.8571,2737.22,0.975682,0.0,0
782ae5d7-a09e-4973-a2b3-29bacbb5efa9,2025-06-26,3,0.0442,1,4857.9,4857.9,1.0,4857.9,1.0,4857.9,678,0.0,4857.9,0.0,0.0,1
785c7075-fbd8-42f7-b26f-e1aadc18eebc,2025-06-26,7,0.0288,1,2187.36,2187.36,1.0,2187.36,1.0,2187.36,1041,0.0,2187.36,0.0,0.0,0
79ce75bd-e156-4762-a109-91880fa27abc,2025-06-26,1,0.3492,12,30353.56,2529.463333,4.0,12745.78,5.0,13306.18,1031,17.0,381.74,0.0,0.0,0
7b3011de-1fd5-49d7-8cd0-565a3af5b5da,2025-06-26,57,0.383,9,6338.92,704.324444,0.0,0.0,2.0,2107.9,705,17.0,719.55,-1.0,-1.0,0
7b5dbebc-9a0e-4613-8844-f85ea0bc161d,2025-06-26,108,0.0383,1,4200.21,4200.21,0.0,0.0,0.0,0.0,783,0.0,4200.21,0.0,0.0,1
7bb9c97f-e27e-426f-b400-1ecf5e49b6f2,2025-06-26,22,0.037,1,5787.73,5787.73,1.0,5787.73,1.0,5787.73,810,0.0,5787.73,0.0,0.0,0
7be8de25-a69e-4e0f-9ac9-cd6405a73f68,2025-06-26,11,0.0574,1,5792.41,5792.41,1.0,5792.41,1.0,5792.41,523,0.0,5792.41,0.0,0.0,0
7d31f2fa-4d24-4819-aa43-8ca6f961480f,2025-06-26,254,0.0609,1,3834.51,3834.51,0.0,0.0,0.0,0.0,493,0.0,3834.51,0.0,0.0,1
7d5e174f-f3d2-488e-99b3-a0591b1a9319,2025-06-26,138,0.0378,1,1735.44,1735.44,0.0,0.0,0.0,0.0,794,0.0,1735.44,0.0,0.0,0
7dc50afb-0eaa-4b38-8b2f-04eb2c57446e,2025-06-26,261,0.1232,2,3989.74,1994.87,0.0,0.0,0.0,0.0,487,5.0,2123.91,0.0,0.0,0
7dd67799-87bf-4c47-944e-e495c976e50e,2025-06-26,114,0.068,2,4235.87,2117.935,0.0,0.0,0.0,0.0,883,67.0,2881.75,0.0,0.0,0
7e1ea714-6fe4-494e-9554-750dbe019c23,2025-06-26,214,0.0287,1,5961.02,5961.02,0.0,0.0,0.0,0.0,1044,0.0,5961.02,0.0,0.0,0
80425ba2-13bc-407f-9a1c-ff4f30480010,2025-06-26,15,0.2031,7,18389.47,2627.067143,2.0,7827.53,4.0,8500.71,1034,29.3333,5698.82,20.213393,1.0,0
8081cb55-1e73-484f-b6fe-79fe7087f185,2025-06-26,39,0.0376,1,1188.93,1188.93,0.0,0.0,1.0,1188.93,797,0.0,1188.93,-1.0,-1.0,1
809a4c1b-22b1-4046-b62e-5ca84f41ae56,2025-06-26,122,0.0625,1,355.05,355.05,0.0,0.0,0.0,0.0,480,0.0,355.05,0.0,0.0,0
81038b9d-eef0-443c-9635-a2e4c4df490f,2025-06-26,119,0.1368,3,13306.46,4435.486667,0.0,0.0,0.0,0.0,658,70.5,5699.87,0.0,0.0,1
81aa5e22-d678-428b-b005-9b81178d3a85,2025-06-26,26,0.2921,7,13053.19,1864.741429,1.0,5767.57,5.0,12370.57,719,30.1667,5767.57,-0.003154,-0.6667,0
82241b4b-7959-4079-9369-bbfcffcbc453,2025-06-26,4,0.4435,11,31336.17,2848.742727,4.0,9385.88,5.0,12576.15,744,22.7,5262.77,1.942033,3.0,0
824fbcc7-5420-4ca2-84b0-15b0b4a2292b,2025-06-26,128,0.0354,1,920.64,920.64,0.0,0.0,0.0,0.0,847,0.0,920.64,0.0,0.0,0
826855e8-3a9a-4032-ad5b-6ca64c822572,2025-06-26,150,0.0436,1,200.96,200.96,0.0,0.0,0.0,0.0,688,0.0,200.96,0.0,0.0,0
82c5a7aa-2ec7-45dc-9d03-be3531473f2f,2025-06-26,157,0.0723,1,981.15,981.15,0.0,0.0,0.0,0.0,415,0.0,981.15,0.0,0.0,0
82d60e37-f049-4852-9464-c94b4e5c3244,2025-06-26,9,0.4428,8,12890.71,1611.33875,2.0,3664.06,5.0,6471.66,542,17.4286,3190.27,6.586831,1.0,0
83fe13f3-1026-46b2-9abd-d7277ea2f653,2025-06-26,18,0.1063,3,5204.3,1734.766667,1.0,3015.43,1.0,3015.43,847,99.5,3015.43,0.0,0.0,1
855f6897-60c0-42cc-aa5a-bbcf4dfcfd28,2025-06-26,4,0.152,5,7488.99,1497.798,1.0,3504.91,3.0,5559.03,987,33.75,3504.91,1.35621,0.0,0
86208847-cfb3-449d-a634-075a2b7c33cc,2025-06-26,112,0.1965,3,4368.02,1456.006667,0.0,0.0,0.0,0.0,458,93.0,415.11,0.0,0.0,0
86ab916f-9734-41f0-b5c0-9bbc082b3251,2025-06-26,6,0.7083,14,34934.22,2495.301429,2.0,14172.56,5.0,16402.03,593,21.3077,3821.12,0.0,0.0,0
87b06d02-c4e0-4e44-a8d4-a21cdc592676,2025-06-26,6,0.3364,6,15016.28,2502.713333,2.0,6099.69,3.0,7140.95,535,36.0,3784.6,0.0,0.0,0
8867ed0f-4c50-4aa9-8fb4-993893bd97df,2025-06-26,47,0.123,2,7314.3,3657.15,0.0,0.0,1.0,5155.64,488,107.0,5155.64,-1.0,-1.0,0
88f8cded-9e9f-4c71-9504-8cae260151bf,2025-06-26,43,0.064,2,5437.62,2718.81,0.0,0.0,1.0,3227.5,938,108.0,3227.5,-1.0,-1.0,0
8aa74529-c59e-4daf-9b98-321ebfce7306,2025-06-26,5,0.9396,14,20094.56,1435.325714,1.0,484.31,5.0,2261.79,447,18.7692,484.31,-0.659519,-0.6667,0
8b278dae-e043-44f3-a5f0-8466df24d3a2,2025-06-26,28,0.5263,16,26876.15,1679.759375,1.0,80.49,9.0,11368.78,912,14.2,80.49,-0.937609,0.0,0
8bd2e91f-b7be-4b2c-95e8-9b9f6936c3fe,2025-06-26,21,0.2067,7,19917.83,2845.404286,3.0,9406.32,4.0,10093.92,1016,32.5,6072.95,12.67993,2.0,0
8bf0cc1f-c9f7-4393-806f-86bce9acf23a,2025-06-26,228,0.0306,1,1085.19,1085.19,0.0,0.0,0.0,0.0,979,0.0,1085.19,0.0,0.0,0
8d58c937-6e14-4be1-98f6-33ea0a28136f,2025-06-26,87,0.0372,1,1403.26,1403.26,0.0,0.0,1.0,1403.26,807,0.0,1403.26,0.0,0.0,1
8daa11dd-d410-44bf-a0de-622a9ca7c78d,2025-06-26,8,0.5599,12,37163.06,3096.921667,1.0,743.22,6.0,13028.22,643,16.1818,743.22,-0.328963,0.0,0
8de2f61f-499f-4ce6-a7d6-a5e9b9219f67,2025-06-26,69,0.0358,1,5152.04,5152.04,0.0,0.0,1.0,5152.04,837,0.0,5152.04,0.0,0.0,0
8f10e8bf-c7a4-4bd6-93ce-4de936a938ef,2025-06-26,38,0.447,9,24238.43,2693.158889,0.0,0.0,3.0,10679.77,604,13.0,2406.6,-1.0,-1.0,0
9013910b-257e-462f-8142-555578e385a5,2025-06-26,93,0.2083,5,17331.8,3466.36,0.0,0.0,0.0,0.0,720,27.5,778.44,0.0,0.0,0
90ef6a35-c0dc-4b20-aede-0d1b3e525838,2025-06-26,0,0.1106,3,14819.65,4939.883333,1.0,4056.62,2.0,11379.38,814,96.0,4056.62,-0.446026,0.0,0
910bd8ae-df74-4feb-9e1a-4e8966115c12,2025-06-26,4,0.1956,5,9405.15,1881.03,3.0,7833.4,4.0,8838.2,767,55.25,1735.13,0.0,0.0,0
911f8116-248a-4e3d-afb4-62a632746852,2025-06-26,3,0.5042,12,20700.37,1725.030833,1.0,186.85,4.0,3997.1,714,21.3636,186.85,0.0,0.0,0
918ccc0d-7add-4cda-bb90-29b5623f6d86,2025-06-26,188,0.0391,1,3600.45,3600.45,0.0,0.0,0.0,0.0,768,0.0,3600.45,0.0,0.0,0
91f0a872-33ad-4dbe-9801-ac03b375f584,2025-06-26,10,0.394,7,20994.69,2999.241429,2.0,9975.54,5.0,13466.1,533,39.0,8032.38,7.268096,1.0,0
953c5953-375c-42a1-89e5-7b370fa868be,2025-06-26,38,0.0369,1,788.01,788.01,0.0,0.0,1.0,788.01,814,0.0,788.01,-1.0,-1.0,0
957f9181-281b-4ff6-9370-462fb40cb6e5,2025-06-26,30,0.1387,4,12546.49,3136.6225,0.0,0.0,2.0,8058.94,865,26.3333,4767.99,-1.0,-1.0,0
97a7e174-c5da-4d97-b94b-09d5f4788809,2025-06-26,75,0.1591,5,20141.29,4028.258,0.0,0.0,2.0,848.46,943,40.25,710.09,0.0,0.0,0
97bc17e3-9ca0-45a3-a8dd-947696378bf7,2025-06-26,14,0.1034,2,10917.7,5458.85,1.0,3808.64,2.0,10917.7,580,23.0,3808.64,-0.464255,0.0,0
97c341f3-26c0-47ee-949b-ec2349709b82,2025-06-26,34,0.3841,10,29576.94,2957.694,0.0,0.0,3.0,13753.24,781,27.4444,8915.95,-1.0,-1.0,0
98c0d934-599f-43f0-b624-02fafa9a625d,2025-06-26,4,0.2685,4,5505.92,1376.48,2.0,2906.92,3.0,3687.99,447,35.3333,2745.93,2.721715,1.0,0
9a48cdff-42f6-4b91-80ce-e531f3622d2b,2025-06-26,71,0.2797,4,7056.38,1764.095,0.0,0.0,2.0,4077.28,429,17.0,1324.34,0.0,0.0,0
9ada7a7c-35d9-4619-9117-c1d9c05f08e9,2025-06-26,120,0.0398,1,697.02,697.02,0.0,0.0,0.0,0.0,753,0.0,697.02,0.0,0.0,1
9b131352-2e3f-4966-865e-a01b50bde6e5,2025-06-26,5,0.3416,11,25302.68,2300.243636,2.0,8948.29,5.0,15349.97,966,26.7,1136.99,0.397803,-0.3333,0
9b4342ff-79f2-40db-9669-bbab65d50e2f,2025-06-26,60,0.2592,4,10068.68,2517.17,0.0,0.0,1.0,1057.81,463,48.0,1057.81,0.0,0.0,1
9c75b413-efd7-4171-9aa3-e4f50c8b52ea,2025-06-26,6,0.0741,2,6520.25,3260.125,1.0,2821.39,1.0,2821.39,810,114.0,2821.39,0.0,0.0,0
9cbf413a-a00b-482b-9441-e8fce7668a2e,2025-06-26,9,0.3501,10,32699.76,3269.976,1.0,5712.98,5.0,16119.53,857,21.3333,5712.98,-0.278085,-0.5,0
9de44d71-02d0-4684-a314-54f9abd3f2cd,2025-06-26,88,0.2469,6,11197.9,1866.316667,0.0,0.0,1.0,778.44,729,31.8,778.44,0.0,0.0,0
9e3ba510-550f-49bf-a866-a3124ebe334a,2025-06-26,45,0.0581,2,3060.88,1530.44,0.0,0.0,1.0,1910.02,1032,110.0,1910.02,-1.0,-1.0,1
9f79997b-8bf3-45ae-a535-abb872b46a2f,2025-06-26,11,0.0728,1,4561.14,4561.14,1.0,4561.14,1.0,4561.14,412,0.0,4561.14,0.0,0.0,0
a029db9e-0867-4074-9876-83433dcbc19c,2025-06-26,90,0.0654,2,5388.61,2694.305,0.0,0.0,0.0,0.0,918,2.0,720.44,0.0,0.0,1
a0323814-cd5e-4bbc-ae91-13b77ec723bb,2025-06-26,103,0.0416,1,533.4,533.4,0.0,0.0,0.0,0.0,721,0.0,533.4,0.0,0.0,0
a137cf0f-749a-402e-9913-60a7f4a47b92,2025-06-26,1,0.5722,14,43505.03,3107.502143,2.0,11600.19,9.0,34108.94,734,15.4615,4830.24,-0.43421,-0.6667,0
a1c9af51-32b0-45ae-8e5e-1a83d44e0dd4,2025-06-26,5,0.0575,1,4253.69,4253.69,1.0,4253.69,1.0,4253.69,522,0.0,4253.69,0.0,0.0,0
a20f7825-b033-409c-9c97-b044b61bae47,2025-06-26,27,0.2618,5,11016.02,2203.204,1.0,1358.77,2.0,3199.0,573,44.75,1358.77,-0.26163,0.0,0
a281fc1b-5e0e-400e-9760-0f4eecb192e1,2025-06-26,2,0.5492,8,23462.74,2932.8425,4.0,8302.44,4.0,8302.44,437,27.1429,998.84,0.0,0.0,0
a39d8cb3-e105-4215-9fc6-c0cb27d75ca0,2025-06-26,63,0.0446,1,295.39,295.39,0.0,0.0,1.0,295.39,672,0.0,295.39,0.0,0.0,1
a458eb88-221d-40e0-8a04-289e42780afe,2025-06-26,109,0.0479,1,2105.72,2105.72,0.0,0.0,0.0,0.0,626,0.0,2105.72,0.0,0.0,1
a48769af-aacd-4623-8e69-fc86e1d3745e,2025-06-26,83,0.0759,2,1684.31,842.155,0.0,0.0,1.0,993.26,790,44.0,993.26,0.0,0.0,0
a54b8eca-fc5f-46cd-9407-2f103beabcc7,2025-06-26,42,0.1254,4,6447.45,1611.8625,0.0,0.0,1.0,1895.15,957,47.6667,1895.15,-1.0,-1.0,0
a578fb66-2e0c-4a26-8179-b1230347de46,2025-06-26,31,0.0833,2,4126.39,2063.195,0.0,0.0,2.0,4126.39,720,14.0,3575.99,-1.0,-1.0,1
a618b414-7505-48a2-9047-6d0fbd16fb88,2025-06-26,10,0.0405,1,7740.56,7740.56,1.0,7740.56,1.0,7740.56,741,0.0,7740.56,0.0,0.0,0
a62bcc77-cf9c-44a3-920f-2e2e57c723dc,2025-06-26,16,0.5568,8,37809.69,4726.21125,1.0,1567.97,1.0,1567.97,431,33.0,1567.97,0.0,0.0,1
a6818a6e-0465-4009-81b6-822245dae013,2025-06-26,34,0.0389,1,10189.66,10189.66,0.0,0.0,1.0,10189.66,771,0.0,10189.66,-1.0,-1.0,0
a69011f4-c3f9-4f91-92f2-3df9072b53e7,2025-06-26,4,0.6682,10,13981.01,1398.101,3.0,3300.89,7.0,11347.21,449,27.7778,2420.63,0.0,0.0,0
a7925872-0bc3-4eee-b74c-5086ea1e992d,2025-06-26,6,0.1248,3,3120.57,1040.19,1.0,2144.59,2.0,2692.04,721,83.0,2144.59,2.917417,0.0,1
a7c6d291-2d8a-45ea-8005-81ecfd3682df,2025-06-26,19,0.1404,4,8597.89,2149.4725,2.0,6289.63,2.0,6289.63,855,59.0,1995.76,0.0,0.0,0
a7dd5f9a-9fa6-4592-b920-cc610a4ca21b,2025-06-26,129,0.1056,3,12596.04,4198.68,0.0,0.0,0.0,0.0,852,59.5,691.85,0.0,0.0,1
a8091949-9c95-4f66-b956-b61849aa17d1,2025-06-26,39,0.1911,3,13244.75,4414.916667,0.0,0.0,2.0,6939.39,471,74.5,4767.99,-1.0,-1.0,0
a8592085-1f10-4731-b976-351290d3b914,2025-06-26,73,0.0632,1,553.48,553.48,0.0,0.0,1.0,553.48,475,0.0,553.48,0.0,0.0,1
a8a318fe-4ac5-43e5-819c-0493f94dfd8e,2025-06-26,2,0.2098,5,6073.1,1214.62,1.0,794.05,3.0,1533.99,715,40.25,794.05,1.519114,0.0,0
a91e3f3f-94ea-410a-afcd-a9721a392b5a,2025-06-26,11,0.1259,3,9871.39,3290.463333,1.0,2137.05,2.0,5156.73,715,87.5,2137.05,0.0,0.0,0
a955f9af-0de0-488d-9638-13b909991020,2025-06-26,38,0.1382,2,4607.35,2303.675,0.0,0.0,1.0,1985.24,434,91.0,1985.24,-1.0,-1.0,0
a9a14d19-86ba-40be-883c-0be4db2e7555,2025-06-26,6,0.4384,7,14031.28,2004.468571,3.0,6424.0,5.0,12990.77,479,43.1667,1372.96,1.325295,2.0,0
aa210298-0ad5-4fe1-9a49-04d9c35709c6,2025-06-26,24,0.1863,6,13839.26,2306.543333,1.0,1154.56,2.0,2199.87,966,44.6,1154.56,0.104514,0.0,1
aacf38f5-5690-4d24-95d3-d4b2fa5166a8,2025-06-26,40,0.0395,1,8872.66,8872.66,0.0,0.0,1.0,8872.66,760,0.0,8872.66,-1.0,-1.0,1
acf31d10-d223-4df6-a143-e9ba0e8118f4,2025-06-26,118,0.0397,1,1164.11,1164.11,0.0,0.0,0.0,0.0,756,0.0,1164.11,0.0,0.0,0
ad10f2bd-d571-4f42-aec5-a7a10eaa3ca9,2025-06-26,13,0.0869,3,4788.13,1596.043333,2.0,2749.66,2.0,2749.66,1036,69.0,2442.17,0.0,0.0,1
ade55153-89f8-4d7a-9199-12bcf0e9f0ce,2025-06-26,60,0.1224,2,3226.87,1613.435,0.0,0.0,2.0,3226.87,490,14.0,1952.69,0.0,0.0,1
b067038f-9577-43c4-a072-0376499a6f51,2025-06-26,38,0.1096,3,15937.64,5312.546667,0.0,0.0,1.0,5293.97,821,84.0,5293.97,-1.0,-1.0,0
b0a7ac9f-5dc3-43d5-bf2f-2201d6f385b2,2025-06-26,9,0.1131,3,8662.73,2887.576667,1.0,147.0,2.0,8012.82,796,75.5,147.0,-0.981312,0.0,0
b0d043da-1294-4ab0-8fa2-ebb68dbb62a2,2025-06-26,50,0.1963,6,19685.11,3280.851667,0.0,0.0,1.0,6604.2,917,19.4,6604.2,-1.0,-1.0,0
b0d81eaf-60e0-4aa5-b3e9-64fdea18f5e9,2025-06-26,1,0.2765,6,17655.78,2942.63,1.0,1210.31,4.0,11454.93,651,35.8,1210.31,-0.881859,-0.6667,0
b2109776-616b-488c-9721-f3f116afd30f,2025-06-26,168,0.1043,2,12150.91,6075.455,0.0,0.0,0.0,0.0,575,10.0,3857.68,0.0,0.0,0
b21eb80b-84a0-490b-abcb-151568e54d64,2025-06-26,167,0.0659,2,5555.72,2777.86,0.0,0.0,0.0,0.0,910,10.0,1699.8,0.0,0.0,0
b247c235-943b-4c46-91c2-168e86d26161,2025-06-26,25,0.3046,8,6344.57,793.07125,1.0,1904.32,4.0,4159.23,788,20.8571,1904.32,-0.155478,-0.6667,0
b2c24112-6ed5-433e-ae6e-c541f21defe5,2025-06-26,115,0.0552,1,1238.87,1238.87,0.0,0.0,0.0,0.0,543,0.0,1238.87,0.0,0.0,0
b2ef61f5-8a4e-44af-9b72-983eb8729127,2025-06-26,48,0.1158,4,5438.08,1359.52,0.0,0.0,2.0,2894.51,1036,24.6667,2547.42,-1.0,-1.0,0
b2f4f0f6-9d52-4439-b5fe-14ebe8887e7a,2025-06-26,262,0.0381,1,9233.79,9233.79,0.0,0.0,0.0,0.0,787,0.0,9233.79,0.0,0.0,0
b35ff2cc-b3d7-4eee-bbe6-72dd663e82bf,2025-06-26,70,0.1285,2,6112.98,3056.49,0.0,0.0,1.0,969.41,467,207.0,969.41,0.0,0.0,0
b3bc0c36-2894-415e-8303-9ce0c524adf7,2025-06-26,175,0.0422,1,701.63,701.63,0.0,0.0,0.0,0.0,711,0.0,701.63,0.0,0.0,1
b4322a23-acd4-46a3-8620-5130bd7bc8c3,2025-06-26,82,0.0732,1,2335.32,2335.32,0.0,0.0,1.0,2335.32,410,0.0,2335.32,0.0,0.0,1
b4a140af-8af0-4074-8c4e-f1e587fff314,2025-06-26,16,0.4005,10,32862.55,3286.255,2.0,4061.23,4.0,11942.93,749,26.0,1211.82,-0.484727,0.0,0
b4dd90f1-04a6-4d42-ac0a-2702bbc8d0db,2025-06-26,61,0.1142,3,8303.19,2767.73,0.0,0.0,1.0,1238.87,788,106.5,1238.87,0.0,0.0,0
b4ff4a71-e2cb-40a7-afaa-04a5be660e06,2025-06-26,209,0.0356,1,403.59,403.59,0.0,0.0,0.0,0.0,842,0.0,403.59,0.0,0.0,0
b5597188-1096-40f6-bb3c-7eae56f49e62,2025-06-26,49,0.1192,3,4773.24,1591.08,0.0,0.0,1.0,2674.8,755,103.5,2674.8,-1.0,-1.0,0
b5f40c8f-57dc-440a-9706-3cfe7972dde6,2025-06-26,12,0.0352,1,5860.61,5860.61,1.0,5860.61,1.0,5860.61,853,0.0,5860.61,0.0,0.0,0
b6466b91-0c2a-4a1f-bf51-fd9f9de8b206,2025-06-26,141,0.0601,1,4668.17,4668.17,0.0,0.0,0.0,0.0,499,0.0,4668.17,0.0,0.0,0
b6d1010f-48a8-4d83-a4bd-0a6c9a4521d9,2025-06-26,37,0.0312,1,3970.48,3970.48,0.0,0.0,1.0,3970.48,961,0.0,3970.48,-1.0,-1.0,1
b73d152b-3ccf-4708-8854-ab85e6abc82c,2025-06-26,25,0.1382,2,5963.35,2981.675,1.0,5689.26,2.0,5963.35,434,54.0,5689.26,0.0,0.0,1
b7a528c9-9989-42b3-86f1-dfe0266eb7da,2025-06-26,98,0.038,1,159.54,159.54,0.0,0.0,0.0,0.0,790,0.0,159.54,0.0,0.0,0
b7d62bbb-f2b2-4bee-ac69-0e320b4b310f,2025-06-26,2,0.4839,13,42978.44,3306.033846,7.0,25396.65,10.0,30892.49,806,22.0,3635.44,8.001467,6.0,0
b812927c-5d6a-4cb6-9794-94ec8e44c0bd,2025-06-26,73,0.0775,2,2112.82,1056.41,0.0,0.0,1.0,691.85,774,102.0,691.85,0.0,0.0,0
b81e352f-6da5-4d3a-94e7-a583c1e9213c,2025-06-26,1,0.0296,1,231.11,231.11,1.0,231.11,1.0,231.11,1013,0.0,231.11,0.0,0.0,0
b8302dbd-4877-438d-ac91-c2d5dbbadf09,2025-06-26,67,0.033,1,1403.26,1403.26,0.0,0.0,1.0,1403.26,908,0.0,1403.26,0.0,0.0,0
b86f948a-d460-4c23-a79a-b2deafdc8880,2025-06-26,8,0.1154,3,3254.86,1084.953333,2.0,3013.38,3.0,3254.86,780,19.5,1486.43,11.478797,1.0,0
b88b94e7-2bbd-4939-98cc-217258c364d3,2025-06-26,49,0.1804,3,9231.44,3077.146667,0.0,0.0,1.0,2256.65,499,70.0,2256.65,-1.0,-1.0,0
b88bef53-7397-4409-b454-f68fa7827873,2025-06-26,12,0.2711,6,7639.43,1273.238333,1.0,572.61,3.0,4229.04,664,24.2,572.61,-0.843396,-0.5,0
b8bfbbb5-a5a0-4d3d-905f-57ced220ffd3,2025-06-26,76,0.1382,3,3757.37,1252.456667,0.0,0.0,1.0,920.02,651,66.5,920.02,0.0,0.0,0
b9e85363-f343-4a9b-a6b9-588a5c0f9633,2025-06-26,46,0.062,2,2802.93,1401.465,0.0,0.0,1.0,159.13,967,82.0,159.13,-1.0,-1.0,0
ba0a6120-4b67-4e2b-b2c4-9036a195b99a,2025-06-26,39,0.1596,5,14413.46,2882.692,0.0,0.0,2.0,10342.67,940,34.0,6761.03,-1.0,-1.0,0
bab05b4b-0196-4bb2-a10a-34baf0750132,2025-06-26,12,0.1404,4,11787.38,2946.845,1.0,8915.95,1.0,8915.95,855,68.0,8915.95,0.0,0.0,0
bc2eaeff-d2cb-413b-8716-a7fa6d9507c2,2025-06-26,7,0.4637,10,15895.02,1589.502,1.0,1879.37,6.0,10174.31,647,30.5556,1879.37,-0.768963,-0.75,0
bc69f988-30c6-4bf2-b27f-beafca1b2282,2025-06-26,133,0.1262,4,11602.77,2900.6925,0.0,0.0,0.0,0.0,951,50.0,4026.25,0.0,0.0,0
bcf78932-5b86-4918-b87a-32963317f18d,2025-06-26,120,0.0612,2,4861.74,2430.87,0.0,0.0,0.0,0.0,980,40.0,646.75,0.0,0.0,0
bd918df4-d5fc-4b8a-9889-b0f92e0c438b,2025-06-26,84,0.1043,3,6606.08,2202.026667,0.0,0.0,1.0,2774.14,863,63.0,2774.14,0.0,0.0,0
befa24a1-1459-4d2c-b2af-a4db90fa9666,2025-06-26,26,0.0874,3,8505.3,2835.1,1.0,3046.74,1.0,3046.74,1030,89.5,3046.74,0.0,0.0,1
c07f630a-a6d1-41a2-9f27-8f85f52260c4,2025-06-26,16,0.3767,11,43305.48,3936.861818,1.0,1643.24,5.0,20906.63,876,23.3,1643.24,-0.798969,-0.5,0
c0c6efdb-fc14-4d7c-98f5-7088ddeb019c,2025-06-26,34,0.0381,1,687.6,687.6,0.0,0.0,1.0,687.6,788,0.0,687.6,-1.0,-1.0,1
c1a55833-8139-41dd-8bb5-59ab8a090d3b,2025-06-26,83,0.0703,2,2804.13,1402.065,0.0,0.0,1.0,1050.05,853,43.0,1050.05,0.0,0.0,0
c1a9f9e4-02c9-4e11-9ae3-d7f5eec25bdf,2025-06-26,86,0.0424,1,934.36,934.36,0.0,0.0,1.0,934.36,707,0.0,934.36,0.0,0.0,0
c1d6c130-eed3-43da-a713-c63009b0c952,2025-06-26,1,0.1215,3,5371.22,1790.406667,1.0,2646.99,2.0,3512.91,741,86.5,2646.99,2.056853,0.0,0
c29cb1e1-b422-45f3-829a-82a9e80f8c8f,2025-06-26,82,0.0401,1,1634.24,1634.24,0.0,0.0,1.0,1634.24,749,0.0,1634.24,0.0,0.0,0
c34d6b05-2bac-4654-9150-9d59f1252d7b,2025-06-26,32,0.0588,2,11019.93,5509.965,0.0,0.0,2.0,11019.93,1020,12.0,3575.99,-1.0,-1.0,1
c34e266e-6b0c-4505-b1cc-f98b610c4986,2025-06-26,202,0.0357,1,1210.78,1210.78,0.0,0.0,0.0,0.0,841,0.0,1210.78,0.0,0.0,0
c388d365-1253-45ed-934e-4731ee225fdb,2025-06-26,12,0.034,1,998.84,998.84,1.0,998.84,1.0,998.84,883,0.0,998.84,0.0,0.0,0
c3bc5bb3-aee9-4150-b36a-c89a22162e7d,2025-06-26,26,0.4286,8,20536.51,2567.06375,2.0,2715.85,4.0,8417.84,560,29.5714,2344.24,0.0,0.0,0
c47da78e-a80f-46b0-b907-4867b0ac75da,2025-06-26,47,0.0791,2,2751.38,1375.69,0.0,0.0,1.0,2190.98,759,171.0,2190.98,-1.0,-1.0,0
c4abe8e7-17ea-4981-acd2-0e286bf0080b,2025-06-26,0,0.2286,4,8691.41,2172.8525,1.0,971.58,2.0,3355.69,525,30.3333,971.58,-0.592477,0.0,0
c5f7e86b-b9fe-4062-bae1-fcb4707e393e,2025-06-26,11,0.041,1,2866.61,2866.61,1.0,2866.61,1.0,2866.61,731,0.0,2866.61,0.0,0.0,0
c7af740f-1d7a-4321-9d3e-ec9107c05254,2025-06-26,15,0.185,6,12345.99,2057.665,1.0,5638.56,4.0,10209.05,973,32.2,5638.56,2.080002,0.0,0
c7e971e5-62a6-49c9-a239-e17ea1f253a5,2025-06-26,76,0.0923,3,3698.03,1232.676667,0.0,0.0,1.0,411.14,975,76.0,411.14,0.0,0.0,0
c8466347-f65e-48a7-a013-64f958a93e60,2025-06-26,25,0.1563,3,18329.62,6109.873333,1.0,462.21,2.0,4441.97,576,83.5,462.21,0.0,0.0,0
c895adf4-11e4-460d-bad6-1bc4560990aa,2025-06-26,140,0.1176,2,1278.0,639.0,0.0,0.0,0.0,0.0,510,68.0,829.87,0.0,0.0,0
c8a387fb-7265-43df-9af8-79f21e3f7a8b,2025-06-26,42,0.13,4,2486.86,621.715,0.0,0.0,3.0,1753.28,923,46.6667,608.08,-1.0,-1.0,1
c9b37375-0f54-4110-983e-7b7635c1257f,2025-06-26,9,0.4186,6,20687.49,3447.915,1.0,6407.42,2.0,10216.06,430,27.6,6407.42,0.682338,0.0,1
cb169247-90fc-4859-9c5d-36f94515f6a5,2025-06-26,241,0.0391,1,6586.85,6586.85,0.0,0.0,0.0,0.0,767,0.0,6586.85,0.0,0.0,1
cb4bc77a-ba12-4fd1-b1f2-811b234a5c61,2025-06-26,28,0.0509,1,2275.71,2275.71,1.0,2275.71,1.0,2275.71,589,0.0,2275.71,0.0,0.0,0
cbf3e2e4-9c43-4976-afaa-bc231bff129c,2025-06-26,87,0.1558,5,12334.05,2466.81,0.0,0.0,1.0,1615.69,963,35.75,1615.69,0.0,0.0,0
cc681bd0-1bf2-4364-a2fe-b18907da68dd,2025-06-26,13,0.0686,2,3262.12,1631.06,1.0,3046.74,1.0,3046.74,875,212.0,3046.74,0.0,0.0,1
cd796877-895f-4bcc-8fe0-0c8c6c4e68b0,2025-06-26,84,0.239,4,7494.49,1873.6225,0.0,0.0,1.0,3532.45,502,30.0,3532.45,0.0,0.0,0
cdc86dc6-c2f3-4988-94e7-c7b7f1a4a81b,2025-06-26,62,0.0468,1,1775.24,1775.24,0.0,0.0,1.0,1775.24,641,0.0,1775.24,0.0,0.0,1
ce1c7e34-50d9-4f3b-ab54-cbb7cab9fa18,2025-06-26,25,0.2083,6,10504.99,1750.831667,1.0,1144.04,4.0,5024.12,864,17.6,1144.04,-0.70515,-0.6667,0
ced1be46-44d9-42f9-913f-bf359f04d616,2025-06-26,38,0.262,8,18623.24,2327.905,0.0,0.0,3.0,8773.51,916,21.5714,4298.07,-1.0,-1.0,1
cf567dce-5613-483a-b10d-b4947a588d18,2025-06-26,25,0.172,5,14632.51,2926.502,1.0,3266.43,3.0,9252.86,872,53.5,3266.43,-0.239281,0.0,0
cfa38335-ed20-4254-b309-74d0dadee3bb,2025-06-26,68,0.0457,1,1394.04,1394.04,0.0,0.0,1.0,1394.04,656,0.0,1394.04,0.0,0.0,0
cfc90a2e-3eb4-476f-8b9b-493b93566dcb,2025-06-26,83,0.081,2,2026.03,1013.015,0.0,0.0,1.0,597.91,741,13.0,597.91,0.0,0.0,0
d16a7971-11f5-4284-b4c4-063a25f1f892,2025-06-26,48,0.1314,4,10405.07,2601.2675,0.0,0.0,3.0,8070.98,913,40.0,2412.34,-1.0,-1.0,1
d16d5f0e-f1af-4ab1-8b14-12ce745ddd9b,2025-06-26,1,0.2981,8,19643.35,2455.41875,1.0,2031.16,4.0,12209.99,805,25.7143,2031.16,-0.616326,0.0,0
d1907207-2f2d-4486-87e7-7b004fd2fab1,2025-06-26,35,0.0936,3,5102.56,1700.853333,0.0,0.0,1.0,1372.96,962,71.0,1372.96,-1.0,-1.0,0
d2b88436-ba26-4efa-bc74-287512167c81,2025-06-26,1,0.1717,4,3496.15,874.0375,2.0,1460.55,3.0,2627.59,699,49.0,1273.7,0.0,0.0,0
d34c22d5-fa13-4eb6-a115-4306ab8f65d5,2025-06-26,145,0.0962,2,1815.43,907.715,0.0,0.0,0.0,0.0,624,44.0,465.57,0.0,0.0,0
d3af0e3f-6c8e-43fd-b62a-d477ca54c291,2025-06-26,96,0.1392,2,7084.19,3542.095,0.0,0.0,0.0,0.0,431,110.0,2911.04,0.0,0.0,0
d3ceae53-5516-4152-a247-d101c45a4912,2025-06-26,9,0.4242,11,28318.13,2574.375455,2.0,1232.16,4.0,10865.68,778,24.4,468.68,-0.832612,1.0,0
d3f21a44-d6a7-4183-9e3d-ca1e2f665ada,2025-06-26,14,0.2747,5,5348.75,1069.75,1.0,352.67,4.0,4518.3,546,26.75,352.67,-0.415228,0.0,0
d5357dae-eafa-48fc-9a2b-b791e7c9e85e,2025-06-26,59,0.1238,3,1883.82,627.94,0.0,0.0,1.0,230.16,727,43.5,230.16,-1.0,-1.0,0
d536df89-ae17-40cc-ae90-1ec234f2db3e,2025-06-26,38,0.0354,1,9176.79,9176.79,0.0,0.0,1.0,9176.79,848,0.0,9176.79,-1.0,-1.0,0
d5bde5d5-ffb3-40af-bfb0-e1fbc0fc8ac6,2025-06-26,5,0.2582,5,25473.73,5094.746,2.0,16484.07,3.0,21666.66,581,41.5,7064.6,0.0,0.0,0
d6235160-cff1-499b-8088-b1ef010206d2,2025-06-26,157,0.0366,1,4076.94,4076.94,0.0,0.0,0.0,0.0,820,0.0,4076.94,0.0,0.0,0
d68104da-a018-4b47-aeb2-cb32a2380b79,2025-06-26,16,0.0884,2,4070.43,2035.215,1.0,3276.38,2.0,4070.43,679,39.0,3276.38,3.126163,0.0,0
d6b350eb-48ff-4268-b8d2-d00fb5bd3417,2025-06-26,53,0.124,3,8422.76,2807.586667,0.0,0.0,2.0,7831.99,726,29.5,2017.19,-1.0,-1.0,1
d6e6f2c0-9d75-46fe-a6d0-19f4998b8aa0,2025-06-26,23,0.1616,3,4773.62,1591.206667,1.0,183.47,2.0,3344.72,557,123.5,183.47,0.0,0.0,0
d74a8b02-d712-4df5-b21a-91890f17146e,2025-06-26,43,0.1043,3,9527.08,3175.693333,0.0,0.0,1.0,3622.68,863,70.0,3622.68,-1.0,-1.0,0
d768ded2-0e1f-4338-a373-8cb12093b6b9,2025-06-26,66,0.2065,7,9047.98,1292.568571,0.0,0.0,2.0,2995.99,1017,28.5,1439.11,0.0,0.0,0
d7daaa71-d5b3-4958-ac9f-03d1c8077bf4,2025-06-26,46,0.0585,2,11068.97,5534.485,0.0,0.0,2.0,11068.97,1025,6.0,7450.45,-1.0,-1.0,0
d929f86f-98cb-4302-a254-db21f53e0255,2025-06-26,14,0.0417,1,8927.19,8927.19,1.0,8927.19,1.0,8927.19,719,0.0,8927.19,0.0,0.0,0
da7dbacc-46a8-44dc-b4c5-5e21bf437da6,2025-06-26,17,0.2994,10,34209.62,3420.962,2.0,10703.45,4.0,11900.44,1002,24.5556,9731.87,15.608401,1.0,0
dac7247b-1af7-458e-a5b0-4c00df11636c,2025-06-26,1,0.0867,2,378.39,189.195,1.0,310.47,2.0,378.39,692,64.0,310.47,0.0,0.0,0
db49dbe2-b046-4b0c-8d11-6e496b852270,2025-06-26,60,0.3988,9,25634.76,2848.306667,0.0,0.0,3.0,7499.74,677,28.375,1905.2,0.0,0.0,0
dbc5aa6b-529c-4c91-8331-7ec33c8503bb,2025-06-26,22,0.3178,10,21254.84,2125.484,2.0,9769.63,6.0,14524.78,944,19.3333,4447.87,2.297298,0.0,0
dc1aef37-ddb1-4abc-a40f-974a11372fc7,2025-06-26,126,0.073,2,5425.2,2712.6,0.0,0.0,0.0,0.0,822,9.0,2622.11,0.0,0.0,0
dc32c9bc-f5b1-425c-b068-0f753d9baf2f,2025-06-26,82,0.1068,3,2986.49,995.496667,0.0,0.0,1.0,319.07,843,78.5,319.07,0.0,0.0,0
dcdc70f5-6a80-4b14-8487-b99c29cfcb2e,2025-06-26,28,0.2264,4,11420.31,2855.0775,1.0,1522.99,3.0,9322.62,530,25.6667,1522.99,-0.770219,0.0,1
debb1669-0087-4b21-a027-8766438b09f1,2025-06-26,67,0.2078,5,16103.41,3220.682,0.0,0.0,2.0,1470.37,722,47.0,465.57,0.0,0.0,0
df5f2a94-fa46-46dc-b4fc-0a08486e8118,2025-06-26,20,0.1306,3,1580.73,526.91,1.0,827.48,1.0,827.48,689,61.5,827.48,0.0,0.0,0
df94c0e2-bf7b-4b60-9391-80972fa8058c,2025-06-26,174,0.0301,1,1388.35,1388.35,0.0,0.0,0.0,0.0,996,0.0,1388.35,0.0,0.0,1
e040241c-efa6-453e-8e84-6caae95e5811,2025-06-26,165,0.0664,1,5096.18,5096.18,0.0,0.0,0.0,0.0,452,0.0,5096.18,0.0,0.0,0
e05c9e8f-2852-4c9d-9c2a-756d89ba64a0,2025-06-26,4,0.3611,11,38043.09,3458.462727,1.0,1347.35,5.0,21578.38,914,29.4,1347.35,-0.916594,-0.6667,0
e0666bd9-81b4-4c0c-aa13-af3137aaca09,2025-06-26,61,0.031,1,823.98,823.98,0.0,0.0,1.0,823.98,969,0.0,823.98,0.0,0.0,1
e223a14f-9752-4dfc-b998-04cfae44ca10,2025-06-26,14,0.3024,9,20020.01,2224.445556,1.0,1049.44,2.0,3837.53,893,26.625,1049.44,0.0,0.0,0
e400fe49-64f8-4e45-8877-6c5fd0a7747d,2025-06-26,3,0.2332,8,19912.22,2489.0275,2.0,5959.98,4.0,8406.87,1029,34.4286,3575.99,1.435737,0.0,0
e408e6a2-589e-4b0f-a98f-6a5e0f9e9e53,2025-06-26,28,0.2344,7,17766.8,2538.114286,1.0,2824.07,4.0,8221.92,896,33.0,2824.07,0.0,0.0,0
e4636af2-ab68-4a83-a019-d77df1fa2bb5,2025-06-26,83,0.1353,3,2082.05,694.016667,0.0,0.0,1.0,1057.81,665,71.5,1057.81,0.0,0.0,1
e51c365e-179f-4c2e-92f5-bc4c2fc6282a,2025-06-26,8,0.2305,8,16775.07,2096.88375,2.0,4128.38,5.0,7210.65,1041,29.8571,1155.51,5.168574,1.0,0
e61ddcc6-8917-49aa-b93d-ba7a21702a71,2025-06-26,29,0.1996,3,6580.19,2193.396667,1.0,560.54,1.0,560.54,451,92.0,560.54,0.0,0.0,1
e630e7cb-c24b-49e2-af83-702facb0c4b9,2025-06-26,11,0.1538,4,18518.38,4629.595,3.0,14779.33,3.0,14779.33,780,37.6667,8955.08,0.0,0.0,0
e63160b3-9636-4ddf-b7f6-a843aef7e599,2025-06-26,10,0.1195,3,13867.42,4622.473333,2.0,13014.84,3.0,13867.42,753,28.5,5372.59,0.0,0.0,0
e74c4bf9-90b2-4723-8b21-9af623c5b124,2025-06-26,5,0.5794,9,22978.67,2553.185556,1.0,2704.41,4.0,9338.62,466,27.0,2704.41,-0.236687,-0.5,0
e818ffda-4cf8-4137-92f5-f73ec2be9aac,2025-06-26,66,0.2217,3,3736.98,1245.66,0.0,0.0,2.0,3312.25,406,20.0,63.91,0.0,0.0,1
e85ec7b9-dc33-474f-b99d-d8ce41ac3c81,2025-06-26,83,0.062,2,6525.7,3262.85,0.0,0.0,1.0,5835.22,968,45.0,5835.22,0.0,0.0,0
e9152f33-f58e-4690-a02f-18066572acda,2025-06-26,12,0.2571,6,12509.87,2084.978333,1.0,715.02,3.0,9047.48,700,33.0,715.02,-0.836556,0.0,0
e9afc85a-81e7-4518-a4f2-c3650f0c8105,2025-06-26,17,0.2098,3,8514.79,2838.263333,1.0,5661.63,1.0,5661.63,429,72.0,5661.63,0.0,0.0,0
eb632b3d-7715-4810-ac99-01c19831c220,2025-06-26,61,0.1622,4,12073.73,3018.4325,0.0,0.0,1.0,3419.92,740,74.6667,3419.92,0.0,0.0,0
ebbc4745-0985-45f9-b142-3002a577acc3,2025-06-26,92,0.0294,1,147.69,147.69,0.0,0.0,0.0,0.0,1021,0.0,147.69,0.0,0.0,0
ebe34170-88a5-4097-a231-ec6187114560,2025-06-26,41,0.1307,2,11000.45,5500.225,0.0,0.0,1.0,8237.79,459,112.0,8237.79,-1.0,-1.0,0
ec0b1685-64bd-41e0-8aa1-e25e3abe480b,2025-06-26,30,0.1078,3,9446.86,3148.953333,0.0,0.0,2.0,6377.57,835,95.0,3143.83,-1.0,-1.0,0
ec140a91-94c2-46b5-90c6-215cbcc0402e,2025-06-26,153,0.0379,1,868.56,868.56,0.0,0.0,0.0,0.0,792,0.0,868.56,0.0,0.0,0
ec6b856d-40f2-41ed-a20b-7af257224723,2025-06-26,54,0.0593,2,10901.13,5450.565,0.0,0.0,1.0,3206.3,1012,173.0,3206.3,-1.0,-1.0,0
ed2171b1-c19b-4e0d-8734-299f1f997a16,2025-06-26,0,0.2609,7,14000.12,2000.017143,4.0,11148.15,6.0,13669.03,805,16.0,2229.65,0.0,0.0,0
ed3be97a-9e98-4ace-ba11-f1c0e145bfd5,2025-06-26,20,0.066,2,8656.01,4328.005,1.0,4953.92,1.0,4953.92,909,73.0,4953.92,0.0,0.0,1
ed43e4c6-255f-4de8-9134-6d5542faa41b,2025-06-26,63,0.0345,1,1657.59,1657.59,0.0,0.0,1.0,1657.59,870,0.0,1657.59,0.0,0.0,1
eddc4ec7-f3d1-445e-8c5f-3f767fd5305e,2025-06-26,59,0.1447,3,13133.67,4377.89,0.0,0.0,1.0,5820.57,622,45.0,5820.57,-1.0,-1.0,1
edf4822d-49a2-4ae7-95c1-975b85069210,2025-06-26,116,0.2277,4,12487.98,3121.995,0.0,0.0,0.0,0.0,527,52.3333,1817.93,0.0,0.0,0
efa9353f-2d88-426a-a592-e6a1f87c7b1b,2025-06-26,35,0.1412,2,13451.83,6725.915,0.0,0.0,1.0,3820.05,425,162.0,3820.05,-1.0,-1.0,0
f17f8b99-61d1-4e7b-a6d3-4d0334235cc5,2025-06-26,174,0.0387,1,621.76,621.76,0.0,0.0,0.0,0.0,776,0.0,621.76,0.0,0.0,0
f201cdf9-cb7c-4b4b-8da0-68bccc439429,2025-06-26,7,0.6536,10,21930.01,2193.001,2.0,4591.05,4.0,12049.29,459,26.7778,1058.74,-0.354197,1.0,0
f21b3e42-ab75-442f-8649-bca6bf44c9d8,2025-06-26,102,0.0462,1,3017.62,3017.62,0.0,0.0,0.0,0.0,649,0.0,3017.62,0.0,0.0,0
f223cb41-eede-43d3-bafb-311ac6aab7d7,2025-06-26,276,0.0382,1,2833.43,2833.43,0.0,0.0,0.0,0.0,785,0.0,2833.43,0.0,0.0,1
f288b108-b674-41c7-91d6-0f5fdb761b37,2025-06-26,42,0.06,2,2163.14,1081.57,0.0,0.0,1.0,547.45,1000,111.0,547.45,-1.0,-1.0,0
f2c6c870-59a5-4df4-8f5a-85d42b868208,2025-06-26,30,0.0838,2,6383.12,3191.56,0.0,0.0,1.0,5733.21,716,92.0,5733.21,-1.0,-1.0,0
f311db56-da65-41a9-a889-888c821ca32c,2025-06-26,15,0.2451,5,9050.72,1810.144,3.0,3769.78,4.0,6943.22,612,20.5,380.75,0.187916,2.0,0
f3d3da1e-a146-45f1-bea7-4e9b3d5e991e,2025-06-26,61,0.1518,3,8927.58,2975.86,0.0,0.0,1.0,3337.3,593,101.0,3337.3,0.0,0.0,0
f5905fb3-1b37-4afd-80b2-3e6bb136b5b1,2025-06-26,53,0.0879,3,9470.02,3156.673333,0.0,0.0,2.0,7567.97,1024,36.0,5491.86,-1.0,-1.0,1
f5f339bf-3ab5-4a2e-916f-2db044568f67,2025-06-26,26,0.3046,8,12991.73,1623.96625,1.0,669.26,5.0,6532.39,788,35.0,669.26,-0.876521,-0.6667,0
f5f5a8ec-4cbe-4541-a494-d455225a8197,2025-06-26,35,0.1582,3,6388.92,2129.64,0.0,0.0,1.0,307.49,569,77.0,307.49,-1.0,-1.0,1
f6176f19-c718-4746-9808-d110ecf53a50,2025-06-26,1,0.4669,8,19831.21,2478.90125,1.0,613.41,4.0,16485.55,514,32.7143,613.41,-0.94208,0.0,0
f631940b-26c5-4144-a328-f2b93f3b2f7e,2025-06-26,92,0.0709,2,4389.78,2194.89,0.0,0.0,0.0,0.0,846,89.0,306.67,0.0,0.0,0
f6a6bafb-8098-4f2d-ae6d-689b77c84f2b,2025-06-26,82,0.1382,2,6388.7,3194.35,0.0,0.0,1.0,553.48,434,68.0,553.48,0.0,0.0,0
f6c06ee2-7826-4de2-af26-9b9143bd5efb,2025-06-26,9,0.1571,3,10537.1,3512.366667,1.0,5767.57,2.0,8844.54,573,42.0,5767.57,0.0,0.0,0
f7f8a1f5-9b44-44c8-815c-2d04067a6cff,2025-06-26,12,0.0414,1,3575.99,3575.99,1.0,3575.99,1.0,3575.99,724,0.0,3575.99,0.0,0.0,1
f819f234-f7a8-41f3-8b26-732ac35c4d0b,2025-06-26,27,0.1815,3,3585.61,1195.203333,1.0,874.53,2.0,3274.89,496,108.5,874.53,0.0,0.0,0
f8435633-4f8d-462d-872a-e6a541d39872,2025-06-26,6,0.2629,9,26828.84,2980.982222,2.0,6012.6,3.0,7862.03,1027,25.875,1314.15,0.0,0.0,0
f8a3ae68-a437-491d-b88b-abad9164379f,2025-06-26,5,0.9091,16,50613.91,3163.369375,2.0,2894.04,7.0,23643.82,528,18.4667,1399.25,-0.747491,-0.3333,0
f993e083-a536-4e9d-9432-b34fc52500a4,2025-06-26,10,0.0299,1,5562.93,5562.93,1.0,5562.93,1.0,5562.93,1003,0.0,5562.93,0.0,0.0,1
fb5d70c0-f7cf-4096-a606-58d8efdd864b,2025-06-26,88,0.0452,1,497.92,497.92,0.0,0.0,1.0,497.92,664,0.0,497.92,0.0,0.0,1
fc625523-78f4-4bf4-920a-ec3d6bf61de9,2025-06-26,126,0.0359,1,1428.12,1428.12,0.0,0.0,0.0,0.0,835,0.0,1428.12,0.0,0.0,0
fc90d768-4902-4267-aee4-185b5584cee7,2025-06-26,16,0.3562,9,13566.11,1507.345556,1.0,484.31,3.0,1583.02,758,17.75,484.31,-0.440699,0.0,0
fd071015-793c-469e-bc3a-2f94a20f8f62,2025-06-26,73,0.0723,2,9481.51,4740.755,0.0,0.0,1.0,4231.25,830,69.0,4231.25,0.0,0.0,1
fdbf5f6b-5e04-401e-b01c-dadaea29b6bf,2025-06-26,6,0.1233,3,3909.33,1303.11,1.0,156.23,3.0,3909.33,730,40.5,156.23,0.0,0.0,0
feb9f5f4-bed9-4b39-bb94-062fa9706005,2025-06-26,4,0.4418,10,48777.26,4877.726,3.0,10074.85,5.0,14781.73,679,29.6667,6940.52,2.307578,2.0,0
fec6b81b-c723-45e8-a11f-75a4cb6a1381,2025-06-26,2,0.4359,11,31810.06,2891.823636,1.0,5243.88,5.0,13955.41,757,18.5,5243.88,0.0,0.0,0
ff29a3b3-fb27-44ad-8dcc-9551fb3c7420,2025-06-26,1,0.8772,15,43864.26,2924.284,2.0,11250.42,7.0,21783.6,513,20.7857,4809.45,0.606826,0.0,0
ffb862d5-c41a-4b47-8ccf-b781447c9d8f,2025-06-26,11,0.1066,3,4423.38,1474.46,2.0,3177.03,2.0,3177.03,844,65.5,1790.41,0.0,0.0,0
ffc7534a-f026-4ccd-94d9-540e6abbb59f,2025-06-26,32,0.0632,1,806.87,806.87,0.0,0.0,1.0,806.87,475,0.0,806.87,-1.0,-1.0,0
008e597a-3a9f-4d40-9452-50852330ae26,2025-07-26,46,0.0515,1,1279.3,1279.3,0.0,0.0,1.0,1279.3,582,0.0,1279.3,-1.0,-1.0,1
00acfd4d-b8a4-441a-b965-3c900cea01a1,2025-07-26,4,0.3175,8,25940.63,3242.57875,1.0,492.92,3.0,3011.82,756,33.0,492.92,-0.804311,-0.5,0
01a1b558-e312-42e2-ae36-718f30634861,2025-07-26,130,0.0427,1,3602.18,3602.18,0.0,0.0,0.0,0.0,703,0.0,3602.18,0.0,0.0,1
027e2c71-76f6-44d8-b214-51097fc3e605,2025-07-26,8,1.009,15,28101.17,1873.411333,3.0,6135.95,5.0,11763.12,446,18.6429,2107.5,4.508677,2.0,0
02cb9a9f-5819-466a-91e5-0f9a44b9fa1f,2025-07-26,22,0.0592,1,5969.41,5969.41,1.0,5969.41,1.0,5969.41,507,0.0,5969.41,0.0,0.0,0
033361ce-6653-4ee7-bee4-3fdbd06887c9,2025-07-26,176,0.0829,2,4098.96,2049.48,0.0,0.0,0.0,0.0,724,4.0,925.52,0.0,0.0,0
03d535e6-bab9-4699-93ff-729d55e623f0,2025-07-26,4,0.1243,3,3283.87,1094.623333,2.0,2684.36,2.0,2684.36,724,92.0,2328.23,0.0,0.0,0
0443c1b9-9e56-4bed-b673-1441efe40f38,2025-07-26,134,0.073,2,1005.07,502.535,0.0,0.0,0.0,0.0,822,7.0,550.59,0.0,0.0,0
050980d5-34a4-4416-b487-3ba57e340fdf,2025-07-26,46,0.0675,2,7793.16,3896.58,0.0,0.0,2.0,7793.16,889,34.0,321.97,-1.0,-1.0,1
05f197bf-0bdd-44a5-84bb-1878a08666b6,2025-07-26,3,0.4938,16,35341.07,2208.816875,3.0,5373.14,9.0,20180.66,972,16.5333,2878.22,-0.548014,0.0,0
066b0bf5-5f5a-4c95-a709-b1fc1d059f94,2025-07-26,37,0.5065,13,43099.68,3315.36,0.0,0.0,7.0,26748.94,770,18.4167,6266.43,-1.0,-1.0,0
06771e16-c89d-4440-9d23-12b982301e00,2025-07-26,39,0.2195,6,13951.15,2325.191667,0.0,0.0,3.0,7987.13,820,33.2,3419.04,-1.0,-1.0,0
0833337f-d730-49c9-98d3-adc98d0ffdd5,2025-07-26,72,0.0654,2,2952.69,1476.345,0.0,0.0,1.0,819.09,917,114.0,819.09,0.0,0.0,0
08667cf4-ac3a-45ee-a2ce-c49435d37bd6,2025-07-26,111,0.137,2,1819.54,909.77,0.0,0.0,0.0,0.0,438,83.0,1065.14,0.0,0.0,1
0915900f-d22e-42b0-8e9e-810e55498a13,2025-07-26,3,0.4928,16,49812.81,3113.300625,2.0,6895.48,6.0,23564.78,974,16.4,2243.64,-0.537362,0.0,0
091ba1e5-58cf-4e6c-badc-17dbe89dea69,2025-07-26,40,0.549,17,51190.66,3011.215294,0.0,0.0,6.0,26584.56,929,18.0,3658.58,-1.0,-1.0,0
097828d9-6691-4ec3-9ba8-624b866da2cf,2025-07-26,14,0.1348,2,6047.59,3023.795,1.0,5814.8,1.0,5814.8,445,108.0,5814.8,0.0,0.0,0
099dc7e9-7010-498d-a042-18b5e023a832,2025-07-26,32,0.0575,1,1145.21,1145.21,0.0,0.0,1.0,1145.21,522,0.0,1145.21,-1.0,-1.0,0
09c23830-7cee-4f7c-94cb-8d5486ccf53f,2025-07-26,71,0.1092,3,7553.96,2517.986667,0.0,0.0,1.0,2187.36,824,40.0,2187.36,0.0,0.0,1
0b56c7b0-943b-425a-b6dc-6ab9f4e721ae,2025-07-26,60,0.1627,3,4272.74,1424.246667,0.0,0.0,1.0,499.42,553,52.0,499.42,0.0,0.0,1
0b94772b-0571-4308-92cc-ac6baf2ac02b,2025-07-26,0,0.3713,10,36695.72,3669.572,3.0,11253.68,7.0,26270.98,808,30.3333,1133.2,3.326242,2.0,0
0c75c934-71c3-45ff-9de2-91babfa75c3f,2025-07-26,83,0.2095,5,19980.5,3996.1,0.0,0.0,1.0,4864.59,716,23.25,4864.59,0.0,0.0,0
0c9d8d71-baa9-4ddf-936f-0c9137dc6dc6,2025-07-26,17,0.0624,2,4497.91,2248.955,1.0,4085.92,1.0,4085.92,962,157.0,4085.92,0.0,0.0,0
0d0e2d20-27bb-4c93-9f8f-b7710b37194a,2025-07-26,4,0.2897,9,39053.93,4339.325556,2.0,2224.06,7.0,30010.9,932,32.0,1615.69,6.232951,1.0,0
0d5cae3a-3f1a-4ef0-b794-ba9364aaff19,2025-07-26,64,0.0881,2,4392.51,2196.255,0.0,0.0,1.0,2415.13,681,53.0,2415.13,0.0,0.0,1
0e76c917-2eca-40e2-9cbd-346ac241a7fa,2025-07-26,0,0.1069,3,4429.59,1476.53,2.0,3365.24,3.0,4429.59,842,34.5,2091.06,0.0,0.0,0
0e79db9e-6873-435b-b29c-9f8be3977517,2025-07-26,63,0.0913,3,7941.6,2647.2,0.0,0.0,1.0,3390.21,986,55.0,3390.21,0.0,0.0,0
0e83066e-d18a-4165-9e12-fbcb5945fbb6,2025-07-26,7,0.0806,2,5550.13,2775.065,1.0,1523.88,1.0,1523.88,744,136.0,1523.88,0.0,0.0,0
108df563-ddcd-4802-83f7-6f5da40664d0,2025-07-26,10,0.0886,2,1409.95,704.975,1.0,269.98,1.0,269.98,677,111.0,269.98,0.0,0.0,0
10cb2e84-0bd1-4b29-8db3-06ae3488789d,2025-07-26,5,0.3536,6,22550.43,3758.405,1.0,3268.73,2.0,3930.47,509,61.8,3268.73,0.0,0.0,0
113fc32a-23b9-4b41-82f4-df6c2b1ae4ae,2025-07-26,27,0.1709,6,6005.96,1000.993333,1.0,2601.26,2.0,2913.71,1053,36.2,2601.26,7.325364,0.0,0
118ee786-a564-468b-9121-6d099423827f,2025-07-26,139,0.0351,1,1139.97,1139.97,0.0,0.0,0.0,0.0,854,0.0,1139.97,0.0,0.0,0
119de36d-41b2-4136-a3a2-0b81cfcdf6f9,2025-07-26,162,0.1893,4,13253.0,3313.25,0.0,0.0,0.0,0.0,634,23.0,694.18,0.0,0.0,0
121edff8-dfb7-4758-a559-7855430672f3,2025-07-26,34,0.5357,8,32982.44,4122.805,0.0,0.0,6.0,28398.67,448,25.0,7270.86,-1.0,-1.0,0
12be2694-e03e-4703-878e-8ce9ad582cf1,2025-07-26,81,0.0894,3,10954.22,3651.406667,0.0,0.0,1.0,4630.19,1007,100.0,4630.19,0.0,0.0,0
13995ae9-c50f-4813-b0ba-6e044fe0b9ef,2025-07-26,9,0.3097,8,26528.43,3316.05375,3.0,11851.6,5.0,17589.44,775,36.4286,2797.29,1.065516,0.5,0
13b4e054-f5c9-4aaa-adb2-89ae2ad3a8bb,2025-07-26,30,0.1402,4,9794.76,2448.69,0.0,0.0,2.0,4596.54,856,57.6667,3538.52,-1.0,-1.0,0
13d8502b-672a-495d-a3f4-30157008db99,2025-07-26,151,0.054,1,621.76,621.76,0.0,0.0,0.0,0.0,556,0.0,621.76,0.0,0.0,0
1445cd5d-91a8-417f-b07d-805a30ad7fb7,2025-07-26,38,0.1913,5,8354.96,1670.992,0.0,0.0,2.0,3988.81,784,38.0,1303.19,-1.0,-1.0,0
1686f723-a337-4bf4-aedd-21d353bffde6,2025-07-26,14,0.1245,2,4391.17,2195.585,1.0,295.75,1.0,295.75,482,138.0,295.75,0.0,0.0,0
1762b46f-b7ef-481c-9e0b-7e6d2033bcf4,2025-07-26,6,1.1842,18,55121.85,3062.325,5.0,12544.99,12.0,36843.53,456,19.0588,2006.11,-0.310554,0.0,0
1790c003-10df-448c-b85d-1632f261eb08,2025-07-26,148,0.1163,2,1612.25,806.125,0.0,0.0,0.0,0.0,516,55.0,230.16,0.0,0.0,1
18f1b310-96f4-4c2e-b99b-5b091b3e0999,2025-07-26,47,0.0421,1,4381.97,4381.97,0.0,0.0,1.0,4381.97,712,0.0,4381.97,-1.0,-1.0,0
1948ea27-1b6a-4dd3-8c99-b399dcf88ed3,2025-07-26,11,0.4608,9,23641.64,2626.848889,2.0,1922.93,7.0,18344.43,586,14.25,1775.24,-0.856407,-0.3333,0
1a467aee-8d4c-4127-8afb-fde18c339771,2025-07-26,0,0.2767,7,18607.61,2658.23,2.0,6563.24,5.0,13856.18,759,36.8333,1274.18,-0.100056,-0.3333,0
1a980af4-4a6b-40eb-a9a0-f4ffc25c68aa,2025-07-26,0,0.2521,5,10594.44,2118.888,3.0,3352.69,3.0,3352.69,595,57.25,390.54,0.0,0.0,0
1b167ea1-66cf-416e-82fc-b6448dbddf75,2025-07-26,16,0.1664,4,14489.89,3622.4725,1.0,1940.24,2.0,9050.05,721,35.0,1940.24,-0.727104,0.0,0
1b1ed7c2-6b3b-4ab2-9092-bb1c6ed900ba,2025-07-26,1,0.1073,2,3306.64,1653.32,1.0,822.74,1.0,822.74,559,146.0,822.74,0.0,0.0,0
1c22a6c4-3de0-4f96-b62a-3a6edbbaf732,2025-07-26,6,0.5096,16,35378.06,2211.12875,3.0,4323.04,8.0,20397.5,942,18.4,69.99,-0.588734,-0.25,0
1fff1144-0a72-44bd-ae41-900fd84b9dec,2025-07-26,7,0.3715,12,37024.48,3085.373333,1.0,852.58,6.0,17401.98,969,25.5455,852.58,-0.872157,-0.5,0
20538050-69a2-4a47-9dd1-b9142fb76c57,2025-07-26,73,0.0748,2,4283.35,2141.675,0.0,0.0,1.0,3504.91,802,57.0,3504.91,0.0,0.0,0
2068266d-f715-474b-b293-1caa9d9e7b74,2025-07-26,15,0.0845,2,630.36,315.18,1.0,138.37,2.0,630.36,710,21.0,138.37,-0.718754,0.0,0
20791844-68d1-4c47-8940-96e45daf918f,2025-07-26,2,0.4242,14,38877.84,2776.988571,1.0,2334.09,5.0,22268.75,990,24.1538,2334.09,-0.625106,0.0,0
20862386-94e2-45f7-815a-43c7bc2f2b60,2025-07-26,23,0.093,3,11561.48,3853.826667,1.0,2006.11,3.0,11561.48,968,21.5,2006.11,0.0,0.0,0
21a51334-c936-4d66-b3de-22e7b162ade5,2025-07-26,5,0.124,4,9049.14,2262.285,2.0,2265.88,3.0,3753.4,968,82.6667,528.76,0.52326,1.0,0
2259bbe9-5f76-414c-ac70-cb078652ec8b,2025-07-26,176,0.0442,1,2461.58,2461.58,0.0,0.0,0.0,0.0,679,0.0,2461.58,0.0,0.0,1
2277c61c-6a77-4651-9d4b-9cccf937b007,2025-07-26,26,0.0671,2,3120.23,1560.115,1.0,1177.44,1.0,1177.44,894,267.0,1177.44,0.0,0.0,0
229edd85-4113-4b2a-be5b-1cc986fd5173,2025-07-26,4,0.3627,7,14976.33,2139.475714,1.0,139.99,4.0,5798.83,579,32.0,139.99,-0.954357,0.0,0
22c9e11f-8a46-446c-a948-06b756976159,2025-07-26,0,0.1223,3,12277.23,4092.41,1.0,1849.43,2.0,11509.91,736,136.5,1849.43,-0.808557,0.0,0
2576b737-f022-4e9c-8640-a88226cea0ff,2025-07-26,31,0.5482,11,23530.16,2139.105455,0.0,0.0,3.0,3225.46,602,21.2,763.48,-1.0,-1.0,0
267963b4-ed35-41d7-b2ce-cc6088afbd06,2025-07-26,0,0.1257,3,6008.1,2002.7,2.0,3638.17,3.0,6008.1,716,24.5,566.6,0.535138,1.0,0
27121f78-6ac9-48b9-bd1d-14e1b17b0217,2025-07-26,0,0.1961,5,7442.81,1488.562,2.0,3993.52,3.0,4965.1,765,51.5,1150.8,0.0,0.0,0
272c06ef-927d-483b-b924-350e81ee8dfe,2025-07-26,88,0.0617,2,6913.98,3456.99,0.0,0.0,1.0,2774.14,972,66.0,2774.14,0.0,0.0,0
27415395-c694-42d4-a2b5-04dfddb578f5,2025-07-26,11,0.0843,3,4943.97,1647.99,1.0,2483.9,1.0,2483.9,1067,136.5,2483.9,0.0,0.0,0
274dc0d8-8ff4-4a0e-a6cd-722b3eed949b,2025-07-26,35,0.0564,1,403.44,403.44,0.0,0.0,1.0,403.44,532,0.0,403.44,-1.0,-1.0,1
28db185a-0491-429f-bcbf-840c74d94b1e,2025-07-26,144,0.0493,1,1120.79,1120.79,0.0,0.0,0.0,0.0,609,0.0,1120.79,0.0,0.0,0
28e3eb2f-4e60-491c-8ecf-9260a4a4ced4,2025-07-26,4,0.4888,16,51749.45,3234.340625,6.0,18083.59,10.0,22807.03,982,16.2,5032.81,2.894849,1.0,0
28fe8878-f7c1-4a80-9dc8-ab4bf2bbd40a,2025-07-26,28,0.15,3,4457.78,1485.926667,1.0,1323.49,1.0,1323.49,600,62.5,1323.49,0.0,0.0,0
29da7f9b-7059-4c90-999f-3737f7557ee5,2025-07-26,103,0.0875,2,2193.87,1096.935,0.0,0.0,0.0,0.0,686,35.0,1728.3,0.0,0.0,0
2b7d87b4-19c8-4ef8-88c3-9bc34019b9ea,2025-07-26,106,0.0334,1,638.15,638.15,0.0,0.0,0.0,0.0,899,0.0,638.15,0.0,0.0,0
2c1bec68-3786-4dae-bb18-e5be2c55ad92,2025-07-26,180,0.0323,1,1324.34,1324.34,0.0,0.0,0.0,0.0,930,0.0,1324.34,0.0,0.0,1
2c3ca1b8-7c76-4a4c-80bf-5314fb7f22ae,2025-07-26,38,0.2799,10,30314.05,3031.405,0.0,0.0,3.0,10619.19,1072,28.6667,3347.69,-1.0,-1.0,0
2c513a38-ffd7-477a-8bc7-7f96f8b9ca38,2025-07-26,127,0.0683,1,2387.76,2387.76,0.0,0.0,0.0,0.0,439,0.0,2387.76,0.0,0.0,1
2d2d74d8-47ee-4fdd-a00f-61966c2b1b25,2025-07-26,197,0.0457,1,2202.35,2202.35,0.0,0.0,0.0,0.0,657,0.0,2202.35,0.0,0.0,1
2e532847-959f-4087-bd6e-85a52170ee01,2025-07-26,36,0.1657,4,6439.84,1609.96,0.0,0.0,2.0,4507.82,724,22.3333,3658.58,-1.0,-1.0,0
2fcab125-0690-4478-91f9-6c3b3e5eada3,2025-07-26,137,0.0661,2,2113.42,1056.71,0.0,0.0,0.0,0.0,908,2.0,2059.94,0.0,0.0,0
2fd49fb9-c8b2-4ec3-b38c-a061a73e1168,2025-07-26,7,0.4042,9,23354.01,2594.89,1.0,1175.83,5.0,14163.72,668,27.125,1175.83,-0.374399,0.0,1
2fdb2470-7bb8-4ff4-90ef-b13139714701,2025-07-26,9,0.2712,5,8469.47,1693.894,1.0,1079.9,1.0,1079.9,553,62.5,1079.9,0.0,0.0,0
30234645-3e34-4245-a4e4-e0e65a95e222,2025-07-26,1,0.293,5,11262.08,2252.416,1.0,349.97,3.0,9660.28,512,35.5,349.97,-0.823919,0.0,0
3137607b-7cb7-42f6-bf45-44b8618d38d2,2025-07-26,6,0.6522,10,25679.23,2567.923,5.0,8924.45,8.0,18408.79,460,28.2222,1133.37,1.245975,4.0,0
31e4bcb5-1a69-45eb-a2c7-5bfa73cdfca1,2025-07-26,4,0.3633,12,25974.93,2164.5775,3.0,7548.08,6.0,13384.82,991,17.4545,2968.31,0.293201,0.0,0
32ab5f7d-2c86-49a3-b8c6-009538e6624d,2025-07-26,56,0.2269,5,12797.89,2559.578,0.0,0.0,2.0,6419.13,661,59.0,61.5,-1.0,-1.0,0
334ea671-bdee-4328-983b-35a799b372d6,2025-07-26,18,0.254,9,20397.15,2266.35,1.0,2161.31,4.0,8222.53,1063,28.625,2161.31,-0.64342,-0.6667,1
3378475b-b350-4593-9546-01468d85dcd8,2025-07-26,96,0.3198,5,6780.01,1356.002,0.0,0.0,0.0,0.0,469,16.75,1175.83,0.0,0.0,0
33879d3b-ca28-410e-9d37-7a429d1c33aa,2025-07-26,21,0.1132,3,8354.48,2784.826667,1.0,4775.53,2.0,5277.51,795,153.0,4775.53,0.0,0.0,0
33ee3ff1-854d-447c-b205-31e8f43b9b20,2025-07-26,176,0.1314,3,4633.83,1544.61,0.0,0.0,0.0,0.0,685,25.0,1978.87,0.0,0.0,0
342211c4-67cb-41aa-92dd-fdfb475efd26,2025-07-26,54,0.0516,1,2336.61,2336.61,0.0,0.0,1.0,2336.61,581,0.0,2336.61,-1.0,-1.0,1
34a16a66-821a-489f-8fc2-67d38c8256d4,2025-07-26,69,0.1511,4,16454.4,4113.6,0.0,0.0,1.0,4953.92,794,55.0,4953.92,0.0,0.0,0
34a5889e-5833-48a0-a0ba-44d9c14b5e71,2025-07-26,7,0.1136,2,2292.27,1146.135,1.0,1428.12,1.0,1428.12,528,90.0,1428.12,0.0,0.0,1
34f539cb-584e-4259-ac9f-44e6d5484ebf,2025-07-26,5,0.6818,13,39984.9,3075.761538,3.0,5432.86,5.0,18565.68,572,22.9167,3419.92,-0.586314,0.5,0
34fc1ab3-f5c6-4545-9ba9-158e780f74bd,2025-07-26,9,0.2076,6,12033.85,2005.641667,1.0,4487.28,2.0,4565.39,867,43.2,4487.28,56.448214,0.0,0
36526e5e-f875-4c3e-a8d6-c50ede833ade,2025-07-26,68,0.3321,6,21932.58,3655.43,0.0,0.0,2.0,11702.31,542,34.4,7322.76,0.0,0.0,0
376ee9f0-6491-4a85-888a-05e690a5e05f,2025-07-26,212,0.0449,1,4726.52,4726.52,0.0,0.0,0.0,0.0,668,0.0,4726.52,0.0,0.0,1
3773055e-a1f8-4fba-8846-a4b4eca5c2b7,2025-07-26,88,0.212,4,6926.4,1731.6,0.0,0.0,1.0,3161.25,566,30.6667,3161.25,0.0,0.0,0
37d5df97-0c87-4376-9107-d798341f0602,2025-07-26,2,0.0586,2,6082.06,3041.03,2.0,6082.06,2.0,6082.06,1024,12.0,2968.31,0.0,0.0,0
3907704e-d22a-40f9-9591-9c06dfc1b6d2,2025-07-26,11,0.3824,11,27582.56,2507.505455,3.0,4784.89,5.0,8905.54,863,27.7,2631.2,0.161198,0.5,0
399ee9ba-2674-41aa-a50a-7b370668b523,2025-07-26,23,0.1619,4,13478.75,3369.6875,1.0,285.68,3.0,11724.67,741,46.6667,285.68,0.0,0.0,0
3a2f88d5-e75e-4285-9b59-ed2b46276d42,2025-07-26,57,0.059,2,1253.39,626.695,0.0,0.0,1.0,441.0,1017,48.0,441.0,-1.0,-1.0,0
3a4a12e8-a3c4-4fe3-a0bc-ed28dee70ff0,2025-07-26,8,0.1863,5,10215.65,2043.13,2.0,5635.06,3.0,7758.17,805,44.75,3419.92,0.0,0.0,0
3a8f7a32-89b6-42d8-b99a-bc1041025065,2025-07-26,284,0.0312,1,1076.88,1076.88,0.0,0.0,0.0,0.0,961,0.0,1076.88,0.0,0.0,1
3b80de3a-118c-4393-9d4e-1994031e22b9,2025-07-26,19,0.2643,4,6318.28,1579.57,1.0,449.63,2.0,2437.18,454,33.6667,449.63,-0.773777,0.0,0
3bd0dd5d-7d24-48da-856a-69e393e5e5b9,2025-07-26,1,0.1469,4,10152.97,2538.2425,1.0,276.74,2.0,8481.59,817,70.3333,276.74,-0.966271,0.0,0
3cc7350b-72e0-4990-a2f4-79f0e19bfe72,2025-07-26,0,0.3989,14,35238.59,2517.042143,5.0,9505.32,10.0,25335.17,1053,22.3846,411.14,1.360403,0.6667,0
3ce5849f-19ca-4eca-8a46-e4a3b8828dc2,2025-07-26,230,0.0377,1,2841.6,2841.6,0.0,0.0,0.0,0.0,796,0.0,2841.6,0.0,0.0,0
3d036612-3ff3-451e-a921-d163e55b4c30,2025-07-26,4,0.1024,3,4334.84,1444.946667,1.0,1754.08,2.0,3534.72,879,82.0,1754.08,0.0,0.0,0
3da770f9-a532-48df-a2e4-cf550c263161,2025-07-26,2,0.3516,6,12321.56,2053.593333,1.0,533.4,3.0,9175.46,512,34.2,533.4,0.0,0.0,0
3de6f533-5503-4109-875b-33f40109353f,2025-07-26,63,0.2086,6,19187.51,3197.918333,0.0,0.0,2.0,7929.92,863,42.0,7521.62,0.0,0.0,0
3e80243e-ed4d-46b5-a4ec-9aa1107c32da,2025-07-26,1,0.5797,12,39574.13,3297.844167,2.0,4313.98,6.0,18193.19,621,23.3636,2461.19,-0.68114,-0.3333,0
3e8f3d31-4fdc-4858-8d58-87b8c70d1e61,2025-07-26,36,0.1051,2,8674.03,4337.015,0.0,0.0,1.0,8052.6,571,212.0,8052.6,-1.0,-1.0,0
403ba4f6-3b05-4fb0-9c95-6068878e01b1,2025-07-26,29,0.3325,9,41005.14,4556.126667,1.0,2128.71,4.0,19271.18,812,33.5,2128.71,-0.865303,-0.5,0
40abd3f4-34c6-407b-8dfe-8ff445cce235,2025-07-26,37,0.1795,6,4216.07,702.678333,0.0,0.0,3.0,2984.35,1003,55.6,328.53,-1.0,-1.0,0
414fbbd6-b12f-45a2-85f2-fd8a574567fa,2025-07-26,40,0.0621,2,1024.42,512.21,0.0,0.0,1.0,705.35,966,137.0,705.35,-1.0,-1.0,1
41906a86-bd78-43ee-a9ab-5f93230c56a1,2025-07-26,4,0.343,11,23875.08,2170.461818,2.0,3016.42,4.0,3898.42,962,31.9,1591.91,2.419977,0.0,0
41cc51fc-74f3-43aa-b9e8-c4269becb375,2025-07-26,7,0.2064,6,22045.27,3674.211667,1.0,4947.18,2.0,8502.08,872,42.8,4947.18,0.0,0.0,0
420464c7-e05c-4002-9ab4-902acb471c60,2025-07-26,6,0.3529,7,15665.86,2237.98,1.0,809.93,3.0,11444.24,595,47.3333,809.93,-0.914562,0.0,0
42b4250f-96b0-4ca7-b063-8722469fafa6,2025-07-26,20,0.1071,2,6136.05,3068.025,1.0,497.92,2.0,6136.05,560,11.0,497.92,-0.911687,0.0,1
43b1d0a0-404f-48c8-96ee-46291e3ceaa3,2025-07-26,172,0.255,6,12670.03,2111.671667,0.0,0.0,0.0,0.0,706,19.4,988.69,0.0,0.0,0
44e18ff7-c6c4-4f05-810a-10acda026843,2025-07-26,1,0.4203,13,37456.08,2881.236923,3.0,3314.84,7.0,22422.56,928,19.25,842.29,-0.799902,0.0,0
44e3f736-1e1f-478d-876f-f18c9b474ec7,2025-07-26,68,0.0839,3,21138.1,7046.033333,0.0,0.0,1.0,7361.11,1073,105.5,7361.11,0.0,0.0,0
44f08084-85aa-46b5-8832-5d1d2b8db2cc,2025-07-26,171,0.0345,1,159.54,159.54,0.0,0.0,0.0,0.0,870,0.0,159.54,0.0,0.0,1
454e54ed-b5e4-4096-9693-090f3ddaa42e,2025-07-26,65,0.1215,2,19049.35,9524.675,0.0,0.0,1.0,8452.92,494,184.0,8452.92,0.0,0.0,0
456196a3-f5fd-4769-85c9-fe12f73de5b9,2025-07-26,1,0.599,12,31041.47,2586.789167,3.0,2957.56,6.0,14668.06,601,22.0909,1041.26,-0.126267,2.0,0
45b35575-e766-4b46-861c-910c86237813,2025-07-26,1,0.5583,15,35024.41,2334.960667,5.0,12575.93,6.0,12915.63,806,17.7143,803.84,36.020695,4.0,0
45b88888-2215-4e91-9647-006d4a1e9e88,2025-07-26,40,0.214,5,17126.53,3425.306,0.0,0.0,2.0,4936.56,701,17.25,4142.51,-1.0,-1.0,0
46131e6b-4c77-4840-8255-973dc2b72450,2025-07-26,9,0.1258,4,8291.08,2072.77,1.0,2776.57,2.0,4271.36,954,61.0,2776.57,0.857498,0.0,0
4625383b-ddb9-4a4e-8e05-f4c0efbb0b38,2025-07-26,65,0.0388,1,7151.97,7151.97,0.0,0.0,1.0,7151.97,774,0.0,7151.97,0.0,0.0,1
46b19404-7f1c-4813-a3e9-8ad7066efbfb,2025-07-26,52,0.0641,1,9419.47,9419.47,0.0,0.0,1.0,9419.47,468,0.0,9419.47,-1.0,-1.0,0
46ced229-ee4c-418c-badd-2f91fc1ab760,2025-07-26,10,0.24,5,10114.58,2022.916,2.0,4302.46,3.0,5573.29,625,41.75,2202.35,0.0,0.0,0
46df1799-2ada-4ee5-af3b-e819f704a921,2025-07-26,55,0.028,1,2128.71,2128.71,0.0,0.0,1.0,2128.71,1073,0.0,2128.71,-1.0,-1.0,1
48689e01-09c4-46f3-9d8e-5d6c440e56cb,2025-07-26,17,0.086,3,7864.12,2621.373333,2.0,6730.92,2.0,6730.92,1046,88.5,4487.28,0.0,0.0,0
48871682-8627-402c-b359-46e536c8c5f8,2025-07-26,1,0.2358,5,8340.62,1668.124,1.0,2100.11,1.0,2100.11,636,61.75,2100.11,0.0,0.0,0
4985763f-1aec-4bc7-8147-1beeb7a2d9c0,2025-07-26,77,0.0843,3,2559.27,853.09,0.0,0.0,1.0,344.72,1067,45.0,344.72,0.0,0.0,0
49d4f65c-a7f6-423f-97b2-75571396471e,2025-07-26,37,0.1685,3,12699.97,4233.323333,0.0,0.0,1.0,801.57,534,114.0,801.57,-1.0,-1.0,0
4db8450b-3473-4e34-abb8-61b270b04333,2025-07-26,15,0.1226,3,2084.32,694.773333,1.0,476.04,1.0,476.04,734,118.5,476.04,0.0,0.0,0
4ed5562c-399a-4f63-8123-7496d2617ad8,2025-07-26,26,0.1727,4,13564.78,3391.195,1.0,2919.66,3.0,13012.25,695,24.6667,2919.66,-0.710713,-0.5,0
4ee7f9a8-1985-4e04-82b5-332cbc70c187,2025-07-26,168,0.1786,4,11164.75,2791.1875,0.0,0.0,0.0,0.0,672,24.0,712.26,0.0,0.0,0
4f4f2ef2-6350-45b8-af19-6bd90adfc454,2025-07-26,2,0.4811,14,36005.97,2571.855,3.0,3326.06,7.0,28724.12,873,12.3077,2764.19,-0.745442,0.5,0
505deb96-02b0-4484-ae43-533961fa661d,2025-07-26,8,0.3681,10,19317.69,1931.769,3.0,7662.09,4.0,10708.08,815,22.6667,2047.71,1.515468,2.0,0
5097dfe0-2eb9-4792-a52b-170cf10ad290,2025-07-26,171,0.0544,1,390.54,390.54,0.0,0.0,0.0,0.0,551,0.0,390.54,0.0,0.0,1
5173c47a-a140-490b-afc1-af84817a605e,2025-07-26,26,0.1199,4,12679.68,3169.92,1.0,5212.73,1.0,5212.73,1001,70.6667,5212.73,0.0,0.0,0
51833259-a233-414c-85fb-6ed59e50dfed,2025-07-26,1,0.8094,15,45008.97,3000.598,3.0,9241.61,6.0,12082.84,556,22.5714,4146.07,8.232378,0.5,0
528aa423-6b23-4a2a-8e8b-d2c5976a5484,2025-07-26,31,0.093,2,13541.08,6770.54,0.0,0.0,2.0,13541.08,645,23.0,4824.69,-1.0,-1.0,0
529b58fc-1d6b-4a46-bcf3-bd50c058a284,2025-07-26,88,0.1807,4,10415.13,2603.7825,0.0,0.0,1.0,1817.93,664,34.0,1817.93,0.0,0.0,0
532c0027-0a87-4b04-8cd6-433b7eda14e0,2025-07-26,81,0.0809,2,10579.5,5289.75,0.0,0.0,1.0,5317.11,742,108.0,5317.11,0.0,0.0,0
5379215b-cc4c-4e00-a6c5-27be458826a0,2025-07-26,214,0.0307,1,3053.65,3053.65,0.0,0.0,0.0,0.0,976,0.0,3053.65,0.0,0.0,1
53cf422c-89ff-449d-9e2b-509585fbfa93,2025-07-26,109,0.0985,2,5308.94,2654.47,0.0,0.0,0.0,0.0,609,122.0,1041.26,0.0,0.0,1
54739a70-fe3b-45f0-b6da-5eb96fddebc6,2025-07-26,46,0.6785,14,35878.21,2562.729286,0.0,0.0,3.0,6652.05,619,16.3846,2631.38,-1.0,-1.0,0
549276f5-7982-4ddd-9090-30fd37f31bf6,2025-07-26,26,0.2567,7,20397.3,2913.9,1.0,588.0,2.0,7021.78,818,24.3333,588.0,0.0,0.0,0
556c3740-52fd-4022-8755-b92b9fa5342d,2025-07-26,1,0.1721,6,22638.52,3773.086667,2.0,7173.47,3.0,11841.64,1046,62.2,4012.22,0.0,0.0,0
5705b303-d99b-47e5-9620-2ac37d16bf70,2025-07-26,31,0.1316,2,2828.2,1414.1,0.0,0.0,1.0,2497.11,456,96.0,2497.11,-1.0,-1.0,0
575ab059-021e-48cf-a1f6-39e5a9719349,2025-07-26,50,0.1474,4,15002.62,3750.655,0.0,0.0,1.0,6578.32,814,54.0,6578.32,-1.0,-1.0,0
5768b4fe-4e94-4a79-bf94-aec56843c229,2025-07-26,69,0.0594,1,2412.34,2412.34,0.0,0.0,1.0,2412.34,505,0.0,2412.34,0.0,0.0,0
5772f550-5886-44ab-b618-cc525d22c053,2025-07-26,10,1.445,21,55028.71,2620.414762,6.0,18224.3,13.0,35301.85,436,14.45,3173.44,1.686646,2.0,0
5828d313-995e-4774-b19c-e8ac7bc3daea,2025-07-26,19,0.0574,2,662.0,331.0,1.0,478.61,1.0,478.61,1046,196.0,478.61,0.0,0.0,1
585a8991-c44f-4e18-b8e0-6283bf6f9aff,2025-07-26,11,0.197,7,22340.91,3191.558571,1.0,2853.08,1.0,2853.08,1066,47.3333,2853.08,0.0,0.0,1
59749859-a81e-48e6-bc39-a362a3eada9b,2025-07-26,0,0.3043,5,20431.48,4086.296,2.0,3574.68,4.0,17340.26,493,23.25,2853.08,-0.556084,1.0,0
5a2542d2-8392-4c53-bbf2-259d1b7de2ba,2025-07-26,4,0.4393,7,23684.49,3383.498571,2.0,5196.67,6.0,21482.14,478,25.5,4775.53,-0.589197,-0.3333,0
5a60bb30-d49d-430c-b819-619528fa0373,2025-07-26,12,0.2717,5,7990.59,1598.118,1.0,2279.95,2.0,3913.16,552,62.0,2279.95,0.395993,0.0,1
5b8f23c7-fa9a-4a08-9a59-251fb715af18,2025-07-26,12,0.0595,2,9172.38,4586.19,1.0,2752.94,1.0,2752.94,1009,241.0,2752.94,0.0,0.0,1
5be61d8d-e5a3-403f-b61d-c9096e40b7fb,2025-07-26,118,0.0366,1,1645.48,1645.48,0.0,0.0,0.0,0.0,820,0.0,1645.48,0.0,0.0,0
5d5fa6d8-0ad7-4ade-be35-1c481b16b275,2025-07-26,28,0.4933,11,30308.12,2755.283636,1.0,7865.82,5.0,17005.94,669,23.3,7865.82,0.203873,-0.6667,0
600950e2-e195-4863-b978-6b55ea2f8a24,2025-07-26,69,0.2034,4,1311.29,327.8225,0.0,0.0,1.0,821.34,590,36.6667,821.34,0.0,0.0,0
60ce8a0f-d7a4-4ed2-ac8e-6e0a87d50d90,2025-07-26,22,0.1171,4,4463.89,1115.9725,1.0,1904.15,2.0,2396.96,1025,38.6667,1904.15,0.0,0.0,0
60fc3a69-d7a0-4445-b08b-d165e0bc4928,2025-07-26,72,0.0605,2,2818.27,1409.135,0.0,0.0,1.0,482.95,992,114.0,482.95,0.0,0.0,0
614d73fd-8846-4895-a773-7898e1678216,2025-07-26,65,0.327,8,23763.91,2970.48875,0.0,0.0,1.0,10487.77,734,28.0,10487.77,0.0,0.0,0
61ca8ccc-59b9-4f6f-84a3-e49d67fbff34,2025-07-26,36,0.0838,2,7846.24,3923.12,0.0,0.0,1.0,5579.5,716,102.0,5579.5,-1.0,-1.0,0
6272b3b9-197b-4be0-bf82-5b6e74a51d18,2025-07-26,9,0.1577,5,21914.95,4382.99,2.0,8565.6,3.0,11172.35,951,50.0,3097.19,2.285931,1.0,0
62795829-338f-4ef4-a58a-8b4df43e37ed,2025-07-26,306,0.045,1,349.18,349.18,0.0,0.0,0.0,0.0,666,0.0,349.18,0.0,0.0,0
655a8a99-8ea7-4fab-8686-b6e0a9369c3b,2025-07-26,1,0.1235,3,5253.66,1751.22,1.0,1651.77,3.0,5253.66,729,31.0,1651.77,0.0,0.0,0
66581e52-4a91-4e5a-9db9-6ea7faad6977,2025-07-26,130,0.1515,3,4838.36,1612.786667,0.0,0.0,0.0,0.0,594,75.0,868.56,0.0,0.0,0
66aa9f2d-de6b-4def-8269-b6d0177dbf9a,2025-07-26,18,0.5207,18,58550.16,3252.786667,1.0,274.09,6.0,12998.3,1037,16.1765,274.09,-0.948293,-0.6667,0
66c93c21-5319-42bd-aee5-a4af817f02a3,2025-07-26,66,0.053,1,3478.21,3478.21,0.0,0.0,1.0,3478.21,566,0.0,3478.21,0.0,0.0,0
6774c3a7-d951-43fa-9c75-eaca2ced5391,2025-07-26,2,0.4196,12,27497.71,2291.475833,4.0,9287.3,6.0,16584.17,858,27.3636,1737.12,0.272779,1.0,0
679c79cb-5d90-434a-a13e-d63368ba0b98,2025-07-26,78,0.0585,2,2052.38,1026.19,0.0,0.0,1.0,1216.14,1026,137.0,1216.14,0.0,0.0,1
67fc2766-666c-4de5-9a16-9a35603b9a46,2025-07-26,42,0.2022,3,21364.3,7121.433333,0.0,0.0,2.0,17683.0,445,102.5,5579.5,-1.0,-1.0,0
6853ff18-9673-4369-b96a-eb7e1eb71169,2025-07-26,42,0.1556,5,20053.22,4010.644,0.0,0.0,2.0,7280.28,964,33.25,3413.55,-1.0,-1.0,0
6892976f-0a64-4372-bcd7-14d6113ea6e2,2025-07-26,66,0.15,5,10530.35,2106.07,0.0,0.0,4.0,10099.6,1000,36.0,657.85,0.0,0.0,0
69008e38-87df-4edc-8e0c-02e44a0802a3,2025-07-26,151,0.0508,1,465.57,465.57,0.0,0.0,0.0,0.0,591,0.0,465.57,0.0,0.0,0
69223a3a-0e99-457c-b139-53a914126da0,2025-07-26,264,0.0299,1,7771.19,7771.19,0.0,0.0,0.0,0.0,1005,0.0,7771.19,0.0,0.0,1
69b42ebe-0ce1-4f78-b8cd-1bb12a098250,2025-07-26,40,0.028,1,4337.82,4337.82,0.0,0.0,1.0,4337.82,1072,0.0,4337.82,-1.0,-1.0,0
6a03d7f7-9095-4c61-b549-95cd16aba353,2025-07-26,58,0.0305,1,550.4,550.4,0.0,0.0,1.0,550.4,983,0.0,550.4,-1.0,-1.0,0
6a7efc18-882b-4c4c-a75d-1b8aecdbf4a6,2025-07-26,32,0.1964,7,6142.94,877.562857,0.0,0.0,4.0,3309.53,1069,20.3333,794.7,-1.0,-1.0,0
6b35501e-08f6-41b4-8699-30281befd8ec,2025-07-26,44,0.3448,6,23933.79,3988.965,0.0,0.0,1.0,535.41,522,54.2,535.41,-1.0,-1.0,0
6bb31b8a-5c85-4549-9106-7183256248ff,2025-07-26,1,0.2416,6,13419.28,2236.546667,2.0,5184.0,3.0,6172.69,745,48.6,952.6,0.0,0.0,0
6cad4c9f-a37c-452d-9e24-b927cd585be0,2025-07-26,20,0.0798,2,4365.42,2182.71,1.0,3954.76,1.0,3954.76,752,210.0,3954.76,0.0,0.0,0
6ccef97b-c165-4c24-aa1d-00119b8315f2,2025-07-26,20,0.1235,3,15149.32,5049.773333,1.0,3892.19,2.0,11410.27,729,46.0,3892.19,-0.482289,0.0,0
6d07afb5-e45f-49c8-8fe6-ab313f89ab9c,2025-07-26,48,0.3501,10,37397.69,3739.769,0.0,0.0,7.0,29381.95,857,13.2222,1862.84,-1.0,-1.0,0
6dd97a45-7233-4f75-bf2b-a02f9e2403f5,2025-07-26,19,0.3074,5,17846.63,3569.326,1.0,2667.0,3.0,12560.38,488,68.5,2667.0,-0.685595,0.0,0
6e04016c-b9dc-4b48-ac9b-8e9eff3d52ef,2025-07-26,1,0.18,6,16312.72,2718.786667,2.0,1853.63,6.0,16312.72,1000,9.0,1428.9,-0.871802,-0.5,0
6f363f3d-a553-4343-928a-865ef7efa488,2025-07-26,71,0.1393,3,8314.55,2771.516667,0.0,0.0,1.0,1946.44,646,97.0,1946.44,0.0,0.0,0
6f43c820-6bb0-443a-a276-f436ff5cc816,2025-07-26,221,0.0598,1,5588.78,5588.78,0.0,0.0,0.0,0.0,502,0.0,5588.78,0.0,0.0,0
6fb7d847-f44b-41dc-a325-7b26c61cbc96,2025-07-26,38,0.3248,11,24806.26,2255.114545,0.0,0.0,4.0,6330.31,1016,22.8,2866.61,-1.0,-1.0,0
7010920b-f9d5-4e97-9d6a-a57cfe832fad,2025-07-26,9,0.4298,10,21802.19,2180.219,2.0,3673.57,3.0,10059.68,698,26.0,2477.75,0.0,0.0,0
70803e0f-518e-4300-9d6d-cec5780970aa,2025-07-26,2,0.0303,1,279.97,279.97,1.0,279.97,1.0,279.97,991,0.0,279.97,0.0,0.0,0
726b4f75-d374-4f7f-bf66-eff61209fe02,2025-07-26,135,0.0459,1,533.4,533.4,0.0,0.0,0.0,0.0,653,0.0,533.4,0.0,0.0,0
731fe7b0-483a-4068-a5c1-e8ce074a22e2,2025-07-26,90,0.0607,1,1858.31,1858.31,0.0,0.0,0.0,0.0,494,0.0,1858.31,0.0,0.0,1
73c3d633-4b34-49ad-a380-07fa31442bd6,2025-07-26,4,0.2463,5,9436.42,1887.284,1.0,197.17,2.0,1269.46,609,39.75,197.17,0.0,0.0,0
744605d3-9330-457d-9c53-8b4b59950976,2025-07-26,11,0.4255,10,25158.74,2515.874,1.0,4627.61,2.0,9783.25,705,29.4444,4627.61,0.0,0.0,0
75e7956b-bba4-4d50-aa4d-f8061fa9b378,2025-07-26,70,0.0386,1,7865.82,7865.82,0.0,0.0,1.0,7865.82,777,0.0,7865.82,0.0,0.0,0
7613c703-00a5-4fcd-b61f-b4f85bd36ac2,2025-07-26,5,0.2665,9,21211.75,2356.861111,2.0,3523.91,5.0,13506.97,1013,22.75,646.75,-0.647011,-0.3333,0
76c7e6e2-ab70-4430-9c0e-611b3e8e3f7d,2025-07-26,21,0.1411,5,26133.01,5226.602,1.0,3019.68,3.0,17403.42,1063,40.25,3019.68,-0.790063,-0.5,0
78106c04-2615-4323-b215-3172fb34fc72,2025-07-26,51,0.3226,8,35411.75,4426.46875,0.0,0.0,4.0,20415.74,744,30.8571,2737.22,-1.0,-1.0,0
782ae5d7-a09e-4973-a2b3-29bacbb5efa9,2025-07-26,33,0.0424,1,4857.9,4857.9,0.0,0.0,1.0,4857.9,708,0.0,4857.9,-1.0,-1.0,1
785c7075-fbd8-42f7-b26f-e1aadc18eebc,2025-07-26,18,0.056,2,2888.99,1444.495,1.0,701.63,2.0,2888.99,1071,19.0,701.63,-0.679234,0.0,1
79ce75bd-e156-4762-a109-91880fa27abc,2025-07-26,11,0.3959,14,36276.73,2591.195,2.0,5923.17,6.0,18668.95,1061,15.9231,1952.69,-0.535284,-0.5,0
7b3011de-1fd5-49d7-8cd0-565a3af5b5da,2025-07-26,7,0.4898,12,14237.58,1186.465,3.0,7898.66,4.0,8618.21,735,19.6364,276.74,0.0,0.0,0
7b5dbebc-9a0e-4613-8844-f85ea0bc161d,2025-07-26,138,0.0369,1,4200.21,4200.21,0.0,0.0,0.0,0.0,813,0.0,4200.21,0.0,0.0,0
7bb9c97f-e27e-426f-b400-1ecf5e49b6f2,2025-07-26,19,0.0714,2,7959.13,3979.565,1.0,2171.4,2.0,7959.13,840,33.0,2171.4,-0.624827,0.0,0
7be8de25-a69e-4e0f-9ac9-cd6405a73f68,2025-07-26,41,0.0542,1,5792.41,5792.41,0.0,0.0,1.0,5792.41,553,0.0,5792.41,-1.0,-1.0,0
7d31f2fa-4d24-4819-aa43-8ca6f961480f,2025-07-26,284,0.0574,1,3834.51,3834.51,0.0,0.0,0.0,0.0,523,0.0,3834.51,0.0,0.0,1
7d5e174f-f3d2-488e-99b3-a0591b1a9319,2025-07-26,168,0.0364,1,1735.44,1735.44,0.0,0.0,0.0,0.0,824,0.0,1735.44,0.0,0.0,0
7dc50afb-0eaa-4b38-8b2f-04eb2c57446e,2025-07-26,291,0.1161,2,3989.74,1994.87,0.0,0.0,0.0,0.0,517,5.0,2123.91,0.0,0.0,0
7dd67799-87bf-4c47-944e-e495c976e50e,2025-07-26,21,0.1314,4,8833.8,2208.45,2.0,4597.93,2.0,4597.93,913,63.3333,476.3,0.0,0.0,0
7e1ea714-6fe4-494e-9554-750dbe019c23,2025-07-26,5,0.0559,2,9209.36,4604.68,1.0,3248.34,1.0,3248.34,1074,239.0,3248.34,0.0,0.0,0
80425ba2-13bc-407f-9a1c-ff4f30480010,2025-07-26,15,0.2256,8,18940.06,2367.5075,1.0,550.59,4.0,8747.11,1064,29.4286,550.59,-0.92966,-0.5,0
8081cb55-1e73-484f-b6fe-79fe7087f185,2025-07-26,69,0.0363,1,1188.93,1188.93,0.0,0.0,1.0,1188.93,827,0.0,1188.93,0.0,0.0,1
809a4c1b-22b1-4046-b62e-5ca84f41ae56,2025-07-26,152,0.0588,1,355.05,355.05,0.0,0.0,0.0,0.0,510,0.0,355.05,0.0,0.0,0
81038b9d-eef0-443c-9635-a2e4c4df490f,2025-07-26,149,0.1308,3,13306.46,4435.486667,0.0,0.0,0.0,0.0,688,70.5,5699.87,0.0,0.0,0
81aa5e22-d678-428b-b005-9b81178d3a85,2025-07-26,12,0.3204,8,13877.17,1734.64625,1.0,823.98,5.0,12377.37,749,32.1429,823.98,-0.857136,0.0,0
82241b4b-7959-4079-9369-bbfcffcbc453,2025-07-26,34,0.4264,11,31336.17,2848.742727,0.0,0.0,5.0,12576.15,774,22.7,5262.77,-1.0,-1.0,0
824fbcc7-5420-4ca2-84b0-15b0b4a2292b,2025-07-26,2,0.0684,2,2216.87,1108.435,1.0,1296.23,1.0,1296.23,877,156.0,1296.23,0.0,0.0,0
826855e8-3a9a-4032-ad5b-6ca64c822572,2025-07-26,4,0.0836,2,3782.6,1891.3,1.0,3581.64,1.0,3581.64,718,176.0,3581.64,0.0,0.0,0
82c5a7aa-2ec7-45dc-9d03-be3531473f2f,2025-07-26,187,0.0674,1,981.15,981.15,0.0,0.0,0.0,0.0,445,0.0,981.15,0.0,0.0,0
82d60e37-f049-4852-9464-c94b4e5c3244,2025-07-26,39,0.4196,8,12890.71,1611.33875,0.0,0.0,3.0,4147.01,572,17.4286,3190.27,-1.0,-1.0,0
83d0d0b7-7f58-49ea-8dc3-fee8c20efb50,2025-07-26,24,0.0591,1,4671.82,4671.82,1.0,4671.82,1.0,4671.82,508,0.0,4671.82,0.0,0.0,1
83fe13f3-1026-46b2-9abd-d7277ea2f653,2025-07-26,48,0.1026,3,5204.3,1734.766667,0.0,0.0,1.0,3015.43,877,99.5,3015.43,-1.0,-1.0,1
855f6897-60c0-42cc-aa5a-bbcf4dfcfd28,2025-07-26,11,0.2065,7,11592.31,1656.044286,2.0,4103.32,4.0,9095.75,1017,26.3333,1651.77,0.170735,1.0,0
86208847-cfb3-449d-a634-075a2b7c33cc,2025-07-26,28,0.2459,4,8363.4,2090.85,1.0,3995.38,1.0,3995.38,488,100.0,3995.38,0.0,0.0,0
86ab916f-9734-41f0-b5c0-9bbc082b3251,2025-07-26,5,0.7705,16,37966.87,2372.929375,2.0,3032.65,4.0,17205.21,623,20.5333,2492.7,-0.78602,0.0,0
87b06d02-c4e0-4e44-a8d4-a21cdc592676,2025-07-26,22,0.4248,8,19879.15,2484.89375,2.0,4862.87,4.0,10962.56,565,27.7143,883.11,-0.202768,0.0,0
8867ed0f-4c50-4aa9-8fb4-993893bd97df,2025-07-26,25,0.1737,3,8458.38,2819.46,1.0,1144.08,2.0,6299.72,518,79.5,1144.08,0.0,0.0,1
88f8cded-9e9f-4c71-9504-8cae260151bf,2025-07-26,73,0.062,2,5437.62,2718.81,0.0,0.0,1.0,3227.5,968,108.0,3227.5,0.0,0.0,0
8aa74529-c59e-4daf-9b98-321ebfce7306,2025-07-26,2,1.0692,17,23981.13,1410.654706,3.0,3886.57,7.0,5793.31,477,17.3125,781.07,7.024963,2.0,0
8b278dae-e043-44f3-a5f0-8466df24d3a2,2025-07-26,1,0.5414,17,28722.33,1689.548824,1.0,1846.18,3.0,3216.76,942,16.875,1846.18,21.936762,0.0,0
8bd2e91f-b7be-4b2c-95e8-9b9f6936c3fe,2025-07-26,13,0.2581,9,22008.31,2445.367778,2.0,2090.48,6.0,12184.4,1046,29.125,566.6,-0.777758,-0.3333,0
8bf0cc1f-c9f7-4393-806f-86bce9acf23a,2025-07-26,25,0.0595,2,6647.36,3323.68,1.0,5562.17,1.0,5562.17,1009,233.0,5562.17,0.0,0.0,1
8d58c937-6e14-4be1-98f6-33ea0a28136f,2025-07-26,117,0.0358,1,1403.26,1403.26,0.0,0.0,0.0,0.0,837,0.0,1403.26,0.0,0.0,1
8d6d15dd-e8cf-4c06-aacd-238932fec46c,2025-07-26,17,0.0658,1,319.07,319.07,1.0,319.07,1.0,319.07,456,0.0,319.07,0.0,0.0,0
8daa11dd-d410-44bf-a0de-622a9ca7c78d,2025-07-26,25,0.5795,13,38299.83,2946.140769,1.0,1136.77,3.0,2987.56,673,15.9167,1136.77,0.52952,0.0,0
8de2f61f-499f-4ce6-a7d6-a5e9b9219f67,2025-07-26,99,0.0346,1,5152.04,5152.04,0.0,0.0,0.0,0.0,867,0.0,5152.04,0.0,0.0,0
8f10e8bf-c7a4-4bd6-93ce-4de936a938ef,2025-07-26,68,0.4259,9,24238.43,2693.158889,0.0,0.0,2.0,9515.66,634,13.0,2406.6,0.0,0.0,0
9013910b-257e-462f-8142-555578e385a5,2025-07-26,20,0.24,6,21358.05,3559.675,1.0,4026.25,1.0,4026.25,750,42.6,4026.25,0.0,0.0,0
90ef6a35-c0dc-4b20-aede-0d1b3e525838,2025-07-26,30,0.1066,3,14819.65,4939.883333,0.0,0.0,2.0,11379.38,844,96.0,4056.62,-1.0,-1.0,0
910bd8ae-df74-4feb-9e1a-4e8966115c12,2025-07-26,34,0.1882,5,9405.15,1881.03,0.0,0.0,3.0,7833.4,797,55.25,1735.13,-1.0,-1.0,0
911f8116-248a-4e3d-afb4-62a632746852,2025-07-26,0,0.7661,19,37335.11,1965.005789,7.0,16634.74,8.0,16821.59,744,14.8889,3488.88,88.027241,6.0,0
918ccc0d-7add-4cda-bb90-29b5623f6d86,2025-07-26,0,0.1128,3,5095.22,1698.406667,2.0,1494.77,2.0,1494.77,798,109.0,411.99,0.0,0.0,1
91f0a872-33ad-4dbe-9801-ac03b375f584,2025-07-26,40,0.373,7,20994.69,2999.241429,0.0,0.0,3.0,11182.05,563,39.0,8032.38,-1.0,-1.0,0
93d32257-e39c-4554-a773-cc81769f2c6b,2025-07-26,1,0.0445,1,1440.87,1440.87,1.0,1440.87,1.0,1440.87,674,0.0,1440.87,0.0,0.0,1
953c5953-375c-42a1-89e5-7b370fa868be,2025-07-26,68,0.0355,1,788.01,788.01,0.0,0.0,1.0,788.01,844,0.0,788.01,0.0,0.0,0
957f9181-281b-4ff6-9370-462fb40cb6e5,2025-07-26,60,0.1341,4,12546.49,3136.6225,0.0,0.0,1.0,4767.99,895,26.3333,4767.99,0.0,0.0,0
97a7e174-c5da-4d97-b94b-09d5f4788809,2025-07-26,105,0.1542,5,20141.29,4028.258,0.0,0.0,0.0,0.0,973,40.25,710.09,0.0,0.0,0
97bc17e3-9ca0-45a3-a8dd-947696378bf7,2025-07-26,44,0.0984,2,10917.7,5458.85,0.0,0.0,2.0,10917.7,610,23.0,3808.64,-1.0,-1.0,0
97c341f3-26c0-47ee-949b-ec2349709b82,2025-07-26,10,0.4439,12,32404.72,2700.393333,2.0,2827.78,5.0,16581.02,811,27.3636,2133.6,0.0,0.0,0
98c0d934-599f-43f0-b624-02fafa9a625d,2025-07-26,34,0.2516,4,5505.92,1376.48,0.0,0.0,3.0,3687.99,477,35.3333,2745.93,-1.0,-1.0,0
9a48cdff-42f6-4b91-80ce-e531f3622d2b,2025-07-26,101,0.2614,4,7056.38,1764.095,0.0,0.0,0.0,0.0,459,17.0,1324.34,0.0,0.0,0
9ada7a7c-35d9-4619-9117-c1d9c05f08e9,2025-07-26,150,0.0383,1,697.02,697.02,0.0,0.0,0.0,0.0,783,0.0,697.02,0.0,0.0,1
9b131352-2e3f-4966-865e-a01b50bde6e5,2025-07-26,8,0.3916,13,26656.23,2050.479231,2.0,1353.55,7.0,16703.52,996,24.5,323.14,-0.848736,0.0,0
9b4342ff-79f2-40db-9669-bbab65d50e2f,2025-07-26,90,0.2434,4,10068.68,2517.17,0.0,0.0,0.0,0.0,493,48.0,1057.81,0.0,0.0,1
9c60f8cc-bb5f-4a3b-9a8b-95367617a69c,2025-07-26,19,0.0713,2,2994.68,1497.34,2.0,2994.68,2.0,2994.68,841,4.0,501.98,0.0,0.0,0
9c75b413-efd7-4171-9aa3-e4f50c8b52ea,2025-07-26,36,0.0714,2,6520.25,3260.125,0.0,0.0,1.0,2821.39,840,114.0,2821.39,-1.0,-1.0,0
9cbf413a-a00b-482b-9441-e8fce7668a2e,2025-07-26,21,0.372,11,33680.91,3061.900909,1.0,981.15,4.0,14607.78,887,21.0,981.15,-0.82826,0.0,0
9de44d71-02d0-4684-a314-54f9abd3f2cd,2025-07-26,22,0.2767,7,12444.25,1777.75,1.0,1246.35,1.0,1246.35,759,42.5,1246.35,0.0,0.0,0
9e3ba510-550f-49bf-a866-a3124ebe334a,2025-07-26,75,0.0565,2,3060.88,1530.44,0.0,0.0,1.0,1910.02,1062,110.0,1910.02,0.0,0.0,1
9f79997b-8bf3-45ae-a535-abb872b46a2f,2025-07-26,41,0.0679,1,4561.14,4561.14,0.0,0.0,1.0,4561.14,442,0.0,4561.14,-1.0,-1.0,0
a029db9e-0867-4074-9876-83433dcbc19c,2025-07-26,120,0.0633,2,5388.61,2694.305,0.0,0.0,0.0,0.0,948,2.0,720.44,0.0,0.0,1
a0323814-cd5e-4bbc-ae91-13b77ec723bb,2025-07-26,12,0.0799,2,1807.58,903.79,1.0,1274.18,1.0,1274.18,751,121.0,1274.18,0.0,0.0,0
a137cf0f-749a-402e-9913-60a7f4a47b92,2025-07-26,10,0.7068,18,62276.51,3459.806111,4.0,18771.48,12.0,50874.31,764,13.0588,1068.39,0.618205,1.0,0
a1c9af51-32b0-45ae-8e5e-1a83d44e0dd4,2025-07-26,35,0.0543,1,4253.69,4253.69,0.0,0.0,1.0,4253.69,552,0.0,4253.69,-1.0,-1.0,0
a20f7825-b033-409c-9c97-b044b61bae47,2025-07-26,16,0.2985,6,15791.55,2631.925,1.0,4775.53,3.0,7974.53,603,44.0,4775.53,2.514598,0.0,0
a281fc1b-5e0e-400e-9760-0f4eecb192e1,2025-07-26,32,0.5139,8,23462.74,2932.8425,0.0,0.0,4.0,8302.44,467,27.1429,998.84,-1.0,-1.0,0
a39d8cb3-e105-4215-9fc6-c0cb27d75ca0,2025-07-26,93,0.0427,1,295.39,295.39,0.0,0.0,0.0,0.0,702,0.0,295.39,0.0,0.0,1
a458eb88-221d-40e0-8a04-289e42780afe,2025-07-26,139,0.0457,1,2105.72,2105.72,0.0,0.0,0.0,0.0,656,0.0,2105.72,0.0,0.0,1
a48769af-aacd-4623-8e69-fc86e1d3745e,2025-07-26,113,0.0732,2,1684.31,842.155,0.0,0.0,0.0,0.0,820,44.0,993.26,0.0,0.0,0
a54b8eca-fc5f-46cd-9407-2f103beabcc7,2025-07-26,72,0.1216,4,6447.45,1611.8625,0.0,0.0,1.0,1895.15,987,47.6667,1895.15,0.0,0.0,0
a578fb66-2e0c-4a26-8179-b1230347de46,2025-07-26,61,0.08,2,4126.39,2063.195,0.0,0.0,2.0,4126.39,750,14.0,3575.99,0.0,0.0,1
a618b414-7505-48a2-9047-6d0fbd16fb88,2025-07-26,16,0.0778,2,12592.3,6296.15,1.0,4851.74,2.0,12592.3,771,24.0,4851.74,-0.373206,0.0,1
a62bcc77-cf9c-44a3-920f-2e2e57c723dc,2025-07-26,46,0.5206,8,37809.69,4726.21125,0.0,0.0,1.0,1567.97,461,33.0,1567.97,-1.0,-1.0,1
a6818a6e-0465-4009-81b6-822245dae013,2025-07-26,5,0.0749,2,11272.44,5636.22,1.0,1082.78,2.0,11272.44,801,59.0,1082.78,0.0,0.0,0
a69011f4-c3f9-4f91-92f2-3df9072b53e7,2025-07-26,5,0.7516,12,19775.33,1647.944167,2.0,5794.32,5.0,9095.21,479,25.3636,4095.42,0.755381,-0.3333,0
a7925872-0bc3-4eee-b74c-5086ea1e992d,2025-07-26,36,0.1198,3,3120.57,1040.19,0.0,0.0,2.0,2692.04,751,83.0,2144.59,-1.0,-1.0,0
a7c6d291-2d8a-45ea-8005-81ecfd3682df,2025-07-26,49,0.1356,4,8597.89,2149.4725,0.0,0.0,2.0,6289.63,885,59.0,1995.76,-1.0,-1.0,0
a7dd5f9a-9fa6-4592-b920-cc610a4ca21b,2025-07-26,159,0.102,3,12596.04,4198.68,0.0,0.0,0.0,0.0,882,59.5,691.85,0.0,0.0,0
a8091949-9c95-4f66-b956-b61849aa17d1,2025-07-26,0,0.2994,5,17348.57,3469.714,2.0,4103.82,3.0,8871.81,501,54.5,3532.45,0.0,0.0,1
a8592085-1f10-4731-b976-351290d3b914,2025-07-26,103,0.0594,1,553.48,553.48,0.0,0.0,0.0,0.0,505,0.0,553.48,0.0,0.0,0
a8a318fe-4ac5-43e5-819c-0493f94dfd8e,2025-07-26,0,0.2819,7,10585.7,1512.242857,2.0,4512.6,4.0,5621.86,745,32.1667,1133.2,4.683017,1.0,0
a91e3f3f-94ea-410a-afcd-a9721a392b5a,2025-07-26,41,0.1208,3,9871.39,3290.463333,0.0,0.0,1.0,2137.05,745,87.5,2137.05,-1.0,-1.0,0
a955f9af-0de0-488d-9638-13b909991020,2025-07-26,1,0.2586,4,8687.38,2171.845,2.0,4080.03,3.0,6065.27,464,52.6667,552.53,0.0,0.0,0
a9a14d19-86ba-40be-883c-0be4db2e7555,2025-07-26,36,0.4126,7,14031.28,2004.468571,0.0,0.0,4.0,9186.66,509,43.1667,1372.96,-1.0,-1.0,0
aa210298-0ad5-4fe1-9a49-04d9c35709c6,2025-07-26,54,0.1807,6,13839.26,2306.543333,0.0,0.0,2.0,2199.87,996,44.6,1154.56,-1.0,-1.0,1
aacf38f5-5690-4d24-95d3-d4b2fa5166a8,2025-07-26,70,0.038,1,8872.66,8872.66,0.0,0.0,1.0,8872.66,790,0.0,8872.66,0.0,0.0,1
acf31d10-d223-4df6-a143-e9ba0e8118f4,2025-07-26,148,0.0382,1,1164.11,1164.11,0.0,0.0,0.0,0.0,786,0.0,1164.11,0.0,0.0,0
ad10f2bd-d571-4f42-aec5-a7a10eaa3ca9,2025-07-26,43,0.0844,3,4788.13,1596.043333,0.0,0.0,2.0,2749.66,1066,69.0,2442.17,-1.0,-1.0,1
ade55153-89f8-4d7a-9199-12bcf0e9f0ce,2025-07-26,90,0.1154,2,3226.87,1613.435,0.0,0.0,0.0,0.0,520,14.0,1952.69,0.0,0.0,1
b067038f-9577-43c4-a072-0376499a6f51,2025-07-26,2,0.141,4,17331.68,4332.92,1.0,1394.04,2.0,6688.01,851,78.0,1394.04,0.0,0.0,0
b0a7ac9f-5dc3-43d5-bf2f-2201d6f385b2,2025-07-26,0,0.1453,4,9009.82,2252.455,1.0,347.09,3.0,8359.91,826,63.3333,347.09,1.361156,0.0,0
b0d043da-1294-4ab0-8fa2-ebb68dbb62a2,2025-07-26,80,0.1901,6,19685.11,3280.851667,0.0,0.0,1.0,6604.2,947,19.4,6604.2,0.0,0.0,0
b0d81eaf-60e0-4aa5-b3e9-64fdea18f5e9,2025-07-26,27,0.3084,7,25049.67,3578.524286,1.0,7393.89,5.0,18848.82,681,30.5,7393.89,5.109088,0.0,0
b2109776-616b-488c-9721-f3f116afd30f,2025-07-26,19,0.1983,4,20939.73,5234.9325,2.0,8788.82,2.0,8788.82,605,63.0,1003.05,0.0,0.0,0
b21eb80b-84a0-490b-abcb-151568e54d64,2025-07-26,12,0.1596,5,9049.14,1809.828,3.0,3493.42,3.0,3493.42,940,48.75,1048.85,0.0,0.0,0
b247c235-943b-4c46-91c2-168e86d26161,2025-07-26,17,0.3301,9,8043.47,893.718889,1.0,1698.9,5.0,5858.13,818,23.0,1698.9,-0.107871,0.0,0
b2c24112-6ed5-433e-ae6e-c541f21defe5,2025-07-26,145,0.0524,1,1238.87,1238.87,0.0,0.0,0.0,0.0,573,0.0,1238.87,0.0,0.0,0
b2ef61f5-8a4e-44af-9b72-983eb8729127,2025-07-26,19,0.1407,5,7789.74,1557.948,1.0,2351.66,2.0,4899.08,1066,33.25,2351.66,0.0,0.0,0
b2f4f0f6-9d52-4439-b5fe-14ebe8887e7a,2025-07-26,292,0.0367,1,9233.79,9233.79,0.0,0.0,0.0,0.0,817,0.0,9233.79,0.0,0.0,0
b35ff2cc-b3d7-4eee-bbe6-72dd663e82bf,2025-07-26,100,0.1207,2,6112.98,3056.49,0.0,0.0,0.0,0.0,497,207.0,969.41,0.0,0.0,0
b3bc0c36-2894-415e-8303-9ce0c524adf7,2025-07-26,205,0.0405,1,701.63,701.63,0.0,0.0,0.0,0.0,741,0.0,701.63,0.0,0.0,1
b4322a23-acd4-46a3-8620-5130bd7bc8c3,2025-07-26,112,0.0682,1,2335.32,2335.32,0.0,0.0,0.0,0.0,440,0.0,2335.32,0.0,0.0,1
b4a140af-8af0-4074-8c4e-f1e587fff314,2025-07-26,46,0.3851,10,32862.55,3286.255,0.0,0.0,4.0,11942.93,779,26.0,1211.82,-1.0,-1.0,0
b4dd90f1-04a6-4d42-ac0a-2702bbc8d0db,2025-07-26,5,0.1467,4,9015.45,2253.8625,1.0,712.26,1.0,712.26,818,99.6667,712.26,0.0,0.0,0
b4ff4a71-e2cb-40a7-afaa-04a5be660e06,2025-07-26,9,0.1032,3,3228.19,1076.063333,2.0,2824.6,2.0,2824.6,872,115.0,2451.55,0.0,0.0,0
b5597188-1096-40f6-bb3c-7eae56f49e62,2025-07-26,79,0.1146,3,4773.24,1591.08,0.0,0.0,1.0,2674.8,785,103.5,2674.8,0.0,0.0,0
b5f40c8f-57dc-440a-9706-3cfe7972dde6,2025-07-26,42,0.034,1,5860.61,5860.61,0.0,0.0,1.0,5860.61,883,0.0,5860.61,-1.0,-1.0,0
b6466b91-0c2a-4a1f-bf51-fd9f9de8b206,2025-07-26,13,0.1701,3,12688.62,4229.54,2.0,8020.45,2.0,8020.45,529,79.0,2776.57,0.0,0.0,1
b6d1010f-48a8-4d83-a4bd-0a6c9a4521d9,2025-07-26,67,0.0303,1,3970.48,3970.48,0.0,0.0,1.0,3970.48,991,0.0,3970.48,0.0,0.0,1
b73d152b-3ccf-4708-8854-ab85e6abc82c,2025-07-26,55,0.1293,2,5963.35,2981.675,0.0,0.0,1.0,5689.26,464,54.0,5689.26,-1.0,-1.0,1
b7a528c9-9989-42b3-86f1-dfe0266eb7da,2025-07-26,128,0.0366,1,159.54,159.54,0.0,0.0,0.0,0.0,820,0.0,159.54,0.0,0.0,0
b7d62bbb-f2b2-4bee-ac69-0e320b4b310f,2025-07-26,24,0.5024,14,43130.53,3080.752143,1.0,152.09,9.0,28370.13,836,20.9231,152.09,-0.994011,-0.8571,0
b812927c-5d6a-4cb6-9794-94ec8e44c0bd,2025-07-26,4,0.1119,3,5645.27,1881.756667,1.0,3532.45,1.0,3532.45,804,100.5,3532.45,0.0,0.0,0
b81e352f-6da5-4d3a-94e7-a583c1e9213c,2025-07-26,31,0.0288,1,231.11,231.11,0.0,0.0,1.0,231.11,1043,0.0,231.11,-1.0,-1.0,0
b8302dbd-4877-438d-ac91-c2d5dbbadf09,2025-07-26,26,0.064,2,4593.53,2296.765,1.0,3190.27,1.0,3190.27,938,71.0,3190.27,0.0,0.0,0
b86f948a-d460-4c23-a79a-b2deafdc8880,2025-07-26,9,0.1852,5,4459.84,891.968,2.0,1204.98,5.0,4459.84,810,17.0,697.02,-0.600123,0.0,0
b88b94e7-2bbd-4939-98cc-217258c364d3,2025-07-26,27,0.2268,4,18459.54,4614.885,1.0,9228.1,2.0,11484.75,529,64.0,9228.1,0.0,0.0,0
b88bef53-7397-4409-b454-f68fa7827873,2025-07-26,42,0.2594,6,7639.43,1273.238333,0.0,0.0,3.0,4229.04,694,24.2,572.61,-1.0,-1.0,0
b8bfbbb5-a5a0-4d3d-905f-57ced220ffd3,2025-07-26,27,0.1762,4,3837.86,959.465,1.0,80.49,1.0,80.49,681,70.6667,80.49,0.0,0.0,0
b9e85363-f343-4a9b-a6b9-588a5c0f9633,2025-07-26,76,0.0602,2,2802.93,1401.465,0.0,0.0,1.0,159.13,997,82.0,159.13,0.0,0.0,0
ba0a6120-4b67-4e2b-b2c4-9036a195b99a,2025-07-26,5,0.2474,8,21231.67,2653.95875,3.0,6818.21,5.0,17160.88,970,28.5714,2171.4,0.0,0.0,0
bab05b4b-0196-4bb2-a10a-34baf0750132,2025-07-26,10,0.1695,5,12629.67,2525.934,1.0,842.29,2.0,9758.24,885,59.0,842.29,-0.90553,0.0,0
bac72dd3-4ee2-436a-b664-f187eea4daff,2025-07-26,11,0.0493,1,4656.46,4656.46,1.0,4656.46,1.0,4656.46,609,0.0,4656.46,0.0,0.0,1
bac9f7f2-72b2-40d2-bb50-19838c2fde8a,2025-07-26,5,0.0455,1,4113.69,4113.69,1.0,4113.69,1.0,4113.69,659,0.0,4113.69,0.0,0.0,0
bc2eaeff-d2cb-413b-8716-a7fa6d9507c2,2025-07-26,15,0.4874,11,16541.77,1503.797273,1.0,646.75,6.0,10660.63,677,29.7,646.75,-0.655869,0.0,0
bc69f988-30c6-4bf2-b27f-beafca1b2282,2025-07-26,2,0.1529,5,12651.62,2530.324,1.0,1048.85,1.0,1048.85,981,77.75,1048.85,0.0,0.0,0
bcf78932-5b86-4918-b87a-32963317f18d,2025-07-26,11,0.0891,3,6502.53,2167.51,1.0,1640.79,1.0,1640.79,1010,89.5,1640.79,0.0,0.0,1
bd918df4-d5fc-4b8a-9889-b0f92e0c438b,2025-07-26,23,0.1344,4,10343.53,2585.8825,1.0,3737.45,1.0,3737.45,893,72.3333,3737.45,0.0,0.0,0
befa24a1-1459-4d2c-b2af-a4db90fa9666,2025-07-26,56,0.0849,3,8505.3,2835.1,0.0,0.0,1.0,3046.74,1060,89.5,3046.74,-1.0,-1.0,1
c07f630a-a6d1-41a2-9f27-8f85f52260c4,2025-07-26,2,0.4305,13,46715.99,3593.537692,2.0,3410.51,5.0,13227.83,906,23.0833,528.76,1.075479,1.0,0
c0c6efdb-fc14-4d7c-98f5-7088ddeb019c,2025-07-26,64,0.0367,1,687.6,687.6,0.0,0.0,1.0,687.6,818,0.0,687.6,0.0,0.0,1
c1a55833-8139-41dd-8bb5-59ab8a090d3b,2025-07-26,113,0.068,2,2804.13,1402.065,0.0,0.0,0.0,0.0,883,43.0,1050.05,0.0,0.0,0
c1a9f9e4-02c9-4e11-9ae3-d7f5eec25bdf,2025-07-26,116,0.0407,1,934.36,934.36,0.0,0.0,0.0,0.0,737,0.0,934.36,0.0,0.0,0
c1d6c130-eed3-43da-a713-c63009b0c952,2025-07-26,5,0.1556,4,9466.64,2366.66,1.0,4095.42,3.0,7608.33,771,66.3333,4095.42,0.547199,0.0,0
c29cb1e1-b422-45f3-829a-82a9e80f8c8f,2025-07-26,112,0.0385,1,1634.24,1634.24,0.0,0.0,0.0,0.0,779,0.0,1634.24,0.0,0.0,0
c34d6b05-2bac-4654-9150-9d59f1252d7b,2025-07-26,62,0.0571,2,11019.93,5509.965,0.0,0.0,2.0,11019.93,1050,12.0,3575.99,0.0,0.0,1
c34e266e-6b0c-4505-b1cc-f98b610c4986,2025-07-26,15,0.0689,2,3611.14,1805.57,1.0,2400.36,1.0,2400.36,871,217.0,2400.36,0.0,0.0,1
c388d365-1253-45ed-934e-4731ee225fdb,2025-07-26,0,0.0986,3,11374.11,3791.37,2.0,10375.27,3.0,11374.11,913,21.0,1420.19,9.387319,1.0,0
c3bc5bb3-aee9-4150-b36a-c89a22162e7d,2025-07-26,7,0.5593,11,27469.39,2497.217273,3.0,6932.88,5.0,9648.73,590,25.6,1586.28,1.552748,0.5,0
c47da78e-a80f-46b0-b907-4867b0ac75da,2025-07-26,77,0.076,2,2751.38,1375.69,0.0,0.0,1.0,2190.98,789,171.0,2190.98,0.0,0.0,0
c4abe8e7-17ea-4981-acd2-0e286bf0080b,2025-07-26,19,0.2703,5,13810.69,2762.138,1.0,5119.28,3.0,8474.97,555,25.5,5119.28,4.269026,0.0,0
c5f7e86b-b9fe-4062-bae1-fcb4707e393e,2025-07-26,41,0.0394,1,2866.61,2866.61,0.0,0.0,1.0,2866.61,761,0.0,2866.61,-1.0,-1.0,0
c7af740f-1d7a-4321-9d3e-ec9107c05254,2025-07-26,23,0.2094,7,12444.57,1777.795714,1.0,98.58,3.0,7567.84,1003,30.5,98.58,-0.982517,0.0,0
c7e971e5-62a6-49c9-a239-e17ea1f253a5,2025-07-26,106,0.0896,3,3698.03,1232.676667,0.0,0.0,0.0,0.0,1005,76.0,411.14,0.0,0.0,0
c8466347-f65e-48a7-a013-64f958a93e60,2025-07-26,55,0.1485,3,18329.62,6109.873333,0.0,0.0,1.0,462.21,606,83.5,462.21,-1.0,-1.0,0
c895adf4-11e4-460d-bad6-1bc4560990aa,2025-07-26,4,0.1667,3,3182.15,1060.716667,1.0,1904.15,1.0,1904.15,540,117.0,1904.15,0.0,0.0,0
c8a387fb-7265-43df-9af8-79f21e3f7a8b,2025-07-26,72,0.1259,4,2486.86,621.715,0.0,0.0,1.0,608.08,953,46.6667,608.08,0.0,0.0,1
c9b37375-0f54-4110-983e-7b7635c1257f,2025-07-26,39,0.3913,6,20687.49,3447.915,0.0,0.0,2.0,10216.06,460,27.6,6407.42,-1.0,-1.0,0
cb169247-90fc-4859-9c5d-36f94515f6a5,2025-07-26,271,0.0376,1,6586.85,6586.85,0.0,0.0,0.0,0.0,797,0.0,6586.85,0.0,0.0,0
cb4bc77a-ba12-4fd1-b1f2-811b234a5c61,2025-07-26,58,0.0485,1,2275.71,2275.71,0.0,0.0,1.0,2275.71,619,0.0,2275.71,-1.0,-1.0,0
cbf3e2e4-9c43-4976-afaa-bc231bff129c,2025-07-26,23,0.1813,6,13303.46,2217.243333,1.0,969.41,1.0,969.41,993,47.4,969.41,0.0,0.0,0
cc681bd0-1bf2-4364-a2fe-b18907da68dd,2025-07-26,43,0.0663,2,3262.12,1631.06,0.0,0.0,1.0,3046.74,905,212.0,3046.74,-1.0,-1.0,0
cd796877-895f-4bcc-8fe0-0c8c6c4e68b0,2025-07-26,2,0.3947,7,10307.68,1472.525714,3.0,2813.19,3.0,2813.19,532,33.6667,2161.31,0.0,0.0,0
cdc86dc6-c2f3-4988-94e7-c7b7f1a4a81b,2025-07-26,92,0.0447,1,1775.24,1775.24,0.0,0.0,0.0,0.0,671,0.0,1775.24,0.0,0.0,1
ce1c7e34-50d9-4f3b-ab54-cbb7cab9fa18,2025-07-26,55,0.2013,6,10504.99,1750.831667,0.0,0.0,4.0,5024.12,894,17.6,1144.04,-1.0,-1.0,0
ced1be46-44d9-42f9-913f-bf359f04d616,2025-07-26,68,0.2537,8,18623.24,2327.905,0.0,0.0,2.0,4442.39,946,21.5714,4298.07,0.0,0.0,0
cf567dce-5613-483a-b10d-b4947a588d18,2025-07-26,55,0.1663,5,14632.51,2926.502,0.0,0.0,2.0,7560.3,902,53.5,3266.43,-1.0,-1.0,0
cfa38335-ed20-4254-b309-74d0dadee3bb,2025-07-26,98,0.0437,1,1394.04,1394.04,0.0,0.0,0.0,0.0,686,0.0,1394.04,0.0,0.0,0
cfc90a2e-3eb4-476f-8b9b-493b93566dcb,2025-07-26,22,0.1167,3,4314.19,1438.063333,1.0,2288.16,1.0,2288.16,771,52.0,2288.16,0.0,0.0,0
cff873c2-039d-4260-8875-1ece53467a44,2025-07-26,1,0.107,2,2256.33,1128.165,2.0,2256.33,2.0,2256.33,561,4.0,1562.15,0.0,0.0,0
d16a7971-11f5-4284-b4c4-063a25f1f892,2025-07-26,78,0.1273,4,10405.07,2601.2675,0.0,0.0,1.0,2412.34,943,40.0,2412.34,0.0,0.0,1
d16d5f0e-f1af-4ab1-8b14-12ce745ddd9b,2025-07-26,31,0.2874,8,19643.35,2455.41875,0.0,0.0,2.0,7325.13,835,25.7143,2031.16,-1.0,-1.0,0
d1907207-2f2d-4486-87e7-7b004fd2fab1,2025-07-26,26,0.121,4,9376.68,2344.17,1.0,4274.12,2.0,5647.08,992,60.3333,4274.12,0.0,0.0,0
d1a51fbe-4bb5-47d5-88f8-06f817caff3f,2025-07-26,6,0.0417,1,4623.57,4623.57,1.0,4623.57,1.0,4623.57,719,0.0,4623.57,0.0,0.0,1
d2b88436-ba26-4efa-bc74-287512167c81,2025-07-26,1,0.2058,5,8119.72,1623.944,1.0,4623.57,3.0,6084.12,729,44.25,4623.57,2.165636,-0.5,0
d3291ebb-1cad-4398-80c7-e968f0d6b8e3,2025-07-26,22,0.0336,1,6577.99,6577.99,1.0,6577.99,1.0,6577.99,894,0.0,6577.99,0.0,0.0,0
d34c22d5-fa13-4eb6-a115-4306ab8f65d5,2025-07-26,175,0.0917,2,1815.43,907.715,0.0,0.0,0.0,0.0,654,44.0,465.57,0.0,0.0,0
d3af0e3f-6c8e-43fd-b62a-d477ca54c291,2025-07-26,24,0.1952,3,7644.59,2548.196667,1.0,560.4,1.0,560.4,461,106.0,560.4,0.0,0.0,0
d3ceae53-5516-4152-a247-d101c45a4912,2025-07-26,28,0.4455,12,31966.57,2663.880833,1.0,3648.44,4.0,12241.71,808,23.1818,3648.44,1.961012,-0.5,0
d3f21a44-d6a7-4183-9e3d-ca1e2f665ada,2025-07-26,44,0.2604,5,5348.75,1069.75,0.0,0.0,2.0,955.76,576,26.75,352.67,-1.0,-1.0,0
d5357dae-eafa-48fc-9a2b-b791e7c9e85e,2025-07-26,3,0.1585,4,3392.63,848.1575,1.0,1508.81,2.0,1738.97,757,57.6667,1508.81,0.0,0.0,1
d536df89-ae17-40cc-ae90-1ec234f2db3e,2025-07-26,68,0.0342,1,9176.79,9176.79,0.0,0.0,1.0,9176.79,878,0.0,9176.79,0.0,0.0,0
d5bde5d5-ffb3-40af-bfb0-e1fbc0fc8ac6,2025-07-26,7,0.2946,6,25824.55,4304.091667,1.0,350.82,3.0,16834.89,611,38.8,350.82,-0.978718,-0.5,0
d6235160-cff1-499b-8088-b1ef010206d2,2025-07-26,187,0.0353,1,4076.94,4076.94,0.0,0.0,0.0,0.0,850,0.0,4076.94,0.0,0.0,0
d68104da-a018-4b47-aeb2-cb32a2380b79,2025-07-26,46,0.0846,2,4070.43,2035.215,0.0,0.0,2.0,4070.43,709,39.0,3276.38,-1.0,-1.0,0
d6b350eb-48ff-4268-b8d2-d00fb5bd3417,2025-07-26,83,0.119,3,8422.76,2807.586667,0.0,0.0,1.0,2017.19,756,29.5,2017.19,0.0,0.0,1
d6e6f2c0-9d75-46fe-a6d0-19f4998b8aa0,2025-07-26,27,0.2044,4,5463.05,1365.7625,1.0,689.43,2.0,872.9,587,91.0,689.43,2.757726,0.0,0
d74a8b02-d712-4df5-b21a-91890f17146e,2025-07-26,0,0.1344,4,10239.34,2559.835,1.0,712.26,2.0,4334.94,893,71.0,712.26,0.0,0.0,1
d768ded2-0e1f-4338-a373-8cb12093b6b9,2025-07-26,13,0.2292,8,9146.56,1143.32,1.0,98.58,1.0,98.58,1047,36.2857,98.58,0.0,0.0,0
d7daaa71-d5b3-4958-ac9f-03d1c8077bf4,2025-07-26,8,0.0853,3,13712.77,4570.923333,1.0,2643.8,3.0,13712.77,1055,37.0,2643.8,0.0,0.0,0
d929f86f-98cb-4302-a254-db21f53e0255,2025-07-26,44,0.0401,1,8927.19,8927.19,0.0,0.0,1.0,8927.19,749,0.0,8927.19,-1.0,-1.0,0
da7dbacc-46a8-44dc-b4c5-5e21bf437da6,2025-07-26,16,0.3779,13,38360.51,2950.808462,3.0,4150.89,6.0,15498.8,1032,21.0,476.04,-0.612191,0.5,0
dac7247b-1af7-458e-a5b0-4c00df11636c,2025-07-26,3,0.1247,3,976.3,325.433333,1.0,597.91,2.0,908.38,722,46.0,597.91,0.925822,0.0,1
db49dbe2-b046-4b0c-8d11-6e496b852270,2025-07-26,6,0.5516,13,37705.34,2900.410769,4.0,12070.58,4.0,12070.58,707,25.9167,3268.73,0.0,0.0,0
dbc5aa6b-529c-4c91-8331-7ec33c8503bb,2025-07-26,5,0.4312,14,31490.02,2249.287143,4.0,10235.18,8.0,22967.73,974,17.0,1349.88,0.047653,1.0,0
dc1aef37-ddb1-4abc-a40f-974a11372fc7,2025-07-26,156,0.0704,2,5425.2,2712.6,0.0,0.0,0.0,0.0,852,9.0,2622.11,0.0,0.0,0
dc32c9bc-f5b1-425c-b068-0f753d9baf2f,2025-07-26,112,0.1031,3,2986.49,995.496667,0.0,0.0,0.0,0.0,873,78.5,319.07,0.0,0.0,0
dcdc70f5-6a80-4b14-8487-b99c29cfcb2e,2025-07-26,58,0.2143,4,11420.31,2855.0775,0.0,0.0,2.0,8151.01,560,25.6667,1522.99,-1.0,-1.0,0
ddb8a068-3cf7-4f6c-b653-fdf0d420c391,2025-07-26,29,0.0479,1,803.11,803.11,1.0,803.11,1.0,803.11,626,0.0,803.11,0.0,0.0,1
debb1669-0087-4b21-a027-8766438b09f1,2025-07-26,17,0.2394,6,20225.04,3370.84,1.0,4121.63,1.0,4121.63,752,53.6,4121.63,0.0,0.0,0
df5f2a94-fa46-46dc-b4fc-0a08486e8118,2025-07-26,50,0.1252,3,1580.73,526.91,0.0,0.0,1.0,827.48,719,61.5,827.48,-1.0,-1.0,0
df94c0e2-bf7b-4b60-9391-80972fa8058c,2025-07-26,204,0.0292,1,1388.35,1388.35,0.0,0.0,0.0,0.0,1026,0.0,1388.35,0.0,0.0,1
e040241c-efa6-453e-8e84-6caae95e5811,2025-07-26,195,0.0622,1,5096.18,5096.18,0.0,0.0,0.0,0.0,482,0.0,5096.18,0.0,0.0,0
e05c9e8f-2852-4c9d-9c2a-756d89ba64a0,2025-07-26,0,0.5403,17,52495.1,3087.947059,6.0,14452.01,10.0,31953.45,944,20.5,2461.19,9.726248,5.0,0
e0666bd9-81b4-4c0c-aa13-af3137aaca09,2025-07-26,91,0.03,1,823.98,823.98,0.0,0.0,0.0,0.0,999,0.0,823.98,0.0,0.0,0
e223a14f-9752-4dfc-b998-04cfae44ca10,2025-07-26,6,0.4225,13,28260.72,2173.901538,4.0,8240.71,5.0,9290.15,923,20.9167,533.4,6.852483,3.0,0
e400fe49-64f8-4e45-8877-6c5fd0a7747d,2025-07-26,15,0.255,9,23989.16,2665.462222,1.0,4076.94,5.0,12483.81,1059,32.375,4076.94,-0.315947,-0.5,0
e408e6a2-589e-4b0f-a98f-6a5e0f9e9e53,2025-07-26,8,0.2592,8,18687.44,2335.93,1.0,920.64,2.0,3744.71,926,35.4286,920.64,-0.674002,0.0,1
e4636af2-ab68-4a83-a019-d77df1fa2bb5,2025-07-26,113,0.1295,3,2082.05,694.016667,0.0,0.0,0.0,0.0,695,71.5,1057.81,0.0,0.0,1
e51c365e-179f-4c2e-92f5-bc4c2fc6282a,2025-07-26,4,0.2801,10,18055.02,1805.502,2.0,1279.95,5.0,6077.59,1071,27.0,1082.78,-0.689963,0.0,0
e61ddcc6-8917-49aa-b93d-ba7a21702a71,2025-07-26,59,0.1871,3,6580.19,2193.396667,0.0,0.0,1.0,560.54,481,92.0,560.54,-1.0,-1.0,1
e630e7cb-c24b-49e2-af83-702facb0c4b9,2025-07-26,41,0.1481,4,18518.38,4629.595,0.0,0.0,3.0,14779.33,810,37.6667,8955.08,-1.0,-1.0,0
e63160b3-9636-4ddf-b7f6-a843aef7e599,2025-07-26,28,0.1533,4,19161.39,4790.3475,1.0,5293.97,3.0,18308.81,783,23.0,5293.97,-0.593236,-0.5,0
e74c4bf9-90b2-4723-8b21-9af623c5b124,2025-07-26,35,0.5444,9,22978.67,2553.185556,0.0,0.0,3.0,6247.4,496,27.0,2704.41,-1.0,-1.0,0
e818ffda-4cf8-4137-92f5-f73ec2be9aac,2025-07-26,96,0.2064,3,3736.98,1245.66,0.0,0.0,0.0,0.0,436,20.0,63.91,0.0,0.0,0
e85ec7b9-dc33-474f-b99d-d8ce41ac3c81,2025-07-26,113,0.0601,2,6525.7,3262.85,0.0,0.0,0.0,0.0,998,45.0,5835.22,0.0,0.0,0
e9152f33-f58e-4690-a02f-18066572acda,2025-07-26,17,0.2877,7,13429.89,1918.555714,1.0,920.02,3.0,6009.76,730,31.6667,920.02,0.286705,0.0,0
e9afc85a-81e7-4518-a4f2-c3650f0c8105,2025-07-26,16,0.2614,4,9331.91,2332.9775,1.0,817.12,2.0,6478.75,459,58.3333,817.12,-0.855674,0.0,1
eb632b3d-7715-4810-ac99-01c19831c220,2025-07-26,11,0.1948,5,13714.52,2742.904,1.0,1640.79,1.0,1640.79,770,76.0,1640.79,0.0,0.0,0
ebbc4745-0985-45f9-b142-3002a577acc3,2025-07-26,122,0.0285,1,147.69,147.69,0.0,0.0,0.0,0.0,1051,0.0,147.69,0.0,0.0,0
ebe34170-88a5-4097-a231-ec6187114560,2025-07-26,24,0.184,3,13631.65,4543.883333,1.0,2631.2,2.0,10868.99,489,79.5,2631.2,0.0,0.0,0
ec0b1685-64bd-41e0-8aa1-e25e3abe480b,2025-07-26,13,0.1387,4,9944.78,2486.195,1.0,497.92,2.0,3641.75,865,79.0,497.92,0.0,0.0,0
ec140a91-94c2-46b5-90c6-215cbcc0402e,2025-07-26,20,0.073,2,1622.96,811.48,1.0,754.4,1.0,754.4,822,163.0,754.4,0.0,0.0,0
ec6b856d-40f2-41ed-a20b-7af257224723,2025-07-26,5,0.0864,3,13958.84,4652.946667,1.0,3057.71,2.0,6264.01,1042,126.0,3057.71,0.0,0.0,0
ecee2fcb-7259-46bb-a6a3-c2683069ec25,2025-07-26,22,0.0375,1,2006.11,2006.11,1.0,2006.11,1.0,2006.11,801,0.0,2006.11,0.0,0.0,0
ed2171b1-c19b-4e0d-8734-299f1f997a16,2025-07-26,15,0.3593,10,18192.71,1819.271,3.0,4192.59,7.0,15340.74,835,12.3333,1403.26,-0.623921,-0.25,0
ed3be97a-9e98-4ace-ba11-f1c0e145bfd5,2025-07-26,50,0.0639,2,8656.01,4328.005,0.0,0.0,1.0,4953.92,939,73.0,4953.92,-1.0,-1.0,0
ed43e4c6-255f-4de8-9134-6d5542faa41b,2025-07-26,93,0.0333,1,1657.59,1657.59,0.0,0.0,0.0,0.0,900,0.0,1657.59,0.0,0.0,1
eddc4ec7-f3d1-445e-8c5f-3f767fd5305e,2025-07-26,89,0.138,3,13133.67,4377.89,0.0,0.0,1.0,5820.57,652,45.0,5820.57,0.0,0.0,0
edf4822d-49a2-4ae7-95c1-975b85069210,2025-07-26,146,0.2154,4,12487.98,3121.995,0.0,0.0,0.0,0.0,557,52.3333,1817.93,0.0,0.0,0
efa9353f-2d88-426a-a592-e6a1f87c7b1b,2025-07-26,65,0.1319,2,13451.83,6725.915,0.0,0.0,1.0,3820.05,455,162.0,3820.05,0.0,0.0,0
f17f8b99-61d1-4e7b-a6d3-4d0334235cc5,2025-07-26,204,0.0372,1,621.76,621.76,0.0,0.0,0.0,0.0,806,0.0,621.76,0.0,0.0,0
f201cdf9-cb7c-4b4b-8da0-68bccc439429,2025-07-26,5,0.7975,13,31471.99,2420.922308,3.0,9541.98,6.0,21242.09,489,22.75,147.69,1.078387,0.5,0
f21b3e42-ab75-442f-8649-bca6bf44c9d8,2025-07-26,132,0.0442,1,3017.62,3017.62,0.0,0.0,0.0,0.0,679,0.0,3017.62,0.0,0.0,0
f223cb41-eede-43d3-bafb-311ac6aab7d7,2025-07-26,306,0.0368,1,2833.43,2833.43,0.0,0.0,0.0,0.0,815,0.0,2833.43,0.0,0.0,0
f288b108-b674-41c7-91d6-0f5fdb761b37,2025-07-26,22,0.0874,3,2993.01,997.67,1.0,829.87,2.0,1377.32,1030,80.5,829.87,0.0,0.0,0
f2c6c870-59a5-4df4-8f5a-85d42b868208,2025-07-26,3,0.1206,3,7440.93,2480.31,1.0,1057.81,2.0,6791.02,746,74.5,1057.81,0.0,0.0,0
f311db56-da65-41a9-a889-888c821ca32c,2025-07-26,5,0.2804,6,10400.6,1733.433333,1.0,1349.88,5.0,8293.1,642,24.4,1349.88,-0.641921,-0.6667,1
f3d3da1e-a146-45f1-bea7-4e9b3d5e991e,2025-07-26,91,0.1445,3,8927.58,2975.86,0.0,0.0,0.0,0.0,623,101.0,3337.3,0.0,0.0,0
f5905fb3-1b37-4afd-80b2-3e6bb136b5b1,2025-07-26,83,0.0854,3,9470.02,3156.673333,0.0,0.0,1.0,5491.86,1054,36.0,5491.86,0.0,0.0,1
f5f339bf-3ab5-4a2e-916f-2db044568f67,2025-07-26,1,0.3301,9,14684.29,1631.587778,1.0,1692.56,5.0,7781.87,818,37.5,1692.56,1.529002,0.0,0
f5f5a8ec-4cbe-4541-a494-d455225a8197,2025-07-26,65,0.1503,3,6388.92,2129.64,0.0,0.0,1.0,307.49,599,77.0,307.49,0.0,0.0,0
f6176f19-c718-4746-9808-d110ecf53a50,2025-07-26,31,0.4412,8,19831.21,2478.90125,0.0,0.0,2.0,11203.97,544,32.7143,613.41,-1.0,-1.0,0
f631940b-26c5-4144-a328-f2b93f3b2f7e,2025-07-26,122,0.0685,2,4389.78,2194.89,0.0,0.0,0.0,0.0,876,89.0,306.67,0.0,0.0,0
f6a6bafb-8098-4f2d-ae6d-689b77c84f2b,2025-07-26,23,0.194,3,12966.69,4322.23,1.0,6577.99,1.0,6577.99,464,78.5,6577.99,0.0,0.0,0
f6c06ee2-7826-4de2-af26-9b9143bd5efb,2025-07-26,39,0.1493,3,10537.1,3512.366667,0.0,0.0,1.0,5767.57,603,42.0,5767.57,-1.0,-1.0,0
f7f8a1f5-9b44-44c8-815c-2d04067a6cff,2025-07-26,42,0.0398,1,3575.99,3575.99,0.0,0.0,1.0,3575.99,754,0.0,3575.99,-1.0,-1.0,1
f819f234-f7a8-41f3-8b26-732ac35c4d0b,2025-07-26,57,0.1711,3,3585.61,1195.203333,0.0,0.0,1.0,874.53,526,108.5,874.53,-1.0,-1.0,0
f8435633-4f8d-462d-872a-e6a541d39872,2025-07-26,36,0.2554,9,26828.84,2980.982222,0.0,0.0,2.0,6012.6,1057,25.875,1314.15,-1.0,-1.0,0
f8a3ae68-a437-491d-b88b-abad9164379f,2025-07-26,7,1.0753,20,64836.52,3241.826,4.0,14222.61,9.0,28577.79,558,16.0526,2774.14,3.914448,1.0,0
f993e083-a536-4e9d-9432-b34fc52500a4,2025-07-26,40,0.029,1,5562.93,5562.93,0.0,0.0,1.0,5562.93,1033,0.0,5562.93,-1.0,-1.0,1
fb5d70c0-f7cf-4096-a606-58d8efdd864b,2025-07-26,118,0.0432,1,497.92,497.92,0.0,0.0,0.0,0.0,694,0.0,497.92,0.0,0.0,1
fc625523-78f4-4bf4-920a-ec3d6bf61de9,2025-07-26,2,0.104,3,4540.13,1513.376667,2.0,3112.01,2.0,3112.01,865,77.0,896.87,0.0,0.0,0
fc90d768-4902-4267-aee4-185b5584cee7,2025-07-26,4,0.533,14,25985.22,1856.087143,5.0,12419.11,7.0,13769.34,788,14.1538,3290.95,24.642894,4.0,0
fd071015-793c-469e-bc3a-2f94a20f8f62,2025-07-26,103,0.0698,2,9481.51,4740.755,0.0,0.0,0.0,0.0,860,69.0,4231.25,0.0,0.0,1
fdbf5f6b-5e04-401e-b01c-dadaea29b6bf,2025-07-26,36,0.1184,3,3909.33,1303.11,0.0,0.0,1.0,156.23,760,40.5,156.23,-1.0,-1.0,0
feb9f5f4-bed9-4b39-bb94-062fa9706005,2025-07-26,22,0.4654,11,51688.3,4698.936364,1.0,2911.04,5.0,16031.88,709,27.9,2911.04,-0.711059,-0.6667,0
fec6b81b-c723-45e8-a11f-75a4cb6a1381,2025-07-26,6,0.5718,15,37736.63,2515.775333,4.0,5926.57,5.0,11170.45,787,15.0714,191.74,0.130188,3.0,0
ff29a3b3-fb27-44ad-8dcc-9551fb3c7420,2025-07-26,5,0.9392,17,48285.34,2840.314118,2.0,4421.08,6.0,22673.14,543,19.8125,2667.0,-0.60703,0.0,0
ffb862d5-c41a-4b47-8ccf-b781447c9d8f,2025-07-26,7,0.1716,5,6058.51,1211.702,2.0,1635.13,4.0,4812.16,874,41.25,812.39,-0.485327,0.0,0
ffc7534a-f026-4ccd-94d9-540e6abbb59f,2025-07-26,62,0.0594,1,806.87,806.87,0.0,0.0,1.0,806.87,505,0.0,806.87,0.0,0.0,0
fffb4a19-e27c-48c5-9b1d-d72cf9f00485,2025-07-26,8,0.0519,1,434.28,434.28,1.0,434.28,1.0,434.28,578,0.0,434.28,0.0,0.0,0
008e597a-3a9f-4d40-9452-50852330ae26,2025-08-25,76,0.049,1,1279.3,1279.3,0.0,0.0,1.0,1279.3,612,0.0,1279.3,0.0,0.0,1
00acfd4d-b8a4-441a-b965-3c900cea01a1,2025-08-25,34,0.3053,8,25940.63,3242.57875,0.0,0.0,3.0,3011.82,786,33.0,492.92,-1.0,-1.0,0
01a1b558-e312-42e2-ae36-718f30634861,2025-08-25,160,0.0409,1,3602.18,3602.18,0.0,0.0,0.0,0.0,733,0.0,3602.18,0.0,0.0,1
027e2c71-76f6-44d8-b214-51097fc3e605,2025-08-25,38,0.9454,15,28101.17,1873.411333,0.0,0.0,4.0,7249.82,476,18.6429,2107.5,-1.0,-1.0,0
02cb9a9f-5819-466a-91e5-0f9a44b9fa1f,2025-08-25,52,0.0559,1,5969.41,5969.41,0.0,0.0,1.0,5969.41,537,0.0,5969.41,-1.0,-1.0,0
033361ce-6653-4ee7-bee4-3fdbd06887c9,2025-08-25,206,0.0796,2,4098.96,2049.48,0.0,0.0,0.0,0.0,754,4.0,925.52,0.0,0.0,0
03d535e6-bab9-4699-93ff-729d55e623f0,2025-08-25,34,0.1194,3,3283.87,1094.623333,0.0,0.0,2.0,2684.36,754,92.0,2328.23,-1.0,-1.0,0
0443c1b9-9e56-4bed-b673-1441efe40f38,2025-08-25,26,0.1056,3,5151.14,1717.046667,1.0,4146.07,1.0,4146.07,852,72.5,4146.07,0.0,0.0,0
050980d5-34a4-4416-b487-3ba57e340fdf,2025-08-25,76,0.0653,2,7793.16,3896.58,0.0,0.0,1.0,321.97,919,34.0,321.97,0.0,0.0,0
05f197bf-0bdd-44a5-84bb-1878a08666b6,2025-08-25,27,0.509,17,35931.84,2113.637647,1.0,590.77,7.0,17851.75,1002,15.875,590.77,-0.890051,-0.6667,0
066b0bf5-5f5a-4c95-a709-b1fc1d059f94,2025-08-25,6,0.6,16,46369.01,2898.063125,3.0,3269.33,9.0,26522.32,800,18.8,694.18,0.0,0.0,0
06771e16-c89d-4440-9d23-12b982301e00,2025-08-25,69,0.2118,6,13951.15,2325.191667,0.0,0.0,2.0,7253.26,850,33.2,3419.04,0.0,0.0,0
0833337f-d730-49c9-98d3-adc98d0ffdd5,2025-08-25,102,0.0634,2,2952.69,1476.345,0.0,0.0,0.0,0.0,947,114.0,819.09,0.0,0.0,0
08667cf4-ac3a-45ee-a2ce-c49435d37bd6,2025-08-25,141,0.1282,2,1819.54,909.77,0.0,0.0,0.0,0.0,468,83.0,1065.14,0.0,0.0,1
0915900f-d22e-42b0-8e9e-810e55498a13,2025-08-25,3,0.5976,20,54481.25,2724.0625,4.0,4668.44,8.0,26468.63,1004,14.5263,719.55,-0.322971,1.0,0
091ba1e5-58cf-4e6c-badc-17dbe89dea69,2025-08-25,28,0.5944,19,54474.49,2867.078421,2.0,3283.83,7.0,23174.73,959,18.3333,2171.4,0.0,0.0,0
097828d9-6691-4ec3-9ba8-624b866da2cf,2025-08-25,44,0.1263,2,6047.59,3023.795,0.0,0.0,1.0,5814.8,475,108.0,5814.8,-1.0,-1.0,0
099dc7e9-7010-498d-a042-18b5e023a832,2025-08-25,19,0.1087,2,5797.05,2898.525,1.0,4651.84,2.0,5797.05,552,43.0,4651.84,0.0,0.0,1
09c23830-7cee-4f7c-94cb-8d5486ccf53f,2025-08-25,101,0.1054,3,7553.96,2517.986667,0.0,0.0,0.0,0.0,854,40.0,2187.36,0.0,0.0,1
0b56c7b0-943b-425a-b6dc-6ab9f4e721ae,2025-08-25,90,0.1544,3,4272.74,1424.246667,0.0,0.0,0.0,0.0,583,52.0,499.42,0.0,0.0,1
0b94772b-0571-4308-92cc-ac6baf2ac02b,2025-08-25,30,0.358,10,36695.72,3669.572,0.0,0.0,4.0,13854.94,838,30.3333,1133.2,-1.0,-1.0,0
0c75c934-71c3-45ff-9de2-91babfa75c3f,2025-08-25,0,0.2815,7,22847.69,3263.955714,2.0,2867.19,2.0,2867.19,746,34.3333,2165.56,0.0,0.0,0
0c9d8d71-baa9-4ddf-936f-0c9137dc6dc6,2025-08-25,24,0.0907,3,6190.47,2063.49,1.0,1692.56,2.0,5778.48,992,90.0,1692.56,-0.585758,0.0,0
0d0e2d20-27bb-4c93-9f8f-b7710b37194a,2025-08-25,15,0.3119,10,44889.15,4488.915,1.0,5835.22,4.0,8366.77,962,30.5556,5835.22,1.623679,-0.5,0
0d5cae3a-3f1a-4ef0-b794-ba9364aaff19,2025-08-25,94,0.0844,2,4392.51,2196.255,0.0,0.0,0.0,0.0,711,53.0,2415.13,0.0,0.0,0
0e76c917-2eca-40e2-9cbd-346ac241a7fa,2025-08-25,30,0.1032,3,4429.59,1476.53,0.0,0.0,2.0,3365.24,872,34.5,2091.06,-1.0,-1.0,0
0e79db9e-6873-435b-b29c-9f8be3977517,2025-08-25,1,0.1181,4,13203.99,3300.9975,1.0,5262.39,1.0,5262.39,1016,67.3333,5262.39,0.0,0.0,1
0e83066e-d18a-4165-9e12-fbcb5945fbb6,2025-08-25,2,0.1163,3,6591.39,2197.13,1.0,1041.26,2.0,2565.14,774,85.5,1041.26,-0.316705,0.0,0
108df563-ddcd-4802-83f7-6f5da40664d0,2025-08-25,40,0.0849,2,1409.95,704.975,0.0,0.0,1.0,269.98,707,111.0,269.98,-1.0,-1.0,0
10cb2e84-0bd1-4b29-8db3-06ae3488789d,2025-08-25,14,0.3896,7,23604.18,3372.025714,1.0,1053.75,2.0,4322.48,539,55.0,1053.75,-0.677627,0.0,0
113fc32a-23b9-4b41-82f4-df6c2b1ae4ae,2025-08-25,3,0.2216,8,14046.32,1755.79,2.0,8040.36,4.0,10954.07,1083,33.5714,3954.76,2.090948,1.0,0
118ee786-a564-468b-9121-6d099423827f,2025-08-25,169,0.0339,1,1139.97,1139.97,0.0,0.0,0.0,0.0,884,0.0,1139.97,0.0,0.0,0
119de36d-41b2-4136-a3a2-0b81cfcdf6f9,2025-08-25,14,0.2711,6,18596.78,3099.463333,2.0,5343.78,2.0,5343.78,664,49.4,191.74,0.0,0.0,0
121edff8-dfb7-4758-a559-7855430672f3,2025-08-25,14,0.5649,9,33307.39,3700.821111,1.0,324.95,4.0,12242.7,478,28.125,324.95,0.0,0.0,1
12be2694-e03e-4703-878e-8ce9ad582cf1,2025-08-25,111,0.0868,3,10954.22,3651.406667,0.0,0.0,0.0,0.0,1037,100.0,4630.19,0.0,0.0,0
12e7bad8-8e3d-4196-ba8d-b9d49a184b70,2025-08-25,6,0.0409,1,1030.41,1030.41,1.0,1030.41,1.0,1030.41,734,0.0,1030.41,0.0,0.0,1
13995ae9-c50f-4813-b0ba-6e044fe0b9ef,2025-08-25,2,0.3727,10,29803.89,2980.389,2.0,3275.46,7.0,20864.9,805,32.4444,2272.41,-0.723627,-0.3333,0
13b4e054-f5c9-4aaa-adb2-89ae2ad3a8bb,2025-08-25,60,0.1354,4,9794.76,2448.69,0.0,0.0,2.0,4596.54,886,57.6667,3538.52,0.0,0.0,0
13d8502b-672a-495d-a3f4-30157008db99,2025-08-25,181,0.0512,1,621.76,621.76,0.0,0.0,0.0,0.0,586,0.0,621.76,0.0,0.0,0
1445cd5d-91a8-417f-b07d-805a30ad7fb7,2025-08-25,68,0.1843,5,8354.96,1670.992,0.0,0.0,2.0,3988.81,814,38.0,1303.19,0.0,0.0,0
1686f723-a337-4bf4-aedd-21d353bffde6,2025-08-25,21,0.1758,3,4642.16,1547.386667,1.0,250.99,2.0,546.74,512,80.5,250.99,-0.151344,0.0,1
1762b46f-b7ef-481c-9e0b-7e6d2033bcf4,2025-08-25,8,1.2963,21,64826.79,3086.99,3.0,9704.94,13.0,40445.68,486,17.6,4121.63,-0.226389,-0.4,0
1790c003-10df-448c-b85d-1632f261eb08,2025-08-25,178,0.1099,2,1612.25,806.125,0.0,0.0,0.0,0.0,546,55.0,230.16,0.0,0.0,0
18f1b310-96f4-4c2e-b99b-5b091b3e0999,2025-08-25,28,0.0809,2,10613.72,5306.86,1.0,6231.75,2.0,10613.72,742,49.0,6231.75,0.0,0.0,0
1948ea27-1b6a-4dd3-8c99-b399dcf88ed3,2025-08-25,28,0.487,10,24380.11,2438.011,1.0,738.47,6.0,16052.93,616,14.1111,738.47,-0.615966,-0.5,0
1a467aee-8d4c-4127-8afb-fde18c339771,2025-08-25,25,0.3042,8,19435.58,2429.4475,1.0,827.97,6.0,14684.15,789,32.2857,827.97,-0.873847,-0.5,0
1a980af4-4a6b-40eb-a9a0-f4ffc25c68aa,2025-08-25,30,0.24,5,10594.44,2118.888,0.0,0.0,3.0,3352.69,625,57.25,390.54,-1.0,-1.0,0
1b167ea1-66cf-416e-82fc-b6448dbddf75,2025-08-25,25,0.1997,5,15725.86,3145.172,1.0,1235.97,3.0,10286.02,751,31.5,1235.97,-0.362981,0.0,0
1b1ed7c2-6b3b-4ab2-9092-bb1c6ed900ba,2025-08-25,0,0.2037,4,6348.66,1587.165,2.0,3042.02,3.0,3864.76,589,59.0,1139.97,2.697426,1.0,1
1c22a6c4-3de0-4f96-b62a-3a6edbbaf732,2025-08-25,11,0.5556,18,35953.94,1997.441111,2.0,575.88,9.0,15410.45,972,17.7059,507.96,-0.866788,-0.3333,0
1fff1144-0a72-44bd-ae41-900fd84b9dec,2025-08-25,37,0.3604,12,37024.48,3085.373333,0.0,0.0,3.0,7521.52,999,25.5455,852.58,-1.0,-1.0,0
20538050-69a2-4a47-9dd1-b9142fb76c57,2025-08-25,103,0.0721,2,4283.35,2141.675,0.0,0.0,0.0,0.0,832,57.0,3504.91,0.0,0.0,0
2068266d-f715-474b-b293-1caa9d9e7b74,2025-08-25,45,0.0811,2,630.36,315.18,0.0,0.0,2.0,630.36,740,21.0,138.37,-1.0,-1.0,0
20791844-68d1-4c47-8940-96e45daf918f,2025-08-25,0,0.4412,15,40451.11,2696.740667,1.0,1573.27,3.0,10133.36,1020,24.7143,1573.27,-0.32596,0.0,0
20862386-94e2-45f7-815a-43c7bc2f2b60,2025-08-25,12,0.1202,4,13949.34,3487.335,1.0,2387.86,2.0,4393.97,998,28.0,2387.86,0.190294,0.0,0
21a51334-c936-4d66-b3de-22e7b162ade5,2025-08-25,35,0.1202,4,9049.14,2262.285,0.0,0.0,3.0,3753.4,998,82.6667,528.76,-1.0,-1.0,0
21b8e2ff-2ce2-406c-82b9-dd2073e3fc63,2025-08-25,25,0.0312,1,4449.73,4449.73,1.0,4449.73,1.0,4449.73,961,0.0,4449.73,0.0,0.0,0
2259bbe9-5f76-414c-ac70-cb078652ec8b,2025-08-25,206,0.0423,1,2461.58,2461.58,0.0,0.0,0.0,0.0,709,0.0,2461.58,0.0,0.0,1
2277c61c-6a77-4651-9d4b-9cccf937b007,2025-08-25,56,0.0649,2,3120.23,1560.115,0.0,0.0,1.0,1177.44,924,267.0,1177.44,-1.0,-1.0,0
229edd85-4113-4b2a-be5b-1cc986fd5173,2025-08-25,5,0.4926,10,23037.23,2303.723,3.0,8060.9,5.0,11267.94,609,24.5556,5814.8,56.58197,2.0,0
22c9e11f-8a46-446c-a948-06b756976159,2025-08-25,2,0.235,6,15437.98,2572.996667,3.0,3160.75,5.0,14670.66,766,60.2,1150.86,0.70904,2.0,0
2576b737-f022-4e9c-8640-a88226cea0ff,2025-08-25,20,0.6171,13,28232.32,2171.716923,2.0,4702.16,5.0,7927.62,632,21.0833,1868.73,0.0,0.0,0
267963b4-ed35-41d7-b2ce-cc6088afbd06,2025-08-25,30,0.1206,3,6008.1,2002.7,0.0,0.0,3.0,6008.1,746,24.5,566.6,-1.0,-1.0,0
27121f78-6ac9-48b9-bd1d-14e1b17b0217,2025-08-25,30,0.1887,5,7442.81,1488.562,0.0,0.0,2.0,3993.52,795,51.5,1150.8,-1.0,-1.0,0
272c06ef-927d-483b-b924-350e81ee8dfe,2025-08-25,118,0.0599,2,6913.98,3456.99,0.0,0.0,0.0,0.0,1002,66.0,2774.14,0.0,0.0,0
27415395-c694-42d4-a2b5-04dfddb578f5,2025-08-25,41,0.082,3,4943.97,1647.99,0.0,0.0,1.0,2483.9,1097,136.5,2483.9,-1.0,-1.0,0
274dc0d8-8ff4-4a0e-a6cd-722b3eed949b,2025-08-25,65,0.0534,1,403.44,403.44,0.0,0.0,1.0,403.44,562,0.0,403.44,0.0,0.0,1
28db185a-0491-429f-bcbf-840c74d94b1e,2025-08-25,174,0.0469,1,1120.79,1120.79,0.0,0.0,0.0,0.0,639,0.0,1120.79,0.0,0.0,0
28e3eb2f-4e60-491c-8ecf-9260a4a4ced4,2025-08-25,8,0.5336,18,57258.87,3181.048333,2.0,5509.42,11.0,28235.96,1012,15.8235,1508.81,-0.695336,-0.6667,0
28fe8878-f7c1-4a80-9dc8-ab4bf2bbd40a,2025-08-25,58,0.1429,3,4457.78,1485.926667,0.0,0.0,1.0,1323.49,630,62.5,1323.49,-1.0,-1.0,0
29da7f9b-7059-4c90-999f-3737f7557ee5,2025-08-25,3,0.1257,3,5895.96,1965.32,1.0,3702.09,1.0,3702.09,716,82.5,3702.09,0.0,0.0,1
2b7d87b4-19c8-4ef8-88c3-9bc34019b9ea,2025-08-25,136,0.0323,1,638.15,638.15,0.0,0.0,0.0,0.0,929,0.0,638.15,0.0,0.0,0
2c1bec68-3786-4dae-bb18-e5be2c55ad92,2025-08-25,210,0.0313,1,1324.34,1324.34,0.0,0.0,0.0,0.0,960,0.0,1324.34,0.0,0.0,1
2c3ca1b8-7c76-4a4c-80bf-5314fb7f22ae,2025-08-25,17,0.3267,12,35115.0,2926.25,2.0,4800.95,3.0,8148.64,1102,28.0909,2534.55,0.0,0.0,0
2c513a38-ffd7-477a-8bc7-7f96f8b9ca38,2025-08-25,157,0.064,1,2387.76,2387.76,0.0,0.0,0.0,0.0,469,0.0,2387.76,0.0,0.0,0
2d2d74d8-47ee-4fdd-a00f-61966c2b1b25,2025-08-25,227,0.0437,1,2202.35,2202.35,0.0,0.0,0.0,0.0,687,0.0,2202.35,0.0,0.0,1
2e532847-959f-4087-bd6e-85a52170ee01,2025-08-25,25,0.1989,5,9026.83,1805.366,1.0,2586.99,3.0,7094.81,754,27.0,2586.99,0.0,0.0,0
2fcab125-0690-4478-91f9-6c3b3e5eada3,2025-08-25,167,0.064,2,2113.42,1056.71,0.0,0.0,0.0,0.0,938,2.0,2059.94,0.0,0.0,0
2fd49fb9-c8b2-4ec3-b38c-a061a73e1168,2025-08-25,37,0.3868,9,23354.01,2594.89,0.0,0.0,2.0,3055.35,698,27.125,1175.83,-1.0,-1.0,1
2fdb2470-7bb8-4ff4-90ef-b13139714701,2025-08-25,39,0.2573,5,8469.47,1693.894,0.0,0.0,1.0,1079.9,583,62.5,1079.9,-1.0,-1.0,0
30234645-3e34-4245-a4e4-e0e65a95e222,2025-08-25,7,0.3875,7,12584.87,1797.838571,2.0,1322.79,4.0,3660.31,542,27.6667,754.4,2.779724,1.0,0
3137607b-7cb7-42f6-bf45-44b8618d38d2,2025-08-25,17,0.6735,11,26499.63,2409.057273,1.0,820.4,7.0,13718.38,490,27.3,820.4,-0.908073,-0.8,1
31e4bcb5-1a69-45eb-a2c7-5bfa73cdfca1,2025-08-25,10,0.4114,14,31541.28,2252.948571,2.0,5566.35,8.0,18951.17,1021,16.6154,2243.64,-0.262548,-0.3333,0
32ab5f7d-2c86-49a3-b8c6-009538e6624d,2025-08-25,4,0.2605,6,13610.28,2268.38,1.0,812.39,2.0,873.89,691,63.6,812.39,0.0,0.0,0
334ea671-bdee-4328-983b-35a799b372d6,2025-08-25,48,0.247,9,20397.15,2266.35,0.0,0.0,4.0,8222.53,1093,28.625,2161.31,-1.0,-1.0,1
3378475b-b350-4593-9546-01468d85dcd8,2025-08-25,1,0.3607,6,7401.77,1233.628333,1.0,621.76,1.0,621.76,499,38.4,621.76,0.0,0.0,0
33879d3b-ca28-410e-9d37-7a429d1c33aa,2025-08-25,5,0.1455,4,9150.43,2287.6075,1.0,795.95,2.0,5571.48,825,117.3333,795.95,-0.833327,0.0,0
33ee3ff1-854d-447c-b205-31e8f43b9b20,2025-08-25,206,0.1259,3,4633.83,1544.61,0.0,0.0,0.0,0.0,715,25.0,1978.87,0.0,0.0,0
342211c4-67cb-41aa-92dd-fdfb475efd26,2025-08-25,84,0.0491,1,2336.61,2336.61,0.0,0.0,1.0,2336.61,611,0.0,2336.61,0.0,0.0,1
34a16a66-821a-489f-8fc2-67d38c8256d4,2025-08-25,99,0.1456,4,16454.4,4113.6,0.0,0.0,0.0,0.0,824,55.0,4953.92,0.0,0.0,0
34a5889e-5833-48a0-a0ba-44d9c14b5e71,2025-08-25,37,0.1075,2,2292.27,1146.135,0.0,0.0,1.0,1428.12,558,90.0,1428.12,-1.0,-1.0,1
34f539cb-584e-4259-ac9f-44e6d5484ebf,2025-08-25,10,0.7973,16,50646.14,3165.38375,3.0,10661.24,8.0,29226.92,602,20.0,1562.15,0.962362,0.0,0
34fc1ab3-f5c6-4545-9ba9-158e780f74bd,2025-08-25,39,0.2007,6,12033.85,2005.641667,0.0,0.0,2.0,4565.39,897,43.2,4487.28,-1.0,-1.0,0
36526e5e-f875-4c3e-a8d6-c50ede833ade,2025-08-25,5,0.4196,8,24421.28,3052.66,2.0,2488.7,2.0,2488.7,572,37.8571,2165.56,0.0,0.0,0
376ee9f0-6491-4a85-888a-05e690a5e05f,2025-08-25,242,0.043,1,4726.52,4726.52,0.0,0.0,0.0,0.0,698,0.0,4726.52,0.0,0.0,1
3773055e-a1f8-4fba-8846-a4b4eca5c2b7,2025-08-25,118,0.2013,4,6926.4,1731.6,0.0,0.0,0.0,0.0,596,30.6667,3161.25,0.0,0.0,0
37d5df97-0c87-4376-9107-d798341f0602,2025-08-25,32,0.0569,2,6082.06,3041.03,0.0,0.0,2.0,6082.06,1054,12.0,2968.31,-1.0,-1.0,0
3907704e-d22a-40f9-9591-9c06dfc1b6d2,2025-08-25,12,0.4367,13,28065.41,2158.877692,2.0,482.85,7.0,9388.39,893,25.5,285.68,-0.899089,-0.3333,0
399ee9ba-2674-41aa-a50a-7b370668b523,2025-08-25,53,0.1556,4,13478.75,3369.6875,0.0,0.0,1.0,285.68,771,46.6667,285.68,-1.0,-1.0,0
3a2f88d5-e75e-4285-9b59-ed2b46276d42,2025-08-25,87,0.0573,2,1253.39,626.695,0.0,0.0,1.0,441.0,1047,48.0,441.0,0.0,0.0,0
3a4a12e8-a3c4-4fe3-a0bc-ed28dee70ff0,2025-08-25,38,0.1796,5,10215.65,2043.13,0.0,0.0,2.0,5635.06,835,44.75,3419.92,-1.0,-1.0,0
3a8f7a32-89b6-42d8-b99a-bc1041025065,2025-08-25,314,0.0303,1,1076.88,1076.88,0.0,0.0,0.0,0.0,991,0.0,1076.88,0.0,0.0,0
3b80de3a-118c-4393-9d4e-1994031e22b9,2025-08-25,49,0.2479,4,6318.28,1579.57,0.0,0.0,2.0,2437.18,484,33.6667,449.63,-1.0,-1.0,0
3bd0dd5d-7d24-48da-856a-69e393e5e5b9,2025-08-25,20,0.2479,7,16289.62,2327.088571,3.0,6136.65,5.0,14618.24,847,37.0,2483.9,21.174785,2.0,0
3cc7350b-72e0-4990-a2f4-79f0e19bfe72,2025-08-25,30,0.3878,14,35238.59,2517.042143,0.0,0.0,8.0,13532.31,1083,22.3846,411.14,-1.0,-1.0,0
3ce5849f-19ca-4eca-8a46-e4a3b8828dc2,2025-08-25,7,0.0726,2,3253.59,1626.795,1.0,411.99,1.0,411.99,826,253.0,411.99,0.0,0.0,0
3d036612-3ff3-451e-a921-d163e55b4c30,2025-08-25,2,0.231,7,15158.67,2165.524286,4.0,10823.83,5.0,12577.91,909,32.6667,4146.07,5.170659,3.0,0
3da770f9-a532-48df-a2e4-cf550c263161,2025-08-25,4,0.3875,7,16407.48,2343.925714,1.0,4085.92,2.0,4619.32,542,33.1667,4085.92,6.660142,0.0,0
3de6f533-5503-4109-875b-33f40109353f,2025-08-25,1,0.2352,7,19335.2,2762.171429,1.0,147.69,1.0,147.69,893,50.3333,147.69,0.0,0.0,0
3e80243e-ed4d-46b5-a4ec-9aa1107c32da,2025-08-25,27,0.5991,13,42241.13,3249.317692,1.0,2667.0,6.0,20510.37,651,21.75,2667.0,-0.381777,-0.5,0
3e8f3d31-4fdc-4858-8d58-87b8c70d1e61,2025-08-25,14,0.1498,3,9371.05,3123.683333,1.0,697.02,2.0,8749.62,601,132.0,697.02,0.0,0.0,0
403ba4f6-3b05-4fb0-9c95-6068878e01b1,2025-08-25,4,0.4276,12,48466.73,4038.894167,3.0,7461.59,6.0,25394.04,842,29.3636,2649.34,2.505217,2.0,0
40abd3f4-34c6-407b-8dfe-8ff445cce235,2025-08-25,67,0.1742,6,4216.07,702.678333,0.0,0.0,2.0,1816.05,1033,55.6,328.53,0.0,0.0,0
414fbbd6-b12f-45a2-85f2-fd8a574567fa,2025-08-25,70,0.0602,2,1024.42,512.21,0.0,0.0,1.0,705.35,996,137.0,705.35,0.0,0.0,1
41906a86-bd78-43ee-a9ab-5f93230c56a1,2025-08-25,1,0.4234,14,29592.89,2113.777857,3.0,5717.81,7.0,9616.23,992,27.0769,553.48,0.895562,0.5,0
41cc51fc-74f3-43aa-b9e8-c4269becb375,2025-08-25,0,0.2661,8,23237.61,2904.70125,2.0,1192.34,3.0,6139.52,902,35.8571,271.7,-0.758986,1.0,0
420464c7-e05c-4002-9ab4-902acb471c60,2025-08-25,36,0.336,7,15665.86,2237.98,0.0,0.0,2.0,10289.68,625,47.3333,809.93,-1.0,-1.0,0
42b4250f-96b0-4ca7-b063-8722469fafa6,2025-08-25,50,0.1017,2,6136.05,3068.025,0.0,0.0,2.0,6136.05,590,11.0,497.92,-1.0,-1.0,0
43b1d0a0-404f-48c8-96ee-46291e3ceaa3,2025-08-25,13,0.2853,7,13771.21,1967.315714,1.0,1101.18,1.0,1101.18,736,47.6667,1101.18,0.0,0.0,0
44e18ff7-c6c4-4f05-810a-10acda026843,2025-08-25,16,0.4384,14,42112.54,3008.038571,1.0,4656.46,7.0,24537.38,958,18.9231,4656.46,0.404731,-0.6667,0
44e3f736-1e1f-478d-876f-f18c9b474ec7,2025-08-25,26,0.1088,4,21614.4,5403.6,1.0,476.3,1.0,476.3,1103,94.3333,476.3,0.0,0.0,0
44f08084-85aa-46b5-8832-5d1d2b8db2cc,2025-08-25,201,0.0333,1,159.54,159.54,0.0,0.0,0.0,0.0,900,0.0,159.54,0.0,0.0,1
454e54ed-b5e4-4096-9693-090f3ddaa42e,2025-08-25,18,0.1718,3,20085.87,6695.29,1.0,1036.52,1.0,1036.52,524,130.5,1036.52,0.0,0.0,0
456196a3-f5fd-4769-85c9-fe12f73de5b9,2025-08-25,31,0.5705,12,31041.47,2586.789167,0.0,0.0,4.0,6342.53,631,22.0909,1041.26,-1.0,-1.0,0
45b35575-e766-4b46-861c-910c86237813,2025-08-25,1,0.7177,20,43013.57,2150.6785,5.0,7989.16,11.0,20904.79,836,14.6316,3532.45,-0.364726,0.0,0
45b88888-2215-4e91-9647-006d4a1e9e88,2025-08-25,70,0.2052,5,17126.53,3425.306,0.0,0.0,2.0,4936.56,731,17.25,4142.51,0.0,0.0,0
46131e6b-4c77-4840-8255-973dc2b72450,2025-08-25,14,0.1524,5,8767.38,1753.476,1.0,476.3,3.0,4747.66,984,52.0,476.3,-0.828457,0.0,0
4625383b-ddb9-4a4e-8e05-f4c0efbb0b38,2025-08-25,95,0.0373,1,7151.97,7151.97,0.0,0.0,0.0,0.0,804,0.0,7151.97,0.0,0.0,1
46b19404-7f1c-4813-a3e9-8ad7066efbfb,2025-08-25,29,0.1205,2,11359.71,5679.855,1.0,1940.24,2.0,11359.71,498,53.0,1940.24,0.0,0.0,0
46ced229-ee4c-418c-badd-2f91fc1ab760,2025-08-25,40,0.229,5,10114.58,2022.916,0.0,0.0,2.0,4302.46,655,41.75,2202.35,-1.0,-1.0,0
46df1799-2ada-4ee5-af3b-e819f704a921,2025-08-25,85,0.0272,1,2128.71,2128.71,0.0,0.0,1.0,2128.71,1103,0.0,2128.71,0.0,0.0,0
48689e01-09c4-46f3-9d8e-5d6c440e56cb,2025-08-25,7,0.1394,5,12708.21,2541.642,2.0,4844.09,4.0,11575.01,1076,54.25,284.19,-0.280323,0.0,0
48871682-8627-402c-b359-46e536c8c5f8,2025-08-25,28,0.2703,6,8596.27,1432.711667,1.0,255.65,2.0,2355.76,666,50.0,255.65,-0.878268,0.0,0
4985763f-1aec-4bc7-8147-1beeb7a2d9c0,2025-08-25,107,0.082,3,2559.27,853.09,0.0,0.0,0.0,0.0,1097,45.0,344.72,0.0,0.0,0
49d4f65c-a7f6-423f-97b2-75571396471e,2025-08-25,67,0.1596,3,12699.97,4233.323333,0.0,0.0,1.0,801.57,564,114.0,801.57,0.0,0.0,0
4db8450b-3473-4e34-abb8-61b270b04333,2025-08-25,16,0.1571,4,3141.84,785.46,1.0,1057.52,2.0,1533.56,764,88.6667,1057.52,1.221494,0.0,0
4ed5562c-399a-4f63-8123-7496d2617ad8,2025-08-25,0,0.2069,5,15672.28,3134.456,1.0,2107.5,4.0,15119.75,725,32.5,2107.5,-0.278169,0.0,0
4ee7f9a8-1985-4e04-82b5-332cbc70c187,2025-08-25,1,0.3419,8,13475.03,1684.37875,4.0,2310.28,4.0,2310.28,702,38.4286,347.09,0.0,0.0,0
4f4f2ef2-6350-45b8-af19-6bd90adfc454,2025-08-25,32,0.4651,14,36005.97,2571.855,0.0,0.0,5.0,16392.06,903,12.3077,2764.19,-1.0,-1.0,0
505deb96-02b0-4484-ae43-533961fa661d,2025-08-25,7,0.426,12,21188.89,1765.740833,2.0,1871.2,6.0,12579.28,845,21.3636,1428.12,-0.755785,-0.3333,0
5097dfe0-2eb9-4792-a52b-170cf10ad290,2025-08-25,201,0.0516,1,390.54,390.54,0.0,0.0,0.0,0.0,581,0.0,390.54,0.0,0.0,1
5173c47a-a140-490b-afc1-af84817a605e,2025-08-25,20,0.1455,5,16417.13,3283.426,1.0,3737.45,2.0,8950.18,1031,62.0,3737.45,-0.283015,0.0,0
51833259-a233-414c-85fb-6ed59e50dfed,2025-08-25,31,0.7679,15,45008.97,3000.598,0.0,0.0,5.0,10242.61,586,22.5714,4146.07,-1.0,-1.0,0
528aa423-6b23-4a2a-8e8b-d2c5976a5484,2025-08-25,61,0.0889,2,13541.08,6770.54,0.0,0.0,2.0,13541.08,675,23.0,4824.69,0.0,0.0,0
529b58fc-1d6b-4a46-bcf3-bd50c058a284,2025-08-25,15,0.2594,6,16318.83,2719.805,2.0,5903.7,2.0,5903.7,694,41.0,2622.11,0.0,0.0,0
532c0027-0a87-4b04-8cd6-433b7eda14e0,2025-08-25,111,0.0777,2,10579.5,5289.75,0.0,0.0,0.0,0.0,772,108.0,5317.11,0.0,0.0,0
5379215b-cc4c-4e00-a6c5-27be458826a0,2025-08-25,244,0.0298,1,3053.65,3053.65,0.0,0.0,0.0,0.0,1006,0.0,3053.65,0.0,0.0,1
53cf422c-89ff-449d-9e2b-509585fbfa93,2025-08-25,139,0.0939,2,5308.94,2654.47,0.0,0.0,0.0,0.0,639,122.0,1041.26,0.0,0.0,0
54739a70-fe3b-45f0-b6da-5eb96fddebc6,2025-08-25,5,0.7858,17,42520.47,2501.204118,3.0,6642.26,6.0,13294.31,649,17.75,279.97,0.0,0.0,0
549276f5-7982-4ddd-9090-30fd37f31bf6,2025-08-25,17,0.283,8,23597.78,2949.7225,1.0,3200.48,2.0,3788.48,848,26.4286,3200.48,4.442993,0.0,0
556c3740-52fd-4022-8755-b92b9fa5342d,2025-08-25,23,0.223,8,23438.12,2929.765,2.0,799.6,4.0,7973.07,1076,45.5714,349.97,-0.888534,0.0,0
5705b303-d99b-47e5-9620-2ac37d16bf70,2025-08-25,61,0.1235,2,2828.2,1414.1,0.0,0.0,1.0,2497.11,486,96.0,2497.11,0.0,0.0,0
575ab059-021e-48cf-a1f6-39e5a9719349,2025-08-25,7,0.2133,6,19604.75,3267.458333,2.0,4602.13,3.0,11180.45,844,47.0,4200.21,0.0,0.0,0
5768b4fe-4e94-4a79-bf94-aec56843c229,2025-08-25,99,0.0561,1,2412.34,2412.34,0.0,0.0,0.0,0.0,535,0.0,2412.34,0.0,0.0,0
5772f550-5886-44ab-b618-cc525d22c053,2025-08-25,13,1.4807,23,60518.19,2631.225652,2.0,5489.48,10.0,30497.07,466,14.3636,2328.23,-0.698782,-0.6667,0
5828d313-995e-4774-b19c-e8ac7bc3daea,2025-08-25,49,0.0558,2,662.0,331.0,0.0,0.0,1.0,478.61,1076,196.0,478.61,-1.0,-1.0,1
585a8991-c44f-4e18-b8e0-6283bf6f9aff,2025-08-25,41,0.1916,7,22340.91,3191.558571,0.0,0.0,1.0,2853.08,1096,47.3333,2853.08,-1.0,-1.0,0
59749859-a81e-48e6-bc39-a362a3eada9b,2025-08-25,6,0.4589,8,30218.67,3777.33375,3.0,9787.19,6.0,21414.47,523,16.7143,1562.15,1.737921,0.5,0
5a2542d2-8392-4c53-bbf2-259d1b7de2ba,2025-08-25,34,0.4134,7,23684.49,3383.498571,0.0,0.0,5.0,17846.7,508,25.5,4775.53,-1.0,-1.0,0
5a60bb30-d49d-430c-b819-619528fa0373,2025-08-25,42,0.2577,5,7990.59,1598.118,0.0,0.0,2.0,3913.16,582,62.0,2279.95,-1.0,-1.0,0
5b8f23c7-fa9a-4a08-9a59-251fb715af18,2025-08-25,42,0.0577,2,9172.38,4586.19,0.0,0.0,1.0,2752.94,1039,241.0,2752.94,-1.0,-1.0,0
5be61d8d-e5a3-403f-b61d-c9096e40b7fb,2025-08-25,16,0.1059,3,6978.78,2326.26,2.0,5333.3,2.0,5333.3,850,66.0,2451.55,0.0,0.0,1
5cda614e-b389-4e48-8b36-5612a91c11ba,2025-08-25,18,0.0436,1,1904.15,1904.15,1.0,1904.15,1.0,1904.15,688,0.0,1904.15,0.0,0.0,0
5d5fa6d8-0ad7-4ade-be35-1c481b16b275,2025-08-25,58,0.4721,11,30308.12,2755.283636,0.0,0.0,4.0,14399.58,699,23.3,7865.82,-1.0,-1.0,0
600950e2-e195-4863-b978-6b55ea2f8a24,2025-08-25,16,0.2903,6,6488.77,1081.461667,2.0,5177.48,2.0,5177.48,620,38.6,2797.29,0.0,0.0,0
60ce8a0f-d7a4-4ed2-ac8e-6e0a87d50d90,2025-08-25,2,0.1422,5,5958.67,1191.734,1.0,1494.78,2.0,3398.93,1055,41.5,1494.78,-0.214988,0.0,0
60fc3a69-d7a0-4445-b08b-d165e0bc4928,2025-08-25,2,0.0881,3,7470.11,2490.036667,1.0,4651.84,1.0,4651.84,1022,107.0,4651.84,0.0,0.0,0
614d73fd-8846-4895-a773-7898e1678216,2025-08-25,95,0.3141,8,23763.91,2970.48875,0.0,0.0,0.0,0.0,764,28.0,10487.77,0.0,0.0,0
61ca8ccc-59b9-4f6f-84a3-e49d67fbff34,2025-08-25,6,0.1206,3,8904.05,2968.016667,1.0,1057.81,2.0,6637.31,746,81.0,1057.81,0.0,0.0,0
6272b3b9-197b-4be0-bf82-5b6e74a51d18,2025-08-25,8,0.2141,7,24834.27,3547.752857,2.0,2919.32,5.0,14091.67,981,38.5,1775.24,-0.659181,0.0,0
62795829-338f-4ef4-a58a-8b4df43e37ed,2025-08-25,8,0.0862,2,1213.33,606.665,1.0,864.15,1.0,864.15,696,328.0,864.15,0.0,0.0,0
655a8a99-8ea7-4fab-8686-b6e0a9369c3b,2025-08-25,31,0.1186,3,5253.66,1751.22,0.0,0.0,1.0,1651.77,759,31.0,1651.77,-1.0,-1.0,0
66581e52-4a91-4e5a-9db9-6ea7faad6977,2025-08-25,160,0.1442,3,4838.36,1612.786667,0.0,0.0,0.0,0.0,624,75.0,868.56,0.0,0.0,0
66aa9f2d-de6b-4def-8269-b6d0177dbf9a,2025-08-25,1,0.6467,23,69905.2,3039.356522,5.0,11355.04,9.0,16929.92,1067,14.6364,3485.11,40.428144,4.0,0
66c93c21-5319-42bd-aee5-a4af817f02a3,2025-08-25,96,0.0503,1,3478.21,3478.21,0.0,0.0,0.0,0.0,596,0.0,3478.21,0.0,0.0,0
6774c3a7-d951-43fa-9c75-eaca2ced5391,2025-08-25,29,0.4392,13,30271.85,2328.603846,1.0,2774.14,7.0,19358.31,888,25.3333,2774.14,-0.701297,-0.75,0
679c79cb-5d90-434a-a13e-d63368ba0b98,2025-08-25,108,0.0568,2,2052.38,1026.19,0.0,0.0,0.0,0.0,1056,137.0,1216.14,0.0,0.0,1
67fc2766-666c-4de5-9a16-9a35603b9a46,2025-08-25,72,0.1895,3,21364.3,7121.433333,0.0,0.0,2.0,17683.0,475,102.5,5579.5,0.0,0.0,0
6853ff18-9673-4369-b96a-eb7e1eb71169,2025-08-25,17,0.1811,6,23286.96,3881.16,1.0,3233.74,2.0,6647.29,994,37.6,3233.74,0.0,0.0,0
6892976f-0a64-4372-bcd7-14d6113ea6e2,2025-08-25,16,0.1748,6,11571.61,1928.601667,1.0,1041.26,1.0,1041.26,1030,44.8,1041.26,0.0,0.0,0
69008e38-87df-4edc-8e0c-02e44a0802a3,2025-08-25,181,0.0483,1,465.57,465.57,0.0,0.0,0.0,0.0,621,0.0,465.57,0.0,0.0,0
69223a3a-0e99-457c-b139-53a914126da0,2025-08-25,294,0.029,1,7771.19,7771.19,0.0,0.0,0.0,0.0,1035,0.0,7771.19,0.0,0.0,1
69b42ebe-0ce1-4f78-b8cd-1bb12a098250,2025-08-25,70,0.0272,1,4337.82,4337.82,0.0,0.0,1.0,4337.82,1102,0.0,4337.82,0.0,0.0,0
6a03d7f7-9095-4c61-b549-95cd16aba353,2025-08-25,25,0.0592,2,3383.83,1691.915,1.0,2833.43,2.0,3383.83,1013,63.0,2833.43,0.0,0.0,1
6a7efc18-882b-4c4c-a75d-1b8aecdbf4a6,2025-08-25,62,0.1911,7,6142.94,877.562857,0.0,0.0,2.0,2647.49,1099,20.3333,794.7,0.0,0.0,0
6b35501e-08f6-41b4-8699-30281befd8ec,2025-08-25,74,0.3261,6,23933.79,3988.965,0.0,0.0,1.0,535.41,552,54.2,535.41,0.0,0.0,0
6bb31b8a-5c85-4549-9106-7183256248ff,2025-08-25,28,0.3097,8,14517.22,1814.6525,2.0,1097.94,4.0,6281.94,775,35.1429,255.65,-0.788206,0.0,0
6cad4c9f-a37c-452d-9e24-b927cd585be0,2025-08-25,50,0.0767,2,4365.42,2182.71,0.0,0.0,1.0,3954.76,782,210.0,3954.76,-1.0,-1.0,0
6ccef97b-c165-4c24-aa1d-00119b8315f2,2025-08-25,7,0.1581,4,15646.73,3911.6825,1.0,497.41,3.0,11907.68,759,45.0,497.41,-0.872203,0.0,0
6d07afb5-e45f-49c8-8fe6-ab313f89ab9c,2025-08-25,4,0.4735,14,46400.62,3314.33,4.0,9002.93,6.0,16274.59,887,14.8462,1428.12,0.0,0.0,0
6dd97a45-7233-4f75-bf2b-a02f9e2403f5,2025-08-25,49,0.2896,5,17846.63,3569.326,0.0,0.0,2.0,11149.68,518,68.5,2667.0,-1.0,-1.0,0
6e04016c-b9dc-4b48-ac9b-8e9eff3d52ef,2025-08-25,31,0.1748,6,16312.72,2718.786667,0.0,0.0,6.0,16312.72,1030,9.0,1428.9,-1.0,-1.0,0
6f363f3d-a553-4343-928a-865ef7efa488,2025-08-25,101,0.1331,3,8314.55,2771.516667,0.0,0.0,0.0,0.0,676,97.0,1946.44,0.0,0.0,0
6f43c820-6bb0-443a-a276-f436ff5cc816,2025-08-25,251,0.0564,1,5588.78,5588.78,0.0,0.0,0.0,0.0,532,0.0,5588.78,0.0,0.0,0
6fb7d847-f44b-41dc-a325-7b26c61cbc96,2025-08-25,68,0.3155,11,24806.26,2255.114545,0.0,0.0,2.0,5250.6,1046,22.8,2866.61,0.0,0.0,0
7010920b-f9d5-4e97-9d6a-a57cfe832fad,2025-08-25,39,0.4121,10,21802.19,2180.219,0.0,0.0,2.0,3673.57,728,26.0,2477.75,-1.0,-1.0,0
70803e0f-518e-4300-9d6d-cec5780970aa,2025-08-25,32,0.0294,1,279.97,279.97,0.0,0.0,1.0,279.97,1021,0.0,279.97,-1.0,-1.0,0
726b4f75-d374-4f7f-bf66-eff61209fe02,2025-08-25,165,0.0439,1,533.4,533.4,0.0,0.0,0.0,0.0,683,0.0,533.4,0.0,0.0,0
72f79579-0a70-4cc7-8b0e-7b204ff9f789,2025-08-25,26,0.0519,1,2380.19,2380.19,1.0,2380.19,1.0,2380.19,578,0.0,2380.19,0.0,0.0,0
731fe7b0-483a-4068-a5c1-e8ce074a22e2,2025-08-25,120,0.0573,1,1858.31,1858.31,0.0,0.0,0.0,0.0,524,0.0,1858.31,0.0,0.0,1
73c3d633-4b34-49ad-a380-07fa31442bd6,2025-08-25,8,0.2817,6,14579.99,2429.998333,1.0,5143.57,2.0,5340.74,639,37.0,5143.57,25.086981,0.0,0
744605d3-9330-457d-9c53-8b4b59950976,2025-08-25,21,0.449,11,25767.11,2342.464545,1.0,608.37,2.0,5235.98,735,28.5,608.37,-0.868535,0.0,0
75e7956b-bba4-4d50-aa4d-f8061fa9b378,2025-08-25,100,0.0372,1,7865.82,7865.82,0.0,0.0,0.0,0.0,807,0.0,7865.82,0.0,0.0,0
7613c703-00a5-4fcd-b61f-b4f85bd36ac2,2025-08-25,1,0.2876,10,21602.29,2160.229,1.0,390.54,6.0,13897.51,1043,24.0,390.54,-0.889174,-0.5,0
76c7e6e2-ab70-4430-9c0e-611b3e8e3f7d,2025-08-25,51,0.1372,5,26133.01,5226.602,0.0,0.0,3.0,17403.42,1093,40.25,3019.68,-1.0,-1.0,0
78106c04-2615-4323-b215-3172fb34fc72,2025-08-25,81,0.3101,8,35411.75,4426.46875,0.0,0.0,2.0,13554.88,774,30.8571,2737.22,0.0,0.0,0
782ae5d7-a09e-4973-a2b3-29bacbb5efa9,2025-08-25,63,0.0407,1,4857.9,4857.9,0.0,0.0,1.0,4857.9,738,0.0,4857.9,0.0,0.0,0
785c7075-fbd8-42f7-b26f-e1aadc18eebc,2025-08-25,48,0.0545,2,2888.99,1444.495,0.0,0.0,2.0,2888.99,1101,19.0,701.63,-1.0,-1.0,0
79ce75bd-e156-4762-a109-91880fa27abc,2025-08-25,12,0.4125,15,37076.85,2471.79,1.0,800.12,7.0,19469.07,1091,16.8571,800.12,-0.864917,-0.5,0
7b3011de-1fd5-49d7-8cd0-565a3af5b5da,2025-08-25,4,0.5882,15,19850.1,1323.34,3.0,5612.52,6.0,13511.18,765,17.7857,1036.52,-0.289434,0.0,0
7b5dbebc-9a0e-4613-8844-f85ea0bc161d,2025-08-25,168,0.0356,1,4200.21,4200.21,0.0,0.0,0.0,0.0,843,0.0,4200.21,0.0,0.0,0
7bb9c97f-e27e-426f-b400-1ecf5e49b6f2,2025-08-25,5,0.1034,3,8787.1,2929.033333,1.0,827.97,3.0,8787.1,870,38.5,827.97,-0.618693,0.0,0
7be8de25-a69e-4e0f-9ac9-cd6405a73f68,2025-08-25,71,0.0515,1,5792.41,5792.41,0.0,0.0,1.0,5792.41,583,0.0,5792.41,0.0,0.0,0
7d31f2fa-4d24-4819-aa43-8ca6f961480f,2025-08-25,314,0.0542,1,3834.51,3834.51,0.0,0.0,0.0,0.0,553,0.0,3834.51,0.0,0.0,1
7d5e174f-f3d2-488e-99b3-a0591b1a9319,2025-08-25,11,0.0703,2,4512.01,2256.005,1.0,2776.57,1.0,2776.57,854,187.0,2776.57,0.0,0.0,0
7dc50afb-0eaa-4b38-8b2f-04eb2c57446e,2025-08-25,321,0.1097,2,3989.74,1994.87,0.0,0.0,0.0,0.0,547,5.0,2123.91,0.0,0.0,0
7dd67799-87bf-4c47-944e-e495c976e50e,2025-08-25,51,0.1273,4,8833.8,2208.45,0.0,0.0,2.0,4597.93,943,63.3333,476.3,-1.0,-1.0,0
7e1ea714-6fe4-494e-9554-750dbe019c23,2025-08-25,18,0.0815,3,10935.65,3645.216667,1.0,1726.29,2.0,4974.63,1104,128.0,1726.29,-0.468562,0.0,0
80425ba2-13bc-407f-9a1c-ff4f30480010,2025-08-25,4,0.2468,9,20368.18,2263.131111,1.0,1428.12,4.0,9806.24,1094,30.875,1428.12,1.593799,0.0,0
8081cb55-1e73-484f-b6fe-79fe7087f185,2025-08-25,99,0.035,1,1188.93,1188.93,0.0,0.0,0.0,0.0,857,0.0,1188.93,0.0,0.0,1
809a4c1b-22b1-4046-b62e-5ca84f41ae56,2025-08-25,22,0.1111,2,2010.48,1005.24,1.0,1655.43,1.0,1655.43,540,160.0,1655.43,0.0,0.0,1
81038b9d-eef0-443c-9635-a2e4c4df490f,2025-08-25,179,0.1253,3,13306.46,4435.486667,0.0,0.0,0.0,0.0,718,70.5,5699.87,0.0,0.0,0
81aa5e22-d678-428b-b005-9b81178d3a85,2025-08-25,42,0.3081,8,13877.17,1734.64625,0.0,0.0,2.0,6591.55,779,32.1429,823.98,-1.0,-1.0,0
82241b4b-7959-4079-9369-bbfcffcbc453,2025-08-25,5,0.5224,14,38377.87,2741.276429,3.0,7041.7,7.0,16427.58,804,22.0,2631.2,0.0,0.0,0
824fbcc7-5420-4ca2-84b0-15b0b4a2292b,2025-08-25,5,0.0992,3,7467.13,2489.043333,1.0,5250.26,2.0,6546.49,907,91.5,5250.26,3.050408,0.0,0
826855e8-3a9a-4032-ad5b-6ca64c822572,2025-08-25,34,0.0802,2,3782.6,1891.3,0.0,0.0,1.0,3581.64,748,176.0,3581.64,-1.0,-1.0,0
82c5a7aa-2ec7-45dc-9d03-be3531473f2f,2025-08-25,20,0.1263,2,3841.35,1920.675,1.0,2860.2,1.0,2860.2,475,197.0,2860.2,0.0,0.0,1
82d60e37-f049-4852-9464-c94b4e5c3244,2025-08-25,69,0.3987,8,12890.71,1611.33875,0.0,0.0,2.0,3664.06,602,17.4286,3190.27,0.0,0.0,0
83d0d0b7-7f58-49ea-8dc3-fee8c20efb50,2025-08-25,54,0.0558,1,4671.82,4671.82,0.0,0.0,1.0,4671.82,538,0.0,4671.82,-1.0,-1.0,0
83fe13f3-1026-46b2-9abd-d7277ea2f653,2025-08-25,78,0.0992,3,5204.3,1734.766667,0.0,0.0,1.0,3015.43,907,99.5,3015.43,0.0,0.0,1
855f6897-60c0-42cc-aa5a-bbcf4dfcfd28,2025-08-25,41,0.2006,7,11592.31,1656.044286,0.0,0.0,3.0,7608.23,1047,26.3333,1651.77,-1.0,-1.0,0
86208847-cfb3-449d-a634-075a2b7c33cc,2025-08-25,17,0.2896,5,8470.35,1694.07,1.0,106.95,2.0,4102.33,518,85.25,106.95,-0.973232,0.0,0
86ab916f-9734-41f0-b5c0-9bbc082b3251,2025-08-25,2,0.8729,19,45354.73,2387.091053,3.0,7387.86,7.0,24593.07,653,18.9444,4121.63,1.436107,0.5,0
87b06d02-c4e0-4e44-a8d4-a21cdc592676,2025-08-25,52,0.4034,8,19879.15,2484.89375,0.0,0.0,4.0,10962.56,595,27.7143,883.11,-1.0,-1.0,0
8867ed0f-4c50-4aa9-8fb4-993893bd97df,2025-08-25,55,0.1642,3,8458.38,2819.46,0.0,0.0,1.0,1144.08,548,79.5,1144.08,-1.0,-1.0,0
88f8cded-9e9f-4c71-9504-8cae260151bf,2025-08-25,10,0.1202,4,7469.54,1867.385,2.0,2031.92,2.0,2031.92,998,67.0,376.49,0.0,0.0,0
8aa74529-c59e-4daf-9b98-321ebfce7306,2025-08-25,17,1.1243,19,30360.48,1597.92,2.0,6379.35,6.0,10750.23,507,16.2222,5562.17,0.641383,-0.3333,0
8b278dae-e043-44f3-a5f0-8466df24d3a2,2025-08-25,0,0.5864,19,30669.66,1614.192632,2.0,1947.33,4.0,3874.0,972,16.7222,1600.24,0.054789,1.0,0
8bd2e91f-b7be-4b2c-95e8-9b9f6936c3fe,2025-08-25,27,0.2788,10,24046.78,2404.678,1.0,2038.47,6.0,13535.27,1076,27.6667,2038.47,-0.024879,-0.5,0
8bf0cc1f-c9f7-4393-806f-86bce9acf23a,2025-08-25,55,0.0577,2,6647.36,3323.68,0.0,0.0,1.0,5562.17,1039,233.0,5562.17,-1.0,-1.0,0
8d58c937-6e14-4be1-98f6-33ea0a28136f,2025-08-25,147,0.0346,1,1403.26,1403.26,0.0,0.0,0.0,0.0,867,0.0,1403.26,0.0,0.0,0
8d6d15dd-e8cf-4c06-aacd-238932fec46c,2025-08-25,2,0.1235,2,740.21,370.105,1.0,421.14,2.0,740.21,486,45.0,421.14,0.319898,0.0,0
8daa11dd-d410-44bf-a0de-622a9ca7c78d,2025-08-25,8,0.6828,16,43822.03,2738.876875,3.0,5522.2,5.0,7402.19,703,15.8667,460.32,3.857799,2.0,0
8de2f61f-499f-4ce6-a7d6-a5e9b9219f67,2025-08-25,129,0.0334,1,5152.04,5152.04,0.0,0.0,0.0,0.0,897,0.0,5152.04,0.0,0.0,0
8f10e8bf-c7a4-4bd6-93ce-4de936a938ef,2025-08-25,98,0.4066,9,24238.43,2693.158889,0.0,0.0,0.0,0.0,664,13.0,2406.6,0.0,0.0,0
9013910b-257e-462f-8142-555578e385a5,2025-08-25,25,0.2692,7,24301.5,3471.642857,1.0,2943.45,2.0,6969.7,780,39.6667,2943.45,-0.268935,0.0,0
90ef6a35-c0dc-4b20-aede-0d1b3e525838,2025-08-25,60,0.103,3,14819.65,4939.883333,0.0,0.0,1.0,4056.62,874,96.0,4056.62,0.0,0.0,0
910bd8ae-df74-4feb-9e1a-4e8966115c12,2025-08-25,64,0.1814,5,9405.15,1881.03,0.0,0.0,3.0,7833.4,827,55.25,1735.13,0.0,0.0,0
911f8116-248a-4e3d-afb4-62a632746852,2025-08-25,0,0.969,25,47712.5,1908.5,6.0,10377.39,14.0,27198.98,774,12.4167,1019.24,-0.376162,-0.1429,0
918ccc0d-7add-4cda-bb90-29b5623f6d86,2025-08-25,30,0.1087,3,5095.22,1698.406667,0.0,0.0,2.0,1494.77,828,109.0,411.99,-1.0,-1.0,1
91f0a872-33ad-4dbe-9801-ac03b375f584,2025-08-25,70,0.3541,7,20994.69,2999.241429,0.0,0.0,2.0,9975.54,593,39.0,8032.38,0.0,0.0,0
93700c9c-7e7e-4bad-b154-5e6644ddc5c9,2025-08-25,20,0.0628,1,4851.74,4851.74,1.0,4851.74,1.0,4851.74,478,0.0,4851.74,0.0,0.0,1
93d32257-e39c-4554-a773-cc81769f2c6b,2025-08-25,31,0.0426,1,1440.87,1440.87,0.0,0.0,1.0,1440.87,704,0.0,1440.87,-1.0,-1.0,0
953c5953-375c-42a1-89e5-7b370fa868be,2025-08-25,98,0.0343,1,788.01,788.01,0.0,0.0,0.0,0.0,874,0.0,788.01,0.0,0.0,0
957f9181-281b-4ff6-9370-462fb40cb6e5,2025-08-25,90,0.1297,4,12546.49,3136.6225,0.0,0.0,0.0,0.0,925,26.3333,4767.99,0.0,0.0,0
97a7e174-c5da-4d97-b94b-09d5f4788809,2025-08-25,2,0.1795,6,22475.38,3745.896667,1.0,2334.09,1.0,2334.09,1003,58.8,2334.09,0.0,0.0,0
97bc17e3-9ca0-45a3-a8dd-947696378bf7,2025-08-25,74,0.0938,2,10917.7,5458.85,0.0,0.0,1.0,3808.64,640,23.0,3808.64,0.0,0.0,0
97c341f3-26c0-47ee-949b-ec2349709b82,2025-08-25,22,0.4637,13,37524.0,2886.461538,1.0,5119.28,3.0,7947.06,841,26.5833,5119.28,0.810353,-0.5,0
98156cab-3a92-4dfa-9d5a-4e1528c73b35,2025-08-25,5,0.0299,1,319.57,319.57,1.0,319.57,1.0,319.57,1005,0.0,319.57,0.0,0.0,0
98c0d934-599f-43f0-b624-02fafa9a625d,2025-08-25,8,0.355,6,7349.17,1224.861667,2.0,1843.25,4.0,4750.17,507,32.4,269.98,0.0,0.0,0
9a48cdff-42f6-4b91-80ce-e531f3622d2b,2025-08-25,9,0.3681,6,9595.53,1599.255,2.0,2539.15,2.0,2539.15,489,34.6,2288.16,0.0,0.0,0
9ada7a7c-35d9-4619-9117-c1d9c05f08e9,2025-08-25,180,0.0369,1,697.02,697.02,0.0,0.0,0.0,0.0,813,0.0,697.02,0.0,0.0,1
9b131352-2e3f-4966-865e-a01b50bde6e5,2025-08-25,10,0.4094,14,28991.55,2070.825,1.0,2335.32,5.0,12637.16,1026,24.7692,2335.32,0.72533,-0.5,0
9b4342ff-79f2-40db-9669-bbab65d50e2f,2025-08-25,120,0.2294,4,10068.68,2517.17,0.0,0.0,0.0,0.0,523,48.0,1057.81,0.0,0.0,0
9c60f8cc-bb5f-4a3b-9a8b-95367617a69c,2025-08-25,24,0.1033,3,6104.23,2034.743333,1.0,3109.55,3.0,6104.23,871,14.5,3109.55,0.038358,-0.5,0
9c75b413-efd7-4171-9aa3-e4f50c8b52ea,2025-08-25,8,0.1379,4,7436.76,1859.19,2.0,916.51,3.0,3737.9,870,57.3333,800.12,0.0,0.0,0
9ca4947f-fc58-4db9-a473-9d3bb229db60,2025-08-25,5,0.0274,1,1006.56,1006.56,1.0,1006.56,1.0,1006.56,1093,0.0,1006.56,0.0,0.0,1
9cbf413a-a00b-482b-9441-e8fce7668a2e,2025-08-25,18,0.4253,13,36849.39,2834.568462,2.0,3168.48,4.0,9862.61,917,20.25,394.34,2.229353,1.0,0
9de44d71-02d0-4684-a314-54f9abd3f2cd,2025-08-25,27,0.3042,8,14520.36,1815.045,1.0,2076.11,2.0,3322.46,789,40.0,2076.11,0.665752,0.0,0
9e39dc08-ef34-4791-8233-bb1831664c12,2025-08-25,8,0.0598,1,1962.3,1962.3,1.0,1962.3,1.0,1962.3,502,0.0,1962.3,0.0,0.0,0
9e3ba510-550f-49bf-a866-a3124ebe334a,2025-08-25,105,0.0549,2,3060.88,1530.44,0.0,0.0,0.0,0.0,1092,110.0,1910.02,0.0,0.0,1
9f79997b-8bf3-45ae-a535-abb872b46a2f,2025-08-25,26,0.1271,2,5037.44,2518.72,1.0,476.3,2.0,5037.44,472,45.0,476.3,0.0,0.0,0
a029db9e-0867-4074-9876-83433dcbc19c,2025-08-25,150,0.0613,2,5388.61,2694.305,0.0,0.0,0.0,0.0,978,2.0,720.44,0.0,0.0,1
a0323814-cd5e-4bbc-ae91-13b77ec723bb,2025-08-25,2,0.1536,4,7025.12,1756.28,2.0,5217.54,3.0,6491.72,781,53.6667,4943.45,3.094822,1.0,0
a137cf0f-749a-402e-9913-60a7f4a47b92,2025-08-25,2,0.7557,20,62966.34,3148.317,2.0,689.83,8.0,31061.5,794,13.6842,149.88,-0.963251,-0.5,0
a1c9af51-32b0-45ae-8e5e-1a83d44e0dd4,2025-08-25,2,0.1031,2,7544.64,3772.32,1.0,3290.95,2.0,7544.64,582,63.0,3290.95,0.0,0.0,0
a20f7825-b033-409c-9c97-b044b61bae47,2025-08-25,7,0.3791,8,20407.88,2550.985,2.0,4616.33,4.0,10750.63,633,37.0,2492.7,-0.033337,1.0,0
a281fc1b-5e0e-400e-9760-0f4eecb192e1,2025-08-25,0,0.6036,10,24764.0,2476.4,2.0,1301.26,6.0,9603.7,497,28.0,952.08,0.0,0.0,0
a39d8cb3-e105-4215-9fc6-c0cb27d75ca0,2025-08-25,123,0.041,1,295.39,295.39,0.0,0.0,0.0,0.0,732,0.0,295.39,0.0,0.0,1
a458eb88-221d-40e0-8a04-289e42780afe,2025-08-25,169,0.0437,1,2105.72,2105.72,0.0,0.0,0.0,0.0,686,0.0,2105.72,0.0,0.0,1
a48769af-aacd-4623-8e69-fc86e1d3745e,2025-08-25,143,0.0706,2,1684.31,842.155,0.0,0.0,0.0,0.0,850,44.0,993.26,0.0,0.0,0
a54b8eca-fc5f-46cd-9407-2f103beabcc7,2025-08-25,12,0.177,6,11132.58,1855.43,2.0,4685.13,2.0,4685.13,1017,46.6,3161.25,0.0,0.0,1
a578fb66-2e0c-4a26-8179-b1230347de46,2025-08-25,91,0.0769,2,4126.39,2063.195,0.0,0.0,0.0,0.0,780,14.0,3575.99,0.0,0.0,1
a58bcff6-b44b-4728-ae19-c41e17805478,2025-08-25,5,0.0602,1,3488.88,3488.88,1.0,3488.88,1.0,3488.88,498,0.0,3488.88,0.0,0.0,0
a618b414-7505-48a2-9047-6d0fbd16fb88,2025-08-25,46,0.0749,2,12592.3,6296.15,0.0,0.0,2.0,12592.3,801,24.0,4851.74,-1.0,-1.0,0
a62bcc77-cf9c-44a3-920f-2e2e57c723dc,2025-08-25,76,0.4888,8,37809.69,4726.21125,0.0,0.0,1.0,1567.97,491,33.0,1567.97,0.0,0.0,1
a6818a6e-0465-4009-81b6-822245dae013,2025-08-25,35,0.0722,2,11272.44,5636.22,0.0,0.0,1.0,1082.78,831,59.0,1082.78,-1.0,-1.0,0
a69011f4-c3f9-4f91-92f2-3df9072b53e7,2025-08-25,3,0.8841,15,27343.99,1822.932667,3.0,7568.66,8.0,16663.87,509,22.2143,754.4,0.306221,0.5,0
a7925872-0bc3-4eee-b74c-5086ea1e992d,2025-08-25,66,0.1152,3,3120.57,1040.19,0.0,0.0,1.0,2144.59,781,83.0,2144.59,0.0,0.0,0
a7c6d291-2d8a-45ea-8005-81ecfd3682df,2025-08-25,0,0.1967,6,14139.63,2356.605,2.0,5541.74,4.0,11831.37,915,51.2,127.83,0.0,0.0,0
a7dd5f9a-9fa6-4592-b920-cc610a4ca21b,2025-08-25,189,0.0987,3,12596.04,4198.68,0.0,0.0,0.0,0.0,912,59.5,691.85,0.0,0.0,0
a8091949-9c95-4f66-b956-b61849aa17d1,2025-08-25,30,0.2825,5,17348.57,3469.714,0.0,0.0,2.0,4103.82,531,54.5,3532.45,-1.0,-1.0,1
a8592085-1f10-4731-b976-351290d3b914,2025-08-25,133,0.0561,1,553.48,553.48,0.0,0.0,0.0,0.0,535,0.0,553.48,0.0,0.0,0
a8a318fe-4ac5-43e5-819c-0493f94dfd8e,2025-08-25,30,0.271,7,10585.7,1512.242857,0.0,0.0,3.0,5306.65,775,32.1667,1133.2,-1.0,-1.0,0
a91e3f3f-94ea-410a-afcd-a9721a392b5a,2025-08-25,71,0.1161,3,9871.39,3290.463333,0.0,0.0,1.0,2137.05,775,87.5,2137.05,0.0,0.0,0
a955f9af-0de0-488d-9638-13b909991020,2025-08-25,31,0.2429,4,8687.38,2171.845,0.0,0.0,2.0,4080.03,494,52.6667,552.53,-1.0,-1.0,0
a9a14d19-86ba-40be-883c-0be4db2e7555,2025-08-25,1,0.5009,9,19229.15,2136.572222,2.0,5197.87,5.0,11621.87,539,40.5,2047.71,0.0,0.0,0
aa210298-0ad5-4fe1-9a49-04d9c35709c6,2025-08-25,84,0.1754,6,13839.26,2306.543333,0.0,0.0,1.0,1154.56,1026,44.6,1154.56,0.0,0.0,0
aacf38f5-5690-4d24-95d3-d4b2fa5166a8,2025-08-25,100,0.0366,1,8872.66,8872.66,0.0,0.0,0.0,0.0,820,0.0,8872.66,0.0,0.0,1
aaec11b1-b19b-4ff9-bbf5-b6caa3fa11ee,2025-08-25,13,0.0594,1,1082.78,1082.78,1.0,1082.78,1.0,1082.78,505,0.0,1082.78,0.0,0.0,1
ac9ed0cc-36d5-43e5-8b0f-11a8213d3173,2025-08-25,8,0.0349,1,597.91,597.91,1.0,597.91,1.0,597.91,860,0.0,597.91,0.0,0.0,0
acf31d10-d223-4df6-a143-e9ba0e8118f4,2025-08-25,178,0.0368,1,1164.11,1164.11,0.0,0.0,0.0,0.0,816,0.0,1164.11,0.0,0.0,0
ad10f2bd-d571-4f42-aec5-a7a10eaa3ca9,2025-08-25,73,0.0821,3,4788.13,1596.043333,0.0,0.0,2.0,2749.66,1096,69.0,2442.17,0.0,0.0,0
ade55153-89f8-4d7a-9199-12bcf0e9f0ce,2025-08-25,120,0.1091,2,3226.87,1613.435,0.0,0.0,0.0,0.0,550,14.0,1952.69,0.0,0.0,1
b067038f-9577-43c4-a072-0376499a6f51,2025-08-25,5,0.1703,5,19667.0,3933.4,1.0,2335.32,2.0,3729.36,881,65.25,2335.32,0.675217,0.0,0
b0a7ac9f-5dc3-43d5-bf2f-2201d6f385b2,2025-08-25,30,0.1402,4,9009.82,2252.455,0.0,0.0,2.0,494.09,856,63.3333,347.09,-1.0,-1.0,0
b0d043da-1294-4ab0-8fa2-ebb68dbb62a2,2025-08-25,9,0.2149,7,22488.2,3212.6,1.0,2803.09,1.0,2803.09,977,33.0,2803.09,0.0,0.0,0
b0d81eaf-60e0-4aa5-b3e9-64fdea18f5e9,2025-08-25,11,0.3797,9,29450.56,3272.284444,2.0,4400.89,4.0,13005.09,711,28.625,2752.94,-0.404794,1.0,0
b2109776-616b-488c-9721-f3f116afd30f,2025-08-25,1,0.3307,7,23102.07,3300.295714,3.0,2162.34,5.0,10951.16,635,39.5,285.68,-0.753967,0.5,0
b21eb80b-84a0-490b-abcb-151568e54d64,2025-08-25,20,0.1856,6,11926.3,1987.716667,1.0,2877.16,4.0,6370.58,970,43.4,2877.16,-0.176406,-0.6667,0
b247c235-943b-4c46-91c2-168e86d26161,2025-08-25,47,0.3184,9,8043.47,893.718889,0.0,0.0,2.0,3603.22,848,23.0,1698.9,-1.0,-1.0,0
b2c24112-6ed5-433e-ae6e-c541f21defe5,2025-08-25,13,0.1493,3,6012.54,2004.18,2.0,4773.67,2.0,4773.67,603,81.0,2833.43,0.0,0.0,0
b2ef61f5-8a4e-44af-9b72-983eb8729127,2025-08-25,49,0.1369,5,7789.74,1557.948,0.0,0.0,1.0,2351.66,1096,33.25,2351.66,-1.0,-1.0,0
b2f4f0f6-9d52-4439-b5fe-14ebe8887e7a,2025-08-25,322,0.0354,1,9233.79,9233.79,0.0,0.0,0.0,0.0,847,0.0,9233.79,0.0,0.0,0
b35ff2cc-b3d7-4eee-bbe6-72dd663e82bf,2025-08-25,130,0.1139,2,6112.98,3056.49,0.0,0.0,0.0,0.0,527,207.0,969.41,0.0,0.0,0
b3bc0c36-2894-415e-8303-9ce0c524adf7,2025-08-25,235,0.0389,1,701.63,701.63,0.0,0.0,0.0,0.0,771,0.0,701.63,0.0,0.0,1
b4322a23-acd4-46a3-8620-5130bd7bc8c3,2025-08-25,142,0.0638,1,2335.32,2335.32,0.0,0.0,0.0,0.0,470,0.0,2335.32,0.0,0.0,1
b4a140af-8af0-4074-8c4e-f1e587fff314,2025-08-25,8,0.445,12,37911.77,3159.314167,2.0,5049.22,4.0,9110.45,809,27.4545,1556.88,0.0,0.0,0
b4dd90f1-04a6-4d42-ac0a-2702bbc8d0db,2025-08-25,25,0.1769,5,9508.37,1901.674,1.0,492.92,2.0,1205.18,848,77.25,492.92,-0.307949,0.0,0
b4ff4a71-e2cb-40a7-afaa-04a5be660e06,2025-08-25,23,0.133,4,4217.63,1054.4075,1.0,989.44,3.0,3814.04,902,82.0,989.44,-0.649706,-0.5,0
b5597188-1096-40f6-bb3c-7eae56f49e62,2025-08-25,23,0.1472,4,10382.34,2595.585,1.0,5609.1,1.0,5609.1,815,97.6667,5609.1,0.0,0.0,0
b5f40c8f-57dc-440a-9706-3cfe7972dde6,2025-08-25,19,0.0657,2,6211.43,3105.715,1.0,350.82,2.0,6211.43,913,53.0,350.82,0.0,0.0,0
b6466b91-0c2a-4a1f-bf51-fd9f9de8b206,2025-08-25,43,0.161,3,12688.62,4229.54,0.0,0.0,2.0,8020.45,559,79.0,2776.57,-1.0,-1.0,1
b6d1010f-48a8-4d83-a4bd-0a6c9a4521d9,2025-08-25,97,0.0294,1,3970.48,3970.48,0.0,0.0,0.0,0.0,1021,0.0,3970.48,0.0,0.0,1
b73d152b-3ccf-4708-8854-ab85e6abc82c,2025-08-25,85,0.1215,2,5963.35,2981.675,0.0,0.0,1.0,5689.26,494,54.0,5689.26,0.0,0.0,1
b7a528c9-9989-42b3-86f1-dfe0266eb7da,2025-08-25,10,0.1059,3,2650.46,883.486667,2.0,2490.92,2.0,2490.92,850,74.0,1440.87,0.0,0.0,1
b7d62bbb-f2b2-4bee-ac69-0e320b4b310f,2025-08-25,2,0.6582,19,56535.65,2975.560526,5.0,13405.12,13.0,38953.86,866,18.0,3290.95,87.139391,4.0,0
b812927c-5d6a-4cb6-9794-94ec8e44c0bd,2025-08-25,26,0.1439,4,8106.46,2026.615,1.0,2461.19,2.0,5993.64,834,69.6667,2461.19,-0.303263,0.0,1
b81e352f-6da5-4d3a-94e7-a583c1e9213c,2025-08-25,61,0.028,1,231.11,231.11,0.0,0.0,1.0,231.11,1073,0.0,231.11,0.0,0.0,0
b8302dbd-4877-438d-ac91-c2d5dbbadf09,2025-08-25,56,0.062,2,4593.53,2296.765,0.0,0.0,1.0,3190.27,968,71.0,3190.27,-1.0,-1.0,0
b86f948a-d460-4c23-a79a-b2deafdc8880,2025-08-25,8,0.25,7,9046.13,1292.304286,2.0,4586.29,6.0,8804.65,840,16.5,3485.11,2.806113,0.0,0
b88b94e7-2bbd-4939-98cc-217258c364d3,2025-08-25,22,0.322,6,22717.14,3786.19,2.0,4257.6,3.0,13485.7,559,45.4,1023.86,-0.538627,1.0,0
b88bef53-7397-4409-b454-f68fa7827873,2025-08-25,24,0.3315,8,12235.58,1529.4475,2.0,4596.15,3.0,5168.76,724,24.1429,738.47,0.0,0.0,0
b8bfbbb5-a5a0-4d3d-905f-57ced220ffd3,2025-08-25,57,0.1688,4,3837.86,959.465,0.0,0.0,1.0,80.49,711,70.6667,80.49,-1.0,-1.0,0
b9e85363-f343-4a9b-a6b9-588a5c0f9633,2025-08-25,4,0.0876,3,5082.88,1694.293333,1.0,2279.95,1.0,2279.95,1027,92.0,2279.95,0.0,0.0,1
ba0a6120-4b67-4e2b-b2c4-9036a195b99a,2025-08-25,8,0.36,12,30415.84,2534.653333,4.0,9184.17,7.0,16002.38,1000,20.6364,2764.19,0.347006,0.3333,0
bab05b4b-0196-4bb2-a10a-34baf0750132,2025-08-25,13,0.1967,6,12880.66,2146.776667,1.0,250.99,3.0,10009.23,915,52.6,250.99,-0.702015,0.0,0
bac72dd3-4ee2-436a-b664-f187eea4daff,2025-08-25,41,0.0469,1,4656.46,4656.46,0.0,0.0,1.0,4656.46,639,0.0,4656.46,-1.0,-1.0,1
bac9f7f2-72b2-40d2-bb50-19838c2fde8a,2025-08-25,35,0.0435,1,4113.69,4113.69,0.0,0.0,1.0,4113.69,689,0.0,4113.69,-1.0,-1.0,0
bc2eaeff-d2cb-413b-8716-a7fa6d9507c2,2025-08-25,1,0.6365,15,26354.33,1756.955333,4.0,9812.56,6.0,12338.68,707,24.3571,4012.22,14.172107,3.0,0
bc69f988-30c6-4bf2-b27f-beafca1b2282,2025-08-25,28,0.178,6,13076.35,2179.391667,1.0,424.73,2.0,1473.58,1011,63.0,424.73,-0.595052,0.0,0
bcf78932-5b86-4918-b87a-32963317f18d,2025-08-25,41,0.0865,3,6502.53,2167.51,0.0,0.0,1.0,1640.79,1040,89.5,1640.79,-1.0,-1.0,1
bd918df4-d5fc-4b8a-9889-b0f92e0c438b,2025-08-25,7,0.26,8,12858.84,1607.355,4.0,2515.31,5.0,6252.76,923,37.5714,1285.89,-0.326998,3.0,0
befa24a1-1459-4d2c-b2af-a4db90fa9666,2025-08-25,86,0.0826,3,8505.3,2835.1,0.0,0.0,1.0,3046.74,1090,89.5,3046.74,0.0,0.0,1
c07f630a-a6d1-41a2-9f27-8f85f52260c4,2025-08-25,32,0.4167,13,46715.99,3593.537692,0.0,0.0,3.0,5053.75,936,23.0833,528.76,-1.0,-1.0,0
c0c6efdb-fc14-4d7c-98f5-7088ddeb019c,2025-08-25,94,0.0354,1,687.6,687.6,0.0,0.0,0.0,0.0,848,0.0,687.6,0.0,0.0,0
c1a55833-8139-41dd-8bb5-59ab8a090d3b,2025-08-25,1,0.0986,3,4962.79,1654.263333,1.0,2158.66,1.0,2158.66,913,92.5,2158.66,0.0,0.0,0
c1a9f9e4-02c9-4e11-9ae3-d7f5eec25bdf,2025-08-25,3,0.0782,2,2507.63,1253.815,1.0,1573.27,1.0,1573.27,767,143.0,1573.27,0.0,0.0,1
c1d6c130-eed3-43da-a713-c63009b0c952,2025-08-25,35,0.1498,4,9466.64,2366.66,0.0,0.0,2.0,6742.41,801,66.3333,4095.42,-1.0,-1.0,0
c29cb1e1-b422-45f3-829a-82a9e80f8c8f,2025-08-25,19,0.1112,3,3065.35,1021.783333,2.0,1431.11,2.0,1431.11,809,61.5,608.37,0.0,0.0,0
c34d6b05-2bac-4654-9150-9d59f1252d7b,2025-08-25,92,0.0556,2,11019.93,5509.965,0.0,0.0,0.0,0.0,1080,12.0,3575.99,0.0,0.0,1
c34e266e-6b0c-4505-b1cc-f98b610c4986,2025-08-25,45,0.0666,2,3611.14,1805.57,0.0,0.0,1.0,2400.36,901,217.0,2400.36,-1.0,-1.0,1
c388d365-1253-45ed-934e-4731ee225fdb,2025-08-25,30,0.0954,3,11374.11,3791.37,0.0,0.0,3.0,11374.11,943,21.0,1420.19,-1.0,-1.0,0
c3bc5bb3-aee9-4150-b36a-c89a22162e7d,2025-08-25,14,0.629,13,31074.49,2390.345385,2.0,3605.1,7.0,13253.83,620,23.25,2031.83,-0.48,-0.3333,0
c47da78e-a80f-46b0-b907-4867b0ac75da,2025-08-25,107,0.0733,2,2751.38,1375.69,0.0,0.0,0.0,0.0,819,171.0,2190.98,0.0,0.0,0
c4abe8e7-17ea-4981-acd2-0e286bf0080b,2025-08-25,0,0.3077,6,16587.26,2764.543333,1.0,2776.57,3.0,8867.43,585,30.2,2776.57,-0.457625,0.0,0
c5f7e86b-b9fe-4062-bae1-fcb4707e393e,2025-08-25,71,0.0379,1,2866.61,2866.61,0.0,0.0,1.0,2866.61,791,0.0,2866.61,0.0,0.0,0
c7af740f-1d7a-4321-9d3e-ec9107c05254,2025-08-25,16,0.2323,8,13977.94,1747.2425,1.0,1533.37,3.0,7270.51,1033,31.4286,1533.37,14.554575,0.0,0
c7e971e5-62a6-49c9-a239-e17ea1f253a5,2025-08-25,26,0.1159,4,5675.41,1418.8525,1.0,1977.38,1.0,1977.38,1035,87.3333,1977.38,0.0,0.0,0
c8466347-f65e-48a7-a013-64f958a93e60,2025-08-25,85,0.1415,3,18329.62,6109.873333,0.0,0.0,1.0,462.21,636,83.5,462.21,0.0,0.0,0
c895adf4-11e4-460d-bad6-1bc4560990aa,2025-08-25,14,0.2105,4,3828.9,957.225,1.0,646.75,2.0,2550.9,570,84.6667,646.75,-0.660347,0.0,0
c8a387fb-7265-43df-9af8-79f21e3f7a8b,2025-08-25,102,0.1221,4,2486.86,621.715,0.0,0.0,0.0,0.0,983,46.6667,608.08,0.0,0.0,1
c9b37375-0f54-4110-983e-7b7635c1257f,2025-08-25,69,0.3673,6,20687.49,3447.915,0.0,0.0,1.0,6407.42,490,27.6,6407.42,0.0,0.0,0
cb169247-90fc-4859-9c5d-36f94515f6a5,2025-08-25,301,0.0363,1,6586.85,6586.85,0.0,0.0,0.0,0.0,827,0.0,6586.85,0.0,0.0,0
cb4bc77a-ba12-4fd1-b1f2-811b234a5c61,2025-08-25,88,0.0462,1,2275.71,2275.71,0.0,0.0,1.0,2275.71,649,0.0,2275.71,0.0,0.0,0
cbf3e2e4-9c43-4976-afaa-bc231bff129c,2025-08-25,11,0.2053,7,13607.65,1943.95,1.0,304.19,2.0,1273.6,1023,46.5,304.19,-0.686211,0.0,0
cc681bd0-1bf2-4364-a2fe-b18907da68dd,2025-08-25,73,0.0642,2,3262.12,1631.06,0.0,0.0,1.0,3046.74,935,212.0,3046.74,0.0,0.0,0
cd796877-895f-4bcc-8fe0-0c8c6c4e68b0,2025-08-25,19,0.5338,10,20228.19,2022.819,3.0,9920.51,6.0,12733.7,562,23.8889,1052.45,2.526427,0.0,0
cdc86dc6-c2f3-4988-94e7-c7b7f1a4a81b,2025-08-25,122,0.0428,1,1775.24,1775.24,0.0,0.0,0.0,0.0,701,0.0,1775.24,0.0,0.0,1
ce1c7e34-50d9-4f3b-ab54-cbb7cab9fa18,2025-08-25,85,0.1948,6,10504.99,1750.831667,0.0,0.0,1.0,1144.04,924,17.6,1144.04,0.0,0.0,0
ced1be46-44d9-42f9-913f-bf359f04d616,2025-08-25,98,0.2459,8,18623.24,2327.905,0.0,0.0,0.0,0.0,976,21.5714,4298.07,0.0,0.0,0
cf567dce-5613-483a-b10d-b4947a588d18,2025-08-25,21,0.1931,6,16857.38,2809.563333,1.0,2224.87,2.0,5491.3,932,55.6,2224.87,0.0,0.0,0
cfa38335-ed20-4254-b309-74d0dadee3bb,2025-08-25,128,0.0419,1,1394.04,1394.04,0.0,0.0,0.0,0.0,716,0.0,1394.04,0.0,0.0,0
cfc90a2e-3eb4-476f-8b9b-493b93566dcb,2025-08-25,52,0.1124,3,4314.19,1438.063333,0.0,0.0,1.0,2288.16,801,52.0,2288.16,-1.0,-1.0,0
cff873c2-039d-4260-8875-1ece53467a44,2025-08-25,29,0.1523,3,4707.88,1569.293333,1.0,2451.55,3.0,4707.88,591,3.0,2451.55,0.086521,-0.5,1
d16a7971-11f5-4284-b4c4-063a25f1f892,2025-08-25,108,0.1233,4,10405.07,2601.2675,0.0,0.0,0.0,0.0,973,40.0,2412.34,0.0,0.0,1
d16d5f0e-f1af-4ab1-8b14-12ce745ddd9b,2025-08-25,18,0.3121,9,20381.82,2264.646667,1.0,738.47,2.0,2769.63,865,27.875,738.47,0.0,0.0,0
d1907207-2f2d-4486-87e7-7b004fd2fab1,2025-08-25,20,0.1761,6,11856.17,1976.028333,2.0,2479.49,3.0,6753.61,1022,43.4,127.83,-0.419883,1.0,0
d1a51fbe-4bb5-47d5-88f8-06f817caff3f,2025-08-25,36,0.0401,1,4623.57,4623.57,0.0,0.0,1.0,4623.57,749,0.0,4623.57,-1.0,-1.0,1
d2b88436-ba26-4efa-bc74-287512167c81,2025-08-25,31,0.1976,5,8119.72,1623.944,0.0,0.0,3.0,6084.12,759,44.25,4623.57,-1.0,-1.0,0
d3291ebb-1cad-4398-80c7-e968f0d6b8e3,2025-08-25,52,0.0325,1,6577.99,6577.99,0.0,0.0,1.0,6577.99,924,0.0,6577.99,-1.0,-1.0,0
d34c22d5-fa13-4eb6-a115-4306ab8f65d5,2025-08-25,3,0.1316,3,2390.86,796.953333,1.0,575.43,1.0,575.43,684,123.0,575.43,0.0,0.0,0
d3af0e3f-6c8e-43fd-b62a-d477ca54c291,2025-08-25,54,0.1833,3,7644.59,2548.196667,0.0,0.0,1.0,560.4,491,106.0,560.4,-1.0,-1.0,0
d3ceae53-5516-4152-a247-d101c45a4912,2025-08-25,1,0.537,15,38946.94,2596.462667,3.0,6980.37,6.0,11860.97,838,22.2857,4449.73,0.913248,2.0,0
d3f21a44-d6a7-4183-9e3d-ca1e2f665ada,2025-08-25,23,0.297,6,9295.54,1549.256667,1.0,3946.79,2.0,4299.46,606,31.6,3946.79,0.0,0.0,0
d5357dae-eafa-48fc-9a2b-b791e7c9e85e,2025-08-25,33,0.1525,4,3392.63,848.1575,0.0,0.0,1.0,1508.81,787,57.6667,1508.81,-1.0,-1.0,1
d536df89-ae17-40cc-ae90-1ec234f2db3e,2025-08-25,9,0.0991,3,10217.02,3405.673333,2.0,1040.23,2.0,1040.23,908,44.5,691.05,0.0,0.0,0
d5bde5d5-ffb3-40af-bfb0-e1fbc0fc8ac6,2025-08-25,13,0.3276,7,25984.98,3712.14,1.0,160.43,4.0,16995.32,641,36.3333,160.43,-0.5427,0.0,0
d6235160-cff1-499b-8088-b1ef010206d2,2025-08-25,22,0.0682,2,4471.28,2235.64,1.0,394.34,1.0,394.34,880,195.0,394.34,0.0,0.0,1
d68104da-a018-4b47-aeb2-cb32a2380b79,2025-08-25,76,0.0812,2,4070.43,2035.215,0.0,0.0,1.0,3276.38,739,39.0,3276.38,0.0,0.0,0
d6b350eb-48ff-4268-b8d2-d00fb5bd3417,2025-08-25,113,0.1145,3,8422.76,2807.586667,0.0,0.0,0.0,0.0,786,29.5,2017.19,0.0,0.0,1
d6e6f2c0-9d75-46fe-a6d0-19f4998b8aa0,2025-08-25,57,0.1945,4,5463.05,1365.7625,0.0,0.0,2.0,872.9,617,91.0,689.43,-1.0,-1.0,0
d74a8b02-d712-4df5-b21a-91890f17146e,2025-08-25,30,0.13,4,10239.34,2559.835,0.0,0.0,1.0,712.26,923,71.0,712.26,-1.0,-1.0,1
d768ded2-0e1f-4338-a373-8cb12093b6b9,2025-08-25,10,0.2786,10,13552.83,1355.283,2.0,4406.27,3.0,4504.85,1077,31.8889,3455.24,43.697403,1.0,0
d7daaa71-d5b3-4958-ac9f-03d1c8077bf4,2025-08-25,38,0.0829,3,13712.77,4570.923333,0.0,0.0,1.0,2643.8,1085,37.0,2643.8,-1.0,-1.0,0
d929f86f-98cb-4302-a254-db21f53e0255,2025-08-25,2,0.1155,3,15306.48,5102.16,2.0,6379.29,3.0,15306.48,779,36.0,5562.17,0.0,0.0,0
da7dbacc-46a8-44dc-b4c5-5e21bf437da6,2025-08-25,5,0.4802,17,44279.8,2604.694118,4.0,5919.29,9.0,20773.63,1062,18.3125,197.17,0.426029,0.3333,0
dac7247b-1af7-458e-a5b0-4c00df11636c,2025-08-25,33,0.1197,3,976.3,325.433333,0.0,0.0,2.0,908.38,752,46.0,597.91,-1.0,-1.0,1
db49dbe2-b046-4b0c-8d11-6e496b852270,2025-08-25,10,0.6106,15,39180.86,2612.057333,2.0,1475.52,6.0,13546.1,737,24.0714,1019.24,-0.877759,-0.5,0
dbc5aa6b-529c-4c91-8331-7ec33c8503bb,2025-08-25,23,0.4781,16,36659.76,2291.235,2.0,5169.74,8.0,25174.55,1004,15.5333,497.92,-0.494905,-0.5,0
dc1aef37-ddb1-4abc-a40f-974a11372fc7,2025-08-25,11,0.102,3,7964.99,2654.996667,1.0,2539.79,1.0,2539.79,882,92.0,2539.79,0.0,0.0,0
dc32c9bc-f5b1-425c-b068-0f753d9baf2f,2025-08-25,25,0.1329,4,7100.18,1775.045,1.0,4113.69,1.0,4113.69,903,91.3333,4113.69,0.0,0.0,0
dcdc70f5-6a80-4b14-8487-b99c29cfcb2e,2025-08-25,88,0.2034,4,11420.31,2855.0775,0.0,0.0,1.0,1522.99,590,25.6667,1522.99,0.0,0.0,0
ddb8a068-3cf7-4f6c-b653-fdf0d420c391,2025-08-25,59,0.0457,1,803.11,803.11,0.0,0.0,1.0,803.11,656,0.0,803.11,-1.0,-1.0,0
debb1669-0087-4b21-a027-8766438b09f1,2025-08-25,23,0.2685,7,20916.09,2988.012857,1.0,691.05,2.0,4812.68,782,48.6667,691.05,-0.832336,0.0,0
df5f2a94-fa46-46dc-b4fc-0a08486e8118,2025-08-25,80,0.1202,3,1580.73,526.91,0.0,0.0,1.0,827.48,749,61.5,827.48,0.0,0.0,0
df94c0e2-bf7b-4b60-9391-80972fa8058c,2025-08-25,234,0.0284,1,1388.35,1388.35,0.0,0.0,0.0,0.0,1056,0.0,1388.35,0.0,0.0,1
e040241c-efa6-453e-8e84-6caae95e5811,2025-08-25,12,0.1172,2,6524.3,3262.15,1.0,1428.12,1.0,1428.12,512,213.0,1428.12,0.0,0.0,0
e05c9e8f-2852-4c9d-9c2a-756d89ba64a0,2025-08-25,1,0.5544,18,55645.26,3091.403333,1.0,3150.16,8.0,18949.52,974,21.0,3150.16,-0.782026,-0.8333,0
e0666bd9-81b4-4c0c-aa13-af3137aaca09,2025-08-25,121,0.0292,1,823.98,823.98,0.0,0.0,0.0,0.0,1029,0.0,823.98,0.0,0.0,0
e223a14f-9752-4dfc-b998-04cfae44ca10,2025-08-25,6,0.4407,14,30527.12,2180.508571,1.0,2266.4,6.0,11556.55,953,21.6154,2266.4,-0.724975,-0.75,0
e400fe49-64f8-4e45-8877-6c5fd0a7747d,2025-08-25,20,0.303,11,29979.2,2725.381818,2.0,5990.04,5.0,16026.96,1089,28.4,3602.18,0.469249,1.0,0
e408e6a2-589e-4b0f-a98f-6a5e0f9e9e53,2025-08-25,38,0.251,8,18687.44,2335.93,0.0,0.0,2.0,3744.71,956,35.4286,920.64,-1.0,-1.0,0
e4636af2-ab68-4a83-a019-d77df1fa2bb5,2025-08-25,143,0.1241,3,2082.05,694.016667,0.0,0.0,0.0,0.0,725,71.5,1057.81,0.0,0.0,0
e51c365e-179f-4c2e-92f5-bc4c2fc6282a,2025-08-25,1,0.4087,15,21044.01,1402.934,5.0,2988.99,9.0,8397.32,1101,19.7143,621.76,1.33524,1.5,0
e61ddcc6-8917-49aa-b93d-ba7a21702a71,2025-08-25,89,0.1761,3,6580.19,2193.396667,0.0,0.0,1.0,560.54,511,92.0,560.54,0.0,0.0,1
e630e7cb-c24b-49e2-af83-702facb0c4b9,2025-08-25,26,0.1786,5,19401.49,3880.298,1.0,883.11,4.0,15662.44,840,39.5,883.11,0.0,0.0,0
e63160b3-9636-4ddf-b7f6-a843aef7e599,2025-08-25,23,0.1845,5,22743.03,4548.606,1.0,3581.64,4.0,21890.45,813,26.0,3581.64,-0.323449,0.0,1
e74c4bf9-90b2-4723-8b21-9af623c5b124,2025-08-25,65,0.5133,9,22978.67,2553.185556,0.0,0.0,1.0,2704.41,526,27.0,2704.41,0.0,0.0,0
e818ffda-4cf8-4137-92f5-f73ec2be9aac,2025-08-25,126,0.1931,3,3736.98,1245.66,0.0,0.0,0.0,0.0,466,20.0,63.91,0.0,0.0,0
e85ec7b9-dc33-474f-b99d-d8ce41ac3c81,2025-08-25,143,0.0584,2,6525.7,3262.85,0.0,0.0,0.0,0.0,1028,45.0,5835.22,0.0,0.0,0
e9152f33-f58e-4690-a02f-18066572acda,2025-08-25,25,0.3158,8,16016.88,2002.11,1.0,2586.99,3.0,4222.03,760,30.2857,2586.99,1.811885,0.0,0
e9afc85a-81e7-4518-a4f2-c3650f0c8105,2025-08-25,46,0.2454,4,9331.91,2332.9775,0.0,0.0,2.0,6478.75,489,58.3333,817.12,-1.0,-1.0,0
eb632b3d-7715-4810-ac99-01c19831c220,2025-08-25,6,0.225,6,14216.5,2369.416667,1.0,501.98,2.0,2142.77,800,67.8,501.98,-0.694062,0.0,0
ebbc4745-0985-45f9-b142-3002a577acc3,2025-08-25,20,0.0555,2,5968.26,2984.13,1.0,5820.57,1.0,5820.57,1081,132.0,5820.57,0.0,0.0,0
ebe34170-88a5-4097-a231-ec6187114560,2025-08-25,54,0.1734,3,13631.65,4543.883333,0.0,0.0,1.0,2631.2,519,79.5,2631.2,-1.0,-1.0,0
ec0b1685-64bd-41e0-8aa1-e25e3abe480b,2025-08-25,17,0.1676,5,15096.82,3019.364,1.0,5152.04,2.0,5649.96,895,65.75,5152.04,9.347124,0.0,0
ec140a91-94c2-46b5-90c6-215cbcc0402e,2025-08-25,50,0.0704,2,1622.96,811.48,0.0,0.0,1.0,754.4,852,163.0,754.4,-1.0,-1.0,0
ec6b856d-40f2-41ed-a20b-7af257224723,2025-08-25,0,0.1119,4,15205.19,3801.2975,1.0,1246.35,2.0,4304.06,1072,95.6667,1246.35,-0.592391,0.0,0
ecee2fcb-7259-46bb-a6a3-c2683069ec25,2025-08-25,52,0.0361,1,2006.11,2006.11,0.0,0.0,1.0,2006.11,831,0.0,2006.11,-1.0,-1.0,0
ed2171b1-c19b-4e0d-8734-299f1f997a16,2025-08-25,45,0.3468,10,18192.71,1819.271,0.0,0.0,7.0,15340.74,865,12.3333,1403.26,-1.0,-1.0,0
ed3be97a-9e98-4ace-ba11-f1c0e145bfd5,2025-08-25,80,0.0619,2,8656.01,4328.005,0.0,0.0,1.0,4953.92,969,73.0,4953.92,0.0,0.0,0
ed43e4c6-255f-4de8-9134-6d5542faa41b,2025-08-25,123,0.0323,1,1657.59,1657.59,0.0,0.0,0.0,0.0,930,0.0,1657.59,0.0,0.0,1
eddc4ec7-f3d1-445e-8c5f-3f767fd5305e,2025-08-25,119,0.132,3,13133.67,4377.89,0.0,0.0,0.0,0.0,682,45.0,5820.57,0.0,0.0,0
edf4822d-49a2-4ae7-95c1-975b85069210,2025-08-25,24,0.2555,5,13627.95,2725.59,1.0,1139.97,1.0,1139.97,587,77.25,1139.97,0.0,0.0,0
efa9353f-2d88-426a-a592-e6a1f87c7b1b,2025-08-25,3,0.3711,6,22376.0,3729.333333,4.0,8924.17,4.0,8924.17,485,50.8,1052.45,0.0,0.0,0
f17f8b99-61d1-4e7b-a6d3-4d0334235cc5,2025-08-25,6,0.0718,2,1188.45,594.225,1.0,566.69,1.0,566.69,836,228.0,566.69,0.0,0.0,0
f201cdf9-cb7c-4b4b-8da0-68bccc439429,2025-08-25,16,0.8092,14,33800.22,2414.301429,1.0,2328.23,6.0,16461.26,519,22.4615,2328.23,-0.756001,-0.6667,0
f21b3e42-ab75-442f-8649-bca6bf44c9d8,2025-08-25,18,0.0846,2,3589.66,1794.83,1.0,572.04,1.0,572.04,709,144.0,572.04,0.0,0.0,0
f223cb41-eede-43d3-bafb-311ac6aab7d7,2025-08-25,336,0.0355,1,2833.43,2833.43,0.0,0.0,0.0,0.0,845,0.0,2833.43,0.0,0.0,0
f288b108-b674-41c7-91d6-0f5fdb761b37,2025-08-25,52,0.0849,3,2993.01,997.67,0.0,0.0,1.0,829.87,1060,80.5,829.87,-1.0,-1.0,0
f2c6c870-59a5-4df4-8f5a-85d42b868208,2025-08-25,4,0.1546,4,10084.73,2521.1825,1.0,2643.8,2.0,3701.61,776,59.3333,2643.8,1.499315,0.0,0
f311db56-da65-41a9-a889-888c821ca32c,2025-08-25,35,0.2679,6,10400.6,1733.433333,0.0,0.0,4.0,5119.66,672,24.4,1349.88,-1.0,-1.0,1
f3d3da1e-a146-45f1-bea7-4e9b3d5e991e,2025-08-25,121,0.1378,3,8927.58,2975.86,0.0,0.0,0.0,0.0,653,101.0,3337.3,0.0,0.0,0
f5905fb3-1b37-4afd-80b2-3e6bb136b5b1,2025-08-25,113,0.083,3,9470.02,3156.673333,0.0,0.0,0.0,0.0,1084,36.0,5491.86,0.0,0.0,0
f5f339bf-3ab5-4a2e-916f-2db044568f67,2025-08-25,24,0.3538,10,15604.31,1560.431,1.0,920.02,3.0,3281.84,848,34.1111,920.02,-0.456433,0.0,0
f5f5a8ec-4cbe-4541-a494-d455225a8197,2025-08-25,95,0.1431,3,6388.92,2129.64,0.0,0.0,0.0,0.0,629,77.0,307.49,0.0,0.0,0
f6176f19-c718-4746-9808-d110ecf53a50,2025-08-25,61,0.4181,8,19831.21,2478.90125,0.0,0.0,1.0,613.41,574,32.7143,613.41,0.0,0.0,0
f631940b-26c5-4144-a328-f2b93f3b2f7e,2025-08-25,152,0.0662,2,4389.78,2194.89,0.0,0.0,0.0,0.0,906,89.0,306.67,0.0,0.0,0
f6a6bafb-8098-4f2d-ae6d-689b77c84f2b,2025-08-25,2,0.3644,6,21669.44,3611.573333,3.0,8702.75,4.0,15280.74,494,41.6,4851.74,0.323011,2.0,0
f6c06ee2-7826-4de2-af26-9b9143bd5efb,2025-08-25,69,0.1422,3,10537.1,3512.366667,0.0,0.0,1.0,5767.57,633,42.0,5767.57,0.0,0.0,0
f7f8a1f5-9b44-44c8-815c-2d04067a6cff,2025-08-25,72,0.0383,1,3575.99,3575.99,0.0,0.0,1.0,3575.99,784,0.0,3575.99,0.0,0.0,0
f819f234-f7a8-41f3-8b26-732ac35c4d0b,2025-08-25,5,0.2698,5,6524.33,1304.866,2.0,2938.72,3.0,3813.25,556,74.75,1817.93,0.0,0.0,0
f8435633-4f8d-462d-872a-e6a541d39872,2025-08-25,66,0.2484,9,26828.84,2980.982222,0.0,0.0,2.0,6012.6,1087,25.875,1314.15,0.0,0.0,0
f8a3ae68-a437-491d-b88b-abad9164379f,2025-08-25,26,1.0714,21,65040.29,3097.156667,1.0,203.77,7.0,17320.42,588,15.8,203.77,-0.985673,-0.75,0
f993e083-a536-4e9d-9432-b34fc52500a4,2025-08-25,70,0.0282,1,5562.93,5562.93,0.0,0.0,1.0,5562.93,1063,0.0,5562.93,0.0,0.0,1
fb5d70c0-f7cf-4096-a606-58d8efdd864b,2025-08-25,148,0.0414,1,497.92,497.92,0.0,0.0,0.0,0.0,724,0.0,497.92,0.0,0.0,1
fc625523-78f4-4bf4-920a-ec3d6bf61de9,2025-08-25,32,0.1006,3,4540.13,1513.376667,0.0,0.0,2.0,3112.01,895,77.0,896.87,-1.0,-1.0,0
fc90d768-4902-4267-aee4-185b5584cee7,2025-08-25,1,0.6235,17,31147.05,1832.179412,3.0,5161.83,9.0,18065.25,818,13.5625,3485.11,-0.584364,-0.4,0
fd071015-793c-469e-bc3a-2f94a20f8f62,2025-08-25,133,0.0674,2,9481.51,4740.755,0.0,0.0,0.0,0.0,890,69.0,4231.25,0.0,0.0,0
fdbf5f6b-5e04-401e-b01c-dadaea29b6bf,2025-08-25,66,0.1139,3,3909.33,1303.11,0.0,0.0,1.0,156.23,790,40.5,156.23,0.0,0.0,0
feb9f5f4-bed9-4b39-bb94-062fa9706005,2025-08-25,17,0.5277,13,57771.9,4443.992308,2.0,6083.6,6.0,19069.49,739,26.1667,3702.09,1.089837,1.0,0
fec6b81b-c723-45e8-a11f-75a4cb6a1381,2025-08-25,36,0.5508,15,37736.63,2515.775333,0.0,0.0,5.0,11170.45,817,15.0714,191.74,-1.0,-1.0,0
ff29a3b3-fb27-44ad-8dcc-9551fb3c7420,2025-08-25,20,0.9948,19,55589.01,2925.737368,2.0,7303.67,6.0,22975.17,573,18.4444,1424.51,0.65201,0.0,0
ffb862d5-c41a-4b47-8ccf-b781447c9d8f,2025-08-25,10,0.1991,6,6881.25,1146.875,1.0,822.74,5.0,5634.9,904,38.4,822.74,-0.496835,-0.5,0
ffc7534a-f026-4ccd-94d9-540e6abbb59f,2025-08-25,92,0.0561,1,806.87,806.87,0.0,0.0,0.0,0.0,535,0.0,806.87,0.0,0.0,0
fffb4a19-e27c-48c5-9b1d-d72cf9f00485,2025-08-25,14,0.0987,2,2675.86,1337.93,1.0,2241.58,2.0,2675.86,608,24.0,2241.58,4.161601,0.0,0
0011d3f4-9e5e-47b6-a93a-e2d8f694b972,2025-09-24,11,0.0897,2,762.1,381.05,2.0,762.1,2.0,762.1,669,18.0,694.18,0.0,0.0,0
008e597a-3a9f-4d40-9452-50852330ae26,2025-09-24,106,0.0467,1,1279.3,1279.3,0.0,0.0,0.0,0.0,642,0.0,1279.3,0.0,0.0,1
00acfd4d-b8a4-441a-b965-3c900cea01a1,2025-09-24,64,0.2941,8,25940.63,3242.57875,0.0,0.0,1.0,492.92,816,33.0,492.92,0.0,0.0,0
01a1b558-e312-42e2-ae36-718f30634861,2025-09-24,190,0.0393,1,3602.18,3602.18,0.0,0.0,0.0,0.0,763,0.0,3602.18,0.0,0.0,0
027e2c71-76f6-44d8-b214-51097fc3e605,2025-09-24,2,1.0672,18,31956.46,1775.358889,3.0,3855.29,6.0,9991.24,506,19.2353,1940.24,0.0,0.0,0
02cb9a9f-5819-466a-91e5-0f9a44b9fa1f,2025-09-24,13,0.1058,2,6889.43,3444.715,1.0,920.02,2.0,6889.43,567,69.0,920.02,0.0,0.0,0
033361ce-6653-4ee7-bee4-3fdbd06887c9,2025-09-24,18,0.1531,4,4837.43,1209.3575,2.0,738.47,2.0,738.47,784,74.0,434.28,0.0,0.0,0
03d535e6-bab9-4699-93ff-729d55e623f0,2025-09-24,24,0.1531,4,7165.26,1791.315,1.0,3881.39,3.0,6565.75,784,74.6667,3881.39,0.0,0.0,0
0443c1b9-9e56-4bed-b673-1441efe40f38,2025-09-24,7,0.1701,5,7898.66,1579.732,2.0,2747.52,3.0,6893.59,882,48.5,581.96,-0.337319,1.0,0
050980d5-34a4-4416-b487-3ba57e340fdf,2025-09-24,106,0.0632,2,7793.16,3896.58,0.0,0.0,0.0,0.0,949,34.0,321.97,0.0,0.0,0
05f197bf-0bdd-44a5-84bb-1878a08666b6,2025-09-24,3,0.6105,21,44153.01,2102.524286,4.0,8221.17,8.0,14185.08,1032,15.4,1015.92,12.916025,3.0,0
066b0bf5-5f5a-4c95-a709-b1fc1d059f94,2025-09-24,15,0.6145,17,48703.1,2864.888235,1.0,2334.09,4.0,5603.42,830,18.9375,2334.09,-0.286065,-0.6667,0
06771e16-c89d-4440-9d23-12b982301e00,2025-09-24,15,0.2386,7,16829.37,2404.195714,1.0,2878.22,1.0,2878.22,880,41.6667,2878.22,0.0,0.0,0
0833337f-d730-49c9-98d3-adc98d0ffdd5,2025-09-24,10,0.1228,4,5910.59,1477.6475,2.0,2957.9,2.0,2957.9,977,78.6667,1817.93,0.0,0.0,0
08667cf4-ac3a-45ee-a2ce-c49435d37bd6,2025-09-24,171,0.1205,2,1819.54,909.77,0.0,0.0,0.0,0.0,498,83.0,1065.14,0.0,0.0,1
0915900f-d22e-42b0-8e9e-810e55498a13,2025-09-24,1,0.7544,26,67177.92,2583.766154,6.0,12696.67,12.0,24260.59,1034,12.32,1586.28,1.719682,0.5,0
091ba1e5-58cf-4e6c-badc-17dbe89dea69,2025-09-24,4,0.7583,25,61842.23,2473.6892,6.0,7367.74,8.0,10651.57,989,16.0,2241.58,1.243642,2.0,0
097828d9-6691-4ec3-9ba8-624b866da2cf,2025-09-24,12,0.1782,3,6847.71,2282.57,1.0,800.12,2.0,6614.92,505,85.0,800.12,0.0,0.0,1
099dc7e9-7010-498d-a042-18b5e023a832,2025-09-24,49,0.1031,2,5797.05,2898.525,0.0,0.0,1.0,4651.84,582,43.0,4651.84,-1.0,-1.0,1
09c23830-7cee-4f7c-94cb-8d5486ccf53f,2025-09-24,131,0.1018,3,7553.96,2517.986667,0.0,0.0,0.0,0.0,884,40.0,2187.36,0.0,0.0,1
0b56c7b0-943b-425a-b6dc-6ab9f4e721ae,2025-09-24,120,0.1468,3,4272.74,1424.246667,0.0,0.0,0.0,0.0,613,52.0,499.42,0.0,0.0,1
0b94772b-0571-4308-92cc-ac6baf2ac02b,2025-09-24,4,0.3802,11,38395.78,3490.525455,1.0,1700.06,4.0,12953.74,868,32.9,1700.06,0.0,0.0,0
0c75c934-71c3-45ff-9de2-91babfa75c3f,2025-09-24,30,0.2706,7,22847.69,3263.955714,0.0,0.0,2.0,2867.19,776,34.3333,2165.56,-1.0,-1.0,0
0c9d8d71-baa9-4ddf-936f-0c9137dc6dc6,2025-09-24,3,0.1174,4,7842.24,1960.56,1.0,1651.77,3.0,7430.25,1022,77.0,1651.77,-0.0241,0.0,1
0d0e2d20-27bb-4c93-9f8f-b7710b37194a,2025-09-24,45,0.3024,10,44889.15,4488.915,0.0,0.0,3.0,8059.28,992,30.5556,5835.22,-1.0,-1.0,0
0d5cae3a-3f1a-4ef0-b794-ba9364aaff19,2025-09-24,124,0.081,2,4392.51,2196.255,0.0,0.0,0.0,0.0,741,53.0,2415.13,0.0,0.0,0
0e76c917-2eca-40e2-9cbd-346ac241a7fa,2025-09-24,28,0.133,4,7311.34,1827.835,1.0,2881.75,3.0,6246.99,902,33.6667,2881.75,0.0,0.0,0
0e79db9e-6873-435b-b29c-9f8be3977517,2025-09-24,31,0.1147,4,13203.99,3300.9975,0.0,0.0,1.0,5262.39,1046,67.3333,5262.39,-1.0,-1.0,1
0e83066e-d18a-4165-9e12-fbcb5945fbb6,2025-09-24,32,0.1119,3,6591.39,2197.13,0.0,0.0,2.0,2565.14,804,85.5,1041.26,-1.0,-1.0,0
108df563-ddcd-4802-83f7-6f5da40664d0,2025-09-24,0,0.2035,5,4414.04,882.808,3.0,3004.09,4.0,3274.07,737,45.25,714.21,0.0,0.0,0
10cb2e84-0bd1-4b29-8db3-06ae3488789d,2025-09-24,16,0.4218,8,26675.75,3334.46875,1.0,3071.57,3.0,7394.05,569,51.1429,3071.57,1.914894,0.0,0
113fc32a-23b9-4b41-82f4-df6c2b1ae4ae,2025-09-24,33,0.2156,8,14046.32,1755.79,0.0,0.0,3.0,10641.62,1113,33.5714,3954.76,-1.0,-1.0,0
118ee786-a564-468b-9121-6d099423827f,2025-09-24,199,0.0328,1,1139.97,1139.97,0.0,0.0,0.0,0.0,914,0.0,1139.97,0.0,0.0,0
119de36d-41b2-4136-a3a2-0b81cfcdf6f9,2025-09-24,44,0.2594,6,18596.78,3099.463333,0.0,0.0,2.0,5343.78,694,49.4,191.74,-1.0,-1.0,0
121edff8-dfb7-4758-a559-7855430672f3,2025-09-24,44,0.5315,9,33307.39,3700.821111,0.0,0.0,1.0,324.95,508,28.125,324.95,-1.0,-1.0,1
12be2694-e03e-4703-878e-8ce9ad582cf1,2025-09-24,0,0.1125,4,12105.02,3026.255,1.0,1150.8,1.0,1150.8,1067,113.6667,1150.8,0.0,0.0,0
12e7bad8-8e3d-4196-ba8d-b9d49a184b70,2025-09-24,36,0.0393,1,1030.41,1030.41,0.0,0.0,1.0,1030.41,764,0.0,1030.41,-1.0,-1.0,0
13995ae9-c50f-4813-b0ba-6e044fe0b9ef,2025-09-24,4,0.3952,11,34291.17,3117.379091,1.0,4487.28,6.0,19614.34,835,32.0,4487.28,0.369969,-0.5,0
13b4e054-f5c9-4aaa-adb2-89ae2ad3a8bb,2025-09-24,90,0.131,4,9794.76,2448.69,0.0,0.0,0.0,0.0,916,57.6667,3538.52,0.0,0.0,0
13d8502b-672a-495d-a3f4-30157008db99,2025-09-24,12,0.0974,2,2755.36,1377.68,1.0,2133.6,1.0,2133.6,616,199.0,2133.6,0.0,0.0,0
1445cd5d-91a8-417f-b07d-805a30ad7fb7,2025-09-24,98,0.1777,5,8354.96,1670.992,0.0,0.0,0.0,0.0,844,38.0,1303.19,0.0,0.0,0
1686f723-a337-4bf4-aedd-21d353bffde6,2025-09-24,51,0.1661,3,4642.16,1547.386667,0.0,0.0,2.0,546.74,542,80.5,250.99,-1.0,-1.0,1
1762b46f-b7ef-481c-9e0b-7e6d2033bcf4,2025-09-24,1,1.4535,25,76419.3,3056.772,4.0,11592.51,12.0,33842.44,516,16.2083,1977.38,0.194496,0.3333,0
1790c003-10df-448c-b85d-1632f261eb08,2025-09-24,208,0.1042,2,1612.25,806.125,0.0,0.0,0.0,0.0,576,55.0,230.16,0.0,0.0,0
1838dbf6-d8cf-43f5-bebd-974415618eb5,2025-09-24,19,0.0341,1,3532.45,3532.45,1.0,3532.45,1.0,3532.45,881,0.0,3532.45,0.0,0.0,1
18f1b310-96f4-4c2e-b99b-5b091b3e0999,2025-09-24,0,0.2332,6,20997.16,3499.526667,4.0,10383.44,5.0,16615.19,772,21.4,548.18,0.666216,3.0,0
1948ea27-1b6a-4dd3-8c99-b399dcf88ed3,2025-09-24,29,0.5108,11,24478.69,2225.335455,1.0,98.58,4.0,2759.98,646,15.6,98.58,-0.866508,0.0,0
1a467aee-8d4c-4127-8afb-fde18c339771,2025-09-24,2,0.4029,11,22841.22,2076.474545,3.0,3405.64,6.0,10796.85,819,27.9,1689.7,3.113241,2.0,0
1a980af4-4a6b-40eb-a9a0-f4ffc25c68aa,2025-09-24,60,0.229,5,10594.44,2118.888,0.0,0.0,3.0,3352.69,655,57.25,390.54,0.0,0.0,0
1b167ea1-66cf-416e-82fc-b6448dbddf75,2025-09-24,12,0.2305,6,16774.71,2795.785,1.0,1048.85,3.0,4225.06,781,33.8,1048.85,-0.151395,0.0,0
1b1ed7c2-6b3b-4ab2-9092-bb1c6ed900ba,2025-09-24,30,0.1939,4,6348.66,1587.165,0.0,0.0,3.0,3864.76,619,59.0,1139.97,-1.0,-1.0,1
1c22a6c4-3de0-4f96-b62a-3a6edbbaf732,2025-09-24,1,0.7186,24,44289.46,1845.394167,6.0,8335.52,11.0,13234.44,1002,14.8261,1952.69,13.474404,2.0,0
1fff1144-0a72-44bd-ae41-900fd84b9dec,2025-09-24,0,0.4082,14,40690.3,2906.45,2.0,3665.82,3.0,4518.4,1029,26.7692,432.08,0.0,0.0,0
20538050-69a2-4a47-9dd1-b9142fb76c57,2025-09-24,133,0.0696,2,4283.35,2141.675,0.0,0.0,0.0,0.0,862,57.0,3504.91,0.0,0.0,0
2068266d-f715-474b-b293-1caa9d9e7b74,2025-09-24,75,0.0779,2,630.36,315.18,0.0,0.0,1.0,138.37,770,21.0,138.37,0.0,0.0,0
20791844-68d1-4c47-8940-96e45daf918f,2025-09-24,0,0.6286,22,57574.44,2617.02,7.0,17123.33,9.0,21030.69,1050,17.9048,2461.19,9.883911,6.0,0
20862386-94e2-45f7-815a-43c7bc2f2b60,2025-09-24,9,0.1459,5,15911.64,3182.328,1.0,1962.3,3.0,6356.27,1028,29.25,1962.3,-0.178218,0.0,0
21a51334-c936-4d66-b3de-22e7b162ade5,2025-09-24,14,0.1751,6,15241.01,2540.168333,2.0,6191.87,4.0,8457.75,1028,59.8,3804.11,0.0,0.0,0
21b8e2ff-2ce2-406c-82b9-dd2073e3fc63,2025-09-24,28,0.0605,2,9355.49,4677.745,1.0,4905.76,2.0,9355.49,991,27.0,4905.76,0.102485,0.0,0
2259bbe9-5f76-414c-ac70-cb078652ec8b,2025-09-24,236,0.0406,1,2461.58,2461.58,0.0,0.0,0.0,0.0,739,0.0,2461.58,0.0,0.0,1
2277c61c-6a77-4651-9d4b-9cccf937b007,2025-09-24,86,0.0629,2,3120.23,1560.115,0.0,0.0,1.0,1177.44,954,267.0,1177.44,0.0,0.0,0
229edd85-4113-4b2a-be5b-1cc986fd5173,2025-09-24,6,0.5634,12,27257.23,2271.435833,2.0,4220.0,6.0,12420.89,639,22.7273,3924.61,-0.476485,-0.3333,0
22c9e11f-8a46-446c-a948-06b756976159,2025-09-24,19,0.2638,7,17164.27,2452.038571,1.0,1726.29,5.0,6736.47,796,52.3333,1726.29,-0.453835,-0.6667,0
2576b737-f022-4e9c-8640-a88226cea0ff,2025-09-24,10,0.6798,15,32516.24,2167.749333,2.0,4283.92,4.0,8986.08,662,20.9286,271.7,-0.088946,0.0,0
267963b4-ed35-41d7-b2ce-cc6088afbd06,2025-09-24,3,0.1546,4,6804.05,1701.0125,1.0,795.95,3.0,4434.12,776,35.3333,795.95,0.0,0.0,0
27121f78-6ac9-48b9-bd1d-14e1b17b0217,2025-09-24,0,0.2545,7,9561.47,1365.924286,2.0,2118.66,4.0,6112.18,825,44.3333,1952.69,0.0,0.0,0
272c06ef-927d-483b-b924-350e81ee8dfe,2025-09-24,148,0.0581,2,6913.98,3456.99,0.0,0.0,0.0,0.0,1032,66.0,2774.14,0.0,0.0,0
27415395-c694-42d4-a2b5-04dfddb578f5,2025-09-24,12,0.1331,5,6294.22,1258.844,2.0,1350.25,3.0,3834.15,1127,83.0,925.52,0.0,0.0,0
274dc0d8-8ff4-4a0e-a6cd-722b3eed949b,2025-09-24,95,0.0507,1,403.44,403.44,0.0,0.0,0.0,0.0,592,0.0,403.44,0.0,0.0,1
28db185a-0491-429f-bcbf-840c74d94b1e,2025-09-24,6,0.0897,2,1190.78,595.39,1.0,69.99,1.0,69.99,669,198.0,69.99,0.0,0.0,1
28e3eb2f-4e60-491c-8ecf-9260a4a4ced4,2025-09-24,3,0.6334,22,69459.0,3157.227273,4.0,12200.13,12.0,35793.14,1042,14.4762,2100.11,1.214413,1.0,0
28fe8878-f7c1-4a80-9dc8-ab4bf2bbd40a,2025-09-24,88,0.1364,3,4457.78,1485.926667,0.0,0.0,1.0,1323.49,660,62.5,1323.49,0.0,0.0,0
29da7f9b-7059-4c90-999f-3737f7557ee5,2025-09-24,33,0.1206,3,5895.96,1965.32,0.0,0.0,1.0,3702.09,746,82.5,3702.09,-1.0,-1.0,0
2b7d87b4-19c8-4ef8-88c3-9bc34019b9ea,2025-09-24,16,0.0626,2,5087.88,2543.94,1.0,4449.73,1.0,4449.73,959,150.0,4449.73,0.0,0.0,0
2c1bec68-3786-4dae-bb18-e5be2c55ad92,2025-09-24,240,0.0303,1,1324.34,1324.34,0.0,0.0,0.0,0.0,990,0.0,1324.34,0.0,0.0,0
2c3ca1b8-7c76-4a4c-80bf-5314fb7f22ae,2025-09-24,16,0.3445,13,36251.77,2788.597692,1.0,1136.77,3.0,5937.72,1132,28.3333,1136.77,-0.76322,-0.5,0
2c513a38-ffd7-477a-8bc7-7f96f8b9ca38,2025-09-24,187,0.0601,1,2387.76,2387.76,0.0,0.0,0.0,0.0,499,0.0,2387.76,0.0,0.0,0
2d2d74d8-47ee-4fdd-a00f-61966c2b1b25,2025-09-24,257,0.0418,1,2202.35,2202.35,0.0,0.0,0.0,0.0,717,0.0,2202.35,0.0,0.0,1
2e532847-959f-4087-bd6e-85a52170ee01,2025-09-24,55,0.1913,5,9026.83,1805.366,0.0,0.0,1.0,2586.99,784,27.0,2586.99,-1.0,-1.0,0
2fcab125-0690-4478-91f9-6c3b3e5eada3,2025-09-24,10,0.093,3,2646.82,882.273333,1.0,533.4,1.0,533.4,968,94.5,533.4,0.0,0.0,1
2fd49fb9-c8b2-4ec3-b38c-a061a73e1168,2025-09-24,67,0.3709,9,23354.01,2594.89,0.0,0.0,1.0,1175.83,728,27.125,1175.83,0.0,0.0,0
2fdb2470-7bb8-4ff4-90ef-b13139714701,2025-09-24,15,0.3426,7,12149.87,1735.695714,2.0,3680.4,3.0,4760.3,613,50.6667,883.11,0.0,0.0,0
30234645-3e34-4245-a4e4-e0e65a95e222,2025-09-24,9,0.4196,8,13275.35,1659.41875,1.0,690.48,4.0,2363.24,572,27.7143,690.48,-0.478012,-0.5,0
3137607b-7cb7-42f6-bf45-44b8618d38d2,2025-09-24,47,0.6346,11,26499.63,2409.057273,0.0,0.0,6.0,9744.85,520,27.3,820.4,-1.0,-1.0,0
31e4bcb5-1a69-45eb-a2c7-5bfa73cdfca1,2025-09-24,3,0.5709,20,44385.5,2219.275,6.0,12844.22,11.0,25958.65,1051,13.3158,476.3,1.307476,2.0,0
32ab5f7d-2c86-49a3-b8c6-009538e6624d,2025-09-24,23,0.2913,7,15202.19,2171.741429,1.0,1591.91,2.0,2404.3,721,54.8333,1591.91,0.959539,0.0,0
334ea671-bdee-4328-983b-35a799b372d6,2025-09-24,78,0.2404,9,20397.15,2266.35,0.0,0.0,1.0,2161.31,1123,28.625,2161.31,0.0,0.0,0
3378475b-b350-4593-9546-01468d85dcd8,2025-09-24,25,0.397,7,8783.86,1254.837143,1.0,1382.09,2.0,2003.85,529,33.0,1382.09,1.222867,0.0,0
33879d3b-ca28-410e-9d37-7a429d1c33aa,2025-09-24,14,0.1754,5,9800.34,1960.068,1.0,649.91,3.0,6221.39,855,93.25,649.91,-0.183479,0.0,0
33ee3ff1-854d-447c-b205-31e8f43b9b20,2025-09-24,236,0.1208,3,4633.83,1544.61,0.0,0.0,0.0,0.0,745,25.0,1978.87,0.0,0.0,0
342211c4-67cb-41aa-92dd-fdfb475efd26,2025-09-24,114,0.0468,1,2336.61,2336.61,0.0,0.0,0.0,0.0,641,0.0,2336.61,0.0,0.0,0
34a16a66-821a-489f-8fc2-67d38c8256d4,2025-09-24,8,0.2108,6,21869.99,3644.998333,2.0,5415.59,2.0,5415.59,854,57.2,4703.33,0.0,0.0,0
34a5889e-5833-48a0-a0ba-44d9c14b5e71,2025-09-24,67,0.102,2,2292.27,1146.135,0.0,0.0,1.0,1428.12,588,90.0,1428.12,0.0,0.0,1
34f539cb-584e-4259-ac9f-44e6d5484ebf,2025-09-24,1,0.9494,20,59927.71,2996.3855,4.0,9281.57,10.0,25375.67,632,17.8421,1780.64,-0.12941,0.3333,0
34fc1ab3-f5c6-4545-9ba9-158e780f74bd,2025-09-24,69,0.1942,6,12033.85,2005.641667,0.0,0.0,1.0,4487.28,927,43.2,4487.28,0.0,0.0,0
36526e5e-f875-4c3e-a8d6-c50ede833ade,2025-09-24,35,0.3987,8,24421.28,3052.66,0.0,0.0,2.0,2488.7,602,37.8571,2165.56,-1.0,-1.0,0
376ee9f0-6491-4a85-888a-05e690a5e05f,2025-09-24,272,0.0412,1,4726.52,4726.52,0.0,0.0,0.0,0.0,728,0.0,4726.52,0.0,0.0,1
3773055e-a1f8-4fba-8846-a4b4eca5c2b7,2025-09-24,148,0.1917,4,6926.4,1731.6,0.0,0.0,0.0,0.0,626,30.6667,3161.25,0.0,0.0,0
37d5df97-0c87-4376-9107-d798341f0602,2025-09-24,2,0.083,3,9609.56,3203.186667,1.0,3527.5,3.0,9609.56,1084,36.0,3527.5,0.0,0.0,0
3907704e-d22a-40f9-9591-9c06dfc1b6d2,2025-09-24,9,0.4875,15,31848.98,2123.265333,2.0,3783.57,7.0,9051.31,923,24.2143,3281.59,6.835912,0.0,0
399ee9ba-2674-41aa-a50a-7b370668b523,2025-09-24,29,0.1873,5,14431.35,2886.27,1.0,952.6,2.0,1238.28,801,48.5,952.6,0.0,0.0,0
3a2f88d5-e75e-4285-9b59-ed2b46276d42,2025-09-24,117,0.0557,2,1253.39,626.695,0.0,0.0,0.0,0.0,1077,48.0,441.0,0.0,0.0,0
3a4a12e8-a3c4-4fe3-a0bc-ed28dee70ff0,2025-09-24,68,0.1734,5,10215.65,2043.13,0.0,0.0,2.0,5635.06,865,44.75,3419.92,0.0,0.0,0
3a8f7a32-89b6-42d8-b99a-bc1041025065,2025-09-24,344,0.0294,1,1076.88,1076.88,0.0,0.0,0.0,0.0,1021,0.0,1076.88,0.0,0.0,0
3b80de3a-118c-4393-9d4e-1994031e22b9,2025-09-24,27,0.2918,5,7842.16,1568.432,1.0,1523.88,2.0,1973.51,514,38.25,1523.88,0.0,0.0,0
3bd0dd5d-7d24-48da-856a-69e393e5e5b9,2025-09-24,50,0.2395,7,16289.62,2327.088571,0.0,0.0,4.0,6413.39,877,37.0,2483.9,-1.0,-1.0,0
3cc7350b-72e0-4990-a2f4-79f0e19bfe72,2025-09-24,2,0.5391,20,41447.45,2072.3725,6.0,6208.86,11.0,15714.18,1113,18.3684,714.21,0.0,0.0,0
3ce5849f-19ca-4eca-8a46-e4a3b8828dc2,2025-09-24,37,0.0701,2,3253.59,1626.795,0.0,0.0,1.0,411.99,856,253.0,411.99,-1.0,-1.0,0
3d036612-3ff3-451e-a921-d163e55b4c30,2025-09-24,25,0.2556,8,17955.96,2244.495,1.0,2797.29,6.0,15375.2,939,29.0,2797.29,-0.741562,-0.75,0
3da770f9-a532-48df-a2e4-cf550c263161,2025-09-24,34,0.3671,7,16407.48,2343.925714,0.0,0.0,2.0,4619.32,572,33.1667,4085.92,-1.0,-1.0,0
3de6f533-5503-4109-875b-33f40109353f,2025-09-24,24,0.26,8,23335.81,2916.97625,1.0,4000.61,2.0,4148.3,923,44.1429,4000.61,26.087887,0.0,0
3e80243e-ed4d-46b5-a4ec-9aa1107c32da,2025-09-24,57,0.5727,13,42241.13,3249.317692,0.0,0.0,3.0,6980.98,681,21.75,2667.0,-1.0,-1.0,0
3e8f3d31-4fdc-4858-8d58-87b8c70d1e61,2025-09-24,11,0.1902,4,11705.14,2926.285,1.0,2334.09,2.0,3031.11,631,99.0,2334.09,2.34867,0.0,0
403ba4f6-3b05-4fb0-9c95-6068878e01b1,2025-09-24,15,0.4472,13,51715.07,3978.082308,1.0,3248.34,5.0,12838.64,872,28.5,3248.34,-0.564658,-0.6667,0
40abd3f4-34c6-407b-8dfe-8ff445cce235,2025-09-24,0,0.254,9,15655.21,1739.467778,3.0,11439.14,3.0,11439.14,1063,46.875,2073.14,0.0,0.0,0
414fbbd6-b12f-45a2-85f2-fd8a574567fa,2025-09-24,100,0.0585,2,1024.42,512.21,0.0,0.0,0.0,0.0,1026,137.0,705.35,0.0,0.0,1
41906a86-bd78-43ee-a9ab-5f93230c56a1,2025-09-24,9,0.499,17,32966.88,1939.228235,3.0,3373.99,8.0,12108.22,1022,23.375,2006.11,-0.409916,0.0,1
41cc51fc-74f3-43aa-b9e8-c4269becb375,2025-09-24,5,0.2897,9,25216.48,2801.831111,1.0,1978.87,4.0,8118.39,932,34.5,1978.87,0.659652,-0.5,0
420464c7-e05c-4002-9ab4-902acb471c60,2025-09-24,1,0.4122,9,17861.72,1984.635556,2.0,2195.86,3.0,3005.79,655,43.625,1263.43,0.0,0.0,0
42b4250f-96b0-4ca7-b063-8722469fafa6,2025-09-24,80,0.0968,2,6136.05,3068.025,0.0,0.0,1.0,497.92,620,11.0,497.92,0.0,0.0,0
43b1d0a0-404f-48c8-96ee-46291e3ceaa3,2025-09-24,43,0.2742,7,13771.21,1967.315714,0.0,0.0,1.0,1101.18,766,47.6667,1101.18,-1.0,-1.0,0
44e18ff7-c6c4-4f05-810a-10acda026843,2025-09-24,25,0.4555,15,46189.48,3079.298667,1.0,4076.94,5.0,12048.24,988,19.0714,4076.94,-0.124455,0.0,0
44e3f736-1e1f-478d-876f-f18c9b474ec7,2025-09-24,6,0.1324,5,22316.03,4463.206,1.0,701.63,2.0,1177.93,1133,83.25,701.63,0.473084,0.0,0
44f08084-85aa-46b5-8832-5d1d2b8db2cc,2025-09-24,231,0.0323,1,159.54,159.54,0.0,0.0,0.0,0.0,930,0.0,159.54,0.0,0.0,1
454e54ed-b5e4-4096-9693-090f3ddaa42e,2025-09-24,3,0.3791,7,21935.12,3133.588571,4.0,1849.25,5.0,2885.77,554,51.0,553.48,0.784095,3.0,0
456196a3-f5fd-4769-85c9-fe12f73de5b9,2025-09-24,22,0.6354,14,31965.54,2283.252857,2.0,924.07,5.0,3881.63,661,21.6923,817.12,0.0,0.0,0
45b35575-e766-4b46-861c-910c86237813,2025-09-24,8,0.7621,22,49652.51,2256.932273,2.0,6638.94,12.0,27204.03,866,14.3333,5289.06,-0.169007,-0.6,0
45b88888-2215-4e91-9647-006d4a1e9e88,2025-09-24,100,0.1971,5,17126.53,3425.306,0.0,0.0,0.0,0.0,761,17.25,4142.51,0.0,0.0,0
46131e6b-4c77-4840-8255-973dc2b72450,2025-09-24,44,0.1479,5,8767.38,1753.476,0.0,0.0,2.0,3252.87,1014,52.0,476.3,-1.0,-1.0,0
4625383b-ddb9-4a4e-8e05-f4c0efbb0b38,2025-09-24,125,0.036,1,7151.97,7151.97,0.0,0.0,0.0,0.0,834,0.0,7151.97,0.0,0.0,0
46b19404-7f1c-4813-a3e9-8ad7066efbfb,2025-09-24,12,0.1705,3,12362.76,4120.92,1.0,1003.05,2.0,2943.29,528,50.0,1003.05,-0.483028,0.0,1
46ced229-ee4c-418c-badd-2f91fc1ab760,2025-09-24,70,0.219,5,10114.58,2022.916,0.0,0.0,2.0,4302.46,685,41.75,2202.35,0.0,0.0,0
46df1799-2ada-4ee5-af3b-e819f704a921,2025-09-24,115,0.0265,1,2128.71,2128.71,0.0,0.0,0.0,0.0,1133,0.0,2128.71,0.0,0.0,0
48689e01-09c4-46f3-9d8e-5d6c440e56cb,2025-09-24,37,0.1356,5,12708.21,2541.642,0.0,0.0,4.0,11575.01,1106,54.25,284.19,-1.0,-1.0,0
48871682-8627-402c-b359-46e536c8c5f8,2025-09-24,58,0.2586,6,8596.27,1432.711667,0.0,0.0,2.0,2355.76,696,50.0,255.65,-1.0,-1.0,0
4985763f-1aec-4bc7-8147-1beeb7a2d9c0,2025-09-24,28,0.1065,4,4275.39,1068.8475,1.0,1716.12,1.0,1716.12,1127,66.3333,1716.12,0.0,0.0,0
49d4f65c-a7f6-423f-97b2-75571396471e,2025-09-24,97,0.1515,3,12699.97,4233.323333,0.0,0.0,0.0,0.0,594,114.0,801.57,0.0,0.0,0
4db8450b-3473-4e34-abb8-61b270b04333,2025-09-24,6,0.1889,5,5894.78,1178.956,1.0,2752.94,3.0,4286.5,794,76.5,2752.94,1.603204,0.0,0
4ed5562c-399a-4f63-8123-7496d2617ad8,2025-09-24,6,0.2384,6,18963.23,3160.538333,1.0,3290.95,3.0,8318.11,755,30.8,3290.95,0.561542,0.0,0
4ee7f9a8-1985-4e04-82b5-332cbc70c187,2025-09-24,14,0.3689,9,14711.0,1634.555556,1.0,1235.97,5.0,3546.25,732,35.75,1235.97,-0.465013,-0.75,0
4f4f2ef2-6350-45b8-af19-6bd90adfc454,2025-09-24,3,0.5466,17,41619.15,2448.185294,3.0,5613.18,6.0,8939.24,933,13.6875,3597.77,0.0,0.0,0
505deb96-02b0-4484-ae43-533961fa661d,2025-09-24,37,0.4114,12,21188.89,1765.740833,0.0,0.0,5.0,9533.29,875,21.3636,1428.12,-1.0,-1.0,0
5097dfe0-2eb9-4792-a52b-170cf10ad290,2025-09-24,231,0.0491,1,390.54,390.54,0.0,0.0,0.0,0.0,611,0.0,390.54,0.0,0.0,1
5173c47a-a140-490b-afc1-af84817a605e,2025-09-24,15,0.1697,6,18683.87,3113.978333,1.0,2266.74,3.0,11216.92,1061,56.6,2266.74,-0.393506,0.0,0
51833259-a233-414c-85fb-6ed59e50dfed,2025-09-24,13,0.7792,16,47547.81,2971.738125,1.0,2538.84,4.0,11780.45,616,24.2667,2538.84,0.0,0.0,0
528aa423-6b23-4a2a-8e8b-d2c5976a5484,2025-09-24,9,0.1277,3,14094.56,4698.186667,1.0,553.48,1.0,553.48,705,52.5,553.48,0.0,0.0,0
529b58fc-1d6b-4a46-bcf3-bd50c058a284,2025-09-24,45,0.2486,6,16318.83,2719.805,0.0,0.0,2.0,5903.7,724,41.0,2622.11,-1.0,-1.0,0
532c0027-0a87-4b04-8cd6-433b7eda14e0,2025-09-24,141,0.0748,2,10579.5,5289.75,0.0,0.0,0.0,0.0,802,108.0,5317.11,0.0,0.0,0
5379215b-cc4c-4e00-a6c5-27be458826a0,2025-09-24,274,0.029,1,3053.65,3053.65,0.0,0.0,0.0,0.0,1036,0.0,3053.65,0.0,0.0,1
53cf422c-89ff-449d-9e2b-509585fbfa93,2025-09-24,169,0.0897,2,5308.94,2654.47,0.0,0.0,0.0,0.0,669,122.0,1041.26,0.0,0.0,0
54739a70-fe3b-45f0-b6da-5eb96fddebc6,2025-09-24,10,0.8395,19,48902.1,2573.794737,2.0,6381.63,5.0,13023.89,679,17.1667,149.88,-0.039238,-0.3333,0
549276f5-7982-4ddd-9090-30fd37f31bf6,2025-09-24,14,0.3417,10,27390.68,2739.068,2.0,3792.9,4.0,7581.38,878,24.2222,1634.24,0.185103,1.0,0
556c3740-52fd-4022-8755-b92b9fa5342d,2025-09-24,53,0.217,8,23438.12,2929.765,0.0,0.0,4.0,7973.07,1106,45.5714,349.97,-1.0,-1.0,0
5705b303-d99b-47e5-9620-2ac37d16bf70,2025-09-24,91,0.1163,2,2828.2,1414.1,0.0,0.0,0.0,0.0,516,96.0,2497.11,0.0,0.0,0
575ab059-021e-48cf-a1f6-39e5a9719349,2025-09-24,27,0.2403,7,21128.63,3018.375714,1.0,1523.88,3.0,6126.01,874,40.8333,1523.88,-0.668875,-0.5,0
5768b4fe-4e94-4a79-bf94-aec56843c229,2025-09-24,26,0.1062,2,3453.6,1726.8,1.0,1041.26,1.0,1041.26,565,103.0,1041.26,0.0,0.0,0
5772f550-5886-44ab-b618-cc525d22c053,2025-09-24,13,1.5121,25,63025.23,2521.0092,2.0,2507.04,10.0,26220.82,496,14.4167,849.45,-0.543301,0.0,0
5828d313-995e-4774-b19c-e8ac7bc3daea,2025-09-24,79,0.0542,2,662.0,331.0,0.0,0.0,1.0,478.61,1106,196.0,478.61,0.0,0.0,0
585a8991-c44f-4e18-b8e0-6283bf6f9aff,2025-09-24,71,0.1865,7,22340.91,3191.558571,0.0,0.0,1.0,2853.08,1126,47.3333,2853.08,0.0,0.0,0
58894319-515e-4488-9e5c-39efd9a4d7ad,2025-09-24,0,0.1095,2,7474.72,3737.36,2.0,7474.72,2.0,7474.72,548,13.0,2060.81,0.0,0.0,0
59749859-a81e-48e6-bc39-a362a3eada9b,2025-09-24,36,0.434,8,30218.67,3777.33375,0.0,0.0,5.0,13361.87,553,16.7143,1562.15,-1.0,-1.0,0
5a2542d2-8392-4c53-bbf2-259d1b7de2ba,2025-09-24,3,0.5576,10,29848.75,2984.875,3.0,6164.26,5.0,11360.93,538,23.7778,2853.08,0.0,0.0,0
5a60bb30-d49d-430c-b819-619528fa0373,2025-09-24,72,0.2451,5,7990.59,1598.118,0.0,0.0,1.0,2279.95,612,62.0,2279.95,0.0,0.0,0
5b8f23c7-fa9a-4a08-9a59-251fb715af18,2025-09-24,72,0.0561,2,9172.38,4586.19,0.0,0.0,1.0,2752.94,1069,241.0,2752.94,0.0,0.0,0
5be61d8d-e5a3-403f-b61d-c9096e40b7fb,2025-09-24,46,0.1023,3,6978.78,2326.26,0.0,0.0,2.0,5333.3,880,66.0,2451.55,-1.0,-1.0,0
5c9d29aa-2355-42b6-b1a3-3b942397745f,2025-09-24,22,0.0945,2,2039.49,1019.745,2.0,2039.49,2.0,2039.49,635,5.0,989.44,0.0,0.0,1
5cda614e-b389-4e48-8b36-5612a91c11ba,2025-09-24,48,0.0418,1,1904.15,1904.15,0.0,0.0,1.0,1904.15,718,0.0,1904.15,-1.0,-1.0,0
5d5fa6d8-0ad7-4ade-be35-1c481b16b275,2025-09-24,10,0.5761,14,36641.23,2617.230714,3.0,6333.11,4.0,14198.93,729,23.9231,524.42,0.0,0.0,0
600950e2-e195-4863-b978-6b55ea2f8a24,2025-09-24,46,0.2769,6,6488.77,1081.461667,0.0,0.0,2.0,5177.48,650,38.6,2797.29,-1.0,-1.0,0
60ce8a0f-d7a4-4ed2-ac8e-6e0a87d50d90,2025-09-24,20,0.1935,7,12609.41,1801.344286,2.0,6650.74,4.0,10049.67,1085,29.6667,5262.39,3.44931,1.0,0
60fc3a69-d7a0-4445-b08b-d165e0bc4928,2025-09-24,0,0.1141,4,8665.93,2166.4825,1.0,1195.82,2.0,5847.66,1052,82.0,1195.82,-0.742936,0.0,0
614d73fd-8846-4895-a773-7898e1678216,2025-09-24,14,0.3778,10,29195.92,2919.592,2.0,5432.01,2.0,5432.01,794,34.1111,5152.04,0.0,0.0,0
6160ef49-2fc6-47b6-b9f2-400cbd267250,2025-09-24,28,0.0589,1,390.54,390.54,1.0,390.54,1.0,390.54,509,0.0,390.54,0.0,0.0,0
61ca8ccc-59b9-4f6f-84a3-e49d67fbff34,2025-09-24,36,0.116,3,8904.05,2968.016667,0.0,0.0,1.0,1057.81,776,81.0,1057.81,-1.0,-1.0,0
6272b3b9-197b-4be0-bf82-5b6e74a51d18,2025-09-24,38,0.2077,7,24834.27,3547.752857,0.0,0.0,4.0,11484.92,1011,38.5,1775.24,-1.0,-1.0,0
62795829-338f-4ef4-a58a-8b4df43e37ed,2025-09-24,38,0.0826,2,1213.33,606.665,0.0,0.0,1.0,864.15,726,328.0,864.15,-1.0,-1.0,0
64e3a695-4ab9-479c-87df-f1660c87338c,2025-09-24,28,0.0382,1,1573.27,1573.27,1.0,1573.27,1.0,1573.27,785,0.0,1573.27,0.0,0.0,0
655a8a99-8ea7-4fab-8686-b6e0a9369c3b,2025-09-24,14,0.1521,4,6953.72,1738.43,1.0,1700.06,2.0,3351.83,789,36.3333,1700.06,0.0,0.0,0
66581e52-4a91-4e5a-9db9-6ea7faad6977,2025-09-24,190,0.1376,3,4838.36,1612.786667,0.0,0.0,0.0,0.0,654,75.0,868.56,0.0,0.0,0
66aa9f2d-de6b-4def-8269-b6d0177dbf9a,2025-09-24,11,0.6563,24,70893.89,2953.912083,1.0,988.69,7.0,12617.82,1097,14.8696,988.69,-0.912929,-0.8,0
66c93c21-5319-42bd-aee5-a4af817f02a3,2025-09-24,126,0.0479,1,3478.21,3478.21,0.0,0.0,0.0,0.0,626,0.0,3478.21,0.0,0.0,0
6774c3a7-d951-43fa-9c75-eaca2ced5391,2025-09-24,14,0.4902,15,32832.68,2188.845333,2.0,2560.83,7.0,14622.27,918,24.9286,1978.87,-0.076892,1.0,0
679c79cb-5d90-434a-a13e-d63368ba0b98,2025-09-24,138,0.0552,2,2052.38,1026.19,0.0,0.0,0.0,0.0,1086,137.0,1216.14,0.0,0.0,0
67fc2766-666c-4de5-9a16-9a35603b9a46,2025-09-24,102,0.1782,3,21364.3,7121.433333,0.0,0.0,0.0,0.0,505,102.5,5579.5,0.0,0.0,0
6853ff18-9673-4369-b96a-eb7e1eb71169,2025-09-24,2,0.2051,7,26253.03,3750.432857,1.0,2966.07,2.0,6199.81,1024,38.8333,2966.07,-0.082774,0.0,0
6892976f-0a64-4372-bcd7-14d6113ea6e2,2025-09-24,18,0.1981,7,12332.07,1761.724286,1.0,760.46,2.0,1801.72,1060,42.0,760.46,-0.269673,0.0,0
69008e38-87df-4edc-8e0c-02e44a0802a3,2025-09-24,1,0.1382,3,3972.59,1324.196667,2.0,3507.02,2.0,3507.02,651,105.0,1657.59,0.0,0.0,0
69223a3a-0e99-457c-b139-53a914126da0,2025-09-24,324,0.0282,1,7771.19,7771.19,0.0,0.0,0.0,0.0,1065,0.0,7771.19,0.0,0.0,1
69b42ebe-0ce1-4f78-b8cd-1bb12a098250,2025-09-24,100,0.0265,1,4337.82,4337.82,0.0,0.0,0.0,0.0,1132,0.0,4337.82,0.0,0.0,0
6a03d7f7-9095-4c61-b549-95cd16aba353,2025-09-24,55,0.0575,2,3383.83,1691.915,0.0,0.0,1.0,2833.43,1043,63.0,2833.43,-1.0,-1.0,1
6a7efc18-882b-4c4c-a75d-1b8aecdbf4a6,2025-09-24,92,0.186,7,6142.94,877.562857,0.0,0.0,0.0,0.0,1129,20.3333,794.7,0.0,0.0,0
6b35501e-08f6-41b4-8699-30281befd8ec,2025-09-24,104,0.3093,6,23933.79,3988.965,0.0,0.0,0.0,0.0,582,54.2,535.41,0.0,0.0,0
6bb31b8a-5c85-4549-9106-7183256248ff,2025-09-24,0,0.4099,11,26276.39,2388.762727,3.0,11759.17,7.0,18041.11,805,30.4,3527.5,9.710212,0.5,0
6cad4c9f-a37c-452d-9e24-b927cd585be0,2025-09-24,80,0.0739,2,4365.42,2182.71,0.0,0.0,1.0,3954.76,812,210.0,3954.76,0.0,0.0,0
6ccef97b-c165-4c24-aa1d-00119b8315f2,2025-09-24,24,0.1901,5,20498.47,4099.694,1.0,4851.74,3.0,9241.34,789,37.0,4851.74,8.754006,0.0,0
6d07afb5-e45f-49c8-8fe6-ab313f89ab9c,2025-09-24,2,0.5234,16,51150.89,3196.930625,2.0,4750.27,6.0,13753.2,917,15.0,1692.56,-0.472364,-0.5,0
6dd97a45-7233-4f75-bf2b-a02f9e2403f5,2025-09-24,3,0.438,8,24947.59,3118.44875,3.0,7100.96,4.0,9767.96,548,50.0,5835.22,0.0,0.0,0
6e04016c-b9dc-4b48-ac9b-8e9eff3d52ef,2025-09-24,6,0.2264,8,17573.11,2196.63875,2.0,1260.39,4.0,3114.02,1060,14.2857,720.44,0.0,0.0,0
6f363f3d-a553-4343-928a-865ef7efa488,2025-09-24,25,0.17,4,13564.81,3391.2025,1.0,5250.26,1.0,5250.26,706,100.0,5250.26,0.0,0.0,0
6f43c820-6bb0-443a-a276-f436ff5cc816,2025-09-24,8,0.2135,4,12350.27,3087.5675,3.0,6761.49,3.0,6761.49,562,91.0,1615.69,0.0,0.0,0
6fb7d847-f44b-41dc-a325-7b26c61cbc96,2025-09-24,15,0.3625,13,26066.65,2005.126923,2.0,1260.39,2.0,1260.39,1076,25.9167,271.7,0.0,0.0,0
7010920b-f9d5-4e97-9d6a-a57cfe832fad,2025-09-24,7,0.4749,12,25042.68,2086.89,2.0,3240.49,4.0,6914.06,758,26.9091,476.3,0.0,0.0,0
70803e0f-518e-4300-9d6d-cec5780970aa,2025-09-24,62,0.0285,1,279.97,279.97,0.0,0.0,1.0,279.97,1051,0.0,279.97,0.0,0.0,0
726b4f75-d374-4f7f-bf66-eff61209fe02,2025-09-24,12,0.1262,3,2173.7,724.566667,2.0,1640.3,2.0,1640.3,713,91.5,560.4,0.0,0.0,1
72f79579-0a70-4cc7-8b0e-7b204ff9f789,2025-09-24,56,0.0493,1,2380.19,2380.19,0.0,0.0,1.0,2380.19,608,0.0,2380.19,-1.0,-1.0,0
731fe7b0-483a-4068-a5c1-e8ce074a22e2,2025-09-24,150,0.0542,1,1858.31,1858.31,0.0,0.0,0.0,0.0,554,0.0,1858.31,0.0,0.0,1
73c3d633-4b34-49ad-a380-07fa31442bd6,2025-09-24,25,0.3139,7,15195.38,2170.768571,1.0,615.39,3.0,5956.13,669,33.0,615.39,-0.880357,0.0,0
744605d3-9330-457d-9c53-8b4b59950976,2025-09-24,13,0.5882,15,32993.31,2199.554,4.0,7226.2,6.0,12462.18,765,23.0714,2160.38,10.877969,3.0,0
75e7956b-bba4-4d50-aa4d-f8061fa9b378,2025-09-24,19,0.0717,2,10404.66,5202.33,1.0,2538.84,1.0,2538.84,837,111.0,2538.84,0.0,0.0,0
7613c703-00a5-4fcd-b61f-b4f85bd36ac2,2025-09-24,31,0.2796,10,21602.29,2160.229,0.0,0.0,3.0,3914.45,1073,24.0,390.54,-1.0,-1.0,0
76c7e6e2-ab70-4430-9c0e-611b3e8e3f7d,2025-09-24,24,0.1603,6,28966.02,4827.67,1.0,2833.01,2.0,5852.69,1123,43.6,2833.01,0.0,0.0,0
76fd4673-a6d4-4503-8346-4fa08b56a6d8,2025-09-24,1,0.0379,1,823.98,823.98,1.0,823.98,1.0,823.98,791,0.0,823.98,0.0,0.0,1
78106c04-2615-4323-b215-3172fb34fc72,2025-09-24,21,0.3358,9,38939.25,4326.583333,1.0,3527.5,1.0,3527.5,804,38.25,3527.5,0.0,0.0,0
782ae5d7-a09e-4973-a2b3-29bacbb5efa9,2025-09-24,93,0.0391,1,4857.9,4857.9,0.0,0.0,0.0,0.0,768,0.0,4857.9,0.0,0.0,0
785c7075-fbd8-42f7-b26f-e1aadc18eebc,2025-09-24,78,0.0531,2,2888.99,1444.495,0.0,0.0,1.0,701.63,1131,19.0,701.63,0.0,0.0,0
79ce75bd-e156-4762-a109-91880fa27abc,2025-09-24,11,0.455,17,42415.2,2495.011765,2.0,5338.35,5.0,12061.64,1121,16.6875,2877.16,5.671937,1.0,0
7b3011de-1fd5-49d7-8cd0-565a3af5b5da,2025-09-24,15,0.6415,17,26917.18,1583.363529,2.0,7067.08,8.0,20578.26,795,16.75,2123.63,0.259163,-0.3333,0
7b5dbebc-9a0e-4613-8844-f85ea0bc161d,2025-09-24,198,0.0344,1,4200.21,4200.21,0.0,0.0,0.0,0.0,873,0.0,4200.21,0.0,0.0,0
7bb9c97f-e27e-426f-b400-1ecf5e49b6f2,2025-09-24,6,0.1333,4,11960.54,2990.135,1.0,3173.44,3.0,6172.81,900,35.3333,3173.44,2.832796,0.0,0
7be8de25-a69e-4e0f-9ac9-cd6405a73f68,2025-09-24,3,0.0979,2,7354.56,3677.28,1.0,1562.15,1.0,1562.15,613,98.0,1562.15,0.0,0.0,0
7d31f2fa-4d24-4819-aa43-8ca6f961480f,2025-09-24,344,0.0515,1,3834.51,3834.51,0.0,0.0,0.0,0.0,583,0.0,3834.51,0.0,0.0,1
7d5e174f-f3d2-488e-99b3-a0591b1a9319,2025-09-24,41,0.0679,2,4512.01,2256.005,0.0,0.0,1.0,2776.57,884,187.0,2776.57,-1.0,-1.0,0
7dc50afb-0eaa-4b38-8b2f-04eb2c57446e,2025-09-24,7,0.156,3,6087.43,2029.143333,1.0,2097.69,1.0,2097.69,577,174.5,2097.69,0.0,0.0,0
7dd67799-87bf-4c47-944e-e495c976e50e,2025-09-24,3,0.185,6,9721.76,1620.293333,2.0,887.96,4.0,5485.89,973,53.6,568.39,0.0,0.0,0
7e1ea714-6fe4-494e-9554-750dbe019c23,2025-09-24,48,0.0794,3,10935.65,3645.216667,0.0,0.0,2.0,4974.63,1134,128.0,1726.29,-1.0,-1.0,0
80425ba2-13bc-407f-9a1c-ff4f30480010,2025-09-24,7,0.3203,12,28510.44,2375.87,3.0,8142.26,5.0,10120.97,1124,24.9091,924.71,4.701384,2.0,0
8081cb55-1e73-484f-b6fe-79fe7087f185,2025-09-24,129,0.0338,1,1188.93,1188.93,0.0,0.0,0.0,0.0,887,0.0,1188.93,0.0,0.0,1
809a4c1b-22b1-4046-b62e-5ca84f41ae56,2025-09-24,52,0.1053,2,2010.48,1005.24,0.0,0.0,1.0,1655.43,570,160.0,1655.43,-1.0,-1.0,1
81038b9d-eef0-443c-9635-a2e4c4df490f,2025-09-24,209,0.1203,3,13306.46,4435.486667,0.0,0.0,0.0,0.0,748,70.5,5699.87,0.0,0.0,0
81aa5e22-d678-428b-b005-9b81178d3a85,2025-09-24,9,0.3708,10,21860.86,2186.086,2.0,7983.69,3.0,8807.67,809,32.0,4671.82,0.0,0.0,1
82241b4b-7959-4079-9369-bbfcffcbc453,2025-09-24,35,0.5036,14,38377.87,2741.276429,0.0,0.0,3.0,7041.7,834,22.0,2631.2,-1.0,-1.0,0
824fbcc7-5420-4ca2-84b0-15b0b4a2292b,2025-09-24,35,0.0961,3,7467.13,2489.043333,0.0,0.0,2.0,6546.49,937,91.5,5250.26,-1.0,-1.0,0
826855e8-3a9a-4032-ad5b-6ca64c822572,2025-09-24,4,0.1928,5,15183.46,3036.692,3.0,11400.86,4.0,14982.5,778,59.0,3268.48,0.0,0.0,0
82c5a7aa-2ec7-45dc-9d03-be3531473f2f,2025-09-24,50,0.1188,2,3841.35,1920.675,0.0,0.0,1.0,2860.2,505,197.0,2860.2,-1.0,-1.0,0
82d60e37-f049-4852-9464-c94b4e5c3244,2025-09-24,2,0.5696,12,18879.02,1573.251667,4.0,5988.31,4.0,5988.31,632,19.9091,663.89,0.0,0.0,0
83d0d0b7-7f58-49ea-8dc3-fee8c20efb50,2025-09-24,84,0.0528,1,4671.82,4671.82,0.0,0.0,1.0,4671.82,568,0.0,4671.82,0.0,0.0,0
83fe13f3-1026-46b2-9abd-d7277ea2f653,2025-09-24,108,0.0961,3,5204.3,1734.766667,0.0,0.0,0.0,0.0,937,99.5,3015.43,0.0,0.0,1
855f6897-60c0-42cc-aa5a-bbcf4dfcfd28,2025-09-24,3,0.2228,8,12409.49,1551.18625,1.0,817.18,3.0,4920.5,1077,32.2857,817.18,0.0,0.0,0
86208847-cfb3-449d-a634-075a2b7c33cc,2025-09-24,1,0.3832,7,9496.67,1356.667143,2.0,1026.32,4.0,5128.65,548,64.5,533.4,8.59626,1.0,0
86ab916f-9734-41f0-b5c0-9bbc082b3251,2025-09-24,25,0.8785,20,49212.41,2460.6205,1.0,3857.68,6.0,14278.19,683,18.3158,3857.68,-0.477835,-0.6667,0
87b06d02-c4e0-4e44-a8d4-a21cdc592676,2025-09-24,5,0.528,11,27597.14,2508.830909,3.0,7717.99,5.0,12580.86,625,27.1,4121.63,0.0,0.0,0
8867ed0f-4c50-4aa9-8fb4-993893bd97df,2025-09-24,85,0.1557,3,8458.38,2819.46,0.0,0.0,1.0,1144.08,578,79.5,1144.08,0.0,0.0,0
88f8cded-9e9f-4c71-9504-8cae260151bf,2025-09-24,40,0.1167,4,7469.54,1867.385,0.0,0.0,2.0,2031.92,1028,67.0,376.49,-1.0,-1.0,0
8aa74529-c59e-4daf-9b98-321ebfce7306,2025-09-24,9,1.2291,22,37329.87,1696.812273,3.0,6969.39,8.0,17235.31,537,15.7143,2477.75,0.092492,0.5,0
8b278dae-e043-44f3-a5f0-8466df24d3a2,2025-09-24,8,0.6587,22,37296.93,1695.315,3.0,6627.27,6.0,10420.78,1002,15.381,2387.76,2.40326,0.5,0
8bd2e91f-b7be-4b2c-95e8-9b9f6936c3fe,2025-09-24,57,0.2712,10,24046.78,2404.678,0.0,0.0,3.0,4128.95,1106,27.6667,2038.47,-1.0,-1.0,0
8bf0cc1f-c9f7-4393-806f-86bce9acf23a,2025-09-24,85,0.0561,2,6647.36,3323.68,0.0,0.0,1.0,5562.17,1069,233.0,5562.17,0.0,0.0,0
8d58c937-6e14-4be1-98f6-33ea0a28136f,2025-09-24,177,0.0334,1,1403.26,1403.26,0.0,0.0,0.0,0.0,897,0.0,1403.26,0.0,0.0,0
8d6d15dd-e8cf-4c06-aacd-238932fec46c,2025-09-24,21,0.1744,3,3362.32,1120.773333,1.0,2622.11,3.0,3362.32,516,28.0,2622.11,5.226219,0.0,0
8daa11dd-d410-44bf-a0de-622a9ca7c78d,2025-09-24,8,0.7776,19,48656.29,2560.857368,3.0,4834.26,7.0,11493.23,733,14.8889,803.84,-0.124577,0.0,0
8de2f61f-499f-4ce6-a7d6-a5e9b9219f67,2025-09-24,9,0.0647,2,9855.37,4927.685,1.0,4703.33,1.0,4703.33,927,150.0,4703.33,0.0,0.0,0
8f10e8bf-c7a4-4bd6-93ce-4de936a938ef,2025-09-24,4,0.5187,12,29851.12,2487.593333,3.0,5612.69,3.0,5612.69,694,20.7273,1508.81,0.0,0.0,0
9013910b-257e-462f-8142-555578e385a5,2025-09-24,17,0.2963,8,27583.09,3447.88625,1.0,3281.59,3.0,10251.29,810,39.4286,3281.59,0.114879,0.0,0
90ef6a35-c0dc-4b20-aede-0d1b3e525838,2025-09-24,21,0.1327,4,16535.77,4133.9425,1.0,1716.12,1.0,1716.12,904,87.0,1716.12,0.0,0.0,0
910bd8ae-df74-4feb-9e1a-4e8966115c12,2025-09-24,11,0.21,6,11563.81,1927.301667,1.0,2158.66,1.0,2158.66,857,60.8,2158.66,0.0,0.0,0
911f8116-248a-4e3d-afb4-62a632746852,2025-09-24,2,1.1194,30,54682.71,1822.757,5.0,6970.21,18.0,33982.34,804,11.2414,507.96,-0.328327,-0.1667,0
918ccc0d-7add-4cda-bb90-29b5623f6d86,2025-09-24,60,0.1049,3,5095.22,1698.406667,0.0,0.0,2.0,1494.77,858,109.0,411.99,0.0,0.0,1
91f0a872-33ad-4dbe-9801-ac03b375f584,2025-09-24,18,0.4334,9,26359.31,2928.812222,2.0,5364.62,2.0,5364.62,623,39.5,4231.25,0.0,0.0,0
93700c9c-7e7e-4bad-b154-5e6644ddc5c9,2025-09-24,50,0.0591,1,4851.74,4851.74,0.0,0.0,1.0,4851.74,508,0.0,4851.74,-1.0,-1.0,1
93d32257-e39c-4554-a773-cc81769f2c6b,2025-09-24,61,0.0409,1,1440.87,1440.87,0.0,0.0,1.0,1440.87,734,0.0,1440.87,0.0,0.0,0
953c5953-375c-42a1-89e5-7b370fa868be,2025-09-24,6,0.0664,2,1039.0,519.5,1.0,250.99,1.0,250.99,904,122.0,250.99,0.0,0.0,0
957f9181-281b-4ff6-9370-462fb40cb6e5,2025-09-24,27,0.1571,5,14138.4,2827.68,1.0,1591.91,1.0,1591.91,955,43.0,1591.91,0.0,0.0,0
97a7e174-c5da-4d97-b94b-09d5f4788809,2025-09-24,20,0.2323,8,26907.57,3363.44625,2.0,4432.19,3.0,6766.28,1033,43.7143,2400.36,0.898894,1.0,0
97bc17e3-9ca0-45a3-a8dd-947696378bf7,2025-09-24,19,0.1343,3,14027.25,4675.75,1.0,3109.55,1.0,3109.55,670,54.0,3109.55,0.0,0.0,1
97c341f3-26c0-47ee-949b-ec2349709b82,2025-09-24,28,0.4822,14,40016.7,2858.335714,1.0,2492.7,4.0,10439.76,871,26.3846,2492.7,-0.513076,0.0,0
98156cab-3a92-4dfa-9d5a-4e1528c73b35,2025-09-24,35,0.029,1,319.57,319.57,0.0,0.0,1.0,319.57,1035,0.0,319.57,-1.0,-1.0,0
98c0d934-599f-43f0-b624-02fafa9a625d,2025-09-24,13,0.4469,8,12011.56,1501.445,2.0,4662.39,4.0,6505.64,537,26.7143,2881.75,1.52944,0.0,0
9a48cdff-42f6-4b91-80ce-e531f3622d2b,2025-09-24,39,0.3468,6,9595.53,1599.255,0.0,0.0,2.0,2539.15,519,34.6,2288.16,-1.0,-1.0,0
9ada7a7c-35d9-4619-9117-c1d9c05f08e9,2025-09-24,210,0.0356,1,697.02,697.02,0.0,0.0,0.0,0.0,843,0.0,697.02,0.0,0.0,0
9b131352-2e3f-4966-865e-a01b50bde6e5,2025-09-24,29,0.4261,15,30524.92,2034.994667,1.0,1533.37,4.0,5222.24,1056,23.7857,1533.37,-0.3434,0.0,0
9b4342ff-79f2-40db-9669-bbab65d50e2f,2025-09-24,150,0.217,4,10068.68,2517.17,0.0,0.0,0.0,0.0,553,48.0,1057.81,0.0,0.0,0
9c60f8cc-bb5f-4a3b-9a8b-95367617a69c,2025-09-24,54,0.0999,3,6104.23,2034.743333,0.0,0.0,3.0,6104.23,901,14.5,3109.55,-1.0,-1.0,0
9c75b413-efd7-4171-9aa3-e4f50c8b52ea,2025-09-24,38,0.1333,4,7436.76,1859.19,0.0,0.0,2.0,916.51,900,57.3333,800.12,-1.0,-1.0,0
9ca4947f-fc58-4db9-a473-9d3bb229db60,2025-09-24,35,0.0267,1,1006.56,1006.56,0.0,0.0,1.0,1006.56,1123,0.0,1006.56,-1.0,-1.0,1
9cbf413a-a00b-482b-9441-e8fce7668a2e,2025-09-24,0,0.5385,17,44557.15,2621.008824,4.0,7707.76,7.0,11857.39,947,18.1875,3019.68,1.432636,1.0,0
9de44d71-02d0-4684-a314-54f9abd3f2cd,2025-09-24,57,0.293,8,14520.36,1815.045,0.0,0.0,2.0,3322.46,819,40.0,2076.11,-1.0,-1.0,0
9e39dc08-ef34-4791-8233-bb1831664c12,2025-09-24,20,0.1128,2,3737.54,1868.77,1.0,1775.24,2.0,3737.54,532,18.0,1775.24,-0.095327,0.0,0
9e3ba510-550f-49bf-a866-a3124ebe334a,2025-09-24,135,0.0535,2,3060.88,1530.44,0.0,0.0,0.0,0.0,1122,110.0,1910.02,0.0,0.0,0
9f79997b-8bf3-45ae-a535-abb872b46a2f,2025-09-24,26,0.1793,3,5323.12,1774.373333,1.0,285.68,2.0,761.98,502,37.5,285.68,-0.40021,0.0,1
a029db9e-0867-4074-9876-83433dcbc19c,2025-09-24,180,0.0595,2,5388.61,2694.305,0.0,0.0,0.0,0.0,1008,2.0,720.44,0.0,0.0,1
a0323814-cd5e-4bbc-ae91-13b77ec723bb,2025-09-24,14,0.185,5,7615.89,1523.178,1.0,590.77,4.0,7082.49,811,44.75,590.77,-0.886772,-0.5,0
a137cf0f-749a-402e-9913-60a7f4a47b92,2025-09-24,7,0.8738,24,69368.49,2890.35375,4.0,6402.15,10.0,25863.46,824,12.3913,1066.8,8.280765,1.0,0
a1c9af51-32b0-45ae-8e5e-1a83d44e0dd4,2025-09-24,32,0.098,2,7544.64,3772.32,0.0,0.0,1.0,3290.95,612,63.0,3290.95,-1.0,-1.0,0
a20f7825-b033-409c-9c97-b044b61bae47,2025-09-24,4,0.4072,9,23608.36,2623.151111,1.0,3200.48,4.0,12592.34,663,36.5,3200.48,-0.306705,-0.5,0
a281fc1b-5e0e-400e-9760-0f4eecb192e1,2025-09-24,1,0.74,13,28601.18,2200.090769,3.0,3837.18,5.0,5138.44,527,23.4167,476.3,1.948819,0.5,0
a39d8cb3-e105-4215-9fc6-c0cb27d75ca0,2025-09-24,153,0.0394,1,295.39,295.39,0.0,0.0,0.0,0.0,762,0.0,295.39,0.0,0.0,1
a458eb88-221d-40e0-8a04-289e42780afe,2025-09-24,199,0.0419,1,2105.72,2105.72,0.0,0.0,0.0,0.0,716,0.0,2105.72,0.0,0.0,0
a48769af-aacd-4623-8e69-fc86e1d3745e,2025-09-24,23,0.1023,3,4333.65,1444.55,1.0,2649.34,1.0,2649.34,880,97.0,2649.34,0.0,0.0,0
a54b8eca-fc5f-46cd-9407-2f103beabcc7,2025-09-24,42,0.1719,6,11132.58,1855.43,0.0,0.0,2.0,4685.13,1047,46.6,3161.25,-1.0,-1.0,0
a578fb66-2e0c-4a26-8179-b1230347de46,2025-09-24,121,0.0741,2,4126.39,2063.195,0.0,0.0,0.0,0.0,810,14.0,3575.99,0.0,0.0,1
a58bcff6-b44b-4728-ae19-c41e17805478,2025-09-24,35,0.0568,1,3488.88,3488.88,0.0,0.0,1.0,3488.88,528,0.0,3488.88,-1.0,-1.0,0
a618b414-7505-48a2-9047-6d0fbd16fb88,2025-09-24,76,0.0722,2,12592.3,6296.15,0.0,0.0,1.0,4851.74,831,24.0,4851.74,0.0,0.0,0
a62bcc77-cf9c-44a3-920f-2e2e57c723dc,2025-09-24,106,0.4607,8,37809.69,4726.21125,0.0,0.0,0.0,0.0,521,33.0,1567.97,0.0,0.0,0
a6818a6e-0465-4009-81b6-822245dae013,2025-09-24,29,0.1045,3,12181.4,4060.466667,1.0,908.96,2.0,1991.74,861,47.5,908.96,0.0,0.0,0
a69011f4-c3f9-4f91-92f2-3df9072b53e7,2025-09-24,12,1.0575,19,35792.12,1883.795789,4.0,8448.13,9.0,21811.11,539,18.4444,3290.95,0.116199,0.3333,0
a7925872-0bc3-4eee-b74c-5086ea1e992d,2025-09-24,96,0.111,3,3120.57,1040.19,0.0,0.0,0.0,0.0,811,83.0,2144.59,0.0,0.0,0
a7c6d291-2d8a-45ea-8005-81ecfd3682df,2025-09-24,30,0.1905,6,14139.63,2356.605,0.0,0.0,2.0,5541.74,945,51.2,127.83,-1.0,-1.0,0
a7dd5f9a-9fa6-4592-b920-cc610a4ca21b,2025-09-24,219,0.0955,3,12596.04,4198.68,0.0,0.0,0.0,0.0,942,59.5,691.85,0.0,0.0,0
a8091949-9c95-4f66-b956-b61849aa17d1,2025-09-24,60,0.2674,5,17348.57,3469.714,0.0,0.0,2.0,4103.82,561,54.5,3532.45,0.0,0.0,1
a8592085-1f10-4731-b976-351290d3b914,2025-09-24,163,0.0531,1,553.48,553.48,0.0,0.0,0.0,0.0,565,0.0,553.48,0.0,0.0,0
a8a318fe-4ac5-43e5-819c-0493f94dfd8e,2025-09-24,7,0.2981,8,11665.6,1458.2,1.0,1079.9,3.0,5592.5,805,35.1429,1079.9,0.0,0.0,0
a91e3f3f-94ea-410a-afcd-a9721a392b5a,2025-09-24,20,0.1491,4,10470.9,2617.725,1.0,599.51,1.0,599.51,805,85.3333,599.51,0.0,0.0,1
a955f9af-0de0-488d-9638-13b909991020,2025-09-24,1,0.3435,6,11331.64,1888.606667,2.0,2644.26,4.0,6724.29,524,43.6,2006.11,0.0,0.0,0
a9a14d19-86ba-40be-883c-0be4db2e7555,2025-09-24,10,0.6327,12,23119.34,1926.611667,3.0,3890.19,5.0,9088.06,569,31.3636,454.48,-0.25158,0.5,0
aa210298-0ad5-4fe1-9a49-04d9c35709c6,2025-09-24,114,0.1705,6,13839.26,2306.543333,0.0,0.0,0.0,0.0,1056,44.6,1154.56,0.0,0.0,0
aacf38f5-5690-4d24-95d3-d4b2fa5166a8,2025-09-24,130,0.0353,1,8872.66,8872.66,0.0,0.0,0.0,0.0,850,0.0,8872.66,0.0,0.0,1
aaec11b1-b19b-4ff9-bbf5-b6caa3fa11ee,2025-09-24,43,0.0561,1,1082.78,1082.78,0.0,0.0,1.0,1082.78,535,0.0,1082.78,-1.0,-1.0,1
ac9ed0cc-36d5-43e5-8b0f-11a8213d3173,2025-09-24,38,0.0337,1,597.91,597.91,0.0,0.0,1.0,597.91,890,0.0,597.91,-1.0,-1.0,0
acf31d10-d223-4df6-a143-e9ba0e8118f4,2025-09-24,19,0.0709,2,2229.25,1114.625,1.0,1065.14,1.0,1065.14,846,189.0,1065.14,0.0,0.0,0
ad10f2bd-d571-4f42-aec5-a7a10eaa3ca9,2025-09-24,103,0.0799,3,4788.13,1596.043333,0.0,0.0,0.0,0.0,1126,69.0,2442.17,0.0,0.0,0
ade55153-89f8-4d7a-9199-12bcf0e9f0ce,2025-09-24,150,0.1034,2,3226.87,1613.435,0.0,0.0,0.0,0.0,580,14.0,1952.69,0.0,0.0,1
b067038f-9577-43c4-a072-0376499a6f51,2025-09-24,7,0.2305,7,21641.27,3091.61,2.0,1974.27,4.0,5703.63,911,48.1667,533.4,-0.154604,1.0,0
b0a7ac9f-5dc3-43d5-bf2f-2201d6f385b2,2025-09-24,21,0.2032,6,9715.92,1619.32,2.0,706.1,3.0,1053.19,886,45.8,356.13,0.0,0.0,0
b0d043da-1294-4ab0-8fa2-ebb68dbb62a2,2025-09-24,23,0.2383,8,23189.83,2898.72875,1.0,701.63,2.0,3504.72,1007,30.5714,701.63,-0.749694,0.0,0
b0d81eaf-60e0-4aa5-b3e9-64fdea18f5e9,2025-09-24,3,0.4858,12,36276.61,3023.050833,3.0,6826.05,6.0,18620.83,741,24.2727,662.17,0.551061,0.5,0
b2109776-616b-488c-9721-f3f116afd30f,2025-09-24,31,0.3158,7,23102.07,3300.295714,0.0,0.0,5.0,10951.16,665,39.5,285.68,-1.0,-1.0,0
b21eb80b-84a0-490b-abcb-151568e54d64,2025-09-24,10,0.21,7,15663.75,2237.678571,1.0,3737.45,5.0,10108.03,1000,42.8333,3737.45,0.299007,0.0,0
b247c235-943b-4c46-91c2-168e86d26161,2025-09-24,5,0.3759,11,9490.48,862.770909,2.0,1447.01,3.0,3145.91,878,25.6,279.97,0.0,0.0,0
b2c24112-6ed5-433e-ae6e-c541f21defe5,2025-09-24,43,0.1422,3,6012.54,2004.18,0.0,0.0,2.0,4773.67,633,81.0,2833.43,-1.0,-1.0,0
b2ef61f5-8a4e-44af-9b72-983eb8729127,2025-09-24,5,0.1599,6,8277.17,1379.528333,1.0,487.43,2.0,2839.09,1126,41.4,487.43,0.0,0.0,1
b2f4f0f6-9d52-4439-b5fe-14ebe8887e7a,2025-09-24,6,0.0684,2,9781.97,4890.985,1.0,548.18,1.0,548.18,877,346.0,548.18,0.0,0.0,0
b35ff2cc-b3d7-4eee-bbe6-72dd663e82bf,2025-09-24,10,0.2154,4,11743.31,2935.8275,2.0,5630.33,2.0,5630.33,557,119.0,3772.02,0.0,0.0,0
b3bc0c36-2894-415e-8303-9ce0c524adf7,2025-09-24,265,0.0375,1,701.63,701.63,0.0,0.0,0.0,0.0,801,0.0,701.63,0.0,0.0,0
b4322a23-acd4-46a3-8620-5130bd7bc8c3,2025-09-24,172,0.06,1,2335.32,2335.32,0.0,0.0,0.0,0.0,500,0.0,2335.32,0.0,0.0,1
b4a140af-8af0-4074-8c4e-f1e587fff314,2025-09-24,12,0.5006,14,43956.81,3139.772143,2.0,6045.04,4.0,11094.26,839,25.2308,4139.84,0.197223,0.0,0
b4dd90f1-04a6-4d42-ac0a-2702bbc8d0db,2025-09-24,1,0.2392,7,17813.26,2544.751429,2.0,8304.89,4.0,9510.07,878,60.5,6231.75,15.848353,1.0,0
b4ff4a71-e2cb-40a7-afaa-04a5be660e06,2025-09-24,53,0.1288,4,4217.63,1054.4075,0.0,0.0,3.0,3814.04,932,82.0,989.44,-1.0,-1.0,0
b5597188-1096-40f6-bb3c-7eae56f49e62,2025-09-24,15,0.1775,5,12148.57,2429.714,1.0,1766.23,2.0,7375.33,845,82.75,1766.23,-0.685113,0.0,0
b5f40c8f-57dc-440a-9706-3cfe7972dde6,2025-09-24,49,0.0636,2,6211.43,3105.715,0.0,0.0,1.0,350.82,943,53.0,350.82,-1.0,-1.0,0
b6466b91-0c2a-4a1f-bf51-fd9f9de8b206,2025-09-24,73,0.1528,3,12688.62,4229.54,0.0,0.0,2.0,8020.45,589,79.0,2776.57,0.0,0.0,1
b6d1010f-48a8-4d83-a4bd-0a6c9a4521d9,2025-09-24,127,0.0285,1,3970.48,3970.48,0.0,0.0,0.0,0.0,1051,0.0,3970.48,0.0,0.0,0
b73d152b-3ccf-4708-8854-ab85e6abc82c,2025-09-24,115,0.1145,2,5963.35,2981.675,0.0,0.0,0.0,0.0,524,54.0,5689.26,0.0,0.0,1
b7a528c9-9989-42b3-86f1-dfe0266eb7da,2025-09-24,40,0.1023,3,2650.46,883.486667,0.0,0.0,2.0,2490.92,880,74.0,1440.87,-1.0,-1.0,1
b7d62bbb-f2b2-4bee-ac69-0e320b4b310f,2025-09-24,3,0.8036,24,63361.77,2640.07375,5.0,6826.12,11.0,20383.33,896,15.3478,476.3,-0.490783,0.0,0
b812927c-5d6a-4cb6-9794-94ec8e44c0bd,2025-09-24,56,0.1389,4,8106.46,2026.615,0.0,0.0,2.0,5993.64,864,69.6667,2461.19,-1.0,-1.0,1
b81e352f-6da5-4d3a-94e7-a583c1e9213c,2025-09-24,16,0.0544,2,1165.47,582.735,1.0,934.36,1.0,934.36,1103,75.0,934.36,0.0,0.0,1
b8302dbd-4877-438d-ac91-c2d5dbbadf09,2025-09-24,24,0.0902,3,8824.93,2941.643333,1.0,4231.4,2.0,7421.67,998,66.5,4231.4,0.0,0.0,0
b86f948a-d460-4c23-a79a-b2deafdc8880,2025-09-24,21,0.3103,9,12525.52,1391.724444,2.0,3479.39,6.0,9270.66,870,14.5,812.39,-0.24135,0.0,0
b88b94e7-2bbd-4939-98cc-217258c364d3,2025-09-24,52,0.3056,6,22717.14,3786.19,0.0,0.0,3.0,13485.7,589,45.4,1023.86,-1.0,-1.0,0
b88bef53-7397-4409-b454-f68fa7827873,2025-09-24,54,0.3183,8,12235.58,1529.4475,0.0,0.0,2.0,4596.15,754,24.1429,738.47,-1.0,-1.0,0
b8bfbbb5-a5a0-4d3d-905f-57ced220ffd3,2025-09-24,8,0.2024,5,4844.42,968.884,1.0,1006.56,2.0,1087.05,741,72.75,1006.56,0.0,0.0,0
b9e85363-f343-4a9b-a6b9-588a5c0f9633,2025-09-24,34,0.0851,3,5082.88,1694.293333,0.0,0.0,1.0,2279.95,1057,92.0,2279.95,-1.0,-1.0,1
ba0a6120-4b67-4e2b-b2c4-9036a195b99a,2025-09-24,8,0.4078,14,36138.72,2581.337143,2.0,5722.88,9.0,21725.26,1030,19.7692,4905.76,-0.376876,-0.5,0
bab05b4b-0196-4bb2-a10a-34baf0750132,2025-09-24,2,0.2222,7,13800.68,1971.525714,1.0,920.02,3.0,2013.3,945,50.6667,920.02,2.665564,0.0,0
bac72dd3-4ee2-436a-b664-f187eea4daff,2025-09-24,71,0.0448,1,4656.46,4656.46,0.0,0.0,1.0,4656.46,669,0.0,4656.46,0.0,0.0,1
bac9f7f2-72b2-40d2-bb50-19838c2fde8a,2025-09-24,9,0.1252,3,9957.38,3319.126667,2.0,5843.69,3.0,9957.38,719,28.0,3881.39,0.0,0.0,0
bc2eaeff-d2cb-413b-8716-a7fa6d9507c2,2025-09-24,0,0.7734,19,30457.07,1603.003684,4.0,4102.74,9.0,14562.05,737,20.6667,613.35,-0.581889,0.0,0
bc69f988-30c6-4bf2-b27f-beafca1b2282,2025-09-24,8,0.2017,7,14728.12,2104.017143,1.0,1651.77,3.0,3125.35,1041,60.8333,1651.77,2.888988,0.0,0
bcf78932-5b86-4918-b87a-32963317f18d,2025-09-24,71,0.0841,3,6502.53,2167.51,0.0,0.0,1.0,1640.79,1070,89.5,1640.79,0.0,0.0,1
bd918df4-d5fc-4b8a-9889-b0f92e0c438b,2025-09-24,1,0.2833,9,13679.24,1519.915556,1.0,820.4,6.0,7073.16,953,37.375,820.4,-0.673837,-0.75,0
befa24a1-1459-4d2c-b2af-a4db90fa9666,2025-09-24,116,0.0804,3,8505.3,2835.1,0.0,0.0,0.0,0.0,1120,89.5,3046.74,0.0,0.0,0
c07f630a-a6d1-41a2-9f27-8f85f52260c4,2025-09-24,3,0.6211,20,54940.16,2747.008,7.0,8224.17,9.0,11634.68,966,17.6842,4200.21,0.0,0.0,0
c0c6efdb-fc14-4d7c-98f5-7088ddeb019c,2025-09-24,124,0.0342,1,687.6,687.6,0.0,0.0,0.0,0.0,878,0.0,687.6,0.0,0.0,0
c1a55833-8139-41dd-8bb5-59ab8a090d3b,2025-09-24,13,0.1273,4,5079.18,1269.795,1.0,116.39,2.0,2275.05,943,67.6667,116.39,-0.946082,0.0,0
c1a9f9e4-02c9-4e11-9ae3-d7f5eec25bdf,2025-09-24,33,0.0753,2,2507.63,1253.815,0.0,0.0,1.0,1573.27,797,143.0,1573.27,-1.0,-1.0,0
c1d6c130-eed3-43da-a713-c63009b0c952,2025-09-24,65,0.1444,4,9466.64,2366.66,0.0,0.0,1.0,4095.42,831,66.3333,4095.42,0.0,0.0,0
c29cb1e1-b422-45f3-829a-82a9e80f8c8f,2025-09-24,49,0.1073,3,3065.35,1021.783333,0.0,0.0,2.0,1431.11,839,61.5,608.37,-1.0,-1.0,0
c34d6b05-2bac-4654-9150-9d59f1252d7b,2025-09-24,122,0.0541,2,11019.93,5509.965,0.0,0.0,0.0,0.0,1110,12.0,3575.99,0.0,0.0,0
c34e266e-6b0c-4505-b1cc-f98b610c4986,2025-09-24,75,0.0644,2,3611.14,1805.57,0.0,0.0,1.0,2400.36,931,217.0,2400.36,0.0,0.0,1
c388d365-1253-45ed-934e-4731ee225fdb,2025-09-24,8,0.1233,4,16025.95,4006.4875,1.0,4651.84,3.0,15027.11,973,31.3333,4651.84,0.0,0.0,0
c3bc5bb3-aee9-4150-b36a-c89a22162e7d,2025-09-24,3,0.6923,15,32812.56,2187.504,2.0,1738.07,7.0,12276.05,650,22.8571,298.96,-0.517886,0.0,0
c47da78e-a80f-46b0-b907-4867b0ac75da,2025-09-24,14,0.106,3,4609.69,1536.563333,1.0,1858.31,1.0,1858.31,849,147.0,1858.31,0.0,0.0,0
c4abe8e7-17ea-4981-acd2-0e286bf0080b,2025-09-24,4,0.3902,8,20547.04,2568.38,2.0,3959.78,4.0,11855.63,615,25.2857,3268.73,0.426141,1.0,0
c5f7e86b-b9fe-4062-bae1-fcb4707e393e,2025-09-24,8,0.1827,5,13481.99,2696.398,4.0,10615.38,4.0,10615.38,821,23.25,864.15,0.0,0.0,0
c7af740f-1d7a-4321-9d3e-ec9107c05254,2025-09-24,2,0.254,9,14727.33,1636.37,1.0,749.39,3.0,2381.34,1063,33.0,749.39,-0.511279,0.0,0
c7e971e5-62a6-49c9-a239-e17ea1f253a5,2025-09-24,24,0.169,6,8273.55,1378.925,2.0,2598.14,3.0,4575.52,1065,58.8,1556.88,0.313931,1.0,0
c8466347-f65e-48a7-a013-64f958a93e60,2025-09-24,8,0.1802,4,19622.17,4905.5425,1.0,1292.55,1.0,1292.55,666,91.3333,1292.55,0.0,0.0,0
c895adf4-11e4-460d-bad6-1bc4560990aa,2025-09-24,19,0.25,5,3935.85,787.17,1.0,106.95,3.0,2657.85,600,69.75,106.95,-0.834635,0.0,1
c8a387fb-7265-43df-9af8-79f21e3f7a8b,2025-09-24,132,0.1185,4,2486.86,621.715,0.0,0.0,0.0,0.0,1013,46.6667,608.08,0.0,0.0,1
c9b37375-0f54-4110-983e-7b7635c1257f,2025-09-24,99,0.3462,6,20687.49,3447.915,0.0,0.0,0.0,0.0,520,27.6,6407.42,0.0,0.0,0
cb169247-90fc-4859-9c5d-36f94515f6a5,2025-09-24,331,0.035,1,6586.85,6586.85,0.0,0.0,0.0,0.0,857,0.0,6586.85,0.0,0.0,0
cb4bc77a-ba12-4fd1-b1f2-811b234a5c61,2025-09-24,15,0.0884,2,2741.28,1370.64,1.0,465.57,1.0,465.57,679,103.0,465.57,0.0,0.0,0
cbf3e2e4-9c43-4976-afaa-bc231bff129c,2025-09-24,9,0.2279,8,15585.03,1948.12875,1.0,1977.38,3.0,3250.98,1053,44.4286,1977.38,5.500477,0.0,0
cc681bd0-1bf2-4364-a2fe-b18907da68dd,2025-09-24,103,0.0622,2,3262.12,1631.06,0.0,0.0,0.0,0.0,965,212.0,3046.74,0.0,0.0,0
cd796877-895f-4bcc-8fe0-0c8c6c4e68b0,2025-09-24,49,0.5068,10,20228.19,2022.819,0.0,0.0,6.0,12733.7,592,23.8889,1052.45,-1.0,-1.0,0
cdc86dc6-c2f3-4988-94e7-c7b7f1a4a81b,2025-09-24,152,0.041,1,1775.24,1775.24,0.0,0.0,0.0,0.0,731,0.0,1775.24,0.0,0.0,0
ce1c7e34-50d9-4f3b-ab54-cbb7cab9fa18,2025-09-24,15,0.2201,7,11555.04,1650.72,1.0,1050.05,1.0,1050.05,954,31.3333,1050.05,0.0,0.0,0
ced1be46-44d9-42f9-913f-bf359f04d616,2025-09-24,128,0.2386,8,18623.24,2327.905,0.0,0.0,0.0,0.0,1006,21.5714,4298.07,0.0,0.0,0
cf567dce-5613-483a-b10d-b4947a588d18,2025-09-24,51,0.1871,6,16857.38,2809.563333,0.0,0.0,1.0,2224.87,962,55.6,2224.87,-1.0,-1.0,0
cfa38335-ed20-4254-b309-74d0dadee3bb,2025-09-24,13,0.0804,2,3041.99,1520.995,1.0,1647.95,1.0,1647.95,746,145.0,1647.95,0.0,0.0,0
cfc90a2e-3eb4-476f-8b9b-493b93566dcb,2025-09-24,28,0.1444,4,6516.54,1629.135,1.0,2202.35,2.0,4490.51,831,52.6667,2202.35,0.0,0.0,0
cff873c2-039d-4260-8875-1ece53467a44,2025-09-24,59,0.1449,3,4707.88,1569.293333,0.0,0.0,3.0,4707.88,621,3.0,2451.55,-1.0,-1.0,0
d16a7971-11f5-4284-b4c4-063a25f1f892,2025-09-24,138,0.1196,4,10405.07,2601.2675,0.0,0.0,0.0,0.0,1003,40.0,2412.34,0.0,0.0,1
d16d5f0e-f1af-4ab1-8b14-12ce745ddd9b,2025-09-24,48,0.3017,9,20381.82,2264.646667,0.0,0.0,1.0,738.47,895,27.875,738.47,-1.0,-1.0,0
d1907207-2f2d-4486-87e7-7b004fd2fab1,2025-09-24,13,0.1996,7,13705.6,1957.942857,1.0,1849.43,4.0,8603.04,1052,42.3333,1849.43,-0.254109,-0.5,0
d1a51fbe-4bb5-47d5-88f8-06f817caff3f,2025-09-24,66,0.0385,1,4623.57,4623.57,0.0,0.0,1.0,4623.57,779,0.0,4623.57,0.0,0.0,0
d2b88436-ba26-4efa-bc74-287512167c81,2025-09-24,61,0.1901,5,8119.72,1623.944,0.0,0.0,1.0,4623.57,789,44.25,4623.57,0.0,0.0,0
d3291ebb-1cad-4398-80c7-e968f0d6b8e3,2025-09-24,26,0.0629,2,6928.81,3464.405,1.0,350.82,2.0,6928.81,954,56.0,350.82,0.0,0.0,0
d34c22d5-fa13-4eb6-a115-4306ab8f65d5,2025-09-24,33,0.1261,3,2390.86,796.953333,0.0,0.0,1.0,575.43,714,123.0,575.43,-1.0,-1.0,0
d3af0e3f-6c8e-43fd-b62a-d477ca54c291,2025-09-24,19,0.2303,4,12094.32,3023.58,1.0,4449.73,2.0,5010.13,521,92.3333,4449.73,0.0,0.0,0
d3ceae53-5516-4152-a247-d101c45a4912,2025-09-24,9,0.553,16,39266.01,2454.125625,1.0,319.07,5.0,10947.88,868,22.2667,319.07,-0.95429,-0.6667,0
d3f21a44-d6a7-4183-9e3d-ca1e2f665ada,2025-09-24,20,0.3302,7,10319.4,1474.2,1.0,1023.86,2.0,4970.65,636,31.8333,1023.86,-0.740584,0.0,0
d5357dae-eafa-48fc-9a2b-b791e7c9e85e,2025-09-24,63,0.1469,4,3392.63,848.1575,0.0,0.0,1.0,1508.81,817,57.6667,1508.81,0.0,0.0,0
d536df89-ae17-40cc-ae90-1ec234f2db3e,2025-09-24,2,0.1919,6,15112.92,2518.82,3.0,4895.9,5.0,5936.13,938,25.2,125.5,3.706555,0.5,0
d5bde5d5-ffb3-40af-bfb0-e1fbc0fc8ac6,2025-09-24,16,0.3577,8,31253.72,3906.715,1.0,5268.74,3.0,5779.99,671,35.0,5268.74,31.841364,0.0,0
d6235160-cff1-499b-8088-b1ef010206d2,2025-09-24,52,0.0659,2,4471.28,2235.64,0.0,0.0,1.0,394.34,910,195.0,394.34,-1.0,-1.0,0
d68104da-a018-4b47-aeb2-cb32a2380b79,2025-09-24,3,0.156,4,6747.83,1686.9575,2.0,2677.4,2.0,2677.4,769,47.3333,1849.43,0.0,0.0,1
d6b350eb-48ff-4268-b8d2-d00fb5bd3417,2025-09-24,143,0.1103,3,8422.76,2807.586667,0.0,0.0,0.0,0.0,816,29.5,2017.19,0.0,0.0,1
d6e6f2c0-9d75-46fe-a6d0-19f4998b8aa0,2025-09-24,10,0.3246,7,11589.43,1655.632857,3.0,6126.38,4.0,6815.81,647,58.3333,754.4,0.0,0.0,0
d74a8b02-d712-4df5-b21a-91890f17146e,2025-09-24,60,0.1259,4,10239.34,2559.835,0.0,0.0,1.0,712.26,953,71.0,712.26,0.0,0.0,1
d768ded2-0e1f-4338-a373-8cb12093b6b9,2025-09-24,4,0.4336,16,25393.29,1587.080625,6.0,11840.46,9.0,16345.31,1107,21.5333,2091.06,1.687184,2.0,0
d7daaa71-d5b3-4958-ac9f-03d1c8077bf4,2025-09-24,68,0.0807,3,13712.77,4570.923333,0.0,0.0,1.0,2643.8,1115,37.0,2643.8,0.0,0.0,0
d929f86f-98cb-4302-a254-db21f53e0255,2025-09-24,5,0.1854,5,21286.32,4257.264,2.0,5979.84,4.0,12359.13,809,24.75,279.97,-0.062617,0.0,0
da7dbacc-46a8-44dc-b4c5-5e21bf437da6,2025-09-24,35,0.467,17,44279.8,2604.694118,0.0,0.0,7.0,10070.18,1092,18.3125,197.17,-1.0,-1.0,0
dac7247b-1af7-458e-a5b0-4c00df11636c,2025-09-24,63,0.1151,3,976.3,325.433333,0.0,0.0,1.0,597.91,782,46.0,597.91,0.0,0.0,1
db49dbe2-b046-4b0c-8d11-6e496b852270,2025-09-24,14,0.7432,19,45947.37,2418.282632,4.0,6766.51,10.0,20312.61,767,20.1667,2451.36,3.585848,1.0,0
dbc5aa6b-529c-4c91-8331-7ec33c8503bb,2025-09-24,0,0.5222,18,39880.01,2215.556111,2.0,3220.25,8.0,18625.17,1034,16.8235,2171.4,-0.377096,0.0,0
dc1aef37-ddb1-4abc-a40f-974a11372fc7,2025-09-24,1,0.1316,4,12179.98,3044.995,1.0,4214.99,2.0,6754.78,912,74.6667,4214.99,0.659582,0.0,1
dc32c9bc-f5b1-425c-b068-0f753d9baf2f,2025-09-24,21,0.1608,5,8392.73,1678.546,1.0,1292.55,2.0,5406.24,933,77.0,1292.55,-0.685793,0.0,0
dcdc70f5-6a80-4b14-8487-b99c29cfcb2e,2025-09-24,118,0.1935,4,11420.31,2855.0775,0.0,0.0,0.0,0.0,620,25.6667,1522.99,0.0,0.0,0
ddb8a068-3cf7-4f6c-b653-fdf0d420c391,2025-09-24,89,0.0437,1,803.11,803.11,0.0,0.0,1.0,803.11,686,0.0,803.11,0.0,0.0,0
debb1669-0087-4b21-a027-8766438b09f1,2025-09-24,25,0.3325,9,30023.12,3335.902222,2.0,9107.03,4.0,13919.71,812,40.0,4985.4,12.17854,1.0,0
df5f2a94-fa46-46dc-b4fc-0a08486e8118,2025-09-24,9,0.154,4,2743.69,685.9225,1.0,1162.96,1.0,1162.96,779,74.6667,1162.96,0.0,0.0,0
df94c0e2-bf7b-4b60-9391-80972fa8058c,2025-09-24,264,0.0276,1,1388.35,1388.35,0.0,0.0,0.0,0.0,1086,0.0,1388.35,0.0,0.0,1
e040241c-efa6-453e-8e84-6caae95e5811,2025-09-24,2,0.1661,3,7369.15,2456.383333,1.0,844.85,2.0,2272.97,542,126.5,844.85,-0.408418,0.0,0
e05c9e8f-2852-4c9d-9c2a-756d89ba64a0,2025-09-24,16,0.5976,20,56586.93,2829.3465,2.0,941.67,9.0,18543.84,1004,19.5789,295.39,-0.701072,1.0,0
e0666bd9-81b4-4c0c-aa13-af3137aaca09,2025-09-24,151,0.0283,1,823.98,823.98,0.0,0.0,0.0,0.0,1059,0.0,823.98,0.0,0.0,0
e223a14f-9752-4dfc-b998-04cfae44ca10,2025-09-24,1,0.5799,19,40740.54,2144.238947,5.0,10213.42,10.0,20720.53,983,17.5556,3804.11,3.506451,4.0,0
e400fe49-64f8-4e45-8877-6c5fd0a7747d,2025-09-24,9,0.429,16,39242.86,2452.67875,5.0,9263.66,8.0,19330.64,1119,21.6667,2631.2,0.546511,1.5,0
e408e6a2-589e-4b0f-a98f-6a5e0f9e9e53,2025-09-24,68,0.2434,8,18687.44,2335.93,0.0,0.0,1.0,920.64,986,35.4286,920.64,0.0,0.0,0
e4636af2-ab68-4a83-a019-d77df1fa2bb5,2025-09-24,173,0.1192,3,2082.05,694.016667,0.0,0.0,0.0,0.0,755,71.5,1057.81,0.0,0.0,0
e51c365e-179f-4c2e-92f5-bc4c2fc6282a,2025-09-24,31,0.3979,15,21044.01,1402.934,0.0,0.0,7.0,4268.94,1131,19.7143,621.76,-1.0,-1.0,0
e61ddcc6-8917-49aa-b93d-ba7a21702a71,2025-09-24,119,0.1664,3,6580.19,2193.396667,0.0,0.0,0.0,0.0,541,92.0,560.54,0.0,0.0,1
e630e7cb-c24b-49e2-af83-702facb0c4b9,2025-09-24,11,0.2069,6,20974.76,3495.793333,1.0,1573.27,2.0,2456.38,870,40.6,1573.27,0.781511,0.0,0
e63160b3-9636-4ddf-b7f6-a843aef7e599,2025-09-24,53,0.1779,5,22743.03,4548.606,0.0,0.0,2.0,8875.61,843,26.0,3581.64,-1.0,-1.0,0
e74c4bf9-90b2-4723-8b21-9af623c5b124,2025-09-24,22,0.5396,10,23476.59,2347.659,1.0,497.92,1.0,497.92,556,32.1111,497.92,0.0,0.0,0
e818ffda-4cf8-4137-92f5-f73ec2be9aac,2025-09-24,156,0.1815,3,3736.98,1245.66,0.0,0.0,0.0,0.0,496,20.0,63.91,0.0,0.0,0
e85ec7b9-dc33-474f-b99d-d8ce41ac3c81,2025-09-24,19,0.0851,3,8251.99,2750.663333,1.0,1726.29,1.0,1726.29,1058,99.5,1726.29,0.0,0.0,0
e9152f33-f58e-4690-a02f-18066572acda,2025-09-24,9,0.3797,10,22033.45,2203.345,2.0,6016.57,4.0,9523.58,790,28.6667,4430.29,1.325703,1.0,0
e9afc85a-81e7-4518-a4f2-c3650f0c8105,2025-09-24,76,0.2312,4,9331.91,2332.9775,0.0,0.0,1.0,817.12,519,58.3333,817.12,0.0,0.0,0
eb632b3d-7715-4810-ac99-01c19831c220,2025-09-24,9,0.253,7,16264.21,2323.458571,1.0,2047.71,3.0,4190.48,830,61.0,2047.71,3.079266,0.0,0
ebbc4745-0985-45f9-b142-3002a577acc3,2025-09-24,50,0.054,2,5968.26,2984.13,0.0,0.0,1.0,5820.57,1111,132.0,5820.57,-1.0,-1.0,0
ebe34170-88a5-4097-a231-ec6187114560,2025-09-24,19,0.2186,4,15449.58,3862.395,1.0,1817.93,2.0,4449.13,549,74.6667,1817.93,0.0,0.0,0
ec0b1685-64bd-41e0-8aa1-e25e3abe480b,2025-09-24,2,0.1946,6,17636.61,2939.435,1.0,2539.79,3.0,8189.75,925,61.6,2539.79,-0.507032,0.0,0
ec140a91-94c2-46b5-90c6-215cbcc0402e,2025-09-24,80,0.068,2,1622.96,811.48,0.0,0.0,1.0,754.4,882,163.0,754.4,0.0,0.0,0
ec6b856d-40f2-41ed-a20b-7af257224723,2025-09-24,30,0.1089,4,15205.19,3801.2975,0.0,0.0,2.0,4304.06,1102,95.6667,1246.35,-1.0,-1.0,0
ecee2fcb-7259-46bb-a6a3-c2683069ec25,2025-09-24,12,0.1045,3,4113.54,1371.18,2.0,2107.43,3.0,4113.54,861,35.0,1238.87,0.0,0.0,0
ed2171b1-c19b-4e0d-8734-299f1f997a16,2025-09-24,75,0.3352,10,18192.71,1819.271,0.0,0.0,3.0,4192.59,895,12.3333,1403.26,0.0,0.0,0
ed3be97a-9e98-4ace-ba11-f1c0e145bfd5,2025-09-24,110,0.0601,2,8656.01,4328.005,0.0,0.0,0.0,0.0,999,73.0,4953.92,0.0,0.0,0
ed43e4c6-255f-4de8-9134-6d5542faa41b,2025-09-24,153,0.0313,1,1657.59,1657.59,0.0,0.0,0.0,0.0,960,0.0,1657.59,0.0,0.0,1
eddc4ec7-f3d1-445e-8c5f-3f767fd5305e,2025-09-24,149,0.1264,3,13133.67,4377.89,0.0,0.0,0.0,0.0,712,45.0,5820.57,0.0,0.0,0
edf4822d-49a2-4ae7-95c1-975b85069210,2025-09-24,54,0.2431,5,13627.95,2725.59,0.0,0.0,1.0,1139.97,617,77.25,1139.97,-1.0,-1.0,0
efa9353f-2d88-426a-a592-e6a1f87c7b1b,2025-09-24,33,0.3495,6,22376.0,3729.333333,0.0,0.0,4.0,8924.17,515,50.8,1052.45,-1.0,-1.0,0
f17f8b99-61d1-4e7b-a6d3-4d0334235cc5,2025-09-24,20,0.1039,3,5860.27,1953.423333,1.0,4671.82,2.0,5238.51,866,122.0,4671.82,7.244049,0.0,0
f201cdf9-cb7c-4b4b-8da0-68bccc439429,2025-09-24,2,0.929,17,37861.76,2227.162353,3.0,4061.54,7.0,15931.75,549,21.0,602.88,0.744475,2.0,0
f21b3e42-ab75-442f-8649-bca6bf44c9d8,2025-09-24,48,0.0812,2,3589.66,1794.83,0.0,0.0,1.0,572.04,739,144.0,572.04,-1.0,-1.0,0
f223cb41-eede-43d3-bafb-311ac6aab7d7,2025-09-24,366,0.0343,1,2833.43,2833.43,0.0,0.0,0.0,0.0,875,0.0,2833.43,0.0,0.0,0
f288b108-b674-41c7-91d6-0f5fdb761b37,2025-09-24,82,0.0826,3,2993.01,997.67,0.0,0.0,1.0,829.87,1090,80.5,829.87,0.0,0.0,0
f2c6c870-59a5-4df4-8f5a-85d42b868208,2025-09-24,34,0.1489,4,10084.73,2521.1825,0.0,0.0,2.0,3701.61,806,59.3333,2643.8,-1.0,-1.0,0
f311db56-da65-41a9-a889-888c821ca32c,2025-09-24,65,0.2564,6,10400.6,1733.433333,0.0,0.0,1.0,1349.88,702,24.4,1349.88,0.0,0.0,0
f3d3da1e-a146-45f1-bea7-4e9b3d5e991e,2025-09-24,16,0.1757,4,13343.15,3335.7875,1.0,4415.57,1.0,4415.57,683,112.3333,4415.57,0.0,0.0,0
f5905fb3-1b37-4afd-80b2-3e6bb136b5b1,2025-09-24,143,0.0808,3,9470.02,3156.673333,0.0,0.0,0.0,0.0,1114,36.0,5491.86,0.0,0.0,0
f5f339bf-3ab5-4a2e-916f-2db044568f67,2025-09-24,54,0.3417,10,15604.31,1560.431,0.0,0.0,2.0,2612.58,878,34.1111,920.02,-1.0,-1.0,0
f5f5a8ec-4cbe-4541-a494-d455225a8197,2025-09-24,125,0.1366,3,6388.92,2129.64,0.0,0.0,0.0,0.0,659,77.0,307.49,0.0,0.0,0
f6176f19-c718-4746-9808-d110ecf53a50,2025-09-24,3,0.447,9,21219.56,2357.728889,1.0,1388.35,1.0,1388.35,604,39.625,1388.35,0.0,0.0,0
f631940b-26c5-4144-a328-f2b93f3b2f7e,2025-09-24,13,0.0962,3,6489.89,2163.296667,1.0,2100.11,1.0,2100.11,936,129.0,2100.11,0.0,0.0,0
f6a6bafb-8098-4f2d-ae6d-689b77c84f2b,2025-09-24,12,0.4008,7,26119.17,3731.31,1.0,4449.73,5.0,19730.47,524,38.0,4449.73,-0.488698,-0.6667,0
f6c06ee2-7826-4de2-af26-9b9143bd5efb,2025-09-24,7,0.2262,5,11319.92,2263.984,2.0,782.82,2.0,782.82,663,44.0,295.39,0.0,0.0,0
f7f8a1f5-9b44-44c8-815c-2d04067a6cff,2025-09-24,102,0.0369,1,3575.99,3575.99,0.0,0.0,0.0,0.0,814,0.0,3575.99,0.0,0.0,0
f819f234-f7a8-41f3-8b26-732ac35c4d0b,2025-09-24,11,0.3584,7,8182.75,1168.964286,2.0,1658.42,4.0,4597.14,586,53.8333,830.45,-0.435666,0.0,1
f8435633-4f8d-462d-872a-e6a541d39872,2025-09-24,20,0.2686,10,27908.74,2790.874,1.0,1079.9,1.0,1079.9,1117,31.4444,1079.9,0.0,0.0,0
f8a3ae68-a437-491d-b88b-abad9164379f,2025-09-24,3,1.165,24,68569.75,2857.072917,3.0,3529.46,8.0,17955.84,618,16.0435,478.61,16.320803,2.0,0
f993e083-a536-4e9d-9432-b34fc52500a4,2025-09-24,100,0.0274,1,5562.93,5562.93,0.0,0.0,0.0,0.0,1093,0.0,5562.93,0.0,0.0,0
fb5d70c0-f7cf-4096-a606-58d8efdd864b,2025-09-24,178,0.0398,1,497.92,497.92,0.0,0.0,0.0,0.0,754,0.0,497.92,0.0,0.0,1
fc625523-78f4-4bf4-920a-ec3d6bf61de9,2025-09-24,20,0.1297,4,6803.34,1700.835,1.0,2263.21,3.0,5375.22,925,65.3333,2263.21,0.0,0.0,0
fc90d768-4902-4267-aee4-185b5584cee7,2025-09-24,31,0.6014,17,31147.05,1832.179412,0.0,0.0,8.0,17580.94,848,13.5625,3485.11,-1.0,-1.0,0
fd071015-793c-469e-bc3a-2f94a20f8f62,2025-09-24,163,0.0652,2,9481.51,4740.755,0.0,0.0,0.0,0.0,920,69.0,4231.25,0.0,0.0,0
fdbf5f6b-5e04-401e-b01c-dadaea29b6bf,2025-09-24,5,0.1829,5,4877.24,975.448,2.0,967.91,2.0,967.91,820,43.0,712.26,0.0,0.0,0
feb9f5f4-bed9-4b39-bb94-062fa9706005,2025-09-24,17,0.5852,15,61755.39,4117.026,2.0,3983.49,5.0,12978.13,769,24.5714,1977.38,-0.345208,0.0,0
fec6b81b-c723-45e8-a11f-75a4cb6a1381,2025-09-24,1,0.6375,18,44852.72,2491.817778,3.0,7116.09,7.0,13042.66,847,16.2353,3892.19,0.0,0.0,0
ff29a3b3-fb27-44ad-8dcc-9551fb3c7420,2025-09-24,11,1.0448,21,59604.63,2838.315714,2.0,4015.62,6.0,15740.37,603,18.55,2325.92,-0.450191,0.0,0
ffb862d5-c41a-4b47-8ccf-b781447c9d8f,2025-09-24,29,0.2248,7,7850.66,1121.522857,1.0,969.41,4.0,3427.28,934,33.8333,969.41,0.17827,0.0,0
ffc7534a-f026-4ccd-94d9-540e6abbb59f,2025-09-24,5,0.1062,2,7038.62,3519.31,1.0,6231.75,1.0,6231.75,565,117.0,6231.75,0.0,0.0,0
fffb4a19-e27c-48c5-9b1d-d72cf9f00485,2025-09-24,29,0.1411,3,3665.3,1221.766667,1.0,989.44,3.0,3665.3,638,19.5,989.44,-0.558597,0.0,0
0011d3f4-9e5e-47b6-a93a-e2d8f694b972,2025-10-24,41,0.0858,2,762.1,381.05,0.0,0.0,2.0,762.1,699,18.0,694.18,-1.0,-1.0,0
008e597a-3a9f-4d40-9452-50852330ae26,2025-10-24,136,0.0446,1,1279.3,1279.3,0.0,0.0,0.0,0.0,672,0.0,1279.3,0.0,0.0,1
00acfd4d-b8a4-441a-b965-3c900cea01a1,2025-10-24,9,0.4255,12,46728.96,3894.08,4.0,20788.33,4.0,20788.33,846,28.7273,4996.77,0.0,0.0,0
01a1b558-e312-42e2-ae36-718f30634861,2025-10-24,220,0.0378,1,3602.18,3602.18,0.0,0.0,0.0,0.0,793,0.0,3602.18,0.0,0.0,0
027e2c71-76f6-44d8-b214-51097fc3e605,2025-10-24,32,1.0075,18,31956.46,1775.358889,0.0,0.0,3.0,3855.29,536,19.2353,1940.24,-1.0,-1.0,0
02cb9a9f-5819-466a-91e5-0f9a44b9fa1f,2025-10-24,43,0.1005,2,6889.43,3444.715,0.0,0.0,1.0,920.02,597,69.0,920.02,-1.0,-1.0,0
033361ce-6653-4ee7-bee4-3fdbd06887c9,2025-10-24,48,0.1474,4,4837.43,1209.3575,0.0,0.0,2.0,738.47,814,74.0,434.28,-1.0,-1.0,0
03d535e6-bab9-4699-93ff-729d55e623f0,2025-10-24,10,0.1843,5,9289.17,1857.834,1.0,2123.91,2.0,6005.3,814,67.0,2123.91,-0.452797,0.0,0
0443c1b9-9e56-4bed-b673-1441efe40f38,2025-10-24,1,0.2303,7,15749.77,2249.967143,2.0,7851.11,5.0,14744.7,912,38.3333,5354.38,1.857526,0.0,0
050980d5-34a4-4416-b487-3ba57e340fdf,2025-10-24,136,0.0613,2,7793.16,3896.58,0.0,0.0,0.0,0.0,979,34.0,321.97,0.0,0.0,0
05f197bf-0bdd-44a5-84bb-1878a08666b6,2025-10-24,20,0.6497,23,46512.19,2022.26913,2.0,2359.18,7.0,11171.12,1062,14.5909,2234.83,-0.713036,-0.5,0
066b0bf5-5f5a-4c95-a709-b1fc1d059f94,2025-10-24,28,0.6279,18,49353.01,2741.833889,1.0,649.91,5.0,6253.33,860,18.8235,649.91,-0.721557,0.0,0
06771e16-c89d-4440-9d23-12b982301e00,2025-10-24,45,0.2308,7,16829.37,2404.195714,0.0,0.0,1.0,2878.22,910,41.6667,2878.22,-1.0,-1.0,0
0833337f-d730-49c9-98d3-adc98d0ffdd5,2025-10-24,8,0.1787,6,11108.29,1851.381667,2.0,5197.7,4.0,8155.6,1007,53.6,3421.65,0.757226,0.0,0
08667cf4-ac3a-45ee-a2ce-c49435d37bd6,2025-10-24,201,0.1136,2,1819.54,909.77,0.0,0.0,0.0,0.0,528,83.0,1065.14,0.0,0.0,1
0915900f-d22e-42b0-8e9e-810e55498a13,2025-10-24,1,0.8177,29,81840.05,2822.07069,3.0,14662.13,13.0,32027.24,1064,12.0714,2567.78,0.154801,-0.5,0
091ba1e5-58cf-4e6c-badc-17dbe89dea69,2025-10-24,5,0.8538,29,77586.21,2675.386552,4.0,15743.98,12.0,26395.55,1019,14.75,8738.55,1.136881,-0.3333,0
097828d9-6691-4ec3-9ba8-624b866da2cf,2025-10-24,42,0.1682,3,6847.71,2282.57,0.0,0.0,1.0,800.12,535,85.0,800.12,-1.0,-1.0,0
099dc7e9-7010-498d-a042-18b5e023a832,2025-10-24,79,0.098,2,5797.05,2898.525,0.0,0.0,1.0,4651.84,612,43.0,4651.84,0.0,0.0,0
09c23830-7cee-4f7c-94cb-8d5486ccf53f,2025-10-24,161,0.0985,3,7553.96,2517.986667,0.0,0.0,0.0,0.0,914,40.0,2187.36,0.0,0.0,1
0b56c7b0-943b-425a-b6dc-6ab9f4e721ae,2025-10-24,150,0.14,3,4272.74,1424.246667,0.0,0.0,0.0,0.0,643,52.0,499.42,0.0,0.0,1
0b94772b-0571-4308-92cc-ac6baf2ac02b,2025-10-24,6,0.4677,14,51115.84,3651.131429,3.0,12720.06,4.0,14420.12,898,27.4615,3884.16,6.482124,2.0,0
0c75c934-71c3-45ff-9de2-91babfa75c3f,2025-10-24,60,0.2605,7,22847.69,3263.955714,0.0,0.0,2.0,2867.19,806,34.3333,2165.56,0.0,0.0,0
0c9d8d71-baa9-4ddf-936f-0c9137dc6dc6,2025-10-24,33,0.1141,4,7842.24,1960.56,0.0,0.0,2.0,3344.33,1052,77.0,1651.77,-1.0,-1.0,1
0d0e2d20-27bb-4c93-9f8f-b7710b37194a,2025-10-24,2,0.3523,12,51500.34,4291.695,2.0,6611.19,3.0,12446.41,1022,31.6364,433.16,0.0,0.0,0
0d5cae3a-3f1a-4ef0-b794-ba9364aaff19,2025-10-24,154,0.0778,2,4392.51,2196.255,0.0,0.0,0.0,0.0,771,53.0,2415.13,0.0,0.0,0
0e76c917-2eca-40e2-9cbd-346ac241a7fa,2025-10-24,58,0.1288,4,7311.34,1827.835,0.0,0.0,1.0,2881.75,932,33.6667,2881.75,-1.0,-1.0,0
0e79db9e-6873-435b-b29c-9f8be3977517,2025-10-24,61,0.1115,4,13203.99,3300.9975,0.0,0.0,1.0,5262.39,1076,67.3333,5262.39,0.0,0.0,1
0e83066e-d18a-4165-9e12-fbcb5945fbb6,2025-10-24,4,0.1439,4,7950.25,1987.5625,1.0,1358.86,2.0,2400.12,834,76.3333,1358.86,0.0,0.0,0
108df563-ddcd-4802-83f7-6f5da40664d0,2025-10-24,1,0.2738,7,19801.89,2828.841429,2.0,15387.85,5.0,18391.94,767,35.0,4709.99,4.1223,-0.3333,0
10cb2e84-0bd1-4b29-8db3-06ae3488789d,2025-10-24,46,0.4007,8,26675.75,3334.46875,0.0,0.0,2.0,4125.32,599,51.1429,3071.57,-1.0,-1.0,0
113fc32a-23b9-4b41-82f4-df6c2b1ae4ae,2025-10-24,22,0.2362,9,21599.01,2399.89,1.0,7552.69,3.0,15593.05,1143,34.5,7552.69,0.0,0.0,0
118ee786-a564-468b-9121-6d099423827f,2025-10-24,14,0.0953,3,14631.88,4877.293333,2.0,13491.91,2.0,13491.91,944,107.5,3421.65,0.0,0.0,0
119de36d-41b2-4136-a3a2-0b81cfcdf6f9,2025-10-24,3,0.2901,7,29197.98,4171.14,1.0,10601.2,3.0,15944.98,724,53.0,10601.2,0.0,0.0,0
121edff8-dfb7-4758-a559-7855430672f3,2025-10-24,74,0.5019,9,33307.39,3700.821111,0.0,0.0,1.0,324.95,538,28.125,324.95,0.0,0.0,0
12be2694-e03e-4703-878e-8ce9ad582cf1,2025-10-24,30,0.1094,4,12105.02,3026.255,0.0,0.0,1.0,1150.8,1097,113.6667,1150.8,-1.0,-1.0,0
12e7bad8-8e3d-4196-ba8d-b9d49a184b70,2025-10-24,66,0.0378,1,1030.41,1030.41,0.0,0.0,1.0,1030.41,794,0.0,1030.41,0.0,0.0,0
13995ae9-c50f-4813-b0ba-6e044fe0b9ef,2025-10-24,34,0.3815,11,34291.17,3117.379091,0.0,0.0,3.0,7762.74,865,32.0,4487.28,-1.0,-1.0,0
13b4e054-f5c9-4aaa-adb2-89ae2ad3a8bb,2025-10-24,12,0.1586,5,12629.91,2525.982,1.0,2835.15,1.0,2835.15,946,70.25,2835.15,0.0,0.0,1
13d8502b-672a-495d-a3f4-30157008db99,2025-10-24,16,0.1858,4,8761.8,2190.45,2.0,6006.44,3.0,8140.04,646,75.0,2517.56,1.815167,1.0,0
1445cd5d-91a8-417f-b07d-805a30ad7fb7,2025-10-24,7,0.2403,7,20662.05,2951.721429,2.0,12307.09,2.0,12307.09,874,45.5,11057.63,0.0,0.0,0
1686f723-a337-4bf4-aedd-21d353bffde6,2025-10-24,81,0.1573,3,4642.16,1547.386667,0.0,0.0,1.0,250.99,572,80.5,250.99,0.0,0.0,1
1762b46f-b7ef-481c-9e0b-7e6d2033bcf4,2025-10-24,19,1.4286,26,85304.87,3280.956538,1.0,8885.57,8.0,30183.02,546,16.04,8885.57,-0.233508,-0.75,0
1790c003-10df-448c-b85d-1632f261eb08,2025-10-24,238,0.099,2,1612.25,806.125,0.0,0.0,0.0,0.0,606,55.0,230.16,0.0,0.0,0
1838dbf6-d8cf-43f5-bebd-974415618eb5,2025-10-24,49,0.0329,1,3532.45,3532.45,0.0,0.0,1.0,3532.45,911,0.0,3532.45,-1.0,-1.0,1
18f1b310-96f4-4c2e-b99b-5b091b3e0999,2025-10-24,29,0.2618,7,21694.18,3099.168571,1.0,697.02,6.0,17312.21,802,18.0,697.02,-0.932872,-0.75,0
1948ea27-1b6a-4dd3-8c99-b399dcf88ed3,2025-10-24,5,0.5769,13,32990.12,2537.701538,2.0,8511.43,4.0,9348.48,676,17.5,2269.61,85.340333,1.0,0
1a467aee-8d4c-4127-8afb-fde18c339771,2025-10-24,4,0.424,12,37049.67,3087.4725,1.0,14208.45,5.0,18442.06,849,27.9091,14208.45,3.172035,-0.6667,0
1a980af4-4a6b-40eb-a9a0-f4ffc25c68aa,2025-10-24,7,0.2628,6,16422.83,2737.138333,1.0,5828.39,1.0,5828.39,685,62.4,5828.39,0.0,0.0,0
1b167ea1-66cf-416e-82fc-b6448dbddf75,2025-10-24,7,0.2959,8,28901.98,3612.7475,2.0,12127.27,4.0,14412.09,811,29.1429,10095.44,10.562445,1.0,0
1b1ed7c2-6b3b-4ab2-9092-bb1c6ed900ba,2025-10-24,60,0.1849,4,6348.66,1587.165,0.0,0.0,2.0,3042.02,649,59.0,1139.97,0.0,0.0,1
1c22a6c4-3de0-4f96-b62a-3a6edbbaf732,2025-10-24,0,0.843,29,60629.22,2090.662759,5.0,16339.76,13.0,25251.16,1032,13.2857,5328.17,0.960257,-0.1667,0
1fff1144-0a72-44bd-ae41-900fd84b9dec,2025-10-24,13,0.5099,18,67875.11,3770.839444,4.0,27184.81,6.0,30850.63,1059,21.4706,7527.83,6.415751,1.0,0
20538050-69a2-4a47-9dd1-b9142fb76c57,2025-10-24,0,0.1009,3,5003.44,1667.813333,1.0,720.09,1.0,720.09,892,110.0,720.09,0.0,0.0,0
2068266d-f715-474b-b293-1caa9d9e7b74,2025-10-24,14,0.1125,3,1710.53,570.176667,1.0,1080.17,1.0,1080.17,800,56.0,1080.17,0.0,0.0,0
20791844-68d1-4c47-8940-96e45daf918f,2025-10-24,2,0.6667,24,61687.38,2570.3075,2.0,4112.94,10.0,22809.54,1080,17.5652,2368.0,-0.759805,-0.7143,0
20862386-94e2-45f7-815a-43c7bc2f2b60,2025-10-24,11,0.1985,7,30460.89,4351.555714,2.0,14549.25,4.0,18899.41,1058,24.1667,12604.07,6.414386,1.0,0
21a51334-c936-4d66-b3de-22e7b162ade5,2025-10-24,44,0.1701,6,15241.01,2540.168333,0.0,0.0,2.0,6191.87,1058,59.8,3804.11,-1.0,-1.0,0
21b8e2ff-2ce2-406c-82b9-dd2073e3fc63,2025-10-24,58,0.0588,2,9355.49,4677.745,0.0,0.0,2.0,9355.49,1021,27.0,4905.76,-1.0,-1.0,0
2259bbe9-5f76-414c-ac70-cb078652ec8b,2025-10-24,266,0.039,1,2461.58,2461.58,0.0,0.0,0.0,0.0,769,0.0,2461.58,0.0,0.0,0
2277c61c-6a77-4651-9d4b-9cccf937b007,2025-10-24,25,0.0915,3,7895.76,2631.92,1.0,4775.53,1.0,4775.53,984,179.0,4775.53,0.0,0.0,0
229edd85-4113-4b2a-be5b-1cc986fd5173,2025-10-24,9,0.7623,17,45784.53,2693.207647,5.0,18527.3,10.0,30808.2,669,17.3125,5515.99,3.390355,1.5,0
22c9e11f-8a46-446c-a948-06b756976159,2025-10-24,4,0.3632,10,31078.86,3107.886,3.0,13914.59,7.0,18801.63,826,39.8889,2057.23,7.060401,2.0,0
2576b737-f022-4e9c-8640-a88226cea0ff,2025-10-24,18,0.7803,18,46105.26,2561.403333,3.0,13589.02,7.0,22575.1,692,18.5294,5017.44,2.172099,0.5,0
267963b4-ed35-41d7-b2ce-cc6088afbd06,2025-10-24,0,0.1861,5,9097.57,1819.514,1.0,2293.52,2.0,3089.47,806,34.75,2293.52,1.881488,0.0,0
27121f78-6ac9-48b9-bd1d-14e1b17b0217,2025-10-24,30,0.2456,7,9561.47,1365.924286,0.0,0.0,2.0,2118.66,855,44.3333,1952.69,-1.0,-1.0,0
272c06ef-927d-483b-b924-350e81ee8dfe,2025-10-24,28,0.0847,3,9011.67,3003.89,1.0,2097.69,1.0,2097.69,1062,108.0,2097.69,0.0,0.0,0
27415395-c694-42d4-a2b5-04dfddb578f5,2025-10-24,15,0.1815,7,11954.29,1707.755714,2.0,5660.07,4.0,7010.32,1157,59.8333,5040.63,3.191868,0.0,0
274dc0d8-8ff4-4a0e-a6cd-722b3eed949b,2025-10-24,125,0.0482,1,403.44,403.44,0.0,0.0,0.0,0.0,622,0.0,403.44,0.0,0.0,1
28db185a-0491-429f-bcbf-840c74d94b1e,2025-10-24,36,0.0858,2,1190.78,595.39,0.0,0.0,1.0,69.99,699,198.0,69.99,-1.0,-1.0,1
28e3eb2f-4e60-491c-8ecf-9260a4a4ced4,2025-10-24,20,0.6716,24,78613.4,3275.558333,2.0,9154.4,8.0,26863.95,1072,13.7826,8014.43,-0.249647,-0.5,0
28fe8878-f7c1-4a80-9dc8-ab4bf2bbd40a,2025-10-24,20,0.2174,5,6165.05,1233.01,2.0,1707.27,2.0,1707.27,690,55.75,183.39,0.0,0.0,0
29da7f9b-7059-4c90-999f-3737f7557ee5,2025-10-24,63,0.116,3,5895.96,1965.32,0.0,0.0,1.0,3702.09,776,82.5,3702.09,0.0,0.0,0
2b7d87b4-19c8-4ef8-88c3-9bc34019b9ea,2025-10-24,19,0.091,3,7362.06,2454.02,1.0,2274.18,2.0,6723.91,989,88.5,2274.18,-0.488917,0.0,1
2c1bec68-3786-4dae-bb18-e5be2c55ad92,2025-10-24,270,0.0294,1,1324.34,1324.34,0.0,0.0,0.0,0.0,1020,0.0,1324.34,0.0,0.0,0
2c3ca1b8-7c76-4a4c-80bf-5314fb7f22ae,2025-10-24,11,0.3614,14,39605.04,2828.931429,1.0,3353.27,4.0,9290.99,1162,28.8462,3353.27,1.949823,0.0,0
2c513a38-ffd7-477a-8bc7-7f96f8b9ca38,2025-10-24,217,0.0567,1,2387.76,2387.76,0.0,0.0,0.0,0.0,529,0.0,2387.76,0.0,0.0,0
2d2d74d8-47ee-4fdd-a00f-61966c2b1b25,2025-10-24,287,0.0402,1,2202.35,2202.35,0.0,0.0,0.0,0.0,747,0.0,2202.35,0.0,0.0,1
2e532847-959f-4087-bd6e-85a52170ee01,2025-10-24,85,0.1843,5,9026.83,1805.366,0.0,0.0,1.0,2586.99,814,27.0,2586.99,0.0,0.0,0
2fcab125-0690-4478-91f9-6c3b3e5eada3,2025-10-24,40,0.0902,3,2646.82,882.273333,0.0,0.0,1.0,533.4,998,94.5,533.4,-1.0,-1.0,0
2fd49fb9-c8b2-4ec3-b38c-a061a73e1168,2025-10-24,97,0.3562,9,23354.01,2594.89,0.0,0.0,0.0,0.0,758,27.125,1175.83,0.0,0.0,0
2fdb2470-7bb8-4ff4-90ef-b13139714701,2025-10-24,45,0.3266,7,12149.87,1735.695714,0.0,0.0,2.0,3680.4,643,50.6667,883.11,-1.0,-1.0,0
30234645-3e34-4245-a4e4-e0e65a95e222,2025-10-24,14,0.4983,10,15356.24,1535.624,2.0,2080.89,5.0,4094.16,602,24.3333,527.23,2.013686,1.0,0
3137607b-7cb7-42f6-bf45-44b8618d38d2,2025-10-24,77,0.6,11,26499.63,2409.057273,0.0,0.0,1.0,820.4,550,27.3,820.4,0.0,0.0,0
31e4bcb5-1a69-45eb-a2c7-5bfa73cdfca1,2025-10-24,23,0.5828,21,50392.63,2399.649048,1.0,6007.13,9.0,24417.7,1081,13.15,6007.13,-0.532309,-0.8333,0
32ab5f7d-2c86-49a3-b8c6-009538e6624d,2025-10-24,3,0.4394,11,28884.45,2625.859091,4.0,13682.26,6.0,16086.56,751,37.9,3128.76,7.59487,3.0,0
334ea671-bdee-4328-983b-35a799b372d6,2025-10-24,108,0.2342,9,20397.15,2266.35,0.0,0.0,0.0,0.0,1153,28.625,2161.31,0.0,0.0,0
3378475b-b350-4593-9546-01468d85dcd8,2025-10-24,13,0.4293,8,10285.64,1285.705,1.0,1501.78,3.0,3505.63,559,34.2857,1501.78,0.086601,0.0,0
33879d3b-ca28-410e-9d37-7a429d1c33aa,2025-10-24,44,0.1695,5,9800.34,1960.068,0.0,0.0,2.0,1445.86,885,93.25,649.91,-1.0,-1.0,0
33ee3ff1-854d-447c-b205-31e8f43b9b20,2025-10-24,9,0.1935,5,15393.27,3078.654,2.0,10759.44,2.0,10759.44,775,76.75,5853.68,0.0,0.0,0
342211c4-67cb-41aa-92dd-fdfb475efd26,2025-10-24,144,0.0447,1,2336.61,2336.61,0.0,0.0,0.0,0.0,671,0.0,2336.61,0.0,0.0,0
34a16a66-821a-489f-8fc2-67d38c8256d4,2025-10-24,38,0.2036,6,21869.99,3644.998333,0.0,0.0,2.0,5415.59,884,57.2,4703.33,-1.0,-1.0,0
34a5889e-5833-48a0-a0ba-44d9c14b5e71,2025-10-24,97,0.0971,2,2292.27,1146.135,0.0,0.0,0.0,0.0,618,90.0,1428.12,0.0,0.0,1
34f539cb-584e-4259-ac9f-44e6d5484ebf,2025-10-24,0,1.0876,24,63943.17,2664.29875,4.0,4015.46,11.0,23958.27,662,16.087,436.23,-0.567373,0.0,0
34fc1ab3-f5c6-4545-9ba9-158e780f74bd,2025-10-24,18,0.2508,8,17313.0,2164.125,2.0,5279.15,2.0,5279.15,957,42.4286,503.62,0.0,0.0,0
36526e5e-f875-4c3e-a8d6-c50ede833ade,2025-10-24,15,0.4747,10,37216.57,3721.657,2.0,12795.29,4.0,15283.99,632,35.0,10832.99,0.0,0.0,0
376ee9f0-6491-4a85-888a-05e690a5e05f,2025-10-24,302,0.0396,1,4726.52,4726.52,0.0,0.0,0.0,0.0,758,0.0,4726.52,0.0,0.0,0
3773055e-a1f8-4fba-8846-a4b4eca5c2b7,2025-10-24,17,0.2287,5,16269.52,3253.904,1.0,9343.12,1.0,9343.12,656,63.25,9343.12,0.0,0.0,0
37d5df97-0c87-4376-9107-d798341f0602,2025-10-24,32,0.0808,3,9609.56,3203.186667,0.0,0.0,1.0,3527.5,1114,36.0,3527.5,-1.0,-1.0,0
3907704e-d22a-40f9-9591-9c06dfc1b6d2,2025-10-24,0,0.6296,20,50695.65,2534.7825,5.0,18846.67,9.0,23113.09,953,19.8947,642.65,3.981187,1.5,0
399ee9ba-2674-41aa-a50a-7b370668b523,2025-10-24,10,0.2166,6,21105.01,3517.501667,1.0,6673.66,2.0,7626.26,831,48.6,6673.66,6.005732,0.0,0
3a2f88d5-e75e-4285-9b59-ed2b46276d42,2025-10-24,4,0.0813,3,7088.92,2362.973333,1.0,5835.53,1.0,5835.53,1107,95.5,5835.53,0.0,0.0,0
3a4a12e8-a3c4-4fe3-a0bc-ed28dee70ff0,2025-10-24,27,0.2346,7,13894.94,1984.991429,2.0,3679.29,2.0,3679.29,895,41.6667,846.28,0.0,0.0,0
3a8f7a32-89b6-42d8-b99a-bc1041025065,2025-10-24,374,0.0285,1,1076.88,1076.88,0.0,0.0,0.0,0.0,1051,0.0,1076.88,0.0,0.0,0
3b80de3a-118c-4393-9d4e-1994031e22b9,2025-10-24,57,0.2757,5,7842.16,1568.432,0.0,0.0,1.0,1523.88,544,38.25,1523.88,-1.0,-1.0,0
3bd0dd5d-7d24-48da-856a-69e393e5e5b9,2025-10-24,6,0.2646,8,18997.86,2374.7325,1.0,2708.24,4.0,8844.89,907,42.2857,2708.24,0.0,0.0,0
3cc7350b-72e0-4990-a2f4-79f0e19bfe72,2025-10-24,3,0.6562,25,53436.97,2137.4788,5.0,11989.52,11.0,18198.38,1143,15.75,740.05,0.931034,-0.1667,0
3ce5849f-19ca-4eca-8a46-e4a3b8828dc2,2025-10-24,9,0.1354,4,17072.96,4268.24,2.0,13819.37,3.0,14231.36,886,103.6667,5835.53,0.0,0.0,0
3d036612-3ff3-451e-a921-d163e55b4c30,2025-10-24,3,0.3096,10,24111.69,2411.169,2.0,6155.73,7.0,19776.85,969,28.3333,5588.78,1.200605,1.0,0
3da770f9-a532-48df-a2e4-cf550c263161,2025-10-24,7,0.5482,11,38446.59,3495.144545,4.0,22039.11,5.0,26125.03,602,25.6,5238.66,0.0,0.0,0
3de6f533-5503-4109-875b-33f40109353f,2025-10-24,10,0.3463,11,32695.81,2972.346364,3.0,9360.0,5.0,13508.3,953,35.3,2281.09,1.339643,2.0,0
3e80243e-ed4d-46b5-a4ec-9aa1107c32da,2025-10-24,2,0.5907,14,43683.45,3120.246429,1.0,1442.32,2.0,4109.32,711,26.6154,1442.32,0.0,0.0,0
3e8f3d31-4fdc-4858-8d58-87b8c70d1e61,2025-10-24,28,0.2269,5,13736.97,2747.394,1.0,2031.83,3.0,5062.94,661,77.5,2031.83,-0.129498,0.0,0
403ba4f6-3b05-4fb0-9c95-6068878e01b1,2025-10-24,4,0.5654,17,67684.4,3981.435294,4.0,15969.33,8.0,26679.26,902,23.9375,677.68,3.916151,3.0,0
40abd3f4-34c6-407b-8dfe-8ff445cce235,2025-10-24,30,0.247,9,15655.21,1739.467778,0.0,0.0,3.0,11439.14,1093,46.875,2073.14,-1.0,-1.0,0
414fbbd6-b12f-45a2-85f2-fd8a574567fa,2025-10-24,130,0.0568,2,1024.42,512.21,0.0,0.0,0.0,0.0,1056,137.0,705.35,0.0,0.0,1
41906a86-bd78-43ee-a9ab-5f93230c56a1,2025-10-24,39,0.4848,17,32966.88,1939.228235,0.0,0.0,6.0,9091.8,1052,23.375,2006.11,-1.0,-1.0,0
41cc51fc-74f3-43aa-b9e8-c4269becb375,2025-10-24,35,0.2807,9,25216.48,2801.831111,0.0,0.0,3.0,3171.21,962,34.5,1978.87,-1.0,-1.0,0
420464c7-e05c-4002-9ab4-902acb471c60,2025-10-24,4,0.4818,11,23165.31,2105.937273,2.0,5303.59,4.0,7499.45,685,37.6,3861.27,1.415268,0.0,0
42b4250f-96b0-4ca7-b063-8722469fafa6,2025-10-24,110,0.0923,2,6136.05,3068.025,0.0,0.0,0.0,0.0,650,11.0,497.92,0.0,0.0,0
43b1d0a0-404f-48c8-96ee-46291e3ceaa3,2025-10-24,73,0.2638,7,13771.21,1967.315714,0.0,0.0,1.0,1101.18,796,47.6667,1101.18,0.0,0.0,0
44e18ff7-c6c4-4f05-810a-10acda026843,2025-10-24,17,0.5305,18,59766.87,3320.381667,3.0,13577.39,5.0,22310.79,1018,17.9412,4459.77,2.330289,2.0,0
44e3f736-1e1f-478d-876f-f18c9b474ec7,2025-10-24,36,0.129,5,22316.03,4463.206,0.0,0.0,2.0,1177.93,1163,83.25,701.63,-1.0,-1.0,0
44f08084-85aa-46b5-8832-5d1d2b8db2cc,2025-10-24,261,0.0313,1,159.54,159.54,0.0,0.0,0.0,0.0,960,0.0,159.54,0.0,0.0,0
454e54ed-b5e4-4096-9693-090f3ddaa42e,2025-10-24,33,0.3596,7,21935.12,3133.588571,0.0,0.0,5.0,2885.77,584,51.0,553.48,-1.0,-1.0,0
456196a3-f5fd-4769-85c9-fe12f73de5b9,2025-10-24,1,0.7381,17,40786.25,2399.191176,3.0,8820.71,5.0,9744.78,691,20.8125,5835.53,8.5455,0.5,0
45b35575-e766-4b46-861c-910c86237813,2025-10-24,1,0.8036,24,55682.87,2320.119583,2.0,6030.36,9.0,20658.46,896,14.6957,1746.22,-0.091668,0.0,0
45b88888-2215-4e91-9647-006d4a1e9e88,2025-10-24,11,0.2276,6,18584.4,3097.4,1.0,1457.87,1.0,1457.87,791,37.6,1457.87,0.0,0.0,0
46131e6b-4c77-4840-8255-973dc2b72450,2025-10-24,29,0.1724,6,9169.3,1528.216667,1.0,401.92,2.0,878.22,1044,50.6,401.92,0.0,0.0,0
4625383b-ddb9-4a4e-8e05-f4c0efbb0b38,2025-10-24,155,0.0347,1,7151.97,7151.97,0.0,0.0,0.0,0.0,864,0.0,7151.97,0.0,0.0,0
46b19404-7f1c-4813-a3e9-8ad7066efbfb,2025-10-24,42,0.1613,3,12362.76,4120.92,0.0,0.0,2.0,2943.29,558,50.0,1003.05,-1.0,-1.0,1
46ced229-ee4c-418c-badd-2f91fc1ab760,2025-10-24,11,0.2517,6,18111.92,3018.653333,1.0,7997.34,1.0,7997.34,715,51.2,7997.34,0.0,0.0,0
46df1799-2ada-4ee5-af3b-e819f704a921,2025-10-24,145,0.0258,1,2128.71,2128.71,0.0,0.0,0.0,0.0,1163,0.0,2128.71,0.0,0.0,0
48689e01-09c4-46f3-9d8e-5d6c440e56cb,2025-10-24,2,0.1585,6,13276.75,2212.791667,1.0,568.54,3.0,5412.63,1136,56.4,568.54,0.0,0.0,0
48871682-8627-402c-b359-46e536c8c5f8,2025-10-24,8,0.3306,8,14856.73,1857.09125,2.0,6260.46,3.0,6516.11,726,47.1429,971.4,0.0,0.0,0
4985763f-1aec-4bc7-8147-1beeb7a2d9c0,2025-10-24,0,0.1556,6,8244.03,1374.005,2.0,3968.64,3.0,5684.76,1157,51.4,2914.19,1.312566,1.0,0
49d4f65c-a7f6-423f-97b2-75571396471e,2025-10-24,4,0.1923,4,15726.1,3931.525,1.0,3026.13,1.0,3026.13,624,117.0,3026.13,0.0,0.0,0
4db8450b-3473-4e34-abb8-61b270b04333,2025-10-24,11,0.2184,6,9260.2,1543.366667,1.0,3365.42,3.0,7175.88,824,66.2,3365.42,0.222482,0.0,0
4ed5562c-399a-4f63-8123-7496d2617ad8,2025-10-24,18,0.2675,7,23025.6,3289.371429,1.0,4062.37,3.0,9460.82,785,28.6667,4062.37,0.234406,0.0,0
4ee7f9a8-1985-4e04-82b5-332cbc70c187,2025-10-24,28,0.3937,10,16366.93,1636.693,1.0,1655.93,6.0,5202.18,762,33.5556,1655.93,0.339782,0.0,0
4f4f2ef2-6350-45b8-af19-6bd90adfc454,2025-10-24,5,0.6542,21,49278.56,2346.598095,4.0,7659.41,7.0,13272.59,963,12.35,1093.41,0.36454,0.3333,0
505deb96-02b0-4484-ae43-533961fa661d,2025-10-24,67,0.3978,12,21188.89,1765.740833,0.0,0.0,2.0,1871.2,905,21.3636,1428.12,0.0,0.0,0
5097dfe0-2eb9-4792-a52b-170cf10ad290,2025-10-24,261,0.0468,1,390.54,390.54,0.0,0.0,0.0,0.0,641,0.0,390.54,0.0,0.0,0
5173c47a-a140-490b-afc1-af84817a605e,2025-10-24,0,0.2475,9,30844.99,3427.221111,3.0,12161.12,5.0,18165.31,1091,41.0,7983.84,4.365026,2.0,0
51833259-a233-414c-85fb-6ed59e50dfed,2025-10-24,5,0.8824,19,66160.39,3482.125789,3.0,18612.58,4.0,21151.42,646,22.3333,5847.02,6.331135,2.0,0
528aa423-6b23-4a2a-8e8b-d2c5976a5484,2025-10-24,26,0.1633,4,17185.78,4296.445,1.0,3091.22,2.0,3644.7,735,39.3333,3091.22,4.585062,0.0,0
529b58fc-1d6b-4a46-bcf3-bd50c058a284,2025-10-24,75,0.2387,6,16318.83,2719.805,0.0,0.0,2.0,5903.7,754,41.0,2622.11,0.0,0.0,0
532c0027-0a87-4b04-8cd6-433b7eda14e0,2025-10-24,23,0.1082,3,11051.96,3683.986667,1.0,472.46,1.0,472.46,832,128.0,472.46,0.0,0.0,0
5379215b-cc4c-4e00-a6c5-27be458826a0,2025-10-24,304,0.0281,1,3053.65,3053.65,0.0,0.0,0.0,0.0,1066,0.0,3053.65,0.0,0.0,0
53cf422c-89ff-449d-9e2b-509585fbfa93,2025-10-24,199,0.0858,2,5308.94,2654.47,0.0,0.0,0.0,0.0,699,122.0,1041.26,0.0,0.0,0
54739a70-fe3b-45f0-b6da-5eb96fddebc6,2025-10-24,13,0.9309,22,53999.13,2454.505909,3.0,5097.03,8.0,18120.92,709,16.0,1614.36,-0.201297,0.5,0
549276f5-7982-4ddd-9090-30fd37f31bf6,2025-10-24,2,0.3634,11,34494.91,3135.900909,1.0,7104.23,4.0,14097.61,908,26.0,7104.23,0.873034,-0.5,0
556c3740-52fd-4022-8755-b92b9fa5342d,2025-10-24,4,0.2905,11,33592.63,3053.875455,3.0,10154.51,5.0,10954.11,1136,39.8,9086.74,0.0,0.0,0
5705b303-d99b-47e5-9620-2ac37d16bf70,2025-10-24,8,0.1648,3,4114.21,1371.403333,1.0,1286.01,1.0,1286.01,546,104.5,1286.01,0.0,0.0,1
575ab059-021e-48cf-a1f6-39e5a9719349,2025-10-24,57,0.2323,7,21128.63,3018.375714,0.0,0.0,3.0,6126.01,904,40.8333,1523.88,-1.0,-1.0,0
5768b4fe-4e94-4a79-bf94-aec56843c229,2025-10-24,26,0.1513,3,4155.23,1385.076667,1.0,701.63,2.0,1742.89,595,66.5,701.63,-0.326172,0.0,1
5772f550-5886-44ab-b618-cc525d22c053,2025-10-24,7,1.654,29,80077.94,2761.308276,4.0,17052.71,8.0,25049.23,526,13.6429,9124.4,5.80193,1.0,0
5828d313-995e-4774-b19c-e8ac7bc3daea,2025-10-24,109,0.0528,2,662.0,331.0,0.0,0.0,0.0,0.0,1136,196.0,478.61,0.0,0.0,0
585a8991-c44f-4e18-b8e0-6283bf6f9aff,2025-10-24,101,0.1817,7,22340.91,3191.558571,0.0,0.0,0.0,0.0,1156,47.3333,2853.08,0.0,0.0,0
58894319-515e-4488-9e5c-39efd9a4d7ad,2025-10-24,30,0.1038,2,7474.72,3737.36,0.0,0.0,2.0,7474.72,578,13.0,2060.81,-1.0,-1.0,0
59749859-a81e-48e6-bc39-a362a3eada9b,2025-10-24,11,0.4631,9,32136.98,3570.775556,1.0,1918.31,4.0,11705.5,583,21.5,1918.31,0.0,0.0,0
5a2542d2-8392-4c53-bbf2-259d1b7de2ba,2025-10-24,17,0.6338,12,31980.92,2665.076667,2.0,2132.17,5.0,8296.43,568,20.9091,578.51,-0.654108,-0.3333,0
5a60bb30-d49d-430c-b819-619528fa0373,2025-10-24,102,0.2336,5,7990.59,1598.118,0.0,0.0,0.0,0.0,642,62.0,2279.95,0.0,0.0,0
5b8f23c7-fa9a-4a08-9a59-251fb715af18,2025-10-24,102,0.0546,2,9172.38,4586.19,0.0,0.0,0.0,0.0,1099,241.0,2752.94,0.0,0.0,0
5be61d8d-e5a3-403f-b61d-c9096e40b7fb,2025-10-24,76,0.0989,3,6978.78,2326.26,0.0,0.0,2.0,5333.3,910,66.0,2451.55,0.0,0.0,0
5c9d29aa-2355-42b6-b1a3-3b942397745f,2025-10-24,52,0.0902,2,2039.49,1019.745,0.0,0.0,2.0,2039.49,665,5.0,989.44,-1.0,-1.0,1
5cda614e-b389-4e48-8b36-5612a91c11ba,2025-10-24,2,0.0802,2,2968.86,1484.43,1.0,1064.71,2.0,2968.86,748,76.0,1064.71,0.0,0.0,0
5d474fc4-7a12-42c7-9f36-de03cfef0e40,2025-10-24,6,0.0355,1,1340.9,1340.9,1.0,1340.9,1.0,1340.9,844,0.0,1340.9,0.0,0.0,0
5d5fa6d8-0ad7-4ade-be35-1c481b16b275,2025-10-24,29,0.5929,15,38416.47,2561.098,1.0,1775.24,4.0,8108.35,759,23.0,1775.24,-0.719689,-0.6667,0
600950e2-e195-4863-b978-6b55ea2f8a24,2025-10-24,29,0.3088,7,9989.9,1427.128571,1.0,3501.13,3.0,8678.61,680,40.0,3501.13,0.0,0.0,0
60ce8a0f-d7a4-4ed2-ac8e-6e0a87d50d90,2025-10-24,10,0.2422,9,30729.79,3414.421111,2.0,18120.38,5.0,26265.9,1115,27.25,8124.74,1.724566,0.0,0
60fc3a69-d7a0-4445-b08b-d165e0bc4928,2025-10-24,30,0.1109,4,8665.93,2166.4825,0.0,0.0,2.0,5847.66,1082,82.0,1195.82,-1.0,-1.0,0
614d73fd-8846-4895-a773-7898e1678216,2025-10-24,44,0.3641,10,29195.92,2919.592,0.0,0.0,2.0,5432.01,824,34.1111,5152.04,-1.0,-1.0,0
6160ef49-2fc6-47b6-b9f2-400cbd267250,2025-10-24,58,0.0557,1,390.54,390.54,0.0,0.0,1.0,390.54,539,0.0,390.54,-1.0,-1.0,0
61ca8ccc-59b9-4f6f-84a3-e49d67fbff34,2025-10-24,66,0.1117,3,8904.05,2968.016667,0.0,0.0,1.0,1057.81,806,81.0,1057.81,0.0,0.0,0
6272b3b9-197b-4be0-bf82-5b6e74a51d18,2025-10-24,68,0.2017,7,24834.27,3547.752857,0.0,0.0,2.0,2919.32,1041,38.5,1775.24,0.0,0.0,0
62795829-338f-4ef4-a58a-8b4df43e37ed,2025-10-24,10,0.1587,4,17371.24,4342.81,2.0,16157.91,3.0,17022.06,756,128.6667,3846.19,0.0,0.0,1
627dfaf1-6d87-43b0-9cba-68f9d7c5bf7f,2025-10-24,13,0.052,1,10601.2,10601.2,1.0,10601.2,1.0,10601.2,577,0.0,10601.2,0.0,0.0,0
63482ea8-4c3c-4a09-bce4-da0866c26116,2025-10-24,1,0.1085,2,9140.35,4570.175,2.0,9140.35,2.0,9140.35,553,14.0,7824.29,0.0,0.0,1
64e3a695-4ab9-479c-87df-f1660c87338c,2025-10-24,58,0.0368,1,1573.27,1573.27,0.0,0.0,1.0,1573.27,815,0.0,1573.27,-1.0,-1.0,0
655a8a99-8ea7-4fab-8686-b6e0a9369c3b,2025-10-24,44,0.1465,4,6953.72,1738.43,0.0,0.0,1.0,1700.06,819,36.3333,1700.06,-1.0,-1.0,0
66581e52-4a91-4e5a-9db9-6ea7faad6977,2025-10-24,28,0.1754,4,7691.44,1922.86,1.0,2853.08,1.0,2853.08,684,114.0,2853.08,0.0,0.0,0
66aa9f2d-de6b-4def-8269-b6d0177dbf9a,2025-10-24,3,0.7187,27,83748.6,3101.8,3.0,12854.71,9.0,25198.44,1127,14.6154,958.63,12.00176,2.0,0
66c93c21-5319-42bd-aee5-a4af817f02a3,2025-10-24,8,0.0915,2,8068.36,4034.18,1.0,4590.15,1.0,4590.15,656,148.0,4590.15,0.0,0.0,1
6774c3a7-d951-43fa-9c75-eaca2ced5391,2025-10-24,8,0.6329,20,51382.95,2569.1475,5.0,18550.27,8.0,23885.24,948,20.2632,6447.22,6.243851,1.5,0
679c79cb-5d90-434a-a13e-d63368ba0b98,2025-10-24,168,0.0538,2,2052.38,1026.19,0.0,0.0,0.0,0.0,1116,137.0,1216.14,0.0,0.0,0
67fc2766-666c-4de5-9a16-9a35603b9a46,2025-10-24,5,0.2243,4,22129.21,5532.3025,1.0,764.91,1.0,764.91,535,110.6667,764.91,0.0,0.0,0
6853ff18-9673-4369-b96a-eb7e1eb71169,2025-10-24,28,0.2277,8,27952.83,3494.10375,1.0,1699.8,3.0,7899.61,1054,33.8571,1699.8,-0.426918,0.0,0
6892976f-0a64-4372-bcd7-14d6113ea6e2,2025-10-24,48,0.1927,7,12332.07,1761.724286,0.0,0.0,2.0,1801.72,1090,42.0,760.46,-1.0,-1.0,0
69008e38-87df-4edc-8e0c-02e44a0802a3,2025-10-24,0,0.1762,4,5459.18,1364.795,1.0,1486.59,3.0,4993.61,681,80.3333,1486.59,-0.57611,-0.5,1
69223a3a-0e99-457c-b139-53a914126da0,2025-10-24,354,0.0274,1,7771.19,7771.19,0.0,0.0,0.0,0.0,1095,0.0,7771.19,0.0,0.0,1
69b42ebe-0ce1-4f78-b8cd-1bb12a098250,2025-10-24,2,0.0516,2,5083.74,2541.87,1.0,745.92,1.0,745.92,1162,128.0,745.92,0.0,0.0,0
6a03d7f7-9095-4c61-b549-95cd16aba353,2025-10-24,85,0.0559,2,3383.83,1691.915,0.0,0.0,1.0,2833.43,1073,63.0,2833.43,0.0,0.0,0
6a7efc18-882b-4c4c-a75d-1b8aecdbf4a6,2025-10-24,5,0.2847,11,9683.99,880.362727,4.0,3541.05,4.0,3541.05,1159,23.9,643.01,0.0,0.0,0
6b35501e-08f6-41b4-8699-30281befd8ec,2025-10-24,15,0.3431,7,24370.02,3481.431429,1.0,436.23,1.0,436.23,612,65.0,436.23,0.0,0.0,0
6bb31b8a-5c85-4549-9106-7183256248ff,2025-10-24,1,0.503,14,29345.3,2096.092857,3.0,3068.91,8.0,15926.02,835,25.6154,1529.82,-0.73902,0.0,0
6cad4c9f-a37c-452d-9e24-b927cd585be0,2025-10-24,2,0.1069,3,8251.02,2750.34,1.0,3885.6,1.0,3885.6,842,159.0,3885.6,0.0,0.0,0
6ccef97b-c165-4c24-aa1d-00119b8315f2,2025-10-24,12,0.2198,6,21709.25,3618.208333,1.0,1210.78,3.0,6559.93,819,38.0,1210.78,-0.750444,0.0,0
6d07afb5-e45f-49c8-8fe6-ab313f89ab9c,2025-10-24,0,0.6336,20,55270.36,2763.518,4.0,4119.47,10.0,17872.67,947,13.5263,2831.88,-0.132792,1.0,0
6dd97a45-7233-4f75-bf2b-a02f9e2403f5,2025-10-24,16,0.519,10,34567.73,3456.773,2.0,9620.14,5.0,16721.1,578,40.7778,9086.74,0.354766,-0.3333,0
6e04016c-b9dc-4b48-ac9b-8e9eff3d52ef,2025-10-24,24,0.2477,9,18713.08,2079.231111,1.0,1139.97,3.0,2400.36,1090,14.0,1139.97,-0.095542,-0.5,0
6f363f3d-a553-4343-928a-865ef7efa488,2025-10-24,55,0.163,4,13564.81,3391.2025,0.0,0.0,1.0,5250.26,736,100.0,5250.26,-1.0,-1.0,0
6f43c820-6bb0-443a-a276-f436ff5cc816,2025-10-24,12,0.2534,5,16634.41,3326.882,1.0,4284.14,4.0,11045.63,592,74.75,4284.14,-0.366391,-0.6667,0
6fb7d847-f44b-41dc-a325-7b26c61cbc96,2025-10-24,2,0.5154,19,44921.12,2364.269474,6.0,18854.47,8.0,20114.86,1106,19.6667,3825.13,13.959235,2.0,0
7010920b-f9d5-4e97-9d6a-a57cfe832fad,2025-10-24,3,0.5711,15,31803.53,2120.235333,3.0,6760.85,5.0,10001.34,788,23.5714,671.5,1.086367,0.5,0
70803e0f-518e-4300-9d6d-cec5780970aa,2025-10-24,1,0.0555,2,5264.67,2632.335,1.0,4984.7,1.0,4984.7,1081,91.0,4984.7,0.0,0.0,0
726b4f75-d374-4f7f-bf66-eff61209fe02,2025-10-24,42,0.1211,3,2173.7,724.566667,0.0,0.0,2.0,1640.3,743,91.5,560.4,-1.0,-1.0,1
72f79579-0a70-4cc7-8b0e-7b204ff9f789,2025-10-24,9,0.094,2,4052.67,2026.335,1.0,1672.48,2.0,4052.67,638,77.0,1672.48,0.0,0.0,1
731fe7b0-483a-4068-a5c1-e8ce074a22e2,2025-10-24,180,0.0514,1,1858.31,1858.31,0.0,0.0,0.0,0.0,584,0.0,1858.31,0.0,0.0,1
73c3d633-4b34-49ad-a380-07fa31442bd6,2025-10-24,24,0.3433,8,15999.22,1999.9025,1.0,803.84,3.0,6562.8,699,32.7143,803.84,0.306229,0.0,0
744605d3-9330-457d-9c53-8b4b59950976,2025-10-24,2,0.6792,18,39457.89,2192.105,3.0,6464.58,8.0,14299.15,795,21.4118,1840.65,-0.105397,-0.25,0
75e7956b-bba4-4d50-aa4d-f8061fa9b378,2025-10-24,49,0.0692,2,10404.66,5202.33,0.0,0.0,1.0,2538.84,867,111.0,2538.84,-1.0,-1.0,0
7613c703-00a5-4fcd-b61f-b4f85bd36ac2,2025-10-24,7,0.3264,12,26326.19,2193.849167,2.0,4723.9,3.0,5114.44,1103,24.5455,2101.79,0.0,0.0,1
76c7e6e2-ab70-4430-9c0e-611b3e8e3f7d,2025-10-24,54,0.1561,6,28966.02,4827.67,0.0,0.0,1.0,2833.01,1153,43.6,2833.01,-1.0,-1.0,0
76fd4673-a6d4-4503-8346-4fa08b56a6d8,2025-10-24,31,0.0365,1,823.98,823.98,0.0,0.0,1.0,823.98,821,0.0,823.98,-1.0,-1.0,0
78106c04-2615-4323-b215-3172fb34fc72,2025-10-24,51,0.3237,9,38939.25,4326.583333,0.0,0.0,1.0,3527.5,834,38.25,3527.5,-1.0,-1.0,0
782ae5d7-a09e-4973-a2b3-29bacbb5efa9,2025-10-24,123,0.0376,1,4857.9,4857.9,0.0,0.0,0.0,0.0,798,0.0,4857.9,0.0,0.0,0
785c7075-fbd8-42f7-b26f-e1aadc18eebc,2025-10-24,108,0.0517,2,2888.99,1444.495,0.0,0.0,0.0,0.0,1161,19.0,701.63,0.0,0.0,0
79ce75bd-e156-4762-a109-91880fa27abc,2025-10-24,1,0.5474,21,52402.45,2495.354762,4.0,9987.25,7.0,16125.72,1151,15.35,5437.82,0.87085,1.0,0
7b3011de-1fd5-49d7-8cd0-565a3af5b5da,2025-10-24,9,0.7273,20,40873.47,2043.6735,3.0,13956.29,8.0,26635.89,825,16.0,767.32,0.974831,0.5,0
7b5dbebc-9a0e-4613-8844-f85ea0bc161d,2025-10-24,13,0.0664,2,11922.59,5961.295,1.0,7722.38,1.0,7722.38,903,215.0,7722.38,0.0,0.0,0
7bb9c97f-e27e-426f-b400-1ecf5e49b6f2,2025-10-24,8,0.1613,5,15821.81,3164.362,1.0,3861.27,3.0,7862.68,930,33.5,3861.27,0.216746,0.0,0
7be8de25-a69e-4e0f-9ac9-cd6405a73f68,2025-10-24,33,0.0933,2,7354.56,3677.28,0.0,0.0,1.0,1562.15,643,98.0,1562.15,-1.0,-1.0,0
7d31f2fa-4d24-4819-aa43-8ca6f961480f,2025-10-24,374,0.0489,1,3834.51,3834.51,0.0,0.0,0.0,0.0,613,0.0,3834.51,0.0,0.0,1
7d5e174f-f3d2-488e-99b3-a0591b1a9319,2025-10-24,9,0.0985,3,5408.27,1802.756667,1.0,896.26,2.0,3672.83,914,124.5,896.26,0.0,0.0,0
7dc50afb-0eaa-4b38-8b2f-04eb2c57446e,2025-10-24,1,0.1977,4,8010.53,2002.6325,1.0,1923.1,2.0,4020.79,607,128.3333,1923.1,-0.08323,0.0,0
7dd67799-87bf-4c47-944e-e495c976e50e,2025-10-24,33,0.1795,6,9721.76,1620.293333,0.0,0.0,2.0,887.96,1003,53.6,568.39,-1.0,-1.0,0
7e1ea714-6fe4-494e-9554-750dbe019c23,2025-10-24,78,0.0773,3,10935.65,3645.216667,0.0,0.0,1.0,1726.29,1164,128.0,1726.29,0.0,0.0,0
80425ba2-13bc-407f-9a1c-ff4f30480010,2025-10-24,12,0.338,13,29266.37,2251.259231,1.0,755.93,5.0,10326.31,1154,24.9167,755.93,-0.90716,-0.6667,0
8081cb55-1e73-484f-b6fe-79fe7087f185,2025-10-24,159,0.0327,1,1188.93,1188.93,0.0,0.0,0.0,0.0,917,0.0,1188.93,0.0,0.0,1
809a4c1b-22b1-4046-b62e-5ca84f41ae56,2025-10-24,82,0.1,2,2010.48,1005.24,0.0,0.0,1.0,1655.43,600,160.0,1655.43,0.0,0.0,0
81038b9d-eef0-443c-9635-a2e4c4df490f,2025-10-24,17,0.1542,4,16728.11,4182.0275,1.0,3421.65,1.0,3421.65,778,121.0,3421.65,0.0,0.0,0
81aa5e22-d678-428b-b005-9b81178d3a85,2025-10-24,39,0.3576,10,21860.86,2186.086,0.0,0.0,2.0,7983.69,839,32.0,4671.82,-1.0,-1.0,0
82241b4b-7959-4079-9369-bbfcffcbc453,2025-10-24,3,0.5556,16,49320.72,3082.545,2.0,10942.85,5.0,17984.55,864,23.2,9995.64,0.0,0.0,0
824fbcc7-5420-4ca2-84b0-15b0b4a2292b,2025-10-24,22,0.1241,4,11909.91,2977.4775,1.0,4442.78,2.0,9693.04,967,75.3333,4442.78,0.0,0.0,0
826855e8-3a9a-4032-ad5b-6ca64c822572,2025-10-24,34,0.1856,5,15183.46,3036.692,0.0,0.0,3.0,11400.86,808,59.0,3268.48,-1.0,-1.0,0
82c5a7aa-2ec7-45dc-9d03-be3531473f2f,2025-10-24,80,0.1121,2,3841.35,1920.675,0.0,0.0,1.0,2860.2,535,197.0,2860.2,0.0,0.0,0
82d60e37-f049-4852-9464-c94b4e5c3244,2025-10-24,28,0.5891,13,19676.71,1513.593077,1.0,797.69,5.0,6786.0,662,18.5833,797.69,-0.866792,-0.75,0
83d0d0b7-7f58-49ea-8dc3-fee8c20efb50,2025-10-24,114,0.0502,1,4671.82,4671.82,0.0,0.0,0.0,0.0,598,0.0,4671.82,0.0,0.0,0
83fe13f3-1026-46b2-9abd-d7277ea2f653,2025-10-24,138,0.0931,3,5204.3,1734.766667,0.0,0.0,0.0,0.0,967,99.5,3015.43,0.0,0.0,0
855f6897-60c0-42cc-aa5a-bbcf4dfcfd28,2025-10-24,18,0.271,10,24039.4,2403.94,2.0,11629.91,3.0,12447.09,1107,26.7778,6645.21,13.23176,1.0,0
86208847-cfb3-449d-a634-075a2b7c33cc,2025-10-24,31,0.3633,7,9496.67,1356.667143,0.0,0.0,3.0,1133.27,578,64.5,533.4,-1.0,-1.0,0
86ab916f-9734-41f0-b5c0-9bbc082b3251,2025-10-24,4,1.094,26,67373.62,2591.293077,6.0,18161.21,10.0,29406.75,713,15.96,9086.74,3.707806,5.0,0
87b06d02-c4e0-4e44-a8d4-a21cdc592676,2025-10-24,35,0.5038,11,27597.14,2508.830909,0.0,0.0,3.0,7717.99,655,27.1,4121.63,-1.0,-1.0,0
8867ed0f-4c50-4aa9-8fb4-993893bd97df,2025-10-24,115,0.148,3,8458.38,2819.46,0.0,0.0,0.0,0.0,608,79.5,1144.08,0.0,0.0,0
88f8cded-9e9f-4c71-9504-8cae260151bf,2025-10-24,70,0.1134,4,7469.54,1867.385,0.0,0.0,2.0,2031.92,1058,67.0,376.49,0.0,0.0,0
8aa74529-c59e-4daf-9b98-321ebfce7306,2025-10-24,20,1.3757,26,48237.52,1855.289231,4.0,10907.65,9.0,24256.39,567,13.96,6155.87,0.56508,0.3333,0
8b278dae-e043-44f3-a5f0-8466df24d3a2,2025-10-24,13,0.6686,23,40374.86,1755.428696,1.0,3077.93,6.0,11652.53,1032,15.8182,3077.93,-0.535566,-0.6667,0
8bd2e91f-b7be-4b2c-95e8-9b9f6936c3fe,2025-10-24,9,0.2905,11,25541.16,2321.923636,1.0,1494.38,2.0,3532.85,1136,32.7,1494.38,0.0,0.0,0
8bf0cc1f-c9f7-4393-806f-86bce9acf23a,2025-10-24,115,0.0546,2,6647.36,3323.68,0.0,0.0,0.0,0.0,1099,233.0,5562.17,0.0,0.0,0
8d58c937-6e14-4be1-98f6-33ea0a28136f,2025-10-24,207,0.0324,1,1403.26,1403.26,0.0,0.0,0.0,0.0,927,0.0,1403.26,0.0,0.0,0
8d6d15dd-e8cf-4c06-aacd-238932fec46c,2025-10-24,51,0.1648,3,3362.32,1120.773333,0.0,0.0,2.0,3043.25,546,28.0,2622.11,-1.0,-1.0,0
8daa11dd-d410-44bf-a0de-622a9ca7c78d,2025-10-24,14,0.8257,21,55063.61,2622.076667,2.0,6407.32,8.0,16763.78,763,14.6,6052.27,0.325398,-0.3333,0
8de2f61f-499f-4ce6-a7d6-a5e9b9219f67,2025-10-24,23,0.094,3,17705.35,5901.783333,1.0,7849.98,2.0,12553.31,957,83.0,7849.98,0.669026,0.0,0
8f10e8bf-c7a4-4bd6-93ce-4de936a938ef,2025-10-24,3,0.6215,15,46732.74,3115.516,3.0,16881.62,6.0,22494.31,724,18.5,5712.39,2.007759,0.0,0
9013910b-257e-462f-8142-555578e385a5,2025-10-24,47,0.2857,8,27583.09,3447.88625,0.0,0.0,2.0,6225.04,840,39.4286,3281.59,-1.0,-1.0,0
90ef6a35-c0dc-4b20-aede-0d1b3e525838,2025-10-24,16,0.1606,5,24472.64,4894.528,1.0,7936.87,2.0,9652.99,934,74.0,7936.87,3.624892,0.0,0
910bd8ae-df74-4feb-9e1a-4e8966115c12,2025-10-24,41,0.2029,6,11563.81,1927.301667,0.0,0.0,1.0,2158.66,887,60.8,2158.66,-1.0,-1.0,0
911f8116-248a-4e3d-afb4-62a632746852,2025-10-24,6,1.1511,32,59667.72,1864.61625,2.0,4985.01,13.0,22332.61,834,11.3548,4569.9,-0.284812,-0.6,0
918ccc0d-7add-4cda-bb90-29b5623f6d86,2025-10-24,90,0.1014,3,5095.22,1698.406667,0.0,0.0,0.0,0.0,888,109.0,411.99,0.0,0.0,0
91f0a872-33ad-4dbe-9801-ac03b375f584,2025-10-24,24,0.4594,10,27722.76,2772.276,1.0,1363.45,3.0,6728.07,653,37.7778,1363.45,-0.745844,-0.5,0
93700c9c-7e7e-4bad-b154-5e6644ddc5c9,2025-10-24,80,0.0558,1,4851.74,4851.74,0.0,0.0,1.0,4851.74,538,0.0,4851.74,0.0,0.0,1
93d32257-e39c-4554-a773-cc81769f2c6b,2025-10-24,91,0.0393,1,1440.87,1440.87,0.0,0.0,0.0,0.0,764,0.0,1440.87,0.0,0.0,0
953c5953-375c-42a1-89e5-7b370fa868be,2025-10-24,36,0.0642,2,1039.0,519.5,0.0,0.0,1.0,250.99,934,122.0,250.99,-1.0,-1.0,0
957f9181-281b-4ff6-9370-462fb40cb6e5,2025-10-24,57,0.1523,5,14138.4,2827.68,0.0,0.0,1.0,1591.91,985,43.0,1591.91,-1.0,-1.0,0
97a7e174-c5da-4d97-b94b-09d5f4788809,2025-10-24,6,0.2822,10,37362.84,3736.284,2.0,10455.27,5.0,17221.55,1063,38.8889,2396.57,1.35894,0.0,0
97bc17e3-9ca0-45a3-a8dd-947696378bf7,2025-10-24,49,0.1286,3,14027.25,4675.75,0.0,0.0,1.0,3109.55,700,54.0,3109.55,-1.0,-1.0,1
97c341f3-26c0-47ee-949b-ec2349709b82,2025-10-24,13,0.5327,16,53502.85,3343.928125,2.0,13486.15,4.0,21098.13,901,25.8667,12432.4,4.410258,1.0,0
98156cab-3a92-4dfa-9d5a-4e1528c73b35,2025-10-24,15,0.0563,2,2544.31,1272.155,1.0,2224.74,2.0,2544.31,1065,50.0,2224.74,0.0,0.0,0
98c0d934-599f-43f0-b624-02fafa9a625d,2025-10-24,17,0.5291,10,15986.55,1598.655,2.0,3974.99,6.0,10480.63,567,23.6667,3575.73,-0.147435,0.0,0
9a48cdff-42f6-4b91-80ce-e531f3622d2b,2025-10-24,26,0.3825,7,13553.27,1936.181429,1.0,3957.74,3.0,6496.89,549,36.0,3957.74,0.0,0.0,0
9ada7a7c-35d9-4619-9117-c1d9c05f08e9,2025-10-24,240,0.0344,1,697.02,697.02,0.0,0.0,0.0,0.0,873,0.0,697.02,0.0,0.0,0
9b131352-2e3f-4966-865e-a01b50bde6e5,2025-10-24,59,0.4144,15,30524.92,2034.994667,0.0,0.0,2.0,3868.69,1086,23.7857,1533.37,-1.0,-1.0,0
9b4342ff-79f2-40db-9669-bbab65d50e2f,2025-10-24,180,0.2058,4,10068.68,2517.17,0.0,0.0,0.0,0.0,583,48.0,1057.81,0.0,0.0,0
9c60f8cc-bb5f-4a3b-9a8b-95367617a69c,2025-10-24,0,0.1933,6,15998.82,2666.47,3.0,9894.59,4.0,13004.14,931,22.6,1120.79,0.0,0.0,0
9c75b413-efd7-4171-9aa3-e4f50c8b52ea,2025-10-24,68,0.129,4,7436.76,1859.19,0.0,0.0,2.0,916.51,930,57.3333,800.12,0.0,0.0,0
9ca4947f-fc58-4db9-a473-9d3bb229db60,2025-10-24,65,0.026,1,1006.56,1006.56,0.0,0.0,1.0,1006.56,1153,0.0,1006.56,0.0,0.0,0
9cbf413a-a00b-482b-9441-e8fce7668a2e,2025-10-24,7,0.7062,23,72622.44,3157.497391,6.0,28065.29,12.0,38941.53,977,14.2727,6480.98,2.641173,0.5,0
9de44d71-02d0-4684-a314-54f9abd3f2cd,2025-10-24,14,0.318,9,15876.83,1764.092222,1.0,1356.47,2.0,3432.58,849,44.125,1356.47,0.0,0.0,0
9e39dc08-ef34-4791-8233-bb1831664c12,2025-10-24,13,0.1601,3,6721.21,2240.403333,1.0,2983.67,3.0,6721.21,562,27.5,2983.67,0.680714,0.0,1
9e3ba510-550f-49bf-a866-a3124ebe334a,2025-10-24,165,0.0521,2,3060.88,1530.44,0.0,0.0,0.0,0.0,1152,110.0,1910.02,0.0,0.0,0
9f79997b-8bf3-45ae-a535-abb872b46a2f,2025-10-24,56,0.1692,3,5323.12,1774.373333,0.0,0.0,2.0,761.98,532,37.5,285.68,-1.0,-1.0,0
a029db9e-0867-4074-9876-83433dcbc19c,2025-10-24,210,0.0578,2,5388.61,2694.305,0.0,0.0,0.0,0.0,1038,2.0,720.44,0.0,0.0,1
a0323814-cd5e-4bbc-ae91-13b77ec723bb,2025-10-24,22,0.214,6,7954.73,1325.788333,1.0,338.84,4.0,6147.15,841,40.2,338.84,-0.426443,0.0,1
a137cf0f-749a-402e-9913-60a7f4a47b92,2025-10-24,19,0.9133,26,74173.87,2852.841154,2.0,4805.38,8.0,11897.36,854,12.12,4660.99,-0.249412,-0.5,0
a1c9af51-32b0-45ae-8e5e-1a83d44e0dd4,2025-10-24,62,0.0935,2,7544.64,3772.32,0.0,0.0,1.0,3290.95,642,63.0,3290.95,0.0,0.0,0
a20f7825-b033-409c-9c97-b044b61bae47,2025-10-24,34,0.3896,9,23608.36,2623.151111,0.0,0.0,3.0,7816.81,693,36.5,3200.48,-1.0,-1.0,0
a281fc1b-5e0e-400e-9760-0f4eecb192e1,2025-10-24,31,0.7002,13,28601.18,2200.090769,0.0,0.0,5.0,5138.44,557,23.4167,476.3,-1.0,-1.0,0
a39d8cb3-e105-4215-9fc6-c0cb27d75ca0,2025-10-24,183,0.0379,1,295.39,295.39,0.0,0.0,0.0,0.0,792,0.0,295.39,0.0,0.0,0
a458eb88-221d-40e0-8a04-289e42780afe,2025-10-24,229,0.0402,1,2105.72,2105.72,0.0,0.0,0.0,0.0,746,0.0,2105.72,0.0,0.0,0
a48769af-aacd-4623-8e69-fc86e1d3745e,2025-10-24,18,0.1648,5,23513.61,4702.722,2.0,19179.96,3.0,21829.3,910,57.25,12698.98,6.239524,1.0,0
a54b8eca-fc5f-46cd-9407-2f103beabcc7,2025-10-24,72,0.1671,6,11132.58,1855.43,0.0,0.0,2.0,4685.13,1077,46.6,3161.25,0.0,0.0,0
a578fb66-2e0c-4a26-8179-b1230347de46,2025-10-24,151,0.0714,2,4126.39,2063.195,0.0,0.0,0.0,0.0,840,14.0,3575.99,0.0,0.0,1
a58bcff6-b44b-4728-ae19-c41e17805478,2025-10-24,65,0.0538,1,3488.88,3488.88,0.0,0.0,1.0,3488.88,558,0.0,3488.88,0.0,0.0,0
a618b414-7505-48a2-9047-6d0fbd16fb88,2025-10-24,106,0.0697,2,12592.3,6296.15,0.0,0.0,0.0,0.0,861,24.0,4851.74,0.0,0.0,0
a62bcc77-cf9c-44a3-920f-2e2e57c723dc,2025-10-24,136,0.4356,8,37809.69,4726.21125,0.0,0.0,0.0,0.0,551,33.0,1567.97,0.0,0.0,0
a6818a6e-0465-4009-81b6-822245dae013,2025-10-24,0,0.1347,4,14124.19,3531.0475,1.0,1942.79,2.0,2851.75,891,51.3333,1942.79,1.137377,0.0,0
a69011f4-c3f9-4f91-92f2-3df9072b53e7,2025-10-24,5,1.1072,21,43120.97,2053.379524,2.0,7328.85,9.0,23345.64,569,18.45,3973.66,-0.132488,-0.5,0
a7925872-0bc3-4eee-b74c-5086ea1e992d,2025-10-24,29,0.1427,4,6064.02,1516.005,1.0,2943.45,1.0,2943.45,841,87.6667,2943.45,0.0,0.0,0
a7c6d291-2d8a-45ea-8005-81ecfd3682df,2025-10-24,60,0.1846,6,14139.63,2356.605,0.0,0.0,2.0,5541.74,975,51.2,127.83,0.0,0.0,0
a7dd5f9a-9fa6-4592-b920-cc610a4ca21b,2025-10-24,8,0.1235,4,13173.58,3293.395,1.0,577.54,1.0,577.54,972,120.0,577.54,0.0,0.0,0
a8091949-9c95-4f66-b956-b61849aa17d1,2025-10-24,90,0.2538,5,17348.57,3469.714,0.0,0.0,0.0,0.0,591,54.5,3532.45,0.0,0.0,1
a8592085-1f10-4731-b976-351290d3b914,2025-10-24,5,0.1008,2,1580.11,790.055,1.0,1026.63,1.0,1026.63,595,188.0,1026.63,0.0,0.0,1
a8a318fe-4ac5-43e5-819c-0493f94dfd8e,2025-10-24,37,0.2874,8,11665.6,1458.2,0.0,0.0,1.0,1079.9,835,35.1429,1079.9,-1.0,-1.0,0
a91e3f3f-94ea-410a-afcd-a9721a392b5a,2025-10-24,50,0.1437,4,10470.9,2617.725,0.0,0.0,1.0,599.51,835,85.3333,599.51,-1.0,-1.0,1
a955f9af-0de0-488d-9638-13b909991020,2025-10-24,31,0.3249,6,11331.64,1888.606667,0.0,0.0,2.0,2644.26,554,43.6,2006.11,-1.0,-1.0,0
a9a14d19-86ba-40be-883c-0be4db2e7555,2025-10-24,40,0.601,12,23119.34,1926.611667,0.0,0.0,5.0,9088.06,599,31.3636,454.48,-1.0,-1.0,0
aa210298-0ad5-4fe1-9a49-04d9c35709c6,2025-10-24,144,0.1657,6,13839.26,2306.543333,0.0,0.0,0.0,0.0,1086,44.6,1154.56,0.0,0.0,0
aacf38f5-5690-4d24-95d3-d4b2fa5166a8,2025-10-24,160,0.0341,1,8872.66,8872.66,0.0,0.0,0.0,0.0,880,0.0,8872.66,0.0,0.0,0
aaec11b1-b19b-4ff9-bbf5-b6caa3fa11ee,2025-10-24,73,0.0531,1,1082.78,1082.78,0.0,0.0,1.0,1082.78,565,0.0,1082.78,0.0,0.0,1
ac9ed0cc-36d5-43e5-8b0f-11a8213d3173,2025-10-24,68,0.0326,1,597.91,597.91,0.0,0.0,1.0,597.91,920,0.0,597.91,0.0,0.0,0
acf31d10-d223-4df6-a143-e9ba0e8118f4,2025-10-24,49,0.0685,2,2229.25,1114.625,0.0,0.0,1.0,1065.14,876,189.0,1065.14,-1.0,-1.0,0
ad10f2bd-d571-4f42-aec5-a7a10eaa3ca9,2025-10-24,133,0.0779,3,4788.13,1596.043333,0.0,0.0,0.0,0.0,1156,69.0,2442.17,0.0,0.0,0
ade55153-89f8-4d7a-9199-12bcf0e9f0ce,2025-10-24,180,0.0984,2,3226.87,1613.435,0.0,0.0,0.0,0.0,610,14.0,1952.69,0.0,0.0,0
b067038f-9577-43c4-a072-0376499a6f51,2025-10-24,6,0.2869,9,37085.79,4120.643333,2.0,15444.52,5.0,19754.11,941,40.0,11340.57,6.822902,0.0,0
b0a7ac9f-5dc3-43d5-bf2f-2201d6f385b2,2025-10-24,24,0.2293,7,9783.84,1397.691429,1.0,67.92,3.0,774.02,916,42.6667,67.92,-0.90381,-0.5,0
b0d043da-1294-4ab0-8fa2-ebb68dbb62a2,2025-10-24,53,0.2314,8,23189.83,2898.72875,0.0,0.0,2.0,3504.72,1037,30.5714,701.63,-1.0,-1.0,0
b0d81eaf-60e0-4aa5-b3e9-64fdea18f5e9,2025-10-24,16,0.5058,13,36409.7,2800.746154,1.0,133.09,6.0,11360.03,771,23.6667,133.09,-0.980503,-0.6667,0
b2109776-616b-488c-9721-f3f116afd30f,2025-10-24,10,0.3453,8,26831.66,3353.9575,1.0,3729.59,4.0,5891.93,695,41.1429,3729.59,0.0,0.0,0
b21eb80b-84a0-490b-abcb-151568e54d64,2025-10-24,6,0.2621,9,27854.52,3094.946667,2.0,12190.77,4.0,18805.38,1030,36.375,4714.66,2.261788,1.0,0
b247c235-943b-4c46-91c2-168e86d26161,2025-10-24,11,0.3965,12,10008.18,834.015,1.0,517.7,3.0,1964.71,908,25.4545,517.7,-0.642228,-0.5,0
b2c24112-6ed5-433e-ae6e-c541f21defe5,2025-10-24,73,0.1357,3,6012.54,2004.18,0.0,0.0,2.0,4773.67,663,81.0,2833.43,0.0,0.0,0
b2ef61f5-8a4e-44af-9b72-983eb8729127,2025-10-24,35,0.1557,6,8277.17,1379.528333,0.0,0.0,1.0,487.43,1156,41.4,487.43,-1.0,-1.0,1
b2f4f0f6-9d52-4439-b5fe-14ebe8887e7a,2025-10-24,7,0.0992,3,9876.46,3292.153333,1.0,94.49,2.0,642.67,907,187.5,94.49,-0.82763,0.0,1
b35ff2cc-b3d7-4eee-bbe6-72dd663e82bf,2025-10-24,3,0.3066,6,18970.86,3161.81,2.0,7227.55,4.0,12857.88,587,78.8,5645.87,0.283681,0.0,1
b3bc0c36-2894-415e-8303-9ce0c524adf7,2025-10-24,295,0.0361,1,701.63,701.63,0.0,0.0,0.0,0.0,831,0.0,701.63,0.0,0.0,0
b4322a23-acd4-46a3-8620-5130bd7bc8c3,2025-10-24,202,0.0566,1,2335.32,2335.32,0.0,0.0,0.0,0.0,530,0.0,2335.32,0.0,0.0,1
b4a140af-8af0-4074-8c4e-f1e587fff314,2025-10-24,26,0.5178,15,49494.67,3299.644667,1.0,5537.86,5.0,16632.12,869,24.5714,5537.86,-0.0839,-0.5,0
b4dd90f1-04a6-4d42-ac0a-2702bbc8d0db,2025-10-24,16,0.2974,9,30280.23,3364.47,2.0,12466.97,5.0,21264.78,908,47.25,1355.36,0.50116,0.0,0
b4ff4a71-e2cb-40a7-afaa-04a5be660e06,2025-10-24,4,0.2183,7,14822.0,2117.428571,3.0,10604.37,4.0,11593.81,962,54.1667,1146.76,0.0,0.0,0
b5597188-1096-40f6-bb3c-7eae56f49e62,2025-10-24,0,0.24,7,15058.73,2151.247143,2.0,2910.16,4.0,10285.49,875,62.6667,1395.7,0.647668,1.0,0
b5f40c8f-57dc-440a-9706-3cfe7972dde6,2025-10-24,25,0.1233,4,7095.13,1773.7825,2.0,883.7,3.0,1234.52,973,35.6667,599.51,0.0,0.0,0
b6466b91-0c2a-4a1f-bf51-fd9f9de8b206,2025-10-24,103,0.1454,3,12688.62,4229.54,0.0,0.0,0.0,0.0,619,79.0,2776.57,0.0,0.0,0
b6d1010f-48a8-4d83-a4bd-0a6c9a4521d9,2025-10-24,157,0.0278,1,3970.48,3970.48,0.0,0.0,0.0,0.0,1081,0.0,3970.48,0.0,0.0,0
b73d152b-3ccf-4708-8854-ab85e6abc82c,2025-10-24,145,0.1083,2,5963.35,2981.675,0.0,0.0,0.0,0.0,554,54.0,5689.26,0.0,0.0,1
b7a528c9-9989-42b3-86f1-dfe0266eb7da,2025-10-24,70,0.0989,3,2650.46,883.486667,0.0,0.0,2.0,2490.92,910,74.0,1440.87,0.0,0.0,0
b7d62bbb-f2b2-4bee-ac69-0e320b4b310f,2025-10-24,4,0.9719,30,90502.01,3016.733667,6.0,27140.24,16.0,47371.48,926,13.1724,1142.47,2.975939,0.2,0
b812927c-5d6a-4cb6-9794-94ec8e44c0bd,2025-10-24,86,0.1342,4,8106.46,2026.615,0.0,0.0,1.0,2461.19,894,69.6667,2461.19,0.0,0.0,1
b81e352f-6da5-4d3a-94e7-a583c1e9213c,2025-10-24,46,0.053,2,1165.47,582.735,0.0,0.0,1.0,934.36,1133,75.0,934.36,-1.0,-1.0,0
b8302dbd-4877-438d-ac91-c2d5dbbadf09,2025-10-24,54,0.0875,3,8824.93,2941.643333,0.0,0.0,1.0,4231.4,1028,66.5,4231.4,-1.0,-1.0,0
b86f948a-d460-4c23-a79a-b2deafdc8880,2025-10-24,10,0.4,12,15717.81,1309.8175,3.0,3192.29,7.0,11257.97,900,14.2727,1309.97,-0.082514,0.5,0
b88b94e7-2bbd-4939-98cc-217258c364d3,2025-10-24,8,0.3393,7,22889.71,3269.958571,1.0,172.57,3.0,4430.17,619,50.1667,172.57,0.0,0.0,0
b88bef53-7397-4409-b454-f68fa7827873,2025-10-24,28,0.3444,9,15526.53,1725.17,1.0,3290.95,3.0,7887.1,784,28.125,3290.95,0.0,0.0,0
b8bfbbb5-a5a0-4d3d-905f-57ced220ffd3,2025-10-24,10,0.2724,7,16799.28,2399.897143,2.0,11954.86,3.0,12961.42,771,53.1667,8885.57,10.876947,1.0,0
b9da00f9-dbef-4800-80fc-08f59dadef2a,2025-10-24,9,0.026,1,665.45,665.45,1.0,665.45,1.0,665.45,1153,0.0,665.45,0.0,0.0,0
b9e85363-f343-4a9b-a6b9-588a5c0f9633,2025-10-24,64,0.0828,3,5082.88,1694.293333,0.0,0.0,1.0,2279.95,1087,92.0,2279.95,0.0,0.0,1
ba0a6120-4b67-4e2b-b2c4-9036a195b99a,2025-10-24,38,0.3962,14,36138.72,2581.337143,0.0,0.0,6.0,14907.05,1060,19.7692,4905.76,-1.0,-1.0,0
bab05b4b-0196-4bb2-a10a-34baf0750132,2025-10-24,32,0.2154,7,13800.68,1971.525714,0.0,0.0,2.0,1171.01,975,50.6667,920.02,-1.0,-1.0,0
bac72dd3-4ee2-436a-b664-f187eea4daff,2025-10-24,101,0.0429,1,4656.46,4656.46,0.0,0.0,0.0,0.0,699,0.0,4656.46,0.0,0.0,1
bac9f7f2-72b2-40d2-bb50-19838c2fde8a,2025-10-24,12,0.1602,4,16199.2,4049.8,1.0,6241.82,3.0,12085.51,749,27.6667,6241.82,0.06813,-0.5,0
bc2eaeff-d2cb-413b-8716-a7fa6d9507c2,2025-10-24,11,0.8214,21,39703.11,1890.624286,2.0,9246.04,10.0,23161.34,767,19.55,8824.9,1.253626,-0.5,0
bc69f988-30c6-4bf2-b27f-beafca1b2282,2025-10-24,38,0.1961,7,14728.12,2104.017143,0.0,0.0,2.0,2076.5,1071,60.8333,1651.77,-1.0,-1.0,0
bcf78932-5b86-4918-b87a-32963317f18d,2025-10-24,101,0.0818,3,6502.53,2167.51,0.0,0.0,0.0,0.0,1100,89.5,1640.79,0.0,0.0,1
bd918df4-d5fc-4b8a-9889-b0f92e0c438b,2025-10-24,3,0.3357,11,17213.5,1564.863636,2.0,3534.26,7.0,6869.97,983,32.7,3028.91,3.307972,1.0,0
befa24a1-1459-4d2c-b2af-a4db90fa9666,2025-10-24,146,0.0783,3,8505.3,2835.1,0.0,0.0,0.0,0.0,1150,89.5,3046.74,0.0,0.0,0
c07f630a-a6d1-41a2-9f27-8f85f52260c4,2025-10-24,3,0.6325,21,62799.97,2990.474762,1.0,7859.81,8.0,16083.98,996,18.3,7859.81,-0.044304,-0.8571,0
c0c6efdb-fc14-4d7c-98f5-7088ddeb019c,2025-10-24,154,0.033,1,687.6,687.6,0.0,0.0,0.0,0.0,908,0.0,687.6,0.0,0.0,0
c1a55833-8139-41dd-8bb5-59ab8a090d3b,2025-10-24,14,0.1542,5,11359.16,2271.832,1.0,6279.98,3.0,8555.03,973,58.0,6279.98,52.956354,0.0,0
c1a9f9e4-02c9-4e11-9ae3-d7f5eec25bdf,2025-10-24,63,0.0726,2,2507.63,1253.815,0.0,0.0,1.0,1573.27,827,143.0,1573.27,0.0,0.0,0
c1d6c130-eed3-43da-a713-c63009b0c952,2025-10-24,16,0.1742,5,10398.26,2079.652,1.0,931.62,1.0,931.62,861,69.5,931.62,0.0,0.0,0
c29cb1e1-b422-45f3-829a-82a9e80f8c8f,2025-10-24,16,0.1381,4,3157.05,789.2625,1.0,91.7,3.0,1522.81,869,62.0,91.7,0.0,0.0,0
c34d6b05-2bac-4654-9150-9d59f1252d7b,2025-10-24,152,0.0526,2,11019.93,5509.965,0.0,0.0,0.0,0.0,1140,12.0,3575.99,0.0,0.0,0
c34e266e-6b0c-4505-b1cc-f98b610c4986,2025-10-24,105,0.0624,2,3611.14,1805.57,0.0,0.0,0.0,0.0,961,217.0,2400.36,0.0,0.0,0
c388d365-1253-45ed-934e-4731ee225fdb,2025-10-24,25,0.1496,5,17176.75,3435.35,1.0,1150.8,2.0,5802.64,1003,26.75,1150.8,-0.752614,0.0,0
c3bc5bb3-aee9-4150-b36a-c89a22162e7d,2025-10-24,2,0.75,17,36282.15,2134.244118,2.0,3469.59,6.0,8812.76,680,21.9375,2384.4,0.996231,0.0,0
c47da78e-a80f-46b0-b907-4867b0ac75da,2025-10-24,44,0.1024,3,4609.69,1536.563333,0.0,0.0,1.0,1858.31,879,147.0,1858.31,-1.0,-1.0,0
c4abe8e7-17ea-4981-acd2-0e286bf0080b,2025-10-24,3,0.4186,9,22252.67,2472.518889,1.0,1705.63,4.0,8441.98,645,26.0,1705.63,-0.569261,-0.5,1
c5f7e86b-b9fe-4062-bae1-fcb4707e393e,2025-10-24,13,0.2468,7,19990.96,2855.851429,2.0,6508.97,6.0,17124.35,851,19.6667,3499.81,-0.386836,-0.5,0
c7af740f-1d7a-4321-9d3e-ec9107c05254,2025-10-24,15,0.3019,11,23967.66,2178.878182,2.0,9240.33,4.0,11523.09,1093,28.1,8679.78,11.330469,1.0,0
c7e971e5-62a6-49c9-a239-e17ea1f253a5,2025-10-24,0,0.2192,8,20109.62,2513.7025,2.0,11836.07,5.0,16411.59,1095,49.7143,1744.94,3.555594,0.0,0
c8466347-f65e-48a7-a013-64f958a93e60,2025-10-24,38,0.1724,4,19622.17,4905.5425,0.0,0.0,1.0,1292.55,696,91.3333,1292.55,-1.0,-1.0,0
c895adf4-11e4-460d-bad6-1bc4560990aa,2025-10-24,49,0.2381,5,3935.85,787.17,0.0,0.0,2.0,753.7,630,69.75,106.95,-1.0,-1.0,0
c8a387fb-7265-43df-9af8-79f21e3f7a8b,2025-10-24,162,0.1151,4,2486.86,621.715,0.0,0.0,0.0,0.0,1043,46.6667,608.08,0.0,0.0,1
c9b37375-0f54-4110-983e-7b7635c1257f,2025-10-24,6,0.3818,7,27361.15,3908.735714,1.0,6673.66,1.0,6673.66,550,43.5,6673.66,0.0,0.0,0
cb169247-90fc-4859-9c5d-36f94515f6a5,2025-10-24,1,0.0676,2,12828.67,6414.335,1.0,6241.82,1.0,6241.82,887,360.0,6241.82,0.0,0.0,0
cb4bc77a-ba12-4fd1-b1f2-811b234a5c61,2025-10-24,24,0.1269,3,6545.39,2181.796667,1.0,3804.11,2.0,4269.68,709,62.0,3804.11,7.170866,0.0,0
cbf3e2e4-9c43-4976-afaa-bc231bff129c,2025-10-24,12,0.2493,9,20883.25,2320.361111,1.0,5298.22,3.0,7579.79,1083,42.25,5298.22,1.679414,0.0,0
cc681bd0-1bf2-4364-a2fe-b18907da68dd,2025-10-24,1,0.0905,3,10984.5,3661.5,1.0,7722.38,1.0,7722.38,995,172.0,7722.38,0.0,0.0,0
cd796877-895f-4bcc-8fe0-0c8c6c4e68b0,2025-10-24,79,0.4823,10,20228.19,2022.819,0.0,0.0,3.0,9920.51,622,23.8889,1052.45,0.0,0.0,0
cdc86dc6-c2f3-4988-94e7-c7b7f1a4a81b,2025-10-24,182,0.0394,1,1775.24,1775.24,0.0,0.0,0.0,0.0,761,0.0,1775.24,0.0,0.0,0
ce1c7e34-50d9-4f3b-ab54-cbb7cab9fa18,2025-10-24,0,0.3049,10,16221.21,1622.121,3.0,4666.17,4.0,5716.22,984,25.8889,3824.56,3.44376,2.0,0
ced1be46-44d9-42f9-913f-bf359f04d616,2025-10-24,1,0.2896,10,21703.07,2170.307,2.0,3079.83,2.0,3079.83,1036,34.2222,1214.0,0.0,0.0,0
cf567dce-5613-483a-b10d-b4947a588d18,2025-10-24,1,0.3024,10,25047.48,2504.748,4.0,8190.1,5.0,10414.97,992,39.7778,2333.21,0.0,0.0,0
cfa38335-ed20-4254-b309-74d0dadee3bb,2025-10-24,9,0.116,3,5409.99,1803.33,1.0,2368.0,2.0,4015.95,776,89.5,2368.0,0.436937,0.0,0
cfc90a2e-3eb4-476f-8b9b-493b93566dcb,2025-10-24,2,0.1742,5,10800.68,2160.136,1.0,4284.14,2.0,6486.49,861,53.5,4284.14,0.945258,0.0,0
cff873c2-039d-4260-8875-1ece53467a44,2025-10-24,89,0.1382,3,4707.88,1569.293333,0.0,0.0,1.0,2451.55,651,3.0,2451.55,0.0,0.0,0
d16a7971-11f5-4284-b4c4-063a25f1f892,2025-10-24,168,0.1162,4,10405.07,2601.2675,0.0,0.0,0.0,0.0,1033,40.0,2412.34,0.0,0.0,0
d16d5f0e-f1af-4ab1-8b14-12ce745ddd9b,2025-10-24,6,0.3892,12,29326.62,2443.885,3.0,8944.8,4.0,9683.27,925,26.8182,2295.08,0.0,0.0,0
d1907207-2f2d-4486-87e7-7b004fd2fab1,2025-10-24,10,0.2495,9,26995.83,2999.536667,2.0,13290.23,5.0,17619.15,1082,35.875,6984.87,6.186122,1.0,0
d1a51fbe-4bb5-47d5-88f8-06f817caff3f,2025-10-24,96,0.0371,1,4623.57,4623.57,0.0,0.0,0.0,0.0,809,0.0,4623.57,0.0,0.0,0
d2b88436-ba26-4efa-bc74-287512167c81,2025-10-24,10,0.2198,6,9912.24,1652.04,1.0,1792.52,1.0,1792.52,819,51.6,1792.52,0.0,0.0,0
d3291ebb-1cad-4398-80c7-e968f0d6b8e3,2025-10-24,0,0.1829,6,17719.12,2953.186667,4.0,10790.31,5.0,11141.13,984,22.4,940.98,29.757397,3.0,0
d34c22d5-fa13-4eb6-a115-4306ab8f65d5,2025-10-24,63,0.121,3,2390.86,796.953333,0.0,0.0,1.0,575.43,744,123.0,575.43,0.0,0.0,0
d3af0e3f-6c8e-43fd-b62a-d477ca54c291,2025-10-24,29,0.2722,5,16766.14,3353.228,1.0,4671.82,2.0,9121.55,551,74.25,4671.82,0.049911,0.0,1
d3ceae53-5516-4152-a247-d101c45a4912,2025-10-24,3,0.5679,17,40574.72,2386.748235,1.0,1308.71,5.0,8608.15,898,23.125,1308.71,3.101639,0.0,0
d3f21a44-d6a7-4183-9e3d-ca1e2f665ada,2025-10-24,50,0.3153,7,10319.4,1474.2,0.0,0.0,2.0,4970.65,666,31.8333,1023.86,-1.0,-1.0,0
d5357dae-eafa-48fc-9a2b-b791e7c9e85e,2025-10-24,93,0.1417,4,3392.63,848.1575,0.0,0.0,0.0,0.0,847,57.6667,1508.81,0.0,0.0,0
d536df89-ae17-40cc-ae90-1ec234f2db3e,2025-10-24,9,0.2789,9,24705.69,2745.076667,3.0,9592.77,8.0,15528.9,968,18.625,3690.57,0.959348,0.0,0
d5bde5d5-ffb3-40af-bfb0-e1fbc0fc8ac6,2025-10-24,46,0.3424,8,31253.72,3906.715,0.0,0.0,2.0,5429.17,701,35.0,5268.74,-1.0,-1.0,0
d6235160-cff1-499b-8088-b1ef010206d2,2025-10-24,82,0.0638,2,4471.28,2235.64,0.0,0.0,1.0,394.34,940,195.0,394.34,0.0,0.0,0
d68104da-a018-4b47-aeb2-cb32a2380b79,2025-10-24,33,0.1502,4,6747.83,1686.9575,0.0,0.0,2.0,2677.4,799,47.3333,1849.43,-1.0,-1.0,0
d6b350eb-48ff-4268-b8d2-d00fb5bd3417,2025-10-24,173,0.1064,3,8422.76,2807.586667,0.0,0.0,0.0,0.0,846,29.5,2017.19,0.0,0.0,0
d6e6f2c0-9d75-46fe-a6d0-19f4998b8aa0,2025-10-24,40,0.3102,7,11589.43,1655.632857,0.0,0.0,3.0,6126.38,677,58.3333,754.4,-1.0,-1.0,0
d74a8b02-d712-4df5-b21a-91890f17146e,2025-10-24,90,0.1221,4,10239.34,2559.835,0.0,0.0,0.0,0.0,983,71.0,712.26,0.0,0.0,1
d768ded2-0e1f-4338-a373-8cb12093b6b9,2025-10-24,2,0.5805,22,41885.5,1903.886364,6.0,16492.21,14.0,32738.94,1137,16.9048,2237.75,0.392869,0.0,0
d7daaa71-d5b3-4958-ac9f-03d1c8077bf4,2025-10-24,9,0.1048,4,20331.45,5082.8625,1.0,6618.68,1.0,6618.68,1145,54.3333,6618.68,0.0,0.0,0
d929f86f-98cb-4302-a254-db21f53e0255,2025-10-24,5,0.2145,6,30032.51,5005.418333,1.0,8746.19,5.0,21105.32,839,25.8,8746.19,0.462613,-0.5,0
da7dbacc-46a8-44dc-b4c5-5e21bf437da6,2025-10-24,22,0.5348,20,51474.7,2573.735,3.0,7194.9,7.0,13114.19,1122,17.6842,6293.91,0.0,0.0,0
dac7247b-1af7-458e-a5b0-4c00df11636c,2025-10-24,93,0.1108,3,976.3,325.433333,0.0,0.0,0.0,0.0,812,46.0,597.91,0.0,0.0,1
db49dbe2-b046-4b0c-8d11-6e496b852270,2025-10-24,1,0.941,25,70099.93,2803.9972,6.0,24152.56,12.0,32394.59,797,16.9167,9429.33,2.569426,0.5,0
dbc5aa6b-529c-4c91-8331-7ec33c8503bb,2025-10-24,0,0.5921,21,51058.04,2431.335238,3.0,11178.03,7.0,19568.02,1064,15.8,4153.92,2.471168,0.5,0
dc1aef37-ddb1-4abc-a40f-974a11372fc7,2025-10-24,31,0.1274,4,12179.98,3044.995,0.0,0.0,2.0,6754.78,942,74.6667,4214.99,-1.0,-1.0,1
dc32c9bc-f5b1-425c-b068-0f753d9baf2f,2025-10-24,13,0.1869,6,14450.56,2408.426667,1.0,6057.83,3.0,11464.07,963,69.2,6057.83,3.686728,0.0,0
dcdc70f5-6a80-4b14-8487-b99c29cfcb2e,2025-10-24,16,0.2308,5,16418.13,3283.626,1.0,4997.82,1.0,4997.82,650,52.25,4997.82,0.0,0.0,0
ddb8a068-3cf7-4f6c-b653-fdf0d420c391,2025-10-24,119,0.0419,1,803.11,803.11,0.0,0.0,0.0,0.0,716,0.0,803.11,0.0,0.0,0
debb1669-0087-4b21-a027-8766438b09f1,2025-10-24,55,0.3207,9,30023.12,3335.902222,0.0,0.0,3.0,9798.08,842,40.0,4985.4,-1.0,-1.0,0
df5f2a94-fa46-46dc-b4fc-0a08486e8118,2025-10-24,9,0.2225,6,16230.38,2705.063333,2.0,13486.69,3.0,14649.65,809,50.8,2496.73,10.596865,1.0,0
df94c0e2-bf7b-4b60-9391-80972fa8058c,2025-10-24,294,0.0269,1,1388.35,1388.35,0.0,0.0,0.0,0.0,1116,0.0,1388.35,0.0,0.0,1
e040241c-efa6-453e-8e84-6caae95e5811,2025-10-24,32,0.1573,3,7369.15,2456.383333,0.0,0.0,2.0,2272.97,572,126.5,844.85,-1.0,-1.0,0
e05c9e8f-2852-4c9d-9c2a-756d89ba64a0,2025-10-24,0,0.6963,24,65554.21,2731.425417,4.0,8967.28,7.0,13059.11,1034,18.1739,745.92,8.522742,1.0,0
e0666bd9-81b4-4c0c-aa13-af3137aaca09,2025-10-24,20,0.0551,2,10253.31,5126.655,1.0,9429.33,1.0,9429.33,1089,161.0,9429.33,0.0,0.0,1
e223a14f-9752-4dfc-b998-04cfae44ca10,2025-10-24,1,0.7108,24,63383.72,2640.988333,5.0,22643.18,11.0,35123.0,1013,15.0435,1011.68,1.217003,0.0,0
e400fe49-64f8-4e45-8877-6c5fd0a7747d,2025-10-24,1,0.4961,19,46694.2,2457.589474,3.0,7451.34,10.0,22705.04,1149,20.1667,1614.36,-0.195638,-0.4,0
e408e6a2-589e-4b0f-a98f-6a5e0f9e9e53,2025-10-24,98,0.2362,8,18687.44,2335.93,0.0,0.0,0.0,0.0,1016,35.4286,920.64,0.0,0.0,0
e4636af2-ab68-4a83-a019-d77df1fa2bb5,2025-10-24,203,0.1146,3,2082.05,694.016667,0.0,0.0,0.0,0.0,785,71.5,1057.81,0.0,0.0,0
e4bb3060-0e47-44a3-8558-6f24ddbc49bb,2025-10-24,6,0.0541,2,13209.62,6604.81,2.0,13209.62,2.0,13209.62,1109,1.0,6586.85,0.0,0.0,0
e51c365e-179f-4c2e-92f5-bc4c2fc6282a,2025-10-24,1,0.4393,17,30638.07,1802.239412,2.0,9594.06,7.0,12583.05,1161,21.0,6214.66,0.0,0.0,0
e61ddcc6-8917-49aa-b93d-ba7a21702a71,2025-10-24,149,0.1576,3,6580.19,2193.396667,0.0,0.0,0.0,0.0,571,92.0,560.54,0.0,0.0,0
e630e7cb-c24b-49e2-af83-702facb0c4b9,2025-10-24,11,0.2333,7,26821.78,3831.682857,1.0,5847.02,3.0,8303.4,900,38.8333,5847.02,2.716476,0.0,0
e63160b3-9636-4ddf-b7f6-a843aef7e599,2025-10-24,83,0.1718,5,22743.03,4548.606,0.0,0.0,1.0,3581.64,873,26.0,3581.64,0.0,0.0,0
e74c4bf9-90b2-4723-8b21-9af623c5b124,2025-10-24,0,0.7167,14,35629.12,2544.937143,4.0,12152.53,5.0,12650.45,586,26.2308,7490.19,23.406591,3.0,0
e818ffda-4cf8-4137-92f5-f73ec2be9aac,2025-10-24,22,0.2852,5,16474.12,3294.824,2.0,12737.14,2.0,12737.14,526,51.0,10832.99,0.0,0.0,0
e85ec7b9-dc33-474f-b99d-d8ce41ac3c81,2025-10-24,49,0.0827,3,8251.99,2750.663333,0.0,0.0,1.0,1726.29,1088,99.5,1726.29,-1.0,-1.0,0
e9152f33-f58e-4690-a02f-18066572acda,2025-10-24,7,0.4024,11,22789.99,2071.817273,1.0,756.54,4.0,9360.1,820,29.0,756.54,-0.874257,-0.5,0
e9afc85a-81e7-4518-a4f2-c3650f0c8105,2025-10-24,106,0.2186,4,9331.91,2332.9775,0.0,0.0,0.0,0.0,549,58.3333,817.12,0.0,0.0,0
eb632b3d-7715-4810-ac99-01c19831c220,2025-10-24,39,0.2442,7,16264.21,2323.458571,0.0,0.0,2.0,2549.69,860,61.0,2047.71,-1.0,-1.0,0
ebbc4745-0985-45f9-b142-3002a577acc3,2025-10-24,16,0.0789,3,6161.09,2053.696667,1.0,192.83,2.0,6013.4,1141,98.0,192.83,0.0,0.0,0
ebe34170-88a5-4097-a231-ec6187114560,2025-10-24,49,0.2073,4,15449.58,3862.395,0.0,0.0,1.0,1817.93,579,74.6667,1817.93,-1.0,-1.0,0
ec0b1685-64bd-41e0-8aa1-e25e3abe480b,2025-10-24,29,0.2199,7,21722.53,3103.218571,1.0,4085.92,3.0,11777.75,955,51.8333,4085.92,0.608763,0.0,0
ec140a91-94c2-46b5-90c6-215cbcc0402e,2025-10-24,14,0.0987,3,1809.76,603.253333,1.0,186.8,1.0,186.8,912,129.5,186.8,0.0,0.0,0
ec6b856d-40f2-41ed-a20b-7af257224723,2025-10-24,17,0.1325,5,29413.64,5882.728,1.0,14208.45,2.0,15454.8,1132,82.5,14208.45,0.0,0.0,0
ecee2fcb-7259-46bb-a6a3-c2683069ec25,2025-10-24,15,0.202,6,13703.31,2283.885,3.0,9589.77,5.0,11697.2,891,19.4,542.59,3.550457,0.5,0
ed2171b1-c19b-4e0d-8734-299f1f997a16,2025-10-24,14,0.3892,12,31456.83,2621.4025,2.0,13264.12,2.0,13264.12,925,18.3636,12151.69,0.0,0.0,0
ed3be97a-9e98-4ace-ba11-f1c0e145bfd5,2025-10-24,9,0.0875,3,17627.34,5875.78,1.0,8971.33,1.0,8971.33,1029,102.0,8971.33,0.0,0.0,0
ed43e4c6-255f-4de8-9134-6d5542faa41b,2025-10-24,183,0.0303,1,1657.59,1657.59,0.0,0.0,0.0,0.0,990,0.0,1657.59,0.0,0.0,1
eddc4ec7-f3d1-445e-8c5f-3f767fd5305e,2025-10-24,7,0.2426,6,26762.13,4460.355,3.0,13628.46,3.0,13628.46,742,52.4,8153.15,0.0,0.0,0
edf4822d-49a2-4ae7-95c1-975b85069210,2025-10-24,84,0.2318,5,13627.95,2725.59,0.0,0.0,1.0,1139.97,647,77.25,1139.97,0.0,0.0,0
efa9353f-2d88-426a-a592-e6a1f87c7b1b,2025-10-24,6,0.3853,7,26124.55,3732.078571,1.0,3748.55,5.0,12672.72,545,51.8333,3748.55,0.0,0.0,1
efab3272-7cfc-44f1-b229-26bfde116eb8,2025-10-24,17,0.0381,1,2619.94,2619.94,1.0,2619.94,1.0,2619.94,788,0.0,2619.94,0.0,0.0,0
f17f8b99-61d1-4e7b-a6d3-4d0334235cc5,2025-10-24,50,0.1004,3,5860.27,1953.423333,0.0,0.0,2.0,5238.51,896,122.0,4671.82,-1.0,-1.0,0
f201cdf9-cb7c-4b4b-8da0-68bccc439429,2025-10-24,9,1.0363,20,48271.71,2413.5855,3.0,10409.95,7.0,16799.72,579,18.8947,4471.03,1.563055,0.0,0
f21b3e42-ab75-442f-8649-bca6bf44c9d8,2025-10-24,78,0.078,2,3589.66,1794.83,0.0,0.0,1.0,572.04,769,144.0,572.04,0.0,0.0,0
f223cb41-eede-43d3-bafb-311ac6aab7d7,2025-10-24,4,0.0663,2,5048.5,2524.25,1.0,2215.07,1.0,2215.07,905,392.0,2215.07,0.0,0.0,0
f288b108-b674-41c7-91d6-0f5fdb761b37,2025-10-24,7,0.1071,4,6848.93,1712.2325,1.0,3855.92,1.0,3855.92,1120,88.6667,3855.92,0.0,0.0,0
f2c6c870-59a5-4df4-8f5a-85d42b868208,2025-10-24,64,0.1435,4,10084.73,2521.1825,0.0,0.0,1.0,2643.8,836,59.3333,2643.8,0.0,0.0,0
f311db56-da65-41a9-a889-888c821ca32c,2025-10-24,95,0.2459,6,10400.6,1733.433333,0.0,0.0,0.0,0.0,732,24.4,1349.88,0.0,0.0,0
f3d3da1e-a146-45f1-bea7-4e9b3d5e991e,2025-10-24,15,0.2525,6,20038.82,3339.803333,2.0,6695.67,3.0,11111.24,713,73.6,5047.72,0.516377,1.0,0
f5905fb3-1b37-4afd-80b2-3e6bb136b5b1,2025-10-24,173,0.0787,3,9470.02,3156.673333,0.0,0.0,0.0,0.0,1144,36.0,5491.86,0.0,0.0,0
f5f339bf-3ab5-4a2e-916f-2db044568f67,2025-10-24,12,0.3965,12,24039.12,2003.26,2.0,8434.81,3.0,9354.83,908,34.4545,5815.48,0.0,0.0,0
f5f5a8ec-4cbe-4541-a494-d455225a8197,2025-10-24,7,0.1742,4,9860.83,2465.2075,1.0,3471.91,1.0,3471.91,689,100.6667,3471.91,0.0,0.0,0
f6176f19-c718-4746-9808-d110ecf53a50,2025-10-24,10,0.5678,12,27976.83,2331.4025,3.0,6757.27,4.0,8145.62,634,30.9091,4083.11,3.867123,2.0,0
f631940b-26c5-4144-a328-f2b93f3b2f7e,2025-10-24,43,0.0932,3,6489.89,2163.296667,0.0,0.0,1.0,2100.11,966,129.0,2100.11,-1.0,-1.0,0
f6a6bafb-8098-4f2d-ae6d-689b77c84f2b,2025-10-24,12,0.4874,9,29493.25,3277.027778,2.0,3374.08,6.0,16526.56,554,32.25,1945.18,-0.241734,1.0,0
f6c06ee2-7826-4de2-af26-9b9143bd5efb,2025-10-24,3,0.2597,6,11825.27,1970.878333,1.0,505.35,3.0,1288.17,693,42.0,505.35,-0.354449,-0.5,0
f7f8a1f5-9b44-44c8-815c-2d04067a6cff,2025-10-24,132,0.0355,1,3575.99,3575.99,0.0,0.0,0.0,0.0,844,0.0,3575.99,0.0,0.0,0
f819f234-f7a8-41f3-8b26-732ac35c4d0b,2025-10-24,41,0.3409,7,8182.75,1168.964286,0.0,0.0,4.0,4597.14,616,53.8333,830.45,-1.0,-1.0,0
f8435633-4f8d-462d-872a-e6a541d39872,2025-10-24,5,0.3139,12,29915.88,2492.99,2.0,2007.14,3.0,3087.04,1147,29.8182,1568.45,0.858635,1.0,0
f8a3ae68-a437-491d-b88b-abad9164379f,2025-10-24,3,1.2037,26,74788.35,2876.475,2.0,6218.6,6.0,9951.83,648,15.96,5144.06,0.761913,-0.3333,0
f993e083-a536-4e9d-9432-b34fc52500a4,2025-10-24,130,0.0267,1,5562.93,5562.93,0.0,0.0,0.0,0.0,1123,0.0,5562.93,0.0,0.0,0
fb5d70c0-f7cf-4096-a606-58d8efdd864b,2025-10-24,208,0.0383,1,497.92,497.92,0.0,0.0,0.0,0.0,784,0.0,497.92,0.0,0.0,1
fc625523-78f4-4bf4-920a-ec3d6bf61de9,2025-10-24,4,0.1571,5,11373.24,2274.648,1.0,4569.9,2.0,6833.11,955,60.5,4569.9,1.019212,0.0,0
fc90d768-4902-4267-aee4-185b5584cee7,2025-10-24,16,0.6834,20,41317.85,2065.8925,3.0,10170.8,6.0,15332.63,878,13.7895,6586.85,0.0,0.0,0
fd071015-793c-469e-bc3a-2f94a20f8f62,2025-10-24,193,0.0632,2,9481.51,4740.755,0.0,0.0,0.0,0.0,950,69.0,4231.25,0.0,0.0,0
fdbf5f6b-5e04-401e-b01c-dadaea29b6bf,2025-10-24,35,0.1765,5,4877.24,975.448,0.0,0.0,2.0,967.91,850,43.0,712.26,-1.0,-1.0,0
feb9f5f4-bed9-4b39-bb94-062fa9706005,2025-10-24,4,0.6383,17,66003.94,3882.584706,2.0,4248.55,6.0,14315.64,799,24.1875,1661.56,0.06654,0.0,0
fec6b81b-c723-45e8-a11f-75a4cb6a1381,2025-10-24,31,0.6157,18,44852.72,2491.817778,0.0,0.0,3.0,7116.09,877,16.2353,3892.19,-1.0,-1.0,0
ff29a3b3-fb27-44ad-8dcc-9551fb3c7420,2025-10-24,0,1.1374,24,82233.58,3426.399167,3.0,22628.95,7.0,33948.24,633,17.913,10091.13,4.635232,0.5,0
ffb862d5-c41a-4b47-8ccf-b781447c9d8f,2025-10-24,4,0.249,8,11854.86,1481.8575,1.0,4004.2,3.0,5796.35,964,36.8571,4004.2,3.130554,0.0,0
ffc7534a-f026-4ccd-94d9-540e6abbb59f,2025-10-24,35,0.1008,2,7038.62,3519.31,0.0,0.0,1.0,6231.75,595,117.0,6231.75,-1.0,-1.0,0
fffb4a19-e27c-48c5-9b1d-d72cf9f00485,2025-10-24,14,0.1796,4,11612.62,2903.155,1.0,7947.32,3.0,11178.34,668,28.0,7947.32,7.032139,0.0,0
0011d3f4-9e5e-47b6-a93a-e2d8f694b972,2025-11-23,11,0.1235,3,2937.11,979.036667,1.0,2175.01,3.0,2937.11,729,39.0,2175.01,0.0,0.0,0
008e597a-3a9f-4d40-9452-50852330ae26,2025-11-23,166,0.0427,1,1279.3,1279.3,0.0,0.0,0.0,0.0,702,0.0,1279.3,0.0,0.0,0
00acfd4d-b8a4-441a-b965-3c900cea01a1,2025-11-23,13,0.4795,14,57202.51,4085.893571,2.0,10473.55,6.0,31261.88,876,26.3077,961.55,-0.496181,-0.5,0
01a1b558-e312-42e2-ae36-718f30634861,2025-11-23,250,0.0365,1,3602.18,3602.18,0.0,0.0,0.0,0.0,823,0.0,3602.18,0.0,0.0,0
027e2c71-76f6-44d8-b214-51097fc3e605,2025-11-23,10,1.1661,22,43836.21,1992.555,4.0,11879.75,7.0,15735.04,566,18.0476,807.18,0.0,0.0,0
02cb9a9f-5819-466a-91e5-0f9a44b9fa1f,2025-11-23,16,0.1435,3,10672.1,3557.366667,1.0,3782.67,2.0,4702.69,627,63.0,3782.67,0.0,0.0,1
033361ce-6653-4ee7-bee4-3fdbd06887c9,2025-11-23,2,0.2133,6,8487.43,1414.571667,2.0,3650.0,4.0,4388.47,844,59.6,370.02,0.0,0.0,0
03d535e6-bab9-4699-93ff-729d55e623f0,2025-11-23,3,0.2844,8,18721.43,2340.17875,3.0,9432.26,5.0,15437.56,844,43.5714,4664.57,3.440989,2.0,0
0443c1b9-9e56-4bed-b673-1441efe40f38,2025-11-23,31,0.2229,7,15749.77,2249.967143,0.0,0.0,4.0,10598.63,942,38.3333,5354.38,-1.0,-1.0,0
050980d5-34a4-4416-b487-3ba57e340fdf,2025-11-23,1,0.0892,3,10618.29,3539.43,1.0,2825.13,1.0,2825.13,1009,99.5,2825.13,0.0,0.0,0
05f197bf-0bdd-44a5-84bb-1878a08666b6,2025-11-23,5,0.7143,26,54592.17,2099.698846,3.0,8079.98,9.0,18660.33,1092,14.64,1405.71,2.42491,0.5,0
066b0bf5-5f5a-4c95-a709-b1fc1d059f94,2025-11-23,0,0.6404,19,54153.22,2850.169474,1.0,4800.21,3.0,7784.21,890,21.0,4800.21,6.385961,0.0,0
06771e16-c89d-4440-9d23-12b982301e00,2025-11-23,75,0.2234,7,16829.37,2404.195714,0.0,0.0,1.0,2878.22,940,41.6667,2878.22,0.0,0.0,0
0833337f-d730-49c9-98d3-adc98d0ffdd5,2025-11-23,2,0.2025,7,11616.55,1659.507143,1.0,508.26,5.0,8663.86,1037,50.6667,508.26,-0.902214,-0.5,0
08667cf4-ac3a-45ee-a2ce-c49435d37bd6,2025-11-23,231,0.1075,2,1819.54,909.77,0.0,0.0,0.0,0.0,558,83.0,1065.14,0.0,0.0,1
0915900f-d22e-42b0-8e9e-810e55498a13,2025-11-23,10,0.8501,31,89074.5,2873.370968,2.0,7234.45,11.0,34593.25,1094,11.9667,1705.63,-0.506589,-0.3333,0
091ba1e5-58cf-4e6c-badc-17dbe89dea69,2025-11-23,18,0.858,30,77769.6,2592.32,1.0,183.39,11.0,23295.11,1049,14.8276,183.39,-0.988352,-0.75,0
097828d9-6691-4ec3-9ba8-624b866da2cf,2025-11-23,72,0.1593,3,6847.71,2282.57,0.0,0.0,1.0,800.12,565,85.0,800.12,0.0,0.0,0
099dc7e9-7010-498d-a042-18b5e023a832,2025-11-23,109,0.0935,2,5797.05,2898.525,0.0,0.0,0.0,0.0,642,43.0,4651.84,0.0,0.0,0
09c23830-7cee-4f7c-94cb-8d5486ccf53f,2025-11-23,191,0.0953,3,7553.96,2517.986667,0.0,0.0,0.0,0.0,944,40.0,2187.36,0.0,0.0,1
0b56c7b0-943b-425a-b6dc-6ab9f4e721ae,2025-11-23,180,0.1337,3,4272.74,1424.246667,0.0,0.0,0.0,0.0,673,52.0,499.42,0.0,0.0,1
0b94772b-0571-4308-92cc-ac6baf2ac02b,2025-11-23,16,0.5172,16,64984.89,4061.555625,2.0,13869.05,6.0,28289.17,928,25.1333,11057.63,0.090329,-0.3333,0
0c75c934-71c3-45ff-9de2-91babfa75c3f,2025-11-23,14,0.2871,8,24956.59,3119.57375,1.0,2108.9,1.0,2108.9,836,40.2857,2108.9,0.0,0.0,0
0c9d8d71-baa9-4ddf-936f-0c9137dc6dc6,2025-11-23,63,0.1109,4,7842.24,1960.56,0.0,0.0,1.0,1651.77,1082,77.0,1651.77,0.0,0.0,0
0d0e2d20-27bb-4c93-9f8f-b7710b37194a,2025-11-23,10,0.3992,14,62905.63,4493.259286,2.0,11405.29,4.0,18016.48,1052,28.4615,9169.78,0.725149,0.0,0
0d5cae3a-3f1a-4ef0-b794-ba9364aaff19,2025-11-23,16,0.1124,3,5139.7,1713.233333,1.0,747.19,1.0,747.19,801,110.5,747.19,0.0,0.0,0
0e76c917-2eca-40e2-9cbd-346ac241a7fa,2025-11-23,21,0.1871,6,11980.33,1996.721667,2.0,4668.99,3.0,7550.74,962,33.6,2160.27,0.0,0.0,0
0e79db9e-6873-435b-b29c-9f8be3977517,2025-11-23,91,0.1085,4,13203.99,3300.9975,0.0,0.0,0.0,0.0,1106,67.3333,5262.39,0.0,0.0,1
0e83066e-d18a-4165-9e12-fbcb5945fbb6,2025-11-23,34,0.1389,4,7950.25,1987.5625,0.0,0.0,1.0,1358.86,864,76.3333,1358.86,-1.0,-1.0,0
108df563-ddcd-4802-83f7-6f5da40664d0,2025-11-23,26,0.3011,8,26447.1,3305.8875,1.0,6645.21,6.0,25037.15,797,30.7143,6645.21,-0.568152,-0.5,0
10cb2e84-0bd1-4b29-8db3-06ae3488789d,2025-11-23,76,0.3816,8,26675.75,3334.46875,0.0,0.0,1.0,3071.57,629,51.1429,3071.57,0.0,0.0,0
113fc32a-23b9-4b41-82f4-df6c2b1ae4ae,2025-11-23,2,0.3069,12,35545.8,2962.15,3.0,13946.79,4.0,21499.48,1173,29.6364,3055.33,0.846599,2.0,0
118ee786-a564-468b-9121-6d099423827f,2025-11-23,44,0.0924,3,14631.88,4877.293333,0.0,0.0,2.0,13491.91,974,107.5,3421.65,-1.0,-1.0,0
119de36d-41b2-4136-a3a2-0b81cfcdf6f9,2025-11-23,25,0.3183,8,38651.04,4831.38,1.0,9453.06,2.0,20054.26,754,46.5714,9453.06,-0.108303,0.0,0
121edff8-dfb7-4758-a559-7855430672f3,2025-11-23,104,0.4754,9,33307.39,3700.821111,0.0,0.0,0.0,0.0,568,28.125,324.95,0.0,0.0,0
12be2694-e03e-4703-878e-8ce9ad582cf1,2025-11-23,16,0.1331,5,15233.78,3046.756,1.0,3128.76,2.0,4279.56,1127,96.25,3128.76,0.0,0.0,0
12e7bad8-8e3d-4196-ba8d-b9d49a184b70,2025-11-23,96,0.0364,1,1030.41,1030.41,0.0,0.0,0.0,0.0,824,0.0,1030.41,0.0,0.0,0
13995ae9-c50f-4813-b0ba-6e044fe0b9ef,2025-11-23,22,0.4022,12,46069.18,3839.098333,1.0,11778.01,2.0,16265.29,895,32.9091,11778.01,0.0,0.0,0
13b4e054-f5c9-4aaa-adb2-89ae2ad3a8bb,2025-11-23,42,0.1537,5,12629.91,2525.982,0.0,0.0,1.0,2835.15,976,70.25,2835.15,-1.0,-1.0,0
13d8502b-672a-495d-a3f4-30157008db99,2025-11-23,4,0.2219,5,16776.23,3355.246,1.0,8014.43,4.0,16154.47,676,66.75,8014.43,0.334306,-0.5,0
1445cd5d-91a8-417f-b07d-805a30ad7fb7,2025-11-23,23,0.2655,8,28539.59,3567.44875,1.0,7877.54,3.0,20184.63,904,41.0,7877.54,-0.359919,-0.5,0
1686f723-a337-4bf4-aedd-21d353bffde6,2025-11-23,111,0.1495,3,4642.16,1547.386667,0.0,0.0,0.0,0.0,602,80.5,250.99,0.0,0.0,1
1762b46f-b7ef-481c-9e0b-7e6d2033bcf4,2025-11-23,4,1.4583,28,92112.52,3289.732857,2.0,6807.65,7.0,27285.73,576,16.5185,4569.9,-0.233853,1.0,0
1790c003-10df-448c-b85d-1632f261eb08,2025-11-23,10,0.1415,3,8276.43,2758.81,1.0,6664.18,1.0,6664.18,636,156.5,6664.18,0.0,0.0,0
17d5d2f7-ff1a-4530-9773-24b87d304797,2025-11-23,28,0.0274,1,1295.08,1295.08,1.0,1295.08,1.0,1295.08,1093,0.0,1295.08,0.0,0.0,0
1838dbf6-d8cf-43f5-bebd-974415618eb5,2025-11-23,79,0.0319,1,3532.45,3532.45,0.0,0.0,1.0,3532.45,941,0.0,3532.45,0.0,0.0,1
18f1b310-96f4-4c2e-b99b-5b091b3e0999,2025-11-23,6,0.2885,8,27541.2,3442.65,1.0,5847.02,6.0,16927.48,832,23.0,5847.02,7.388597,0.0,0
1948ea27-1b6a-4dd3-8c99-b399dcf88ed3,2025-11-23,35,0.5524,13,32990.12,2537.701538,0.0,0.0,3.0,8610.01,706,17.5,2269.61,-1.0,-1.0,0
1a467aee-8d4c-4127-8afb-fde18c339771,2025-11-23,2,0.5119,15,46537.96,3102.530667,3.0,9488.29,7.0,27102.38,879,24.2143,7703.31,-0.332208,2.0,0
1a980af4-4a6b-40eb-a9a0-f4ffc25c68aa,2025-11-23,23,0.3776,9,32900.56,3655.617778,3.0,16477.73,4.0,22306.12,715,40.75,6622.77,1.82715,2.0,0
1b167ea1-66cf-416e-82fc-b6448dbddf75,2025-11-23,0,0.321,9,30159.02,3351.002222,1.0,1257.04,4.0,14433.16,841,30.125,1257.04,-0.896346,-0.5,0
1b1ed7c2-6b3b-4ab2-9092-bb1c6ed900ba,2025-11-23,90,0.1767,4,6348.66,1587.165,0.0,0.0,0.0,0.0,679,59.0,1139.97,0.0,0.0,0
1c22a6c4-3de0-4f96-b62a-3a6edbbaf732,2025-11-23,0,0.904,32,71459.45,2233.107813,3.0,10830.23,14.0,35505.51,1062,12.9677,6843.29,-0.337185,-0.4,0
1fff1144-0a72-44bd-ae41-900fd84b9dec,2025-11-23,5,0.5234,19,71565.68,3766.614737,1.0,3690.57,7.0,34541.2,1089,22.3889,3690.57,-0.864241,-0.75,0
20538050-69a2-4a47-9dd1-b9142fb76c57,2025-11-23,21,0.1302,4,5759.37,1439.8425,1.0,755.93,2.0,1476.02,922,76.3333,755.93,0.049772,0.0,0
2068266d-f715-474b-b293-1caa9d9e7b74,2025-11-23,44,0.1084,3,1710.53,570.176667,0.0,0.0,1.0,1080.17,830,56.0,1080.17,-1.0,-1.0,0
20791844-68d1-4c47-8940-96e45daf918f,2025-11-23,0,0.6757,25,64323.51,2572.9404,1.0,2636.13,10.0,23872.4,1110,18.1667,2636.13,-0.359064,-0.5,0
20862386-94e2-45f7-815a-43c7bc2f2b60,2025-11-23,41,0.193,7,30460.89,4351.555714,0.0,0.0,3.0,16511.55,1088,24.1667,12604.07,-1.0,-1.0,0
21a51334-c936-4d66-b3de-22e7b162ade5,2025-11-23,74,0.1654,6,15241.01,2540.168333,0.0,0.0,2.0,6191.87,1088,59.8,3804.11,0.0,0.0,0
21b8e2ff-2ce2-406c-82b9-dd2073e3fc63,2025-11-23,88,0.0571,2,9355.49,4677.745,0.0,0.0,1.0,4905.76,1051,27.0,4905.76,0.0,0.0,0
2259bbe9-5f76-414c-ac70-cb078652ec8b,2025-11-23,296,0.0375,1,2461.58,2461.58,0.0,0.0,0.0,0.0,799,0.0,2461.58,0.0,0.0,0
2277c61c-6a77-4651-9d4b-9cccf937b007,2025-11-23,55,0.0888,3,7895.76,2631.92,0.0,0.0,1.0,4775.53,1014,179.0,4775.53,-1.0,-1.0,0
229edd85-4113-4b2a-be5b-1cc986fd5173,2025-11-23,8,0.7725,18,51545.25,2863.625,1.0,5760.72,8.0,28508.02,699,18.1176,5760.72,-0.689069,-0.8,0
22c9e11f-8a46-446c-a948-06b756976159,2025-11-23,34,0.3505,10,31078.86,3107.886,0.0,0.0,4.0,15640.88,856,39.8889,2057.23,-1.0,-1.0,0
2576b737-f022-4e9c-8640-a88226cea0ff,2025-11-23,7,0.7895,19,53827.64,2833.033684,1.0,7722.38,6.0,25595.32,722,19.7778,7722.38,-0.431719,-0.6667,0
267963b4-ed35-41d7-b2ce-cc6088afbd06,2025-11-23,30,0.1794,5,9097.57,1819.514,0.0,0.0,2.0,3089.47,836,34.75,2293.52,-1.0,-1.0,0
27121f78-6ac9-48b9-bd1d-14e1b17b0217,2025-11-23,60,0.2373,7,9561.47,1365.924286,0.0,0.0,2.0,2118.66,885,44.3333,1952.69,0.0,0.0,0
272c06ef-927d-483b-b924-350e81ee8dfe,2025-11-23,11,0.1374,5,12750.27,2550.054,2.0,3738.6,3.0,5836.29,1092,65.75,2070.04,0.782246,1.0,0
27415395-c694-42d4-a2b5-04dfddb578f5,2025-11-23,15,0.2527,10,27071.19,2707.119,3.0,15116.9,7.0,22127.22,1187,43.2222,7877.54,1.670797,0.5,0
274dc0d8-8ff4-4a0e-a6cd-722b3eed949b,2025-11-23,155,0.046,1,403.44,403.44,0.0,0.0,0.0,0.0,652,0.0,403.44,0.0,0.0,1
28db185a-0491-429f-bcbf-840c74d94b1e,2025-11-23,66,0.0823,2,1190.78,595.39,0.0,0.0,1.0,69.99,729,198.0,69.99,0.0,0.0,1
28e3eb2f-4e60-491c-8ecf-9260a4a4ced4,2025-11-23,50,0.6534,24,78613.4,3275.558333,0.0,0.0,6.0,21354.53,1102,13.7826,8014.43,-1.0,-1.0,0
28fe8878-f7c1-4a80-9dc8-ab4bf2bbd40a,2025-11-23,13,0.2917,7,17202.43,2457.49,2.0,11037.38,4.0,12744.65,720,43.3333,7153.22,5.464929,0.0,0
29da7f9b-7059-4c90-999f-3737f7557ee5,2025-11-23,93,0.1117,3,5895.96,1965.32,0.0,0.0,0.0,0.0,806,82.5,3702.09,0.0,0.0,0
2b7d87b4-19c8-4ef8-88c3-9bc34019b9ea,2025-11-23,49,0.0883,3,7362.06,2454.02,0.0,0.0,2.0,6723.91,1019,88.5,2274.18,-1.0,-1.0,1
2c1bec68-3786-4dae-bb18-e5be2c55ad92,2025-11-23,300,0.0286,1,1324.34,1324.34,0.0,0.0,0.0,0.0,1050,0.0,1324.34,0.0,0.0,0
2c3ca1b8-7c76-4a4c-80bf-5314fb7f22ae,2025-11-23,41,0.3523,14,39605.04,2828.931429,0.0,0.0,2.0,4490.04,1192,28.8462,3353.27,-1.0,-1.0,0
2c513a38-ffd7-477a-8bc7-7f96f8b9ca38,2025-11-23,3,0.161,3,11957.61,3985.87,2.0,9569.85,2.0,9569.85,559,122.0,6214.66,0.0,0.0,1
2d2d74d8-47ee-4fdd-a00f-61966c2b1b25,2025-11-23,317,0.0386,1,2202.35,2202.35,0.0,0.0,0.0,0.0,777,0.0,2202.35,0.0,0.0,1
2e532847-959f-4087-bd6e-85a52170ee01,2025-11-23,17,0.2488,7,12320.38,1760.054286,2.0,3293.55,2.0,3293.55,844,34.3333,1112.37,0.0,0.0,0
2fcab125-0690-4478-91f9-6c3b3e5eada3,2025-11-23,70,0.0875,3,2646.82,882.273333,0.0,0.0,1.0,533.4,1028,94.5,533.4,0.0,0.0,0
2fd49fb9-c8b2-4ec3-b38c-a061a73e1168,2025-11-23,127,0.3426,9,23354.01,2594.89,0.0,0.0,0.0,0.0,788,27.125,1175.83,0.0,0.0,0
2fdb2470-7bb8-4ff4-90ef-b13139714701,2025-11-23,0,0.4458,10,35320.85,3532.085,3.0,23170.98,5.0,26851.38,673,42.1111,12893.92,0.0,0.0,0
30234645-3e34-4245-a4e4-e0e65a95e222,2025-11-23,44,0.4747,10,15356.24,1535.624,0.0,0.0,3.0,2771.37,632,24.3333,527.23,-1.0,-1.0,0
3137607b-7cb7-42f6-bf45-44b8618d38d2,2025-11-23,107,0.569,11,26499.63,2409.057273,0.0,0.0,0.0,0.0,580,27.3,820.4,0.0,0.0,0
31e4bcb5-1a69-45eb-a2c7-5bfa73cdfca1,2025-11-23,1,0.5941,22,51419.26,2337.239091,1.0,1026.63,8.0,19877.98,1111,15.0,1026.63,-0.829098,0.0,0
32ab5f7d-2c86-49a3-b8c6-009538e6624d,2025-11-23,33,0.4225,11,28884.45,2625.859091,0.0,0.0,5.0,15274.17,781,37.9,3128.76,-1.0,-1.0,0
334ea671-bdee-4328-983b-35a799b372d6,2025-11-23,138,0.2282,9,20397.15,2266.35,0.0,0.0,0.0,0.0,1183,28.625,2161.31,0.0,0.0,0
3378475b-b350-4593-9546-01468d85dcd8,2025-11-23,43,0.4075,8,10285.64,1285.705,0.0,0.0,2.0,2883.87,589,34.2857,1501.78,-1.0,-1.0,0
33879d3b-ca28-410e-9d37-7a429d1c33aa,2025-11-23,28,0.1967,6,10533.92,1755.653333,1.0,733.58,2.0,1383.49,915,83.8,733.58,0.0,0.0,0
33ee3ff1-854d-447c-b205-31e8f43b9b20,2025-11-23,39,0.1863,5,15393.27,3078.654,0.0,0.0,2.0,10759.44,805,76.75,5853.68,-1.0,-1.0,0
342211c4-67cb-41aa-92dd-fdfb475efd26,2025-11-23,174,0.0428,1,2336.61,2336.61,0.0,0.0,0.0,0.0,701,0.0,2336.61,0.0,0.0,0
34a16a66-821a-489f-8fc2-67d38c8256d4,2025-11-23,2,0.2626,8,28967.71,3620.96375,2.0,7097.72,4.0,12513.31,914,50.2857,4181.21,0.0,0.0,0
34a5889e-5833-48a0-a0ba-44d9c14b5e71,2025-11-23,127,0.0926,2,2292.27,1146.135,0.0,0.0,0.0,0.0,648,90.0,1428.12,0.0,0.0,1
34f539cb-584e-4259-ac9f-44e6d5484ebf,2025-11-23,7,1.1705,27,75244.72,2786.841481,3.0,11301.55,11.0,24598.58,692,15.1154,1744.94,1.814509,-0.25,0
34fc1ab3-f5c6-4545-9ba9-158e780f74bd,2025-11-23,9,0.2736,9,18122.34,2013.593333,1.0,809.34,3.0,6088.49,987,42.0,809.34,-0.846691,-0.5,0
36526e5e-f875-4c3e-a8d6-c50ede833ade,2025-11-23,20,0.4985,11,39090.84,3553.712727,1.0,1874.27,3.0,14669.56,662,34.0,1874.27,-0.853519,-0.5,0
376ee9f0-6491-4a85-888a-05e690a5e05f,2025-11-23,332,0.0381,1,4726.52,4726.52,0.0,0.0,0.0,0.0,788,0.0,4726.52,0.0,0.0,0
3773055e-a1f8-4fba-8846-a4b4eca5c2b7,2025-11-23,11,0.2624,6,18110.17,3018.361667,1.0,1840.65,2.0,11183.77,686,57.8,1840.65,-0.802994,0.0,0
37d5df97-0c87-4376-9107-d798341f0602,2025-11-23,62,0.0787,3,9609.56,3203.186667,0.0,0.0,1.0,3527.5,1144,36.0,3527.5,0.0,0.0,0
3907704e-d22a-40f9-9591-9c06dfc1b6d2,2025-11-23,0,0.763,25,59605.15,2384.206,5.0,8909.5,12.0,31539.74,983,17.0,4664.57,-0.527264,0.0,0
399ee9ba-2674-41aa-a50a-7b370668b523,2025-11-23,29,0.2439,7,29052.33,4150.332857,1.0,7947.32,3.0,15573.58,861,42.3333,7947.32,0.190849,0.0,0
3a2f88d5-e75e-4285-9b59-ed2b46276d42,2025-11-23,2,0.1055,4,14044.17,3511.0425,1.0,6955.25,2.0,12790.78,1137,74.3333,6955.25,0.19188,0.0,0
3a4a12e8-a3c4-4fe3-a0bc-ed28dee70ff0,2025-11-23,4,0.2595,8,14094.32,1761.79,1.0,199.38,3.0,3878.67,925,43.2857,199.38,-0.94581,-0.5,0
3a8f7a32-89b6-42d8-b99a-bc1041025065,2025-11-23,8,0.0555,2,6220.94,3110.47,1.0,5144.06,1.0,5144.06,1081,396.0,5144.06,0.0,0.0,0
3b80de3a-118c-4393-9d4e-1994031e22b9,2025-11-23,87,0.2613,5,7842.16,1568.432,0.0,0.0,1.0,1523.88,574,38.25,1523.88,0.0,0.0,0
3bd0dd5d-7d24-48da-856a-69e393e5e5b9,2025-11-23,36,0.2561,8,18997.86,2374.7325,0.0,0.0,1.0,2708.24,937,42.2857,2708.24,-1.0,-1.0,0
3cc7350b-72e0-4990-a2f4-79f0e19bfe72,2025-11-23,3,0.7928,31,92334.57,2978.534516,6.0,38897.6,17.0,57095.98,1173,13.6,8825.59,2.2443,0.2,0
3ce5849f-19ca-4eca-8a46-e4a3b8828dc2,2025-11-23,21,0.1638,5,17344.26,3468.852,1.0,271.3,3.0,14090.67,916,82.25,271.3,-0.980368,-0.5,0
3d036612-3ff3-451e-a921-d163e55b4c30,2025-11-23,9,0.3303,11,30326.35,2756.940909,1.0,6214.66,4.0,15167.68,999,27.9,6214.66,0.009573,-0.5,0
3da770f9-a532-48df-a2e4-cf550c263161,2025-11-23,12,0.5696,12,39554.13,3296.1775,1.0,1107.54,5.0,23146.65,632,25.5455,1107.54,-0.949747,-0.75,0
3de6f533-5503-4109-875b-33f40109353f,2025-11-23,40,0.3357,11,32695.81,2972.346364,0.0,0.0,4.0,13360.61,983,35.3,2281.09,-1.0,-1.0,0
3e80243e-ed4d-46b5-a4ec-9aa1107c32da,2025-11-23,32,0.5668,14,43683.45,3120.246429,0.0,0.0,1.0,1442.32,741,26.6154,1442.32,-1.0,-1.0,0
3e8f3d31-4fdc-4858-8d58-87b8c70d1e61,2025-11-23,12,0.2605,6,24249.47,4041.578333,1.0,10512.5,3.0,14878.42,691,71.2,10512.5,4.173907,0.0,0
403ba4f6-3b05-4fb0-9c95-6068878e01b1,2025-11-23,12,0.6116,19,72056.48,3792.446316,2.0,4372.08,7.0,23589.75,932,22.5,1735.95,-0.72622,-0.5,0
40abd3f4-34c6-407b-8dfe-8ff445cce235,2025-11-23,4,0.2671,10,16719.92,1671.992,1.0,1064.71,4.0,12503.85,1123,47.8889,1064.71,0.0,0.0,0
414fbbd6-b12f-45a2-85f2-fd8a574567fa,2025-11-23,160,0.0552,2,1024.42,512.21,0.0,0.0,0.0,0.0,1086,137.0,705.35,0.0,0.0,1
41906a86-bd78-43ee-a9ab-5f93230c56a1,2025-11-23,69,0.4713,17,32966.88,1939.228235,0.0,0.0,3.0,3373.99,1082,23.375,2006.11,0.0,0.0,0
41cc51fc-74f3-43aa-b9e8-c4269becb375,2025-11-23,0,0.3629,12,40835.38,3402.948333,3.0,15618.9,4.0,17597.77,992,31.0,11340.57,0.0,0.0,0
420464c7-e05c-4002-9ab4-902acb471c60,2025-11-23,10,0.5455,13,29524.05,2271.080769,2.0,6358.74,6.0,13858.19,715,33.3333,4073.78,0.19895,0.0,0
42b4250f-96b0-4ca7-b063-8722469fafa6,2025-11-23,20,0.1324,3,13626.24,4542.08,1.0,7490.19,1.0,7490.19,680,65.5,7490.19,0.0,0.0,0
43b1d0a0-404f-48c8-96ee-46291e3ceaa3,2025-11-23,23,0.3269,9,18757.5,2084.166667,2.0,4986.29,2.0,4986.29,826,45.75,4587.03,0.0,0.0,0
44e18ff7-c6c4-4f05-810a-10acda026843,2025-11-23,9,0.5439,19,63238.78,3328.356842,1.0,3471.91,5.0,21126.24,1048,19.0556,3471.91,-0.744287,-0.6667,0
44e3f736-1e1f-478d-876f-f18c9b474ec7,2025-11-23,1,0.176,7,26695.31,3813.615714,2.0,4379.28,3.0,5080.91,1193,66.3333,2717.72,0.0,0.0,0
44f08084-85aa-46b5-8832-5d1d2b8db2cc,2025-11-23,291,0.0303,1,159.54,159.54,0.0,0.0,0.0,0.0,990,0.0,159.54,0.0,0.0,0
454e54ed-b5e4-4096-9693-090f3ddaa42e,2025-11-23,8,0.4886,10,24238.56,2423.856,3.0,2303.44,7.0,4152.69,614,40.1111,169.42,0.0,0.0,0
456196a3-f5fd-4769-85c9-fe12f73de5b9,2025-11-23,26,0.7906,19,44938.69,2365.194211,2.0,4152.44,7.0,13897.22,721,18.7778,3569.13,-0.52924,-0.3333,0
45b35575-e766-4b46-861c-910c86237813,2025-11-23,10,0.9071,28,71915.34,2568.405,4.0,16232.47,8.0,28901.77,926,13.2963,6247.28,1.691791,1.0,0
45b88888-2215-4e91-9647-006d4a1e9e88,2025-11-23,41,0.2192,6,18584.4,3097.4,0.0,0.0,1.0,1457.87,821,37.6,1457.87,-1.0,-1.0,0
46131e6b-4c77-4840-8255-973dc2b72450,2025-11-23,59,0.1676,6,9169.3,1528.216667,0.0,0.0,1.0,401.92,1074,50.6,401.92,-1.0,-1.0,0
4625383b-ddb9-4a4e-8e05-f4c0efbb0b38,2025-11-23,185,0.0336,1,7151.97,7151.97,0.0,0.0,0.0,0.0,894,0.0,7151.97,0.0,0.0,0
46b19404-7f1c-4813-a3e9-8ad7066efbfb,2025-11-23,72,0.1531,3,12362.76,4120.92,0.0,0.0,1.0,1003.05,588,50.0,1003.05,0.0,0.0,1
46ced229-ee4c-418c-badd-2f91fc1ab760,2025-11-23,15,0.2819,7,26095.76,3727.965714,1.0,7983.84,2.0,15981.18,745,47.0,7983.84,-0.001688,0.0,0
46df1799-2ada-4ee5-af3b-e819f704a921,2025-11-23,7,0.0503,2,7692.91,3846.455,1.0,5564.2,1.0,5564.2,1193,168.0,5564.2,0.0,0.0,1
48689e01-09c4-46f3-9d8e-5d6c440e56cb,2025-11-23,32,0.1544,6,13276.75,2212.791667,0.0,0.0,1.0,568.54,1166,56.4,568.54,-1.0,-1.0,0
48871682-8627-402c-b359-46e536c8c5f8,2025-11-23,10,0.3571,9,17840.4,1982.266667,1.0,2983.67,3.0,9244.13,756,44.75,2983.67,-0.52341,-0.5,0
4985763f-1aec-4bc7-8147-1beeb7a2d9c0,2025-11-23,29,0.1769,7,14890.29,2127.184286,1.0,6646.26,4.0,12331.02,1187,43.0,6646.26,0.674695,-0.5,0
49d4f65c-a7f6-423f-97b2-75571396471e,2025-11-23,34,0.1835,4,15726.1,3931.525,0.0,0.0,1.0,3026.13,654,117.0,3026.13,-1.0,-1.0,0
4b263a6a-fa62-4829-bdec-56be9866bdeb,2025-11-23,19,0.0322,1,12151.69,12151.69,1.0,12151.69,1.0,12151.69,933,0.0,12151.69,0.0,0.0,0
4db8450b-3473-4e34-abb8-61b270b04333,2025-11-23,11,0.2459,7,12263.77,1751.967143,1.0,3003.57,3.0,9121.93,854,60.1667,3003.57,-0.10752,0.0,0
4ed5562c-399a-4f63-8123-7496d2617ad8,2025-11-23,24,0.2945,8,23472.56,2934.07,1.0,446.96,3.0,7800.28,815,28.0,446.96,-0.889976,0.0,0
4ee7f9a8-1985-4e04-82b5-332cbc70c187,2025-11-23,58,0.3788,10,16366.93,1636.693,0.0,0.0,2.0,2891.9,792,33.5556,1655.93,-1.0,-1.0,0
4f4f2ef2-6350-45b8-af19-6bd90adfc454,2025-11-23,3,0.7553,25,67900.86,2716.0344,4.0,18622.3,11.0,31894.89,993,11.625,1309.97,1.431297,0.0,0
505deb96-02b0-4484-ae43-533961fa661d,2025-11-23,7,0.4813,15,32748.39,2183.226,3.0,11559.5,3.0,11559.5,935,23.2143,4543.37,0.0,0.0,0
5097dfe0-2eb9-4792-a52b-170cf10ad290,2025-11-23,291,0.0447,1,390.54,390.54,0.0,0.0,0.0,0.0,671,0.0,390.54,0.0,0.0,0
5173c47a-a140-490b-afc1-af84817a605e,2025-11-23,24,0.2676,10,37092.27,3709.227,1.0,6247.28,5.0,20675.14,1121,37.1111,6247.28,-0.486291,-0.6667,0
51833259-a233-414c-85fb-6ed59e50dfed,2025-11-23,9,0.8876,20,73248.25,3662.4125,1.0,7087.86,5.0,28239.28,676,22.5263,7087.86,-0.61919,-0.6667,0
528aa423-6b23-4a2a-8e8b-d2c5976a5484,2025-11-23,56,0.1569,4,17185.78,4296.445,0.0,0.0,2.0,3644.7,765,39.3333,3091.22,-1.0,-1.0,0
529b58fc-1d6b-4a46-bcf3-bd50c058a284,2025-11-23,6,0.3061,8,24093.74,3011.7175,2.0,7774.91,2.0,7774.91,784,43.4286,931.62,0.0,0.0,0
532c0027-0a87-4b04-8cd6-433b7eda14e0,2025-11-23,53,0.1044,3,11051.96,3683.986667,0.0,0.0,1.0,472.46,862,128.0,472.46,-1.0,-1.0,0
5379215b-cc4c-4e00-a6c5-27be458826a0,2025-11-23,334,0.0274,1,3053.65,3053.65,0.0,0.0,0.0,0.0,1096,0.0,3053.65,0.0,0.0,0
53cf422c-89ff-449d-9e2b-509585fbfa93,2025-11-23,15,0.1235,3,10664.12,3554.706667,1.0,5355.18,1.0,5355.18,729,168.0,5355.18,0.0,0.0,0
54739a70-fe3b-45f0-b6da-5eb96fddebc6,2025-11-23,3,1.0555,26,60490.68,2326.564615,4.0,6491.55,9.0,17970.21,739,15.04,2149.08,0.273595,0.3333,0
549276f5-7982-4ddd-9090-30fd37f31bf6,2025-11-23,32,0.3518,11,34494.91,3135.900909,0.0,0.0,3.0,10897.13,938,26.0,7104.23,-1.0,-1.0,0
556c3740-52fd-4022-8755-b92b9fa5342d,2025-11-23,1,0.3602,14,39616.89,2829.777857,3.0,6024.26,6.0,16178.77,1166,33.1538,2108.9,-0.40674,0.0,0
5616033a-269f-49ef-83d8-504129f87568,2025-11-23,28,0.0374,1,6549.85,6549.85,1.0,6549.85,1.0,6549.85,803,0.0,6549.85,0.0,0.0,0
5705b303-d99b-47e5-9620-2ac37d16bf70,2025-11-23,38,0.1563,3,4114.21,1371.403333,0.0,0.0,1.0,1286.01,576,104.5,1286.01,-1.0,-1.0,0
575ab059-021e-48cf-a1f6-39e5a9719349,2025-11-23,0,0.3212,10,29130.25,2913.025,3.0,8001.62,4.0,9525.5,934,36.8889,2274.18,0.0,0.0,0
5768b4fe-4e94-4a79-bf94-aec56843c229,2025-11-23,56,0.144,3,4155.23,1385.076667,0.0,0.0,2.0,1742.89,625,66.5,701.63,-1.0,-1.0,1
5772f550-5886-44ab-b618-cc525d22c053,2025-11-23,37,1.5647,29,80077.94,2761.308276,0.0,0.0,6.0,19559.75,556,13.6429,9124.4,-1.0,-1.0,0
5828d313-995e-4774-b19c-e8ac7bc3daea,2025-11-23,139,0.0515,2,662.0,331.0,0.0,0.0,0.0,0.0,1166,196.0,478.61,0.0,0.0,0
585a8991-c44f-4e18-b8e0-6283bf6f9aff,2025-11-23,6,0.2277,9,30566.1,3396.233333,2.0,8225.19,2.0,8225.19,1186,51.125,3240.49,0.0,0.0,0
58894319-515e-4488-9e5c-39efd9a4d7ad,2025-11-23,60,0.0987,2,7474.72,3737.36,0.0,0.0,2.0,7474.72,608,13.0,2060.81,0.0,0.0,0
59749859-a81e-48e6-bc39-a362a3eada9b,2025-11-23,0,0.4894,10,35350.24,3535.024,1.0,3213.26,2.0,5131.57,613,23.6667,3213.26,0.675047,0.0,0
5a2542d2-8392-4c53-bbf2-259d1b7de2ba,2025-11-23,14,0.6522,13,34082.71,2621.746923,1.0,2101.79,6.0,10398.22,598,21.9167,2101.79,-0.014248,-0.5,0
5a60bb30-d49d-430c-b819-619528fa0373,2025-11-23,21,0.2679,6,16246.39,2707.731667,1.0,8255.8,1.0,8255.8,672,71.8,8255.8,0.0,0.0,0
5b8f23c7-fa9a-4a08-9a59-251fb715af18,2025-11-23,22,0.0797,3,12948.73,4316.243333,1.0,3776.35,1.0,3776.35,1129,175.5,3776.35,0.0,0.0,0
5be61d8d-e5a3-403f-b61d-c9096e40b7fb,2025-11-23,106,0.0957,3,6978.78,2326.26,0.0,0.0,0.0,0.0,940,66.0,2451.55,0.0,0.0,0
5c9d29aa-2355-42b6-b1a3-3b942397745f,2025-11-23,82,0.0863,2,2039.49,1019.745,0.0,0.0,2.0,2039.49,695,5.0,989.44,0.0,0.0,0
5cda614e-b389-4e48-8b36-5612a91c11ba,2025-11-23,18,0.1157,3,3402.02,1134.006667,1.0,433.16,2.0,1497.87,778,45.0,433.16,-0.593166,0.0,0
5d474fc4-7a12-42c7-9f36-de03cfef0e40,2025-11-23,36,0.0343,1,1340.9,1340.9,0.0,0.0,1.0,1340.9,874,0.0,1340.9,-1.0,-1.0,0
5d5fa6d8-0ad7-4ade-be35-1c481b16b275,2025-11-23,12,0.6464,17,51071.33,3004.195882,2.0,12654.86,6.0,20763.21,789,23.0625,6305.36,6.128535,1.0,0
600950e2-e195-4863-b978-6b55ea2f8a24,2025-11-23,13,0.338,8,15578.68,1947.335,1.0,5588.78,2.0,9089.91,710,40.8571,5588.78,0.596279,0.0,0
60ce8a0f-d7a4-4ed2-ac8e-6e0a87d50d90,2025-11-23,3,0.2882,11,41477.23,3770.657273,2.0,10747.44,6.0,35518.56,1145,25.5,2454.21,-0.406887,0.0,0
60fc3a69-d7a0-4445-b08b-d165e0bc4928,2025-11-23,60,0.1079,4,8665.93,2166.4825,0.0,0.0,1.0,1195.82,1112,82.0,1195.82,0.0,0.0,0
614d73fd-8846-4895-a773-7898e1678216,2025-11-23,7,0.4215,12,38367.37,3197.280833,2.0,9171.45,4.0,14603.46,854,34.0,1157.02,0.0,0.0,0
6160ef49-2fc6-47b6-b9f2-400cbd267250,2025-11-23,88,0.0527,1,390.54,390.54,0.0,0.0,1.0,390.54,569,0.0,390.54,0.0,0.0,0
61ca8ccc-59b9-4f6f-84a3-e49d67fbff34,2025-11-23,4,0.1435,4,15145.87,3786.4675,1.0,6241.82,1.0,6241.82,836,84.6667,6241.82,0.0,0.0,1
61d5df45-2dc7-4d9a-a195-9acaf18018a4,2025-11-23,26,0.0256,1,5690.24,5690.24,1.0,5690.24,1.0,5690.24,1174,0.0,5690.24,0.0,0.0,1
6272b3b9-197b-4be0-bf82-5b6e74a51d18,2025-11-23,1,0.2521,9,35430.21,3936.69,2.0,10595.94,2.0,10595.94,1071,41.0,4835.22,0.0,0.0,0
62795829-338f-4ef4-a58a-8b4df43e37ed,2025-11-23,40,0.1527,4,17371.24,4342.81,0.0,0.0,2.0,16157.91,786,128.6667,3846.19,-1.0,-1.0,1
627dfaf1-6d87-43b0-9cba-68f9d7c5bf7f,2025-11-23,43,0.0494,1,10601.2,10601.2,0.0,0.0,1.0,10601.2,607,0.0,10601.2,-1.0,-1.0,0
63482ea8-4c3c-4a09-bce4-da0866c26116,2025-11-23,31,0.1029,2,9140.35,4570.175,0.0,0.0,2.0,9140.35,583,14.0,7824.29,-1.0,-1.0,1
64e3a695-4ab9-479c-87df-f1660c87338c,2025-11-23,17,0.071,2,10583.98,5291.99,1.0,9010.71,2.0,10583.98,845,71.0,9010.71,0.0,0.0,1
655a8a99-8ea7-4fab-8686-b6e0a9369c3b,2025-11-23,74,0.1413,4,6953.72,1738.43,0.0,0.0,1.0,1700.06,849,36.3333,1700.06,0.0,0.0,0
66581e52-4a91-4e5a-9db9-6ea7faad6977,2025-11-23,58,0.1681,4,7691.44,1922.86,0.0,0.0,1.0,2853.08,714,114.0,2853.08,-1.0,-1.0,0
66aa9f2d-de6b-4def-8269-b6d0177dbf9a,2025-11-23,15,0.7519,29,86029.7,2966.541379,2.0,2281.1,6.0,16124.5,1157,14.2143,1140.55,-0.822548,-0.3333,0
66c93c21-5319-42bd-aee5-a4af817f02a3,2025-11-23,38,0.0875,2,8068.36,4034.18,0.0,0.0,1.0,4590.15,686,148.0,4590.15,-1.0,-1.0,1
6774c3a7-d951-43fa-9c75-eaca2ced5391,2025-11-23,13,0.6442,21,51786.54,2466.025714,1.0,403.59,8.0,21514.69,978,20.5,403.59,-0.978243,-0.8,0
679c79cb-5d90-434a-a13e-d63368ba0b98,2025-11-23,198,0.0524,2,2052.38,1026.19,0.0,0.0,0.0,0.0,1146,137.0,1216.14,0.0,0.0,0
67fc2766-666c-4de5-9a16-9a35603b9a46,2025-11-23,18,0.2655,5,24680.48,4936.096,1.0,2551.27,2.0,3316.18,565,87.25,2551.27,2.335386,0.0,1
6853ff18-9673-4369-b96a-eb7e1eb71169,2025-11-23,13,0.3321,12,38156.1,3179.675,4.0,10203.27,6.0,14869.14,1084,25.6364,1457.87,5.00263,3.0,0
6892976f-0a64-4372-bcd7-14d6113ea6e2,2025-11-23,3,0.2143,8,14077.01,1759.62625,1.0,1744.94,2.0,2505.4,1120,46.7143,1744.94,0.0,0.0,0
69008e38-87df-4edc-8e0c-02e44a0802a3,2025-11-23,30,0.1688,4,5459.18,1364.795,0.0,0.0,3.0,4993.61,711,80.3333,1486.59,-1.0,-1.0,1
69223a3a-0e99-457c-b139-53a914126da0,2025-11-23,384,0.0267,1,7771.19,7771.19,0.0,0.0,0.0,0.0,1125,0.0,7771.19,0.0,0.0,1
69b42ebe-0ce1-4f78-b8cd-1bb12a098250,2025-11-23,2,0.0755,3,6168.93,2056.31,1.0,1085.19,2.0,1831.11,1192,79.0,1085.19,0.454834,0.0,0
6a03d7f7-9095-4c61-b549-95cd16aba353,2025-11-23,115,0.0544,2,3383.83,1691.915,0.0,0.0,0.0,0.0,1103,63.0,2833.43,0.0,0.0,0
6a7efc18-882b-4c4c-a75d-1b8aecdbf4a6,2025-11-23,35,0.2775,11,9683.99,880.362727,0.0,0.0,4.0,3541.05,1189,23.9,643.01,-1.0,-1.0,0
6b35501e-08f6-41b4-8699-30281befd8ec,2025-11-23,3,0.4673,10,45287.69,4528.769,3.0,20917.67,4.0,21353.9,642,48.0,10070.26,46.951012,2.0,0
6bb31b8a-5c85-4549-9106-7183256248ff,2025-11-23,22,0.5202,15,33129.47,2208.631333,1.0,3784.17,7.0,18612.25,865,24.4286,3784.17,0.233066,-0.6667,0
6cad4c9f-a37c-452d-9e24-b927cd585be0,2025-11-23,11,0.1376,4,8689.71,2172.4275,1.0,438.69,2.0,4324.29,872,113.0,438.69,-0.887099,0.0,1
6ccef97b-c165-4c24-aa1d-00119b8315f2,2025-11-23,42,0.212,6,21709.25,3618.208333,0.0,0.0,2.0,6062.52,849,38.0,1210.78,-1.0,-1.0,0
6d07afb5-e45f-49c8-8fe6-ab313f89ab9c,2025-11-23,2,0.7369,24,73022.51,3042.604583,4.0,17752.15,10.0,26621.89,977,12.3913,4569.9,3.309329,0.0,0
6dd97a45-7233-4f75-bf2b-a02f9e2403f5,2025-11-23,8,0.5921,12,54355.56,4529.63,2.0,19787.83,7.0,36508.93,608,36.8182,12311.72,1.056917,0.0,0
6e04016c-b9dc-4b48-ac9b-8e9eff3d52ef,2025-11-23,54,0.2411,9,18713.08,2079.231111,0.0,0.0,3.0,2400.36,1120,14.0,1139.97,-1.0,-1.0,0
6f363f3d-a553-4343-928a-865ef7efa488,2025-11-23,17,0.1958,5,22506.85,4501.37,1.0,8942.04,2.0,14192.3,766,92.0,8942.04,0.0,0.0,0
6f43c820-6bb0-443a-a276-f436ff5cc816,2025-11-23,23,0.2894,6,17399.44,2899.906667,1.0,765.03,5.0,11810.66,622,63.6,765.03,-0.821427,0.0,0
6fb7d847-f44b-41dc-a325-7b26c61cbc96,2025-11-23,4,0.581,22,53590.53,2435.933182,3.0,8669.41,11.0,28784.27,1136,18.1905,4660.99,-0.540193,-0.5,0
7010920b-f9d5-4e97-9d6a-a57cfe832fad,2025-11-23,6,0.6968,19,49342.97,2596.998421,4.0,17539.44,9.0,27540.78,818,19.8333,2485.73,1.594266,0.3333,0
70803e0f-518e-4300-9d6d-cec5780970aa,2025-11-23,31,0.054,2,5264.67,2632.335,0.0,0.0,1.0,4984.7,1111,91.0,4984.7,-1.0,-1.0,0
726b4f75-d374-4f7f-bf66-eff61209fe02,2025-11-23,72,0.1164,3,2173.7,724.566667,0.0,0.0,2.0,1640.3,773,91.5,560.4,0.0,0.0,0
72f79579-0a70-4cc7-8b0e-7b204ff9f789,2025-11-23,39,0.0898,2,4052.67,2026.335,0.0,0.0,1.0,1672.48,668,77.0,1672.48,-1.0,-1.0,1
731fe7b0-483a-4068-a5c1-e8ce074a22e2,2025-11-23,210,0.0489,1,1858.31,1858.31,0.0,0.0,0.0,0.0,614,0.0,1858.31,0.0,0.0,1
73c3d633-4b34-49ad-a380-07fa31442bd6,2025-11-23,13,0.3704,9,18670.69,2074.521111,1.0,2671.47,3.0,4090.7,729,33.75,2671.47,2.323385,0.0,0
744605d3-9330-457d-9c53-8b4b59950976,2025-11-23,2,0.9091,25,85736.45,3429.458,7.0,46278.56,14.0,59969.34,825,16.4167,6110.67,6.158788,1.3333,0
75e7956b-bba4-4d50-aa4d-f8061fa9b378,2025-11-23,29,0.1003,3,14085.96,4695.32,1.0,3681.3,2.0,6220.14,897,80.5,3681.3,0.0,0.0,0
7613c703-00a5-4fcd-b61f-b4f85bd36ac2,2025-11-23,37,0.3177,12,26326.19,2193.849167,0.0,0.0,2.0,4723.9,1133,24.5455,2101.79,-1.0,-1.0,0
76c7e6e2-ab70-4430-9c0e-611b3e8e3f7d,2025-11-23,6,0.1775,7,29232.2,4176.028571,1.0,266.18,2.0,3099.19,1183,49.3333,266.18,0.0,0.0,0
76fd4673-a6d4-4503-8346-4fa08b56a6d8,2025-11-23,61,0.0353,1,823.98,823.98,0.0,0.0,1.0,823.98,851,0.0,823.98,0.0,0.0,0
78106c04-2615-4323-b215-3172fb34fc72,2025-11-23,20,0.3819,11,49757.75,4523.431818,2.0,10818.5,3.0,14346.0,864,36.7,3355.19,0.0,0.0,0
782ae5d7-a09e-4973-a2b3-29bacbb5efa9,2025-11-23,22,0.0725,2,5665.08,2832.54,1.0,807.18,1.0,807.18,828,131.0,807.18,0.0,0.0,0
785c7075-fbd8-42f7-b26f-e1aadc18eebc,2025-11-23,26,0.0756,3,7579.21,2526.403333,1.0,4690.22,1.0,4690.22,1191,65.5,4690.22,0.0,0.0,1
79ce75bd-e156-4762-a109-91880fa27abc,2025-11-23,4,0.5843,23,54597.01,2373.783043,2.0,2194.56,8.0,17520.16,1181,15.1818,707.97,-0.780264,-0.5,0
7b3011de-1fd5-49d7-8cd0-565a3af5b5da,2025-11-23,27,0.7719,22,50130.76,2278.670909,2.0,9257.29,7.0,30280.66,855,15.0476,8014.43,-0.336694,-0.3333,0
7b5dbebc-9a0e-4613-8844-f85ea0bc161d,2025-11-23,12,0.0965,3,18568.85,6189.616667,1.0,6646.26,2.0,14368.64,933,123.0,6646.26,-0.139351,0.0,0
7bb9c97f-e27e-426f-b400-1ecf5e49b6f2,2025-11-23,38,0.1563,5,15821.81,3164.362,0.0,0.0,2.0,7034.71,960,33.5,3861.27,-1.0,-1.0,0
7be8de25-a69e-4e0f-9ac9-cd6405a73f68,2025-11-23,63,0.0892,2,7354.56,3677.28,0.0,0.0,1.0,1562.15,673,98.0,1562.15,0.0,0.0,0
7d31f2fa-4d24-4819-aa43-8ca6f961480f,2025-11-23,404,0.0467,1,3834.51,3834.51,0.0,0.0,0.0,0.0,643,0.0,3834.51,0.0,0.0,1
7d5e174f-f3d2-488e-99b3-a0591b1a9319,2025-11-23,39,0.0953,3,5408.27,1802.756667,0.0,0.0,1.0,896.26,944,124.5,896.26,-1.0,-1.0,0
7dc50afb-0eaa-4b38-8b2f-04eb2c57446e,2025-11-23,5,0.2826,6,9572.33,1595.388333,2.0,1561.8,4.0,5582.59,637,82.2,1356.47,-0.187874,1.0,1
7dd67799-87bf-4c47-944e-e495c976e50e,2025-11-23,4,0.2033,7,11333.5,1619.071429,1.0,1611.74,3.0,2499.7,1033,54.5,1611.74,0.0,0.0,0
7e1ea714-6fe4-494e-9554-750dbe019c23,2025-11-23,0,0.1005,4,18658.03,4664.5075,1.0,7722.38,1.0,7722.38,1194,121.3333,7722.38,0.0,0.0,0
80425ba2-13bc-407f-9a1c-ff4f30480010,2025-11-23,23,0.3801,15,35093.87,2339.591333,2.0,5827.5,6.0,14725.69,1184,22.7143,1356.47,6.709047,1.0,0
8081cb55-1e73-484f-b6fe-79fe7087f185,2025-11-23,189,0.0317,1,1188.93,1188.93,0.0,0.0,0.0,0.0,947,0.0,1188.93,0.0,0.0,0
809a4c1b-22b1-4046-b62e-5ca84f41ae56,2025-11-23,112,0.0952,2,2010.48,1005.24,0.0,0.0,0.0,0.0,630,160.0,1655.43,0.0,0.0,0
81038b9d-eef0-443c-9635-a2e4c4df490f,2025-11-23,47,0.1485,4,16728.11,4182.0275,0.0,0.0,1.0,3421.65,808,121.0,3421.65,-1.0,-1.0,0
81aa5e22-d678-428b-b005-9b81178d3a85,2025-11-23,69,0.3452,10,21860.86,2186.086,0.0,0.0,2.0,7983.69,869,32.0,4671.82,0.0,0.0,0
82241b4b-7959-4079-9369-bbfcffcbc453,2025-11-23,10,0.7047,21,74402.43,3542.972857,5.0,25081.71,7.0,36024.56,894,18.55,8153.15,1.292064,1.5,0
824fbcc7-5420-4ca2-84b0-15b0b4a2292b,2025-11-23,52,0.1204,4,11909.91,2977.4775,0.0,0.0,1.0,4442.78,997,75.3333,4442.78,-1.0,-1.0,0
826855e8-3a9a-4032-ad5b-6ca64c822572,2025-11-23,64,0.179,5,15183.46,3036.692,0.0,0.0,3.0,11400.86,838,59.0,3268.48,0.0,0.0,0
82c5a7aa-2ec7-45dc-9d03-be3531473f2f,2025-11-23,110,0.1062,2,3841.35,1920.675,0.0,0.0,0.0,0.0,565,197.0,2860.2,0.0,0.0,0
82d60e37-f049-4852-9464-c94b4e5c3244,2025-11-23,8,0.6069,14,21993.47,1570.962143,1.0,2316.76,6.0,9102.76,692,21.0,2316.76,1.904336,0.0,0
83d0d0b7-7f58-49ea-8dc3-fee8c20efb50,2025-11-23,14,0.0955,2,11471.61,5735.805,1.0,6799.79,1.0,6799.79,628,130.0,6799.79,0.0,0.0,1
83fe13f3-1026-46b2-9abd-d7277ea2f653,2025-11-23,168,0.0903,3,5204.3,1734.766667,0.0,0.0,0.0,0.0,997,99.5,3015.43,0.0,0.0,0
855f6897-60c0-42cc-aa5a-bbcf4dfcfd28,2025-11-23,23,0.2902,11,25253.4,2295.763636,1.0,1214.0,4.0,13661.09,1137,26.6,1214.0,-0.895614,-0.5,0
86208847-cfb3-449d-a634-075a2b7c33cc,2025-11-23,17,0.3947,8,11255.5,1406.9375,1.0,1758.83,3.0,2785.15,608,61.5714,1758.83,0.0,0.0,0
86ab916f-9734-41f0-b5c0-9bbc082b3251,2025-11-23,4,1.0902,27,69615.82,2578.363704,1.0,2242.2,8.0,24261.09,743,16.5,2242.2,-0.876539,-0.8333,0
87b06d02-c4e0-4e44-a8d4-a21cdc592676,2025-11-23,5,0.5255,12,33425.53,2785.460833,1.0,5828.39,4.0,13546.38,685,30.0909,5828.39,0.0,0.0,0
8867ed0f-4c50-4aa9-8fb4-993893bd97df,2025-11-23,5,0.2351,5,13537.71,2707.542,2.0,5079.33,2.0,5079.33,638,74.75,2570.61,0.0,0.0,0
88f8cded-9e9f-4c71-9504-8cae260151bf,2025-11-23,20,0.1379,5,11722.25,2344.45,1.0,4252.71,1.0,4252.71,1088,70.25,4252.71,0.0,0.0,0
8aa74529-c59e-4daf-9b98-321ebfce7306,2025-11-23,7,1.3568,27,54065.91,2002.441111,1.0,5828.39,8.0,23705.43,597,15.0769,5828.39,-0.46566,-0.75,0
8b278dae-e043-44f3-a5f0-8466df24d3a2,2025-11-23,0,0.7062,25,41958.74,1678.3496,2.0,1583.88,6.0,11289.08,1062,16.2917,1391.05,-0.485407,1.0,0
8bd2e91f-b7be-4b2c-95e8-9b9f6936c3fe,2025-11-23,39,0.283,11,25541.16,2321.923636,0.0,0.0,1.0,1494.38,1166,32.7,1494.38,-1.0,-1.0,0
8bf0cc1f-c9f7-4393-806f-86bce9acf23a,2025-11-23,14,0.0797,3,8190.05,2730.016667,1.0,1542.69,1.0,1542.69,1129,182.0,1542.69,0.0,0.0,0
8d58c937-6e14-4be1-98f6-33ea0a28136f,2025-11-23,2,0.094,3,14413.53,4804.51,2.0,13010.27,2.0,13010.27,957,117.5,6279.98,0.0,0.0,0
8d6d15dd-e8cf-4c06-aacd-238932fec46c,2025-11-23,81,0.1563,3,3362.32,1120.773333,0.0,0.0,1.0,2622.11,576,28.0,2622.11,0.0,0.0,0
8daa11dd-d410-44bf-a0de-622a9ca7c78d,2025-11-23,23,0.8323,22,61305.43,2786.610455,1.0,6241.82,6.0,17483.4,793,14.9048,6241.82,-0.02583,-0.5,0
8de2f61f-499f-4ce6-a7d6-a5e9b9219f67,2025-11-23,53,0.0912,3,17705.35,5901.783333,0.0,0.0,2.0,12553.31,987,83.0,7849.98,-1.0,-1.0,0
8f10e8bf-c7a4-4bd6-93ce-4de936a938ef,2025-11-23,17,0.6764,17,54734.16,3219.656471,2.0,8001.42,8.0,30495.73,754,17.1875,4590.15,-0.526028,-0.3333,0
9013910b-257e-462f-8142-555578e385a5,2025-11-23,10,0.3103,9,32440.09,3604.454444,1.0,4857.0,2.0,8138.59,870,42.875,4857.0,0.0,0.0,0
90ef6a35-c0dc-4b20-aede-0d1b3e525838,2025-11-23,16,0.1867,6,26178.27,4363.045,1.0,1705.63,3.0,11358.62,964,65.2,1705.63,-0.7851,0.0,0
910bd8ae-df74-4feb-9e1a-4e8966115c12,2025-11-23,8,0.229,7,19561.15,2794.45,1.0,7997.34,2.0,10156.0,917,61.1667,7997.34,0.0,0.0,0
911f8116-248a-4e3d-afb4-62a632746852,2025-11-23,4,1.1458,33,60767.63,1841.443333,1.0,1099.91,8.0,13055.13,864,12.0,1099.91,-0.779357,-0.5,0
918ccc0d-7add-4cda-bb90-29b5623f6d86,2025-11-23,120,0.098,3,5095.22,1698.406667,0.0,0.0,0.0,0.0,918,109.0,411.99,0.0,0.0,0
91f0a872-33ad-4dbe-9801-ac03b375f584,2025-11-23,19,0.5271,12,35937.79,2994.815833,2.0,8215.03,5.0,14943.1,683,34.0909,5663.76,5.025179,1.0,0
93700c9c-7e7e-4bad-b154-5e6644ddc5c9,2025-11-23,110,0.0528,1,4851.74,4851.74,0.0,0.0,0.0,0.0,568,0.0,4851.74,0.0,0.0,0
93d32257-e39c-4554-a773-cc81769f2c6b,2025-11-23,4,0.0756,2,1807.67,903.835,1.0,366.8,1.0,366.8,794,117.0,366.8,0.0,0.0,1
953c5953-375c-42a1-89e5-7b370fa868be,2025-11-23,5,0.0934,3,1729.27,576.423333,1.0,690.27,2.0,941.26,964,91.5,690.27,0.0,0.0,0
957f9181-281b-4ff6-9370-462fb40cb6e5,2025-11-23,87,0.1478,5,14138.4,2827.68,0.0,0.0,1.0,1591.91,1015,43.0,1591.91,0.0,0.0,0
97a7e174-c5da-4d97-b94b-09d5f4788809,2025-11-23,10,0.3843,14,44444.11,3174.579286,4.0,7081.27,8.0,21968.73,1093,28.9231,185.01,-0.322708,1.0,0
97bc17e3-9ca0-45a3-a8dd-947696378bf7,2025-11-23,79,0.1233,3,14027.25,4675.75,0.0,0.0,1.0,3109.55,730,54.0,3109.55,0.0,0.0,0
97c341f3-26c0-47ee-949b-ec2349709b82,2025-11-23,19,0.58,18,62061.43,3447.857222,2.0,8558.58,5.0,24537.43,931,24.2353,6241.82,-0.36538,0.0,0
98156cab-3a92-4dfa-9d5a-4e1528c73b35,2025-11-23,13,0.0822,3,8602.14,2867.38,1.0,6057.83,2.0,8282.57,1095,41.0,6057.83,1.722938,0.0,0
98c0d934-599f-43f0-b624-02fafa9a625d,2025-11-23,47,0.5025,10,15986.55,1598.655,0.0,0.0,4.0,8637.38,597,23.6667,3575.73,-1.0,-1.0,0
9965e54c-1dd6-4d5f-b7e0-e984e9c7be9f,2025-11-23,2,0.039,1,5702.75,5702.75,1.0,5702.75,1.0,5702.75,769,0.0,5702.75,0.0,0.0,1
9a48cdff-42f6-4b91-80ce-e531f3622d2b,2025-11-23,11,0.4145,8,21328.14,2666.0175,1.0,7774.87,2.0,11732.61,579,37.2857,7774.87,0.964472,0.0,0
9ada7a7c-35d9-4619-9117-c1d9c05f08e9,2025-11-23,270,0.0332,1,697.02,697.02,0.0,0.0,0.0,0.0,903,0.0,697.02,0.0,0.0,0
9b131352-2e3f-4966-865e-a01b50bde6e5,2025-11-23,1,0.4301,16,35565.55,2222.846875,1.0,5040.63,2.0,6574.0,1116,28.0667,5040.63,0.0,0.0,0
9b4342ff-79f2-40db-9669-bbab65d50e2f,2025-11-23,14,0.2447,5,11171.87,2234.374,1.0,1103.19,1.0,1103.19,613,85.0,1103.19,0.0,0.0,0
9c60f8cc-bb5f-4a3b-9a8b-95367617a69c,2025-11-23,9,0.2185,7,16215.4,2316.485714,1.0,216.58,4.0,10111.17,961,22.3333,216.58,-0.978111,-0.6667,0
9c75b413-efd7-4171-9aa3-e4f50c8b52ea,2025-11-23,18,0.1563,5,8752.82,1750.564,1.0,1316.06,1.0,1316.06,960,63.0,1316.06,0.0,0.0,0
9ca4947f-fc58-4db9-a473-9d3bb229db60,2025-11-23,95,0.0254,1,1006.56,1006.56,0.0,0.0,0.0,0.0,1183,0.0,1006.56,0.0,0.0,0
9cbf413a-a00b-482b-9441-e8fce7668a2e,2025-11-23,3,0.7746,26,87663.34,3371.666923,3.0,15040.9,13.0,50813.95,1007,13.92,3060.1,-0.464075,-0.5,0
9de44d71-02d0-4684-a314-54f9abd3f2cd,2025-11-23,23,0.3413,10,18171.91,1817.191,1.0,2295.08,2.0,3651.55,879,41.5556,2295.08,0.69195,0.0,0
9e39dc08-ef34-4791-8233-bb1831664c12,2025-11-23,43,0.152,3,6721.21,2240.403333,0.0,0.0,2.0,4758.91,592,27.5,2983.67,-1.0,-1.0,1
9e3ba510-550f-49bf-a866-a3124ebe334a,2025-11-23,195,0.0508,2,3060.88,1530.44,0.0,0.0,0.0,0.0,1182,110.0,1910.02,0.0,0.0,0
9f79997b-8bf3-45ae-a535-abb872b46a2f,2025-11-23,86,0.1601,3,5323.12,1774.373333,0.0,0.0,1.0,285.68,562,37.5,285.68,0.0,0.0,0
a029db9e-0867-4074-9876-83433dcbc19c,2025-11-23,240,0.0562,2,5388.61,2694.305,0.0,0.0,0.0,0.0,1068,2.0,720.44,0.0,0.0,1
a0323814-cd5e-4bbc-ae91-13b77ec723bb,2025-11-23,52,0.2067,6,7954.73,1325.788333,0.0,0.0,2.0,929.61,871,40.2,338.84,-1.0,-1.0,1
a137cf0f-749a-402e-9913-60a7f4a47b92,2025-11-23,21,0.9163,27,75316.34,2789.494074,1.0,1142.47,7.0,12350.0,884,12.7308,1142.47,-0.762252,-0.5,0
a1c9af51-32b0-45ae-8e5e-1a83d44e0dd4,2025-11-23,18,0.1339,3,17056.64,5685.546667,1.0,9512.0,1.0,9512.0,672,68.5,9512.0,0.0,0.0,0
a20f7825-b033-409c-9c97-b044b61bae47,2025-11-23,17,0.4149,10,24056.49,2405.649,1.0,448.13,2.0,3648.61,723,37.6667,448.13,0.0,0.0,0
a281fc1b-5e0e-400e-9760-0f4eecb192e1,2025-11-23,12,0.7155,14,29911.15,2136.510714,1.0,1309.97,4.0,5147.15,587,25.3846,1309.97,0.0,0.0,0
a39d8cb3-e105-4215-9fc6-c0cb27d75ca0,2025-11-23,213,0.0365,1,295.39,295.39,0.0,0.0,0.0,0.0,822,0.0,295.39,0.0,0.0,0
a458eb88-221d-40e0-8a04-289e42780afe,2025-11-23,259,0.0387,1,2105.72,2105.72,0.0,0.0,0.0,0.0,776,0.0,2105.72,0.0,0.0,0
a48769af-aacd-4623-8e69-fc86e1d3745e,2025-11-23,6,0.1915,6,24530.13,4088.355,1.0,1016.52,4.0,22845.82,940,54.2,1016.52,-0.947001,-0.5,0
a54b8eca-fc5f-46cd-9407-2f103beabcc7,2025-11-23,102,0.1626,6,11132.58,1855.43,0.0,0.0,0.0,0.0,1107,46.6,3161.25,0.0,0.0,0
a578fb66-2e0c-4a26-8179-b1230347de46,2025-11-23,181,0.069,2,4126.39,2063.195,0.0,0.0,0.0,0.0,870,14.0,3575.99,0.0,0.0,0
a58bcff6-b44b-4728-ae19-c41e17805478,2025-11-23,10,0.2041,4,12164.98,3041.245,3.0,8676.1,3.0,8676.1,588,28.3333,6770.62,0.0,0.0,1
a618b414-7505-48a2-9047-6d0fbd16fb88,2025-11-23,16,0.101,3,17154.5,5718.166667,1.0,4562.2,1.0,4562.2,891,72.0,4562.2,0.0,0.0,0
a62bcc77-cf9c-44a3-920f-2e2e57c723dc,2025-11-23,166,0.4131,8,37809.69,4726.21125,0.0,0.0,0.0,0.0,581,33.0,1567.97,0.0,0.0,0
a6818a6e-0465-4009-81b6-822245dae013,2025-11-23,4,0.1954,6,16579.07,2763.178333,2.0,2454.88,4.0,5306.63,921,36.0,1529.82,0.263585,1.0,0
a69011f4-c3f9-4f91-92f2-3df9072b53e7,2025-11-23,3,1.3523,27,53352.58,1976.021481,6.0,10231.61,12.0,26008.59,599,15.4231,1614.36,0.396073,2.0,0
a7925872-0bc3-4eee-b74c-5086ea1e992d,2025-11-23,59,0.1378,4,6064.02,1516.005,0.0,0.0,1.0,2943.45,871,87.6667,2943.45,-1.0,-1.0,0
a7c6d291-2d8a-45ea-8005-81ecfd3682df,2025-11-23,28,0.209,7,15652.7,2236.1,1.0,1513.07,1.0,1513.07,1005,53.0,1513.07,0.0,0.0,0
a7dd5f9a-9fa6-4592-b920-cc610a4ca21b,2025-11-23,38,0.1198,4,13173.58,3293.395,0.0,0.0,1.0,577.54,1002,120.0,577.54,-1.0,-1.0,0
a8091949-9c95-4f66-b956-b61849aa17d1,2025-11-23,120,0.2415,5,17348.57,3469.714,0.0,0.0,0.0,0.0,621,54.5,3532.45,0.0,0.0,0
a8592085-1f10-4731-b976-351290d3b914,2025-11-23,35,0.096,2,1580.11,790.055,0.0,0.0,1.0,1026.63,625,188.0,1026.63,-1.0,-1.0,1
a8a318fe-4ac5-43e5-819c-0493f94dfd8e,2025-11-23,17,0.3121,9,15002.71,1666.967778,1.0,3337.11,2.0,4417.01,865,37.0,3337.11,0.0,0.0,0
a91e3f3f-94ea-410a-afcd-a9721a392b5a,2025-11-23,80,0.1387,4,10470.9,2617.725,0.0,0.0,1.0,599.51,865,85.3333,599.51,0.0,0.0,1
a955f9af-0de0-488d-9638-13b909991020,2025-11-23,29,0.3596,7,23764.04,3394.862857,1.0,12432.4,3.0,15076.66,584,41.6667,12432.4,0.0,0.0,0
a9a14d19-86ba-40be-883c-0be4db2e7555,2025-11-23,3,0.8108,17,46972.02,2763.06,5.0,23852.68,8.0,27742.87,629,25.75,366.8,0.0,0.0,0
aa210298-0ad5-4fe1-9a49-04d9c35709c6,2025-11-23,11,0.1882,7,15031.46,2147.351429,1.0,1192.2,1.0,1192.2,1116,64.3333,1192.2,0.0,0.0,0
aacf38f5-5690-4d24-95d3-d4b2fa5166a8,2025-11-23,190,0.033,1,8872.66,8872.66,0.0,0.0,0.0,0.0,910,0.0,8872.66,0.0,0.0,0
aaec11b1-b19b-4ff9-bbf5-b6caa3fa11ee,2025-11-23,103,0.0504,1,1082.78,1082.78,0.0,0.0,0.0,0.0,595,0.0,1082.78,0.0,0.0,0
ac9ed0cc-36d5-43e5-8b0f-11a8213d3173,2025-11-23,25,0.0632,2,5852.37,2926.185,1.0,5254.46,1.0,5254.46,950,73.0,5254.46,0.0,0.0,0
acf31d10-d223-4df6-a143-e9ba0e8118f4,2025-11-23,17,0.0993,3,4021.77,1340.59,1.0,1792.52,2.0,2857.66,906,125.5,1792.52,0.0,0.0,0
ad10f2bd-d571-4f42-aec5-a7a10eaa3ca9,2025-11-23,1,0.2024,8,19408.12,2426.015,5.0,14619.99,5.0,14619.99,1186,42.8571,6057.83,0.0,0.0,0
ade55153-89f8-4d7a-9199-12bcf0e9f0ce,2025-11-23,210,0.0938,2,3226.87,1613.435,0.0,0.0,0.0,0.0,640,14.0,1952.69,0.0,0.0,0
b067038f-9577-43c4-a072-0376499a6f51,2025-11-23,36,0.2781,9,37085.79,4120.643333,0.0,0.0,4.0,17418.79,971,40.0,11340.57,-1.0,-1.0,0
b0a7ac9f-5dc3-43d5-bf2f-2201d6f385b2,2025-11-23,3,0.2537,8,10503.93,1312.99125,1.0,720.09,4.0,1494.11,946,43.8571,720.09,9.602032,0.0,0
b0d043da-1294-4ab0-8fa2-ebb68dbb62a2,2025-11-23,83,0.2249,8,23189.83,2898.72875,0.0,0.0,1.0,701.63,1067,30.5714,701.63,0.0,0.0,0
b0d81eaf-60e0-4aa5-b3e9-64fdea18f5e9,2025-11-23,46,0.4869,13,36409.7,2800.746154,0.0,0.0,4.0,6959.14,801,23.6667,133.09,-1.0,-1.0,0
b2109776-616b-488c-9721-f3f116afd30f,2025-11-23,19,0.3724,9,28073.68,3119.297778,1.0,1242.02,2.0,4971.61,725,38.625,1242.02,-0.666982,0.0,0
b21eb80b-84a0-490b-abcb-151568e54d64,2025-11-23,36,0.2547,9,27854.52,3094.946667,0.0,0.0,3.0,15928.22,1060,36.375,4714.66,-1.0,-1.0,0
b247c235-943b-4c46-91c2-168e86d26161,2025-11-23,0,0.5117,16,17189.39,1074.336875,4.0,7181.21,7.0,9145.92,938,21.4,1681.65,12.871373,3.0,0
b2c24112-6ed5-433e-ae6e-c541f21defe5,2025-11-23,8,0.1732,4,9504.98,2376.245,1.0,3492.44,1.0,3492.44,693,85.6667,3492.44,0.0,0.0,1
b2ef61f5-8a4e-44af-9b72-983eb8729127,2025-11-23,65,0.1518,6,8277.17,1379.528333,0.0,0.0,1.0,487.43,1186,41.4,487.43,0.0,0.0,0
b2f4f0f6-9d52-4439-b5fe-14ebe8887e7a,2025-11-23,37,0.0961,3,9876.46,3292.153333,0.0,0.0,2.0,642.67,937,187.5,94.49,-1.0,-1.0,1
b35ff2cc-b3d7-4eee-bbe6-72dd663e82bf,2025-11-23,33,0.2917,6,18970.86,3161.81,0.0,0.0,4.0,12857.88,617,78.8,5645.87,-1.0,-1.0,1
b3bc0c36-2894-415e-8303-9ce0c524adf7,2025-11-23,325,0.0348,1,701.63,701.63,0.0,0.0,0.0,0.0,861,0.0,701.63,0.0,0.0,0
b4322a23-acd4-46a3-8620-5130bd7bc8c3,2025-11-23,232,0.0536,1,2335.32,2335.32,0.0,0.0,0.0,0.0,560,0.0,2335.32,0.0,0.0,0
b4a140af-8af0-4074-8c4e-f1e587fff314,2025-11-23,1,0.6674,20,78644.95,3932.2475,5.0,29150.28,8.0,40733.18,899,21.0,9996.33,4.263817,4.0,0
b4dd90f1-04a6-4d42-ac0a-2702bbc8d0db,2025-11-23,46,0.2878,9,30280.23,3364.47,0.0,0.0,4.0,20771.86,938,47.25,1355.36,-1.0,-1.0,0
b4ff4a71-e2cb-40a7-afaa-04a5be660e06,2025-11-23,34,0.2117,7,14822.0,2117.428571,0.0,0.0,3.0,10604.37,992,54.1667,1146.76,-1.0,-1.0,0
b5597188-1096-40f6-bb3c-7eae56f49e62,2025-11-23,30,0.232,7,15058.73,2151.247143,0.0,0.0,3.0,4676.39,905,62.6667,1395.7,-1.0,-1.0,0
b5f40c8f-57dc-440a-9706-3cfe7972dde6,2025-11-23,55,0.1196,4,7095.13,1773.7825,0.0,0.0,2.0,883.7,1003,35.6667,599.51,-1.0,-1.0,0
b6466b91-0c2a-4a1f-bf51-fd9f9de8b206,2025-11-23,133,0.1387,3,12688.62,4229.54,0.0,0.0,0.0,0.0,649,79.0,2776.57,0.0,0.0,0
b6d1010f-48a8-4d83-a4bd-0a6c9a4521d9,2025-11-23,187,0.027,1,3970.48,3970.48,0.0,0.0,0.0,0.0,1111,0.0,3970.48,0.0,0.0,0
b73d152b-3ccf-4708-8854-ab85e6abc82c,2025-11-23,175,0.1027,2,5963.35,2981.675,0.0,0.0,0.0,0.0,584,54.0,5689.26,0.0,0.0,0
b7a528c9-9989-42b3-86f1-dfe0266eb7da,2025-11-23,100,0.0957,3,2650.46,883.486667,0.0,0.0,0.0,0.0,940,74.0,1440.87,0.0,0.0,0
b7d62bbb-f2b2-4bee-ac69-0e320b4b310f,2025-11-23,23,1.0042,32,97555.3,3048.603125,2.0,7053.29,13.0,41019.65,956,12.6774,3228.73,-0.740117,-0.6667,0
b812927c-5d6a-4cb6-9794-94ec8e44c0bd,2025-11-23,116,0.1299,4,8106.46,2026.615,0.0,0.0,0.0,0.0,924,69.6667,2461.19,0.0,0.0,0
b81e352f-6da5-4d3a-94e7-a583c1e9213c,2025-11-23,76,0.0516,2,1165.47,582.735,0.0,0.0,1.0,934.36,1163,75.0,934.36,0.0,0.0,0
b8302dbd-4877-438d-ac91-c2d5dbbadf09,2025-11-23,8,0.1134,4,9945.72,2486.43,1.0,1120.79,2.0,5352.19,1058,69.6667,1120.79,0.0,0.0,0
b86f948a-d460-4c23-a79a-b2deafdc8880,2025-11-23,40,0.3871,12,15717.81,1309.8175,0.0,0.0,5.0,6671.68,930,14.2727,1309.97,-1.0,-1.0,0
b88b94e7-2bbd-4939-98cc-217258c364d3,2025-11-23,0,0.3698,8,26893.91,3361.73875,1.0,4004.2,2.0,4176.77,649,48.4286,4004.2,22.203338,0.0,0
b88bef53-7397-4409-b454-f68fa7827873,2025-11-23,58,0.3317,9,15526.53,1725.17,0.0,0.0,1.0,3290.95,814,28.125,3290.95,-1.0,-1.0,0
b8bfbbb5-a5a0-4d3d-905f-57ced220ffd3,2025-11-23,5,0.2996,8,17995.6,2249.45,1.0,1196.32,4.0,14157.74,801,50.5714,1196.32,-0.89993,-0.5,0
b9da00f9-dbef-4800-80fc-08f59dadef2a,2025-11-23,21,0.0507,2,4395.04,2197.52,1.0,3729.59,2.0,4395.04,1183,18.0,3729.59,4.604613,0.0,1
b9e85363-f343-4a9b-a6b9-588a5c0f9633,2025-11-23,94,0.0806,3,5082.88,1694.293333,0.0,0.0,0.0,0.0,1117,92.0,2279.95,0.0,0.0,1
ba0a6120-4b67-4e2b-b2c4-9036a195b99a,2025-11-23,10,0.4128,15,37633.94,2508.929333,1.0,1495.22,3.0,7218.1,1090,22.5,1495.22,0.0,0.0,0
bab05b4b-0196-4bb2-a10a-34baf0750132,2025-11-23,62,0.209,7,13800.68,1971.525714,0.0,0.0,1.0,920.02,1005,50.6667,920.02,0.0,0.0,0
bac72dd3-4ee2-436a-b664-f187eea4daff,2025-11-23,131,0.0412,1,4656.46,4656.46,0.0,0.0,0.0,0.0,729,0.0,4656.46,0.0,0.0,0
bac9f7f2-72b2-40d2-bb50-19838c2fde8a,2025-11-23,42,0.154,4,16199.2,4049.8,0.0,0.0,3.0,12085.51,779,27.6667,6241.82,-1.0,-1.0,0
bc2eaeff-d2cb-413b-8716-a7fa6d9507c2,2025-11-23,1,0.9787,26,57750.8,2221.184615,5.0,18047.69,11.0,31396.47,797,17.24,1137.09,0.951937,1.5,0
bc69f988-30c6-4bf2-b27f-beafca1b2282,2025-11-23,68,0.1907,7,14728.12,2104.017143,0.0,0.0,1.0,1651.77,1101,60.8333,1651.77,0.0,0.0,0
bcf78932-5b86-4918-b87a-32963317f18d,2025-11-23,131,0.0796,3,6502.53,2167.51,0.0,0.0,0.0,0.0,1130,89.5,1640.79,0.0,0.0,1
bd918df4-d5fc-4b8a-9889-b0f92e0c438b,2025-11-23,33,0.3258,11,17213.5,1564.863636,0.0,0.0,3.0,4354.66,1013,32.7,3028.91,-1.0,-1.0,0
befa24a1-1459-4d2c-b2af-a4db90fa9666,2025-11-23,176,0.0763,3,8505.3,2835.1,0.0,0.0,0.0,0.0,1180,89.5,3046.74,0.0,0.0,0
c07f630a-a6d1-41a2-9f27-8f85f52260c4,2025-11-23,18,0.6725,23,68180.4,2964.365217,2.0,5380.43,10.0,21464.41,1026,17.3182,4996.77,-0.31545,1.0,0
c0c6efdb-fc14-4d7c-98f5-7088ddeb019c,2025-11-23,20,0.064,2,1086.86,543.43,1.0,399.26,1.0,399.26,938,164.0,399.26,0.0,0.0,0
c1a55833-8139-41dd-8bb5-59ab8a090d3b,2025-11-23,25,0.1795,6,11763.83,1960.638333,1.0,404.67,3.0,6801.04,1003,50.2,404.67,-0.935562,0.0,0
c1a9f9e4-02c9-4e11-9ae3-d7f5eec25bdf,2025-11-23,93,0.07,2,2507.63,1253.815,0.0,0.0,0.0,0.0,857,143.0,1573.27,0.0,0.0,0
c1d6c130-eed3-43da-a713-c63009b0c952,2025-11-23,2,0.202,6,11144.18,1857.363333,1.0,745.92,2.0,1677.54,891,64.4,745.92,-0.19933,0.0,0
c29cb1e1-b422-45f3-829a-82a9e80f8c8f,2025-11-23,9,0.1669,5,11836.83,2367.366,1.0,8679.78,2.0,8771.48,899,55.75,8679.78,93.654089,0.0,0
c34d6b05-2bac-4654-9150-9d59f1252d7b,2025-11-23,182,0.0513,2,11019.93,5509.965,0.0,0.0,0.0,0.0,1170,12.0,3575.99,0.0,0.0,0
c34e266e-6b0c-4505-b1cc-f98b610c4986,2025-11-23,135,0.0605,2,3611.14,1805.57,0.0,0.0,0.0,0.0,991,217.0,2400.36,0.0,0.0,0
c388d365-1253-45ed-934e-4731ee225fdb,2025-11-23,6,0.2614,9,30117.96,3346.44,4.0,12941.21,6.0,18743.85,1033,19.5,5239.88,10.245403,3.0,1
c3bc5bb3-aee9-4150-b36a-c89a22162e7d,2025-11-23,1,0.8451,20,51021.05,2551.0525,3.0,14738.9,7.0,19946.56,710,20.1053,7129.12,3.248024,0.5,0
c47da78e-a80f-46b0-b907-4867b0ac75da,2025-11-23,6,0.132,4,5534.75,1383.6875,1.0,925.06,2.0,2783.37,909,120.6667,925.06,0.0,0.0,0
c4abe8e7-17ea-4981-acd2-0e286bf0080b,2025-11-23,33,0.4,9,22252.67,2472.518889,0.0,0.0,3.0,5665.41,675,26.0,1705.63,-1.0,-1.0,0
c5f7e86b-b9fe-4062-bae1-fcb4707e393e,2025-11-23,43,0.2384,7,19990.96,2855.851429,0.0,0.0,6.0,17124.35,881,19.6667,3499.81,-1.0,-1.0,0
c7af740f-1d7a-4321-9d3e-ec9107c05254,2025-11-23,45,0.2939,11,23967.66,2178.878182,0.0,0.0,3.0,9989.72,1123,28.1,8679.78,-1.0,-1.0,0
c7e971e5-62a6-49c9-a239-e17ea1f253a5,2025-11-23,5,0.24,9,21229.94,2358.882222,1.0,1120.32,5.0,15554.53,1125,46.625,1120.32,-0.905347,-0.5,0
c8466347-f65e-48a7-a013-64f958a93e60,2025-11-23,3,0.2066,5,24327.06,4865.412,1.0,4704.89,2.0,5997.44,726,84.75,4704.89,0.0,0.0,0
c895adf4-11e4-460d-bad6-1bc4560990aa,2025-11-23,79,0.2273,5,3935.85,787.17,0.0,0.0,1.0,106.95,660,69.75,106.95,0.0,0.0,0
c8a387fb-7265-43df-9af8-79f21e3f7a8b,2025-11-23,192,0.1118,4,2486.86,621.715,0.0,0.0,0.0,0.0,1073,46.6667,608.08,0.0,0.0,1
c9b37375-0f54-4110-983e-7b7635c1257f,2025-11-23,7,0.4655,9,28342.76,3149.195556,2.0,981.61,3.0,7655.27,580,36.25,216.58,-0.852913,1.0,0
cb169247-90fc-4859-9c5d-36f94515f6a5,2025-11-23,5,0.0981,3,12961.76,4320.586667,1.0,133.09,2.0,6374.91,917,193.0,133.09,-0.978678,0.0,0
cb4bc77a-ba12-4fd1-b1f2-811b234a5c61,2025-11-23,54,0.1218,3,6545.39,2181.796667,0.0,0.0,2.0,4269.68,739,62.0,3804.11,-1.0,-1.0,0
cbf3e2e4-9c43-4976-afaa-bc231bff129c,2025-11-23,11,0.2695,10,27169.46,2716.946,1.0,6286.21,3.0,13561.81,1113,41.0,6286.21,0.186476,0.0,0
cc681bd0-1bf2-4364-a2fe-b18907da68dd,2025-11-23,31,0.0878,3,10984.5,3661.5,0.0,0.0,1.0,7722.38,1025,172.0,7722.38,-1.0,-1.0,0
cd796877-895f-4bcc-8fe0-0c8c6c4e68b0,2025-11-23,9,0.5982,13,34048.56,2619.12,3.0,13820.37,3.0,13820.37,652,26.25,2973.18,0.0,0.0,0
cdc86dc6-c2f3-4988-94e7-c7b7f1a4a81b,2025-11-23,212,0.0379,1,1775.24,1775.24,0.0,0.0,0.0,0.0,791,0.0,1775.24,0.0,0.0,0
ce1c7e34-50d9-4f3b-ab54-cbb7cab9fa18,2025-11-23,5,0.3846,13,31411.13,2416.240769,3.0,15189.92,7.0,20906.14,1014,21.5,598.15,2.255329,0.0,0
ced1be46-44d9-42f9-913f-bf359f04d616,2025-11-23,23,0.3096,11,24926.68,2266.061818,1.0,3223.61,3.0,6303.44,1066,31.6,3223.61,0.046684,-0.5,0
cf567dce-5613-483a-b10d-b4947a588d18,2025-11-23,31,0.2935,10,25047.48,2504.748,0.0,0.0,4.0,8190.1,1022,39.7778,2333.21,-1.0,-1.0,0
cfa38335-ed20-4254-b309-74d0dadee3bb,2025-11-23,14,0.2233,6,13480.08,2246.68,3.0,8070.09,5.0,12086.04,806,40.8,2517.56,2.407977,2.0,0
cfc90a2e-3eb4-476f-8b9b-493b93566dcb,2025-11-23,32,0.1684,5,10800.68,2160.136,0.0,0.0,2.0,6486.49,891,53.5,4284.14,-1.0,-1.0,0
cff873c2-039d-4260-8875-1ece53467a44,2025-11-23,119,0.1322,3,4707.88,1569.293333,0.0,0.0,0.0,0.0,681,3.0,2451.55,0.0,0.0,0
d16a7971-11f5-4284-b4c4-063a25f1f892,2025-11-23,198,0.1129,4,10405.07,2601.2675,0.0,0.0,0.0,0.0,1063,40.0,2412.34,0.0,0.0,0
d16d5f0e-f1af-4ab1-8b14-12ce745ddd9b,2025-11-23,12,0.4398,14,38017.4,2715.528571,2.0,8690.78,5.0,17635.58,955,24.5385,8596.29,-0.028399,-0.3333,0
d1907207-2f2d-4486-87e7-7b004fd2fab1,2025-11-23,9,0.2698,10,35592.12,3559.212,1.0,8596.29,4.0,23735.95,1112,35.3333,8596.29,-0.353187,-0.5,0
d1a51fbe-4bb5-47d5-88f8-06f817caff3f,2025-11-23,126,0.0358,1,4623.57,4623.57,0.0,0.0,0.0,0.0,839,0.0,4623.57,0.0,0.0,0
d2b88436-ba26-4efa-bc74-287512167c81,2025-11-23,40,0.212,6,9912.24,1652.04,0.0,0.0,1.0,1792.52,849,51.6,1792.52,-1.0,-1.0,0
d3291ebb-1cad-4398-80c7-e968f0d6b8e3,2025-11-23,23,0.2071,7,22039.78,3148.54,1.0,4320.66,6.0,15461.79,1014,19.8333,4320.66,-0.59958,-0.75,0
d34c22d5-fa13-4eb6-a115-4306ab8f65d5,2025-11-23,24,0.155,4,14084.9,3521.225,1.0,11694.04,1.0,11694.04,774,105.0,11694.04,0.0,0.0,0
d3af0e3f-6c8e-43fd-b62a-d477ca54c291,2025-11-23,59,0.2582,5,16766.14,3353.228,0.0,0.0,2.0,9121.55,581,74.25,4671.82,-1.0,-1.0,1
d3ceae53-5516-4152-a247-d101c45a4912,2025-11-23,33,0.5496,17,40574.72,2386.748235,0.0,0.0,2.0,1627.78,928,23.125,1308.71,-1.0,-1.0,0
d3f21a44-d6a7-4183-9e3d-ca1e2f665ada,2025-11-23,80,0.3017,7,10319.4,1474.2,0.0,0.0,1.0,1023.86,696,31.8333,1023.86,0.0,0.0,0
d5357dae-eafa-48fc-9a2b-b791e7c9e85e,2025-11-23,123,0.1368,4,3392.63,848.1575,0.0,0.0,0.0,0.0,877,57.6667,1508.81,0.0,0.0,0
d536df89-ae17-40cc-ae90-1ec234f2db3e,2025-11-23,39,0.2705,9,24705.69,2745.076667,0.0,0.0,6.0,14488.67,998,18.625,3690.57,-1.0,-1.0,0
d5bde5d5-ffb3-40af-bfb0-e1fbc0fc8ac6,2025-11-23,0,0.3694,9,34177.22,3797.468889,1.0,2923.5,2.0,8192.24,731,40.125,2923.5,0.0,0.0,0
d6235160-cff1-499b-8088-b1ef010206d2,2025-11-23,112,0.0619,2,4471.28,2235.64,0.0,0.0,0.0,0.0,970,195.0,394.34,0.0,0.0,0
d68104da-a018-4b47-aeb2-cb32a2380b79,2025-11-23,63,0.1448,4,6747.83,1686.9575,0.0,0.0,2.0,2677.4,829,47.3333,1849.43,0.0,0.0,0
d6b350eb-48ff-4268-b8d2-d00fb5bd3417,2025-11-23,203,0.1027,3,8422.76,2807.586667,0.0,0.0,0.0,0.0,876,29.5,2017.19,0.0,0.0,0
d6e6f2c0-9d75-46fe-a6d0-19f4998b8aa0,2025-11-23,18,0.3395,8,13124.83,1640.60375,1.0,1535.4,4.0,7661.78,707,57.4286,1535.4,0.0,0.0,0
d74a8b02-d712-4df5-b21a-91890f17146e,2025-11-23,120,0.1185,4,10239.34,2559.835,0.0,0.0,0.0,0.0,1013,71.0,712.26,0.0,0.0,1
d768ded2-0e1f-4338-a373-8cb12093b6b9,2025-11-23,11,0.6427,25,54409.49,2176.3796,3.0,12523.99,15.0,40856.66,1167,15.6667,1285.31,-0.240612,-0.5,0
d7daaa71-d5b3-4958-ac9f-03d1c8077bf4,2025-11-23,1,0.1277,5,20695.92,4139.184,1.0,364.47,2.0,6983.15,1175,50.25,364.47,-0.944933,0.0,0
d929f86f-98cb-4302-a254-db21f53e0255,2025-11-23,0,0.2762,8,37961.02,4745.1275,2.0,7928.51,5.0,22654.54,869,23.4286,3824.56,-0.09349,1.0,0
da7dbacc-46a8-44dc-b4c5-5e21bf437da6,2025-11-23,3,0.625,24,60339.59,2514.149583,4.0,8864.89,7.0,16059.79,1152,16.7391,283.47,0.232107,0.3333,0
dac7247b-1af7-458e-a5b0-4c00df11636c,2025-11-23,123,0.1069,3,976.3,325.433333,0.0,0.0,0.0,0.0,842,46.0,597.91,0.0,0.0,1
db49dbe2-b046-4b0c-8d11-6e496b852270,2025-11-23,5,1.0883,30,92026.53,3067.551,5.0,21926.6,15.0,52845.67,827,14.8966,1614.36,-0.092162,-0.1667,0
dbc5aa6b-529c-4c91-8331-7ec33c8503bb,2025-11-23,17,0.6581,24,63211.77,2633.82375,3.0,12153.73,8.0,26552.01,1094,14.3043,1395.7,0.087287,0.0,0
dc1aef37-ddb1-4abc-a40f-974a11372fc7,2025-11-23,61,0.1235,4,12179.98,3044.995,0.0,0.0,1.0,4214.99,972,74.6667,4214.99,0.0,0.0,1
dc32c9bc-f5b1-425c-b068-0f753d9baf2f,2025-11-23,11,0.2719,9,18567.84,2063.093333,3.0,4117.28,5.0,11467.66,993,47.25,615.97,-0.320337,2.0,0
dcdc70f5-6a80-4b14-8487-b99c29cfcb2e,2025-11-23,17,0.2647,6,19182.54,3197.09,1.0,2764.41,2.0,7762.23,680,47.6,2764.41,-0.446877,0.0,0
ddb8a068-3cf7-4f6c-b653-fdf0d420c391,2025-11-23,4,0.1206,3,13811.47,4603.823333,2.0,13008.36,2.0,13008.36,746,72.5,2330.5,0.0,0.0,0
debb1669-0087-4b21-a027-8766438b09f1,2025-11-23,85,0.3096,9,30023.12,3335.902222,0.0,0.0,2.0,9107.03,872,40.0,4985.4,0.0,0.0,0
df5f2a94-fa46-46dc-b4fc-0a08486e8118,2025-11-23,8,0.2503,7,18371.86,2624.551429,1.0,2141.48,4.0,16791.13,839,47.5,2141.48,-0.841215,-0.5,0
df94c0e2-bf7b-4b60-9391-80972fa8058c,2025-11-23,324,0.0262,1,1388.35,1388.35,0.0,0.0,0.0,0.0,1146,0.0,1388.35,0.0,0.0,1
e040241c-efa6-453e-8e84-6caae95e5811,2025-11-23,62,0.1495,3,7369.15,2456.383333,0.0,0.0,1.0,844.85,602,126.5,844.85,0.0,0.0,0
e05c9e8f-2852-4c9d-9c2a-756d89ba64a0,2025-11-23,7,0.7895,28,78355.35,2798.405357,4.0,12801.14,10.0,22710.09,1064,16.3333,2572.03,0.427539,0.0,0
e0666bd9-81b4-4c0c-aa13-af3137aaca09,2025-11-23,50,0.0536,2,10253.31,5126.655,0.0,0.0,1.0,9429.33,1119,161.0,9429.33,-1.0,-1.0,1
e223a14f-9752-4dfc-b998-04cfae44ca10,2025-11-23,25,0.7191,25,63864.49,2554.5796,1.0,480.77,11.0,33337.37,1043,14.6667,480.77,-0.978768,-0.8,0
e400fe49-64f8-4e45-8877-6c5fd0a7747d,2025-11-23,10,0.5344,21,53955.38,2569.30381,2.0,7261.18,10.0,23976.18,1179,19.2,615.97,-0.02552,-0.3333,0
e408e6a2-589e-4b0f-a98f-6a5e0f9e9e53,2025-11-23,7,0.2868,10,30091.59,3009.159,2.0,11404.15,2.0,11404.15,1046,41.0,1308.71,0.0,0.0,0
e4636af2-ab68-4a83-a019-d77df1fa2bb5,2025-11-23,5,0.1472,4,5305.66,1326.415,1.0,3223.61,1.0,3223.61,815,123.6667,3223.61,0.0,0.0,0
e4bb3060-0e47-44a3-8558-6f24ddbc49bb,2025-11-23,36,0.0527,2,13209.62,6604.81,0.0,0.0,2.0,13209.62,1139,1.0,6586.85,-1.0,-1.0,0
e51c365e-179f-4c2e-92f5-bc4c2fc6282a,2025-11-23,3,0.5542,22,63129.44,2869.52,5.0,32491.37,7.0,42085.43,1191,17.3333,10512.5,2.386613,1.5,0
e61ddcc6-8917-49aa-b93d-ba7a21702a71,2025-11-23,179,0.1498,3,6580.19,2193.396667,0.0,0.0,0.0,0.0,601,92.0,560.54,0.0,0.0,0
e630e7cb-c24b-49e2-af83-702facb0c4b9,2025-11-23,5,0.2581,8,31965.84,3995.73,1.0,5144.06,3.0,12564.35,930,38.4286,5144.06,-0.120225,0.0,0
e63160b3-9636-4ddf-b7f6-a843aef7e599,2025-11-23,113,0.1661,5,22743.03,4548.606,0.0,0.0,0.0,0.0,903,26.0,3581.64,0.0,0.0,0
e74c4bf9-90b2-4723-8b21-9af623c5b124,2025-11-23,2,0.9253,19,63478.9,3340.994737,5.0,27849.78,10.0,40500.23,616,20.5,566.95,1.291686,0.25,0
e818ffda-4cf8-4137-92f5-f73ec2be9aac,2025-11-23,18,0.3237,6,16631.25,2771.875,1.0,157.13,3.0,12894.27,556,47.6,157.13,-0.987664,-0.5,0
e85ec7b9-dc33-474f-b99d-d8ce41ac3c81,2025-11-23,5,0.1073,4,15163.02,3790.755,1.0,6911.03,2.0,8637.32,1118,91.0,6911.03,0.0,0.0,0
e9152f33-f58e-4690-a02f-18066572acda,2025-11-23,37,0.3882,11,22789.99,2071.817273,0.0,0.0,3.0,6773.11,850,29.0,756.54,-1.0,-1.0,0
e9afc85a-81e7-4518-a4f2-c3650f0c8105,2025-11-23,22,0.2591,5,10139.09,2027.818,1.0,807.18,1.0,807.18,579,72.25,807.18,0.0,0.0,0
eb632b3d-7715-4810-ac99-01c19831c220,2025-11-23,2,0.3034,9,24089.33,2676.592222,2.0,7825.12,3.0,9872.83,890,54.125,4076.57,0.0,0.0,0
ebbc4745-0985-45f9-b142-3002a577acc3,2025-11-23,17,0.1025,4,7691.14,1922.785,1.0,1530.05,2.0,1722.88,1171,75.0,1530.05,6.934709,0.0,0
ebe34170-88a5-4097-a231-ec6187114560,2025-11-23,0,0.2463,5,20497.3,4099.46,1.0,5047.72,2.0,6865.65,609,75.75,5047.72,0.0,0.0,0
ec0b1685-64bd-41e0-8aa1-e25e3abe480b,2025-11-23,0,0.2437,8,22616.46,2827.0575,1.0,893.93,3.0,7519.64,985,52.8571,893.93,-0.781217,0.0,0
ec140a91-94c2-46b5-90c6-215cbcc0402e,2025-11-23,44,0.0955,3,1809.76,603.253333,0.0,0.0,1.0,186.8,942,129.5,186.8,-1.0,-1.0,0
ec6b856d-40f2-41ed-a20b-7af257224723,2025-11-23,24,0.1549,6,32885.55,5480.925,1.0,3471.91,2.0,17680.36,1162,70.6,3471.91,-0.755645,0.0,0
ecee2fcb-7259-46bb-a6a3-c2683069ec25,2025-11-23,11,0.2606,8,20450.41,2556.30125,2.0,6747.1,7.0,18444.3,921,18.7143,5815.48,-0.296427,-0.3333,0
ed2171b1-c19b-4e0d-8734-299f1f997a16,2025-11-23,4,0.4084,13,42797.4,3292.107692,1.0,11340.57,3.0,24604.69,955,20.1667,11340.57,-0.145019,-0.5,0
ed3be97a-9e98-4ace-ba11-f1c0e145bfd5,2025-11-23,14,0.1416,5,18773.93,3754.786,2.0,1146.59,3.0,10117.92,1059,57.25,199.38,-0.872194,1.0,0
ed43e4c6-255f-4de8-9134-6d5542faa41b,2025-11-23,213,0.0294,1,1657.59,1657.59,0.0,0.0,0.0,0.0,1020,0.0,1657.59,0.0,0.0,1
eddc4ec7-f3d1-445e-8c5f-3f767fd5305e,2025-11-23,16,0.272,7,30766.33,4395.19,1.0,4004.2,4.0,17632.66,772,47.1667,4004.2,-0.706188,-0.6667,0
edf4822d-49a2-4ae7-95c1-975b85069210,2025-11-23,2,0.2659,6,13894.13,2315.688333,1.0,266.18,1.0,266.18,677,84.2,266.18,0.0,0.0,0
efa9353f-2d88-426a-a592-e6a1f87c7b1b,2025-11-23,36,0.3652,7,26124.55,3732.078571,0.0,0.0,1.0,3748.55,575,51.8333,3748.55,-1.0,-1.0,0
efab3272-7cfc-44f1-b229-26bfde116eb8,2025-11-23,47,0.0367,1,2619.94,2619.94,0.0,0.0,1.0,2619.94,818,0.0,2619.94,-1.0,-1.0,0
f17f8b99-61d1-4e7b-a6d3-4d0334235cc5,2025-11-23,2,0.1296,4,14745.84,3686.46,1.0,8885.57,2.0,13557.39,926,107.3333,8885.57,0.0,0.0,0
f201cdf9-cb7c-4b4b-8da0-68bccc439429,2025-11-23,16,1.0345,21,50616.82,2410.324762,1.0,2345.11,7.0,16816.6,609,19.1,2345.11,-0.774724,-0.6667,0
f21b3e42-ab75-442f-8649-bca6bf44c9d8,2025-11-23,22,0.1126,3,8304.32,2768.106667,1.0,4714.66,1.0,4714.66,799,115.0,4714.66,0.0,0.0,0
f223cb41-eede-43d3-bafb-311ac6aab7d7,2025-11-23,0,0.0963,3,9524.0,3174.666667,1.0,4475.5,2.0,6690.57,935,213.0,4475.5,1.020478,0.0,0
f288b108-b674-41c7-91d6-0f5fdb761b37,2025-11-23,37,0.1043,4,6848.93,1712.2325,0.0,0.0,1.0,3855.92,1150,88.6667,3855.92,-1.0,-1.0,0
f2c6c870-59a5-4df4-8f5a-85d42b868208,2025-11-23,19,0.1732,5,11571.32,2314.264,1.0,1486.59,1.0,1486.59,866,63.25,1486.59,0.0,0.0,0
f311db56-da65-41a9-a889-888c821ca32c,2025-11-23,125,0.2362,6,10400.6,1733.433333,0.0,0.0,0.0,0.0,762,24.4,1349.88,0.0,0.0,0
f3d3da1e-a146-45f1-bea7-4e9b3d5e991e,2025-11-23,45,0.2423,6,20038.82,3339.803333,0.0,0.0,3.0,11111.24,743,73.6,5047.72,-1.0,-1.0,0
f5905fb3-1b37-4afd-80b2-3e6bb136b5b1,2025-11-23,20,0.1022,4,19145.46,4786.365,1.0,9675.44,1.0,9675.44,1174,85.0,9675.44,0.0,0.0,0
f5f339bf-3ab5-4a2e-916f-2db044568f67,2025-11-23,19,0.4158,13,36350.84,2796.218462,1.0,12311.72,3.0,20746.53,938,33.5,12311.72,0.459632,-0.5,0
f5f5a8ec-4cbe-4541-a494-d455225a8197,2025-11-23,37,0.1669,4,9860.83,2465.2075,0.0,0.0,1.0,3471.91,719,100.6667,3471.91,-1.0,-1.0,0
f6176f19-c718-4746-9808-d110ecf53a50,2025-11-23,40,0.5422,12,27976.83,2331.4025,0.0,0.0,4.0,8145.62,664,30.9091,4083.11,-1.0,-1.0,0
f631940b-26c5-4144-a328-f2b93f3b2f7e,2025-11-23,10,0.1506,5,17854.03,3570.806,2.0,11364.14,3.0,13464.25,996,80.25,3539.85,0.0,0.0,0
f6a6bafb-8098-4f2d-ae6d-689b77c84f2b,2025-11-23,2,0.5651,11,36525.02,3320.456364,2.0,7031.77,5.0,14855.58,584,29.8,1050.89,1.084056,0.0,0
f6c06ee2-7826-4de2-af26-9b9143bd5efb,2025-11-23,33,0.249,6,11825.27,1970.878333,0.0,0.0,3.0,1288.17,723,42.0,505.35,-1.0,-1.0,0
f7f8a1f5-9b44-44c8-815c-2d04067a6cff,2025-11-23,4,0.0686,2,7722.61,3861.305,1.0,4146.62,1.0,4146.62,874,158.0,4146.62,0.0,0.0,1
f819f234-f7a8-41f3-8b26-732ac35c4d0b,2025-11-23,71,0.3251,7,8182.75,1168.964286,0.0,0.0,2.0,1658.42,646,53.8333,830.45,0.0,0.0,0
f8435633-4f8d-462d-872a-e6a541d39872,2025-11-23,35,0.3059,12,29915.88,2492.99,0.0,0.0,3.0,3087.04,1177,29.8182,1568.45,-1.0,-1.0,0
f8a3ae68-a437-491d-b88b-abad9164379f,2025-11-23,33,1.1504,26,74788.35,2876.475,0.0,0.0,5.0,9748.06,678,15.96,5144.06,-1.0,-1.0,0
f993e083-a536-4e9d-9432-b34fc52500a4,2025-11-23,160,0.026,1,5562.93,5562.93,0.0,0.0,0.0,0.0,1153,0.0,5562.93,0.0,0.0,0
fb5d70c0-f7cf-4096-a606-58d8efdd864b,2025-11-23,238,0.0369,1,497.92,497.92,0.0,0.0,0.0,0.0,814,0.0,497.92,0.0,0.0,0
fc625523-78f4-4bf4-920a-ec3d6bf61de9,2025-11-23,6,0.2132,7,20893.97,2984.852857,2.0,9520.73,4.0,16353.84,985,45.0,3539.85,1.083356,1.0,0
fc90d768-4902-4267-aee4-185b5584cee7,2025-11-23,2,0.7599,23,52824.03,2296.696957,3.0,11506.18,6.0,21676.98,908,13.9091,1754.75,0.131295,0.0,0
fd071015-793c-469e-bc3a-2f94a20f8f62,2025-11-23,8,0.0918,3,14147.92,4715.973333,1.0,4666.41,1.0,4666.41,980,142.0,4666.41,0.0,0.0,0
fdbf5f6b-5e04-401e-b01c-dadaea29b6bf,2025-11-23,23,0.2045,6,6488.98,1081.496667,1.0,1611.74,3.0,2579.65,880,42.8,1611.74,0.0,0.0,1
feb9f5f4-bed9-4b39-bb94-062fa9706005,2025-11-23,16,0.6514,18,70131.85,3896.213889,1.0,4127.91,5.0,12359.95,829,23.8235,4127.91,-0.028396,-0.5,0
fec6b81b-c723-45e8-a11f-75a4cb6a1381,2025-11-23,15,0.6284,19,47695.45,2510.286842,1.0,2842.73,4.0,9958.82,907,17.8889,2842.73,0.0,0.0,0
ff29a3b3-fb27-44ad-8dcc-9551fb3c7420,2025-11-23,30,1.086,24,82233.58,3426.399167,0.0,0.0,5.0,26644.57,663,17.913,10091.13,-1.0,-1.0,0
ffb862d5-c41a-4b47-8ccf-b781447c9d8f,2025-11-23,34,0.2414,8,11854.86,1481.8575,0.0,0.0,2.0,4973.61,994,36.8571,4004.2,-1.0,-1.0,0
ffc7534a-f026-4ccd-94d9-540e6abbb59f,2025-11-23,65,0.096,2,7038.62,3519.31,0.0,0.0,1.0,6231.75,625,117.0,6231.75,0.0,0.0,0
fffb4a19-e27c-48c5-9b1d-d72cf9f00485,2025-11-23,44,0.1719,4,11612.62,2903.155,0.0,0.0,2.0,8936.76,698,28.0,7947.32,-1.0,-1.0,0
0011d3f4-9e5e-47b6-a93a-e2d8f694b972,2025-12-23,27,0.1581,4,5868.5,1467.125,1.0,2931.39,2.0,5106.4,759,30.6667,2931.39,0.347759,0.0,0
008e597a-3a9f-4d40-9452-50852330ae26,2025-12-23,196,0.041,1,1279.3,1279.3,0.0,0.0,0.0,0.0,732,0.0,1279.3,0.0,0.0,0
00acfd4d-b8a4-441a-b965-3c900cea01a1,2025-12-23,16,0.4967,15,57274.71,3818.314,1.0,72.2,7.0,31334.08,906,26.3571,72.2,-0.993106,-0.5,0
01a1b558-e312-42e2-ae36-718f30634861,2025-12-23,6,0.0703,2,9904.22,4952.11,1.0,6302.04,1.0,6302.04,853,274.0,6302.04,0.0,0.0,0
027e2c71-76f6-44d8-b214-51097fc3e605,2025-12-23,4,1.2081,24,46050.1,1918.754167,2.0,2213.89,6.0,14093.64,596,18.0435,508.26,-0.813642,-0.5,0
02cb9a9f-5819-466a-91e5-0f9a44b9fa1f,2025-12-23,46,0.137,3,10672.1,3557.366667,0.0,0.0,1.0,3782.67,657,63.0,3782.67,-1.0,-1.0,1
033361ce-6653-4ee7-bee4-3fdbd06887c9,2025-12-23,19,0.2403,7,12782.29,1826.041429,1.0,4294.86,3.0,7944.86,874,51.8333,4294.86,0.176674,-0.5,0
03d535e6-bab9-4699-93ff-729d55e623f0,2025-12-23,11,0.4119,12,26055.91,2171.325833,4.0,7334.48,8.0,18890.65,874,29.7273,1945.18,-0.222405,0.3333,0
0443c1b9-9e56-4bed-b673-1441efe40f38,2025-12-23,27,0.2469,8,25228.63,3153.57875,1.0,9478.86,3.0,17329.97,972,37.7143,9478.86,0.0,0.0,0
050980d5-34a4-4416-b487-3ba57e340fdf,2025-12-23,31,0.0866,3,10618.29,3539.43,0.0,0.0,1.0,2825.13,1039,99.5,2825.13,-1.0,-1.0,0
05f197bf-0bdd-44a5-84bb-1878a08666b6,2025-12-23,15,0.7754,29,64031.93,2207.997586,3.0,9439.76,8.0,19878.92,1122,13.7857,3139.99,0.16829,0.0,0
066b0bf5-5f5a-4c95-a709-b1fc1d059f94,2025-12-23,22,0.7174,22,74123.85,3369.265909,3.0,19970.63,5.0,25420.75,920,18.381,6447.22,3.160366,2.0,0
06771e16-c89d-4440-9d23-12b982301e00,2025-12-23,16,0.2784,9,26250.73,2916.747778,2.0,9421.36,2.0,9421.36,970,42.375,6111.77,0.0,0.0,0
068558eb-c240-4257-b396-30612707de8b,2025-12-23,10,0.0293,1,266.18,266.18,1.0,266.18,1.0,266.18,1024,0.0,266.18,0.0,0.0,0
0764549c-3b40-4380-90ba-91c25c507f32,2025-12-23,22,0.0265,1,3489.89,3489.89,1.0,3489.89,1.0,3489.89,1134,0.0,3489.89,0.0,0.0,0
0833337f-d730-49c9-98d3-adc98d0ffdd5,2025-12-23,6,0.2249,8,13096.65,1637.08125,1.0,1480.1,4.0,7186.06,1067,47.1429,1480.1,1.912092,0.0,0
08667cf4-ac3a-45ee-a2ce-c49435d37bd6,2025-12-23,261,0.102,2,1819.54,909.77,0.0,0.0,0.0,0.0,588,83.0,1065.14,0.0,0.0,1
0915900f-d22e-42b0-8e9e-810e55498a13,2025-12-23,40,0.8274,31,89074.5,2873.370968,0.0,0.0,5.0,21896.58,1124,11.9667,1705.63,-1.0,-1.0,0
091ba1e5-58cf-4e6c-badc-17dbe89dea69,2025-12-23,24,0.8619,31,78616.7,2536.022581,1.0,847.1,6.0,16774.47,1079,15.1333,847.1,3.619118,0.0,0
097828d9-6691-4ec3-9ba8-624b866da2cf,2025-12-23,102,0.1513,3,6847.71,2282.57,0.0,0.0,0.0,0.0,595,85.0,800.12,0.0,0.0,0
099dc7e9-7010-498d-a042-18b5e023a832,2025-12-23,139,0.0893,2,5797.05,2898.525,0.0,0.0,0.0,0.0,672,43.0,4651.84,0.0,0.0,0
09c23830-7cee-4f7c-94cb-8d5486ccf53f,2025-12-23,221,0.0924,3,7553.96,2517.986667,0.0,0.0,0.0,0.0,974,40.0,2187.36,0.0,0.0,0
0b56c7b0-943b-425a-b6dc-6ab9f4e721ae,2025-12-23,210,0.128,3,4272.74,1424.246667,0.0,0.0,0.0,0.0,703,52.0,499.42,0.0,0.0,0
0b94772b-0571-4308-92cc-ac6baf2ac02b,2025-12-23,27,0.5324,17,68666.19,4039.187647,1.0,3681.3,6.0,30270.41,958,24.75,3681.3,-0.734567,-0.5,0
0c75c934-71c3-45ff-9de2-91babfa75c3f,2025-12-23,4,0.3118,9,25334.55,2814.95,1.0,377.96,2.0,2486.86,866,40.25,377.96,-0.820779,0.0,0
0c9d8d71-baa9-4ddf-936f-0c9137dc6dc6,2025-12-23,93,0.1079,4,7842.24,1960.56,0.0,0.0,0.0,0.0,1112,77.0,1651.77,0.0,0.0,0
0d0e2d20-27bb-4c93-9f8f-b7710b37194a,2025-12-23,40,0.3882,14,62905.63,4493.259286,0.0,0.0,4.0,18016.48,1082,28.4615,9169.78,-1.0,-1.0,0
0d5cae3a-3f1a-4ef0-b794-ba9364aaff19,2025-12-23,46,0.1083,3,5139.7,1713.233333,0.0,0.0,1.0,747.19,831,110.5,747.19,-1.0,-1.0,0
0e76c917-2eca-40e2-9cbd-346ac241a7fa,2025-12-23,8,0.2419,8,24139.95,3017.49375,2.0,12159.62,4.0,16828.61,992,30.1429,6673.66,1.604336,0.0,0
0e79db9e-6873-435b-b29c-9f8be3977517,2025-12-23,121,0.1056,4,13203.99,3300.9975,0.0,0.0,0.0,0.0,1136,67.3333,5262.39,0.0,0.0,1
0e83066e-d18a-4165-9e12-fbcb5945fbb6,2025-12-23,9,0.1678,5,14257.2,2851.44,1.0,6306.95,2.0,7665.81,894,71.0,6306.95,0.0,0.0,0
108df563-ddcd-4802-83f7-6f5da40664d0,2025-12-23,24,0.3265,9,27268.4,3029.822222,1.0,821.3,4.0,22854.36,827,30.875,821.3,-0.876407,0.0,0
10cb2e84-0bd1-4b29-8db3-06ae3488789d,2025-12-23,1,0.4097,9,27968.0,3107.555556,1.0,1292.25,1.0,1292.25,659,57.875,1292.25,0.0,0.0,0
113fc32a-23b9-4b41-82f4-df6c2b1ae4ae,2025-12-23,4,0.3242,13,41701.67,3207.820769,1.0,6155.87,5.0,27655.35,1203,29.5,6155.87,-0.558617,-0.6667,1
118ee786-a564-468b-9121-6d099423827f,2025-12-23,74,0.0896,3,14631.88,4877.293333,0.0,0.0,2.0,13491.91,1004,107.5,3421.65,0.0,0.0,0
119de36d-41b2-4136-a3a2-0b81cfcdf6f9,2025-12-23,9,0.3444,9,40811.36,4534.595556,1.0,2160.32,3.0,22214.58,784,46.5,2160.32,-0.771469,0.0,0
121edff8-dfb7-4758-a559-7855430672f3,2025-12-23,134,0.4515,9,33307.39,3700.821111,0.0,0.0,0.0,0.0,598,28.125,324.95,0.0,0.0,0
12be2694-e03e-4703-878e-8ce9ad582cf1,2025-12-23,24,0.1556,6,19091.82,3181.97,1.0,3858.04,2.0,6986.8,1157,81.4,3858.04,0.233089,0.0,0
12e7bad8-8e3d-4196-ba8d-b9d49a184b70,2025-12-23,14,0.0703,2,2366.15,1183.075,1.0,1335.74,1.0,1335.74,854,112.0,1335.74,0.0,0.0,0
13995ae9-c50f-4813-b0ba-6e044fe0b9ef,2025-12-23,52,0.3892,12,46069.18,3839.098333,0.0,0.0,1.0,11778.01,925,32.9091,11778.01,-1.0,-1.0,0
13b4e054-f5c9-4aaa-adb2-89ae2ad3a8bb,2025-12-23,72,0.1491,5,12629.91,2525.982,0.0,0.0,1.0,2835.15,1006,70.25,2835.15,0.0,0.0,0
13d8502b-672a-495d-a3f4-30157008db99,2025-12-23,34,0.2125,5,16776.23,3355.246,0.0,0.0,3.0,14020.87,706,66.75,8014.43,-1.0,-1.0,0
1445cd5d-91a8-417f-b07d-805a30ad7fb7,2025-12-23,8,0.3533,11,32035.28,2912.298182,3.0,3495.69,6.0,23680.32,934,33.2,205.33,-0.556246,2.0,0
1686f723-a337-4bf4-aedd-21d353bffde6,2025-12-23,141,0.1424,3,4642.16,1547.386667,0.0,0.0,0.0,0.0,632,80.5,250.99,0.0,0.0,1
1762b46f-b7ef-481c-9e0b-7e6d2033bcf4,2025-12-23,10,1.5347,31,102965.16,3321.456774,3.0,10852.64,6.0,26545.86,606,15.6667,1507.62,0.594183,0.5,0
1790c003-10df-448c-b85d-1632f261eb08,2025-12-23,15,0.1802,4,13076.64,3269.16,1.0,4800.21,2.0,11464.39,666,112.6667,4800.21,-0.2797,0.0,1
17d5d2f7-ff1a-4530-9773-24b87d304797,2025-12-23,58,0.0267,1,1295.08,1295.08,0.0,0.0,1.0,1295.08,1123,0.0,1295.08,-1.0,-1.0,0
1838dbf6-d8cf-43f5-bebd-974415618eb5,2025-12-23,109,0.0309,1,3532.45,3532.45,0.0,0.0,0.0,0.0,971,0.0,3532.45,0.0,0.0,0
18f1b310-96f4-4c2e-b99b-5b091b3e0999,2025-12-23,25,0.3132,9,29112.76,3234.751111,1.0,1571.56,3.0,8115.6,862,21.5,1571.56,-0.73122,0.0,0
1948ea27-1b6a-4dd3-8c99-b399dcf88ed3,2025-12-23,28,0.5707,14,34608.79,2472.056429,1.0,1618.67,3.0,10130.1,736,19.0,1618.67,0.0,0.0,0
1a467aee-8d4c-4127-8afb-fde18c339771,2025-12-23,32,0.495,15,46537.96,3102.530667,0.0,0.0,4.0,23696.74,909,24.2143,7703.31,-1.0,-1.0,0
1a980af4-4a6b-40eb-a9a0-f4ffc25c68aa,2025-12-23,53,0.3624,9,32900.56,3655.617778,0.0,0.0,4.0,22306.12,745,40.75,6622.77,-1.0,-1.0,0
1b167ea1-66cf-416e-82fc-b6448dbddf75,2025-12-23,1,0.3444,10,31417.8,3141.78,1.0,1258.78,4.0,14643.09,871,30.0,1258.78,0.001384,0.0,0
1b1ed7c2-6b3b-4ab2-9092-bb1c6ed900ba,2025-12-23,120,0.1693,4,6348.66,1587.165,0.0,0.0,0.0,0.0,709,59.0,1139.97,0.0,0.0,0
1c22a6c4-3de0-4f96-b62a-3a6edbbaf732,2025-12-23,7,0.9341,34,75229.6,2212.635294,2.0,3770.15,10.0,30940.14,1092,12.8788,2235.51,-0.651886,-0.3333,0
1fff1144-0a72-44bd-ae41-900fd84b9dec,2025-12-23,13,0.5898,22,91419.62,4155.437273,3.0,19853.94,8.0,50729.32,1119,20.2381,6293.91,4.379641,2.0,0
20538050-69a2-4a47-9dd1-b9142fb76c57,2025-12-23,51,0.1261,4,5759.37,1439.8425,0.0,0.0,2.0,1476.02,952,76.3333,755.93,-1.0,-1.0,0
2068266d-f715-474b-b293-1caa9d9e7b74,2025-12-23,74,0.1047,3,1710.53,570.176667,0.0,0.0,1.0,1080.17,860,56.0,1080.17,0.0,0.0,0
20791844-68d1-4c47-8940-96e45daf918f,2025-12-23,6,0.7368,28,77825.04,2779.465714,3.0,13501.53,6.0,20250.6,1140,17.037,1442.32,4.121724,2.0,0
20862386-94e2-45f7-815a-43c7bc2f2b60,2025-12-23,23,0.2147,8,38232.08,4779.01,1.0,7771.19,3.0,22320.44,1118,27.5714,7771.19,0.0,0.0,1
21a51334-c936-4d66-b3de-22e7b162ade5,2025-12-23,0,0.2147,8,21898.46,2737.3075,2.0,6657.45,2.0,6657.45,1118,57.5714,5239.88,0.0,0.0,0
21b8e2ff-2ce2-406c-82b9-dd2073e3fc63,2025-12-23,12,0.0833,3,16019.67,5339.89,1.0,6664.18,1.0,6664.18,1081,66.5,6664.18,0.0,0.0,1
2259bbe9-5f76-414c-ac70-cb078652ec8b,2025-12-23,326,0.0362,1,2461.58,2461.58,0.0,0.0,0.0,0.0,829,0.0,2461.58,0.0,0.0,0
2277c61c-6a77-4651-9d4b-9cccf937b007,2025-12-23,15,0.1149,4,12143.59,3035.8975,1.0,4247.83,2.0,9023.36,1044,142.6667,4247.83,0.0,0.0,1
229edd85-4113-4b2a-be5b-1cc986fd5173,2025-12-23,0,0.9465,23,67565.04,2937.610435,5.0,16019.79,11.0,40307.81,729,15.7273,2281.09,1.780866,4.0,0
22c9e11f-8a46-446c-a948-06b756976159,2025-12-23,24,0.3725,11,33260.04,3023.64,1.0,2181.18,4.0,16095.77,886,39.9,2181.18,0.0,0.0,0
2576b737-f022-4e9c-8640-a88226cea0ff,2025-12-23,17,0.9176,23,70560.78,3067.86,4.0,16733.14,8.0,38044.54,752,17.0909,7824.29,1.166837,3.0,0
267963b4-ed35-41d7-b2ce-cc6088afbd06,2025-12-23,0,0.2079,6,19020.56,3170.093333,1.0,9922.99,2.0,12216.51,866,39.8,9922.99,0.0,0.0,0
27121f78-6ac9-48b9-bd1d-14e1b17b0217,2025-12-23,3,0.2951,9,23799.41,2644.378889,2.0,14237.94,2.0,14237.94,915,44.125,12698.98,0.0,0.0,0
272c06ef-927d-483b-b924-350e81ee8dfe,2025-12-23,2,0.1872,7,18948.76,2706.965714,2.0,6198.49,5.0,12034.78,1122,50.3333,2875.88,0.657971,0.0,0
27415395-c694-42d4-a2b5-04dfddb578f5,2025-12-23,45,0.2465,10,27071.19,2707.119,0.0,0.0,5.0,20776.97,1217,43.2222,7877.54,-1.0,-1.0,0
274dc0d8-8ff4-4a0e-a6cd-722b3eed949b,2025-12-23,185,0.044,1,403.44,403.44,0.0,0.0,0.0,0.0,682,0.0,403.44,0.0,0.0,1
28db185a-0491-429f-bcbf-840c74d94b1e,2025-12-23,96,0.0791,2,1190.78,595.39,0.0,0.0,0.0,0.0,759,198.0,69.99,0.0,0.0,1
28e3eb2f-4e60-491c-8ecf-9260a4a4ced4,2025-12-23,8,0.742,28,104928.92,3747.461429,4.0,26315.52,6.0,35469.92,1132,14.4074,1099.91,0.0,0.0,0
28fe8878-f7c1-4a80-9dc8-ab4bf2bbd40a,2025-12-23,43,0.28,7,17202.43,2457.49,0.0,0.0,4.0,12744.65,750,43.3333,7153.22,-1.0,-1.0,0
29da7f9b-7059-4c90-999f-3737f7557ee5,2025-12-23,5,0.1435,4,9742.15,2435.5375,1.0,3846.19,1.0,3846.19,836,94.3333,3846.19,0.0,0.0,0
2b7d87b4-19c8-4ef8-88c3-9bc34019b9ea,2025-12-23,79,0.0858,3,7362.06,2454.02,0.0,0.0,1.0,2274.18,1049,88.5,2274.18,0.0,0.0,0
2c1bec68-3786-4dae-bb18-e5be2c55ad92,2025-12-23,10,0.0556,2,5149.47,2574.735,1.0,3825.13,1.0,3825.13,1080,320.0,3825.13,0.0,0.0,0
2c3ca1b8-7c76-4a4c-80bf-5314fb7f22ae,2025-12-23,71,0.3437,14,39605.04,2828.931429,0.0,0.0,1.0,3353.27,1222,28.8462,3353.27,0.0,0.0,0
2c513a38-ffd7-477a-8bc7-7f96f8b9ca38,2025-12-23,33,0.1528,3,11957.61,3985.87,0.0,0.0,2.0,9569.85,589,122.0,6214.66,-1.0,-1.0,1
2d2d74d8-47ee-4fdd-a00f-61966c2b1b25,2025-12-23,347,0.0372,1,2202.35,2202.35,0.0,0.0,0.0,0.0,807,0.0,2202.35,0.0,0.0,0
2e532847-959f-4087-bd6e-85a52170ee01,2025-12-23,47,0.2403,7,12320.38,1760.054286,0.0,0.0,2.0,3293.55,874,34.3333,1112.37,-1.0,-1.0,0
2fcab125-0690-4478-91f9-6c3b3e5eada3,2025-12-23,100,0.0851,3,2646.82,882.273333,0.0,0.0,0.0,0.0,1058,94.5,533.4,0.0,0.0,0
2fd49fb9-c8b2-4ec3-b38c-a061a73e1168,2025-12-23,3,0.3667,10,27333.83,2733.383,1.0,3979.82,1.0,3979.82,818,41.2222,3979.82,0.0,0.0,0
2fdb2470-7bb8-4ff4-90ef-b13139714701,2025-12-23,10,0.5121,12,44796.98,3733.081667,2.0,9476.13,5.0,32647.11,703,36.2727,3028.91,-0.591035,-0.3333,0
30234645-3e34-4245-a4e4-e0e65a95e222,2025-12-23,74,0.4532,10,15356.24,1535.624,0.0,0.0,2.0,2080.89,662,24.3333,527.23,0.0,0.0,0
3137607b-7cb7-42f6-bf45-44b8618d38d2,2025-12-23,6,0.6393,13,29844.24,2295.710769,2.0,3344.61,2.0,3344.61,610,33.6667,776.83,0.0,0.0,0
3172cd4d-4c75-477f-b250-b797860fb889,2025-12-23,24,0.0403,1,3411.27,3411.27,1.0,3411.27,1.0,3411.27,745,0.0,3411.27,0.0,0.0,0
31e4bcb5-1a69-45eb-a2c7-5bfa73cdfca1,2025-12-23,4,0.7099,27,71811.16,2659.672593,5.0,20391.9,7.0,27425.66,1141,13.1538,7849.98,18.86295,4.0,0
32ab5f7d-2c86-49a3-b8c6-009538e6624d,2025-12-23,15,0.4439,12,33038.37,2753.1975,1.0,4153.92,5.0,17836.18,811,38.8182,4153.92,0.0,0.0,0
334ea671-bdee-4328-983b-35a799b372d6,2025-12-23,0,0.2473,10,33857.73,3385.773,1.0,13460.58,1.0,13460.58,1213,44.1111,13460.58,0.0,0.0,0
3378475b-b350-4593-9546-01468d85dcd8,2025-12-23,25,0.4847,10,13978.98,1397.898,2.0,3693.34,3.0,5195.12,619,32.0,2916.51,0.0,0.0,0
33879d3b-ca28-410e-9d37-7a429d1c33aa,2025-12-23,17,0.2222,7,16019.88,2288.554286,1.0,5485.96,2.0,6219.54,945,76.6667,5485.96,6.478339,0.0,0
33ee3ff1-854d-447c-b205-31e8f43b9b20,2025-12-23,4,0.2156,6,18101.51,3016.918333,1.0,2708.24,3.0,13467.68,835,74.4,2708.24,0.0,0.0,0
342211c4-67cb-41aa-92dd-fdfb475efd26,2025-12-23,14,0.1231,3,9880.17,3293.39,2.0,7543.56,2.0,7543.56,731,95.0,430.75,0.0,0.0,0
34a16a66-821a-489f-8fc2-67d38c8256d4,2025-12-23,0,0.3496,11,45610.4,4146.4,3.0,16642.69,5.0,23740.41,944,38.4,8345.42,1.344794,0.5,0
34a5889e-5833-48a0-a0ba-44d9c14b5e71,2025-12-23,157,0.0885,2,2292.27,1146.135,0.0,0.0,0.0,0.0,678,90.0,1428.12,0.0,0.0,0
34f539cb-584e-4259-ac9f-44e6d5484ebf,2025-12-23,4,1.3296,32,94589.48,2955.92125,5.0,19344.76,12.0,34661.77,722,13.7419,1074.54,0.711691,0.6667,0
34fc1ab3-f5c6-4545-9ba9-158e780f74bd,2025-12-23,14,0.3245,11,19260.59,1750.962727,2.0,1138.25,5.0,7226.74,1017,36.1,404.67,0.406393,1.0,0
36526e5e-f875-4c3e-a8d6-c50ede833ade,2025-12-23,29,0.5202,12,42772.14,3564.345,1.0,3681.3,4.0,18350.86,692,32.8182,3681.3,0.964125,0.0,0
376ee9f0-6491-4a85-888a-05e690a5e05f,2025-12-23,362,0.0367,1,4726.52,4726.52,0.0,0.0,0.0,0.0,818,0.0,4726.52,0.0,0.0,0
3773055e-a1f8-4fba-8846-a4b4eca5c2b7,2025-12-23,15,0.3352,8,20566.87,2570.85875,2.0,2456.7,4.0,13640.47,716,45.0,1440.18,0.334692,1.0,0
37d5df97-0c87-4376-9107-d798341f0602,2025-12-23,6,0.1022,4,16029.0,4007.25,1.0,6419.44,1.0,6419.44,1174,52.6667,6419.44,0.0,0.0,1
3907704e-d22a-40f9-9591-9c06dfc1b6d2,2025-12-23,17,0.7996,27,61404.06,2274.224444,2.0,1798.91,12.0,29555.08,1013,16.1923,1157.02,-0.798091,-0.6,0
399ee9ba-2674-41aa-a50a-7b370668b523,2025-12-23,11,0.303,9,43100.54,4788.948889,2.0,14048.21,4.0,28669.19,891,37.75,9139.81,0.767666,1.0,0
3a2f88d5-e75e-4285-9b59-ed2b46276d42,2025-12-23,3,0.1542,6,25160.63,4193.438333,2.0,11116.46,4.0,23907.24,1167,50.4,10832.99,0.598283,1.0,0
3a4a12e8-a3c4-4fe3-a0bc-ed28dee70ff0,2025-12-23,20,0.2827,9,15515.13,1723.903333,1.0,1420.81,4.0,5299.48,955,39.625,1420.81,6.126141,0.0,0
3a8f7a32-89b6-42d8-b99a-bc1041025065,2025-12-23,6,0.108,4,9588.15,2397.0375,2.0,3367.21,3.0,8511.27,1111,142.6667,2780.93,-0.345418,1.0,0
3b80de3a-118c-4393-9d4e-1994031e22b9,2025-12-23,15,0.3477,7,12196.83,1742.404286,2.0,4354.67,2.0,4354.67,604,42.5,2841.6,0.0,0.0,0
3bd0dd5d-7d24-48da-856a-69e393e5e5b9,2025-12-23,3,0.3102,10,26193.94,2619.394,2.0,7196.08,3.0,9904.32,967,39.8889,5553.48,0.0,0.0,0
3cc7350b-72e0-4990-a2f4-79f0e19bfe72,2025-12-23,11,0.8229,33,104859.61,3177.563939,2.0,12525.04,13.0,63412.16,1203,13.4375,1242.86,-0.678,-0.6667,0
3ce5849f-19ca-4eca-8a46-e4a3b8828dc2,2025-12-23,51,0.1586,5,17344.26,3468.852,0.0,0.0,3.0,14090.67,946,82.25,271.3,-1.0,-1.0,0
3d036612-3ff3-451e-a921-d163e55b4c30,2025-12-23,25,0.3499,12,34621.21,2885.100833,1.0,4294.86,4.0,16665.25,1029,26.6364,4294.86,-0.308915,0.0,0
3da770f9-a532-48df-a2e4-cf550c263161,2025-12-23,42,0.5438,12,39554.13,3296.1775,0.0,0.0,5.0,23146.65,662,25.5455,1107.54,-1.0,-1.0,0
3de6f533-5503-4109-875b-33f40109353f,2025-12-23,2,0.385,13,43564.51,3351.116154,2.0,10868.7,5.0,20228.7,1013,35.0833,8811.47,0.0,0.0,0
3e80243e-ed4d-46b5-a4ec-9aa1107c32da,2025-12-23,24,0.5837,15,49795.22,3319.681333,1.0,6111.77,2.0,7554.09,771,27.4286,6111.77,0.0,0.0,0
3e8f3d31-4fdc-4858-8d58-87b8c70d1e61,2025-12-23,1,0.2913,7,28038.28,4005.468571,1.0,3788.81,3.0,16333.14,721,66.1667,3788.81,-0.63959,0.0,1
403ba4f6-3b05-4fb0-9c95-6068878e01b1,2025-12-23,8,0.7173,23,90314.65,3926.723913,4.0,18258.17,10.0,38599.58,962,19.9545,2671.47,3.176083,1.0,0
40abd3f4-34c6-407b-8dfe-8ff445cce235,2025-12-23,34,0.2602,10,16719.92,1671.992,0.0,0.0,1.0,1064.71,1153,47.8889,1064.71,-1.0,-1.0,0
414fbbd6-b12f-45a2-85f2-fd8a574567fa,2025-12-23,190,0.0538,2,1024.42,512.21,0.0,0.0,0.0,0.0,1116,137.0,705.35,0.0,0.0,0
41906a86-bd78-43ee-a9ab-5f93230c56a1,2025-12-23,99,0.4586,17,32966.88,1939.228235,0.0,0.0,0.0,0.0,1112,23.375,2006.11,0.0,0.0,0
41cc51fc-74f3-43aa-b9e8-c4269becb375,2025-12-23,26,0.3816,13,50288.44,3868.341538,1.0,9453.06,4.0,25071.96,1022,28.75,9453.06,-0.394768,-0.6667,0
420464c7-e05c-4002-9ab4-902acb471c60,2025-12-23,40,0.5235,13,29524.05,2271.080769,0.0,0.0,4.0,11662.33,745,33.3333,4073.78,-1.0,-1.0,0
42b4250f-96b0-4ca7-b063-8722469fafa6,2025-12-23,7,0.169,4,18921.98,4730.495,1.0,5295.74,2.0,12785.93,710,58.0,5295.74,-0.292977,0.0,0
43b1d0a0-404f-48c8-96ee-46291e3ceaa3,2025-12-23,5,0.4556,13,33162.9,2550.992308,4.0,14405.4,6.0,19391.69,856,34.5,4498.57,1.889002,1.0,0
44e18ff7-c6c4-4f05-810a-10acda026843,2025-12-23,1,0.5566,20,66592.05,3329.6025,1.0,3353.27,5.0,20402.57,1078,20.0526,3353.27,-0.034171,0.0,0
44e3f736-1e1f-478d-876f-f18c9b474ec7,2025-12-23,12,0.1962,8,27572.69,3446.58625,1.0,877.38,3.0,5256.66,1223,59.5714,877.38,-0.799652,-0.5,0
44f08084-85aa-46b5-8832-5d1d2b8db2cc,2025-12-23,321,0.0294,1,159.54,159.54,0.0,0.0,0.0,0.0,1020,0.0,159.54,0.0,0.0,0
454e54ed-b5e4-4096-9693-090f3ddaa42e,2025-12-23,26,0.5124,11,33378.37,3034.397273,1.0,9139.81,4.0,11443.25,644,37.3,9139.81,2.967896,-0.6667,0
456196a3-f5fd-4769-85c9-fe12f73de5b9,2025-12-23,4,0.9987,25,68540.47,2741.6188,6.0,23601.78,11.0,36574.93,751,16.25,167.87,4.683834,2.0,0
45b35575-e766-4b46-861c-910c86237813,2025-12-23,20,0.91,29,81187.22,2799.55931,1.0,9271.88,7.0,31534.71,956,13.5357,9271.88,-0.428807,-0.75,0
45b88888-2215-4e91-9647-006d4a1e9e88,2025-12-23,71,0.2115,6,18584.4,3097.4,0.0,0.0,1.0,1457.87,851,37.6,1457.87,0.0,0.0,0
46131e6b-4c77-4840-8255-973dc2b72450,2025-12-23,89,0.163,6,9169.3,1528.216667,0.0,0.0,1.0,401.92,1104,50.6,401.92,0.0,0.0,0
4625383b-ddb9-4a4e-8e05-f4c0efbb0b38,2025-12-23,13,0.0974,3,10210.52,3403.506667,2.0,3058.55,2.0,3058.55,924,101.0,1415.95,0.0,0.0,0
46b19404-7f1c-4813-a3e9-8ad7066efbfb,2025-12-23,102,0.1456,3,12362.76,4120.92,0.0,0.0,0.0,0.0,618,50.0,1003.05,0.0,0.0,0
46ced229-ee4c-418c-badd-2f91fc1ab760,2025-12-23,1,0.3097,8,35367.64,4420.955,1.0,9271.88,3.0,25253.06,775,46.5714,9271.88,0.161331,0.0,0
46df1799-2ada-4ee5-af3b-e819f704a921,2025-12-23,37,0.0491,2,7692.91,3846.455,0.0,0.0,1.0,5564.2,1223,168.0,5564.2,-1.0,-1.0,0
48689e01-09c4-46f3-9d8e-5d6c440e56cb,2025-12-23,22,0.2007,8,16854.55,2106.81875,2.0,3577.8,3.0,4146.34,1196,46.0,517.7,0.0,0.0,0
48871682-8627-402c-b359-46e536c8c5f8,2025-12-23,6,0.458,12,29457.41,2454.784167,3.0,11617.01,6.0,20861.14,786,35.6364,1103.11,2.89353,2.0,0
4985763f-1aec-4bc7-8147-1beeb7a2d9c0,2025-12-23,59,0.1726,7,14890.29,2127.184286,0.0,0.0,3.0,10614.9,1217,43.0,6646.26,-1.0,-1.0,0
49d4f65c-a7f6-423f-97b2-75571396471e,2025-12-23,2,0.2632,6,23280.92,3880.153333,2.0,7554.82,3.0,10580.95,684,82.6,6305.36,0.0,0.0,0
4b263a6a-fa62-4829-bdec-56be9866bdeb,2025-12-23,49,0.0312,1,12151.69,12151.69,0.0,0.0,1.0,12151.69,963,0.0,12151.69,-1.0,-1.0,0
4db8450b-3473-4e34-abb8-61b270b04333,2025-12-23,14,0.3054,9,22638.96,2515.44,2.0,10375.19,4.0,16744.18,884,48.5,6247.28,2.454286,1.0,0
4ed5562c-399a-4f63-8123-7496d2617ad8,2025-12-23,54,0.284,8,23472.56,2934.07,0.0,0.0,2.0,4509.33,845,28.0,446.96,-1.0,-1.0,0
4ee7f9a8-1985-4e04-82b5-332cbc70c187,2025-12-23,4,0.438,12,19356.06,1613.005,2.0,2989.13,3.0,4645.06,822,35.0909,1417.57,0.0,0.0,0
4f4f2ef2-6350-45b8-af19-6bd90adfc454,2025-12-23,4,0.9091,31,109627.89,3536.383548,6.0,41727.03,14.0,68008.74,1023,10.2667,4284.14,1.240702,0.5,0
505deb96-02b0-4484-ae43-533961fa661d,2025-12-23,37,0.4663,15,32748.39,2183.226,0.0,0.0,3.0,11559.5,965,23.2143,4543.37,-1.0,-1.0,0
5097dfe0-2eb9-4792-a52b-170cf10ad290,2025-12-23,321,0.0428,1,390.54,390.54,0.0,0.0,0.0,0.0,701,0.0,390.54,0.0,0.0,0
5173c47a-a140-490b-afc1-af84817a605e,2025-12-23,6,0.3128,12,39872.29,3322.690833,2.0,2780.02,6.0,21188.42,1151,34.7273,2508.72,-0.555003,1.0,0
51833259-a233-414c-85fb-6ed59e50dfed,2025-12-23,10,0.9348,22,84644.06,3847.457273,2.0,11395.81,6.0,37096.25,706,21.7619,8058.7,0.607793,1.0,0
528aa423-6b23-4a2a-8e8b-d2c5976a5484,2025-12-23,86,0.1509,4,17185.78,4296.445,0.0,0.0,1.0,3091.22,795,39.3333,3091.22,0.0,0.0,0
529b58fc-1d6b-4a46-bcf3-bd50c058a284,2025-12-23,3,0.3317,9,25244.72,2804.968889,1.0,1150.98,3.0,8925.89,814,42.125,1150.98,-0.851962,-0.5,0
532c0027-0a87-4b04-8cd6-433b7eda14e0,2025-12-23,12,0.2018,6,21285.58,3547.596667,3.0,10233.62,4.0,10706.08,892,65.4,2649.11,0.0,0.0,0
5379215b-cc4c-4e00-a6c5-27be458826a0,2025-12-23,364,0.0266,1,3053.65,3053.65,0.0,0.0,0.0,0.0,1126,0.0,3053.65,0.0,0.0,0
53cf422c-89ff-449d-9e2b-509585fbfa93,2025-12-23,45,0.1186,3,10664.12,3554.706667,0.0,0.0,1.0,5355.18,759,168.0,5355.18,-1.0,-1.0,0
54739a70-fe3b-45f0-b6da-5eb96fddebc6,2025-12-23,3,1.0923,28,69238.04,2472.787143,2.0,8747.36,9.0,20335.94,769,15.037,4857.0,0.347499,-0.5,0
549276f5-7982-4ddd-9090-30fd37f31bf6,2025-12-23,62,0.3409,11,34494.91,3135.900909,0.0,0.0,1.0,7104.23,968,26.0,7104.23,0.0,0.0,0
556c3740-52fd-4022-8755-b92b9fa5342d,2025-12-23,10,0.4264,17,44667.88,2627.522353,3.0,5050.99,9.0,21229.76,1196,28.25,1011.68,-0.161558,0.0,0
5616033a-269f-49ef-83d8-504129f87568,2025-12-23,58,0.036,1,6549.85,6549.85,0.0,0.0,1.0,6549.85,833,0.0,6549.85,-1.0,-1.0,0
5705b303-d99b-47e5-9620-2ac37d16bf70,2025-12-23,68,0.1485,3,4114.21,1371.403333,0.0,0.0,1.0,1286.01,606,104.5,1286.01,0.0,0.0,0
575ab059-021e-48cf-a1f6-39e5a9719349,2025-12-23,30,0.3112,10,29130.25,2913.025,0.0,0.0,3.0,8001.62,964,36.8889,2274.18,-1.0,-1.0,0
5768b4fe-4e94-4a79-bf94-aec56843c229,2025-12-23,86,0.1374,3,4155.23,1385.076667,0.0,0.0,1.0,701.63,655,66.5,701.63,0.0,0.0,1
5772f550-5886-44ab-b618-cc525d22c053,2025-12-23,14,1.6382,32,90809.61,2837.800313,3.0,10731.67,7.0,27784.38,586,14.0323,5485.96,0.0,0.0,0
5828d313-995e-4774-b19c-e8ac7bc3daea,2025-12-23,22,0.0753,3,8183.75,2727.916667,1.0,7521.75,1.0,7521.75,1196,171.5,7521.75,0.0,0.0,0
585a8991-c44f-4e18-b8e0-6283bf6f9aff,2025-12-23,7,0.2714,11,36730.41,3339.128182,2.0,6164.31,4.0,14389.5,1216,43.8,403.59,-0.250557,0.0,0
58894319-515e-4488-9e5c-39efd9a4d7ad,2025-12-23,21,0.1411,3,9356.68,3118.893333,1.0,1881.96,1.0,1881.96,638,41.0,1881.96,0.0,0.0,1
59749859-a81e-48e6-bc39-a362a3eada9b,2025-12-23,22,0.5132,11,35533.63,3230.33,1.0,183.39,3.0,5314.96,643,22.1,183.39,-0.942927,0.0,0
5a2542d2-8392-4c53-bbf2-259d1b7de2ba,2025-12-23,28,0.6688,14,38525.49,2751.820714,1.0,4442.78,4.0,8676.74,628,21.4615,4442.78,1.113808,0.0,0
5a60bb30-d49d-430c-b819-619528fa0373,2025-12-23,18,0.2991,7,16727.16,2389.594286,1.0,480.77,2.0,8736.57,702,65.3333,480.77,-0.941766,0.0,0
5b8f23c7-fa9a-4a08-9a59-251fb715af18,2025-12-23,52,0.0777,3,12948.73,4316.243333,0.0,0.0,1.0,3776.35,1159,175.5,3776.35,-1.0,-1.0,0
5be61d8d-e5a3-403f-b61d-c9096e40b7fb,2025-12-23,2,0.2165,7,35216.55,5030.935714,4.0,28237.77,4.0,28237.77,970,44.3333,3213.26,0.0,0.0,0
5c9d29aa-2355-42b6-b1a3-3b942397745f,2025-12-23,112,0.0828,2,2039.49,1019.745,0.0,0.0,0.0,0.0,725,5.0,989.44,0.0,0.0,0
5cda614e-b389-4e48-8b36-5612a91c11ba,2025-12-23,0,0.2228,6,15282.45,2547.075,3.0,11880.43,5.0,13378.3,808,27.6,7752.75,26.427348,2.0,0
5d474fc4-7a12-42c7-9f36-de03cfef0e40,2025-12-23,66,0.0332,1,1340.9,1340.9,0.0,0.0,1.0,1340.9,904,0.0,1340.9,0.0,0.0,0
5d5fa6d8-0ad7-4ade-be35-1c481b16b275,2025-12-23,42,0.6227,17,51071.33,3004.195882,0.0,0.0,3.0,14430.1,819,23.0625,6305.36,-1.0,-1.0,0
600950e2-e195-4863-b978-6b55ea2f8a24,2025-12-23,43,0.3243,8,15578.68,1947.335,0.0,0.0,2.0,9089.91,740,40.8571,5588.78,-1.0,-1.0,0
60ce8a0f-d7a4-4ed2-ac8e-6e0a87d50d90,2025-12-23,33,0.2809,11,41477.23,3770.657273,0.0,0.0,4.0,28867.82,1175,25.5,2454.21,-1.0,-1.0,0
60fc3a69-d7a0-4445-b08b-d165e0bc4928,2025-12-23,26,0.1313,5,14066.75,2813.35,1.0,5400.82,1.0,5400.82,1142,77.5,5400.82,0.0,0.0,0
614d73fd-8846-4895-a773-7898e1678216,2025-12-23,13,0.543,16,52604.83,3287.801875,4.0,14237.46,6.0,23408.91,884,26.5333,3279.98,0.552367,1.0,0
6160ef49-2fc6-47b6-b9f2-400cbd267250,2025-12-23,16,0.1002,2,4889.11,2444.555,1.0,4498.57,1.0,4498.57,599,102.0,4498.57,0.0,0.0,0
61ca8ccc-59b9-4f6f-84a3-e49d67fbff34,2025-12-23,34,0.1386,4,15145.87,3786.4675,0.0,0.0,1.0,6241.82,866,84.6667,6241.82,-1.0,-1.0,1
61d5df45-2dc7-4d9a-a195-9acaf18018a4,2025-12-23,56,0.0249,1,5690.24,5690.24,0.0,0.0,1.0,5690.24,1204,0.0,5690.24,-1.0,-1.0,1
6272b3b9-197b-4be0-bf82-5b6e74a51d18,2025-12-23,29,0.2725,10,37704.39,3770.439,1.0,2274.18,3.0,12870.12,1101,36.6667,2274.18,-0.785373,-0.5,0
62795829-338f-4ef4-a58a-8b4df43e37ed,2025-12-23,70,0.1471,4,17371.24,4342.81,0.0,0.0,2.0,16157.91,816,128.6667,3846.19,0.0,0.0,1
627dfaf1-6d87-43b0-9cba-68f9d7c5bf7f,2025-12-23,16,0.0942,2,14177.8,7088.9,1.0,3576.6,2.0,14177.8,637,57.0,3576.6,0.0,0.0,1
63482ea8-4c3c-4a09-bce4-da0866c26116,2025-12-23,61,0.0979,2,9140.35,4570.175,0.0,0.0,2.0,9140.35,613,14.0,7824.29,0.0,0.0,0
64e3a695-4ab9-479c-87df-f1660c87338c,2025-12-23,47,0.0686,2,10583.98,5291.99,0.0,0.0,1.0,9010.71,875,71.0,9010.71,-1.0,-1.0,1
655a8a99-8ea7-4fab-8686-b6e0a9369c3b,2025-12-23,12,0.2048,6,9278.02,1546.336667,2.0,2324.3,2.0,2324.3,879,40.2,1681.65,0.0,0.0,0
66581e52-4a91-4e5a-9db9-6ea7faad6977,2025-12-23,26,0.2016,5,12453.56,2490.712,1.0,4762.12,2.0,7615.2,744,101.0,4762.12,0.0,0.0,0
66aa9f2d-de6b-4def-8269-b6d0177dbf9a,2025-12-23,21,0.7835,31,90812.41,2929.432581,2.0,4782.71,7.0,19918.52,1187,14.0667,1242.86,1.096668,0.0,0
66c93c21-5319-42bd-aee5-a4af817f02a3,2025-12-23,68,0.0838,2,8068.36,4034.18,0.0,0.0,1.0,4590.15,716,148.0,4590.15,0.0,0.0,0
6774c3a7-d951-43fa-9c75-eaca2ced5391,2025-12-23,2,0.6845,23,56085.58,2438.503478,2.0,4299.04,8.0,23252.9,1008,20.5,2017.95,9.651998,1.0,0
679c79cb-5d90-434a-a13e-d63368ba0b98,2025-12-23,23,0.0765,3,5130.31,1710.103333,1.0,3077.93,1.0,3077.93,1176,171.0,3077.93,0.0,0.0,0
67fc2766-666c-4de5-9a16-9a35603b9a46,2025-12-23,48,0.2521,5,24680.48,4936.096,0.0,0.0,2.0,3316.18,595,87.25,2551.27,-1.0,-1.0,0
6853ff18-9673-4369-b96a-eb7e1eb71169,2025-12-23,43,0.3232,12,38156.1,3179.675,0.0,0.0,5.0,11903.07,1114,25.6364,1457.87,-1.0,-1.0,0
6892976f-0a64-4372-bcd7-14d6113ea6e2,2025-12-23,4,0.2348,9,15170.42,1685.602222,1.0,1093.41,2.0,2838.35,1150,44.5,1093.41,-0.373382,0.0,0
69008e38-87df-4edc-8e0c-02e44a0802a3,2025-12-23,60,0.1619,4,5459.18,1364.795,0.0,0.0,1.0,1486.59,741,80.3333,1486.59,0.0,0.0,1
69223a3a-0e99-457c-b139-53a914126da0,2025-12-23,414,0.026,1,7771.19,7771.19,0.0,0.0,0.0,0.0,1155,0.0,7771.19,0.0,0.0,1
69b42ebe-0ce1-4f78-b8cd-1bb12a098250,2025-12-23,32,0.0736,3,6168.93,2056.31,0.0,0.0,2.0,1831.11,1222,79.0,1085.19,-1.0,-1.0,0
6a03d7f7-9095-4c61-b549-95cd16aba353,2025-12-23,145,0.053,2,3383.83,1691.915,0.0,0.0,0.0,0.0,1133,63.0,2833.43,0.0,0.0,0
6a7efc18-882b-4c4c-a75d-1b8aecdbf4a6,2025-12-23,13,0.2953,12,10326.64,860.553333,1.0,642.65,5.0,4183.7,1219,26.4545,642.65,0.0,0.0,0
6b35501e-08f6-41b4-8699-30281befd8ec,2025-12-23,2,0.5357,12,49912.12,4159.343333,2.0,4624.43,6.0,25978.33,672,42.0909,1395.7,-0.778922,-0.3333,0
6bb31b8a-5c85-4549-9106-7183256248ff,2025-12-23,5,0.5698,17,37910.68,2230.04,2.0,4781.21,6.0,11634.29,895,24.3125,583.31,0.263477,1.0,0
6cad4c9f-a37c-452d-9e24-b927cd585be0,2025-12-23,41,0.133,4,8689.71,2172.4275,0.0,0.0,2.0,4324.29,902,113.0,438.69,-1.0,-1.0,1
6ccef97b-c165-4c24-aa1d-00119b8315f2,2025-12-23,11,0.2389,7,22352.26,3193.18,1.0,643.01,2.0,1853.79,879,41.8333,643.01,0.0,0.0,1
6d07afb5-e45f-49c8-8fe6-ab313f89ab9c,2025-12-23,22,0.7448,25,73583.06,2943.3224,1.0,560.55,9.0,22432.17,1007,12.2917,560.55,-0.968424,-0.75,0
6dd97a45-7233-4f75-bf2b-a02f9e2403f5,2025-12-23,38,0.5643,12,54355.56,4529.63,0.0,0.0,4.0,29407.97,638,36.8182,12311.72,-1.0,-1.0,0
6e04016c-b9dc-4b48-ac9b-8e9eff3d52ef,2025-12-23,84,0.2348,9,18713.08,2079.231111,0.0,0.0,1.0,1139.97,1150,14.0,1139.97,0.0,0.0,0
6f363f3d-a553-4343-928a-865ef7efa488,2025-12-23,9,0.2261,6,35205.83,5867.638333,1.0,12698.98,2.0,21641.02,796,81.2,12698.98,0.420144,0.0,0
6f43c820-6bb0-443a-a276-f436ff5cc816,2025-12-23,22,0.3221,7,22607.3,3229.614286,1.0,5207.86,3.0,10257.03,652,58.1667,5207.86,5.807393,0.0,0
6fb7d847-f44b-41dc-a325-7b26c61cbc96,2025-12-23,9,0.6947,27,81178.5,3006.611111,5.0,27587.97,14.0,55111.85,1166,15.6538,2685.63,2.18222,0.6667,0
7010920b-f9d5-4e97-9d6a-a57cfe832fad,2025-12-23,4,0.8844,25,74470.24,2978.8096,6.0,25127.27,13.0,49427.56,848,16.2083,847.1,0.432615,0.5,0
70803e0f-518e-4300-9d6d-cec5780970aa,2025-12-23,24,0.0789,3,10670.45,3556.816667,1.0,5405.78,2.0,10390.48,1141,64.0,5405.78,0.0,0.0,0
726b4f75-d374-4f7f-bf66-eff61209fe02,2025-12-23,102,0.1121,3,2173.7,724.566667,0.0,0.0,0.0,0.0,803,91.5,560.4,0.0,0.0,0
72f79579-0a70-4cc7-8b0e-7b204ff9f789,2025-12-23,69,0.086,2,4052.67,2026.335,0.0,0.0,1.0,1672.48,698,77.0,1672.48,0.0,0.0,0
731fe7b0-483a-4068-a5c1-e8ce074a22e2,2025-12-23,240,0.0466,1,1858.31,1858.31,0.0,0.0,0.0,0.0,644,0.0,1858.31,0.0,0.0,1
73c3d633-4b34-49ad-a380-07fa31442bd6,2025-12-23,21,0.3953,10,21834.04,2183.404,1.0,3163.35,3.0,6638.66,759,32.4444,3163.35,0.184123,0.0,0
744605d3-9330-457d-9c53-8b4b59950976,2025-12-23,0,1.0877,31,94150.3,3037.106452,6.0,8413.85,16.0,61156.99,855,14.2,1744.94,-0.818191,-0.1429,0
75e7956b-bba4-4d50-aa4d-f8061fa9b378,2025-12-23,20,0.1294,4,16470.36,4117.59,1.0,2384.4,2.0,6065.7,927,66.6667,2384.4,-0.352294,0.0,0
7613c703-00a5-4fcd-b61f-b4f85bd36ac2,2025-12-23,67,0.3095,12,26326.19,2193.849167,0.0,0.0,2.0,4723.9,1163,24.5455,2101.79,0.0,0.0,0
76c7e6e2-ab70-4430-9c0e-611b3e8e3f7d,2025-12-23,1,0.1979,8,34089.2,4261.15,1.0,4857.0,2.0,5123.18,1213,47.2857,4857.0,17.247051,0.0,0
76fd4673-a6d4-4503-8346-4fa08b56a6d8,2025-12-23,91,0.0341,1,823.98,823.98,0.0,0.0,0.0,0.0,881,0.0,823.98,0.0,0.0,0
78106c04-2615-4323-b215-3172fb34fc72,2025-12-23,23,0.4027,12,58399.06,4866.588333,1.0,8641.31,3.0,19459.81,894,35.8182,8641.31,-0.201247,-0.5,0
782ae5d7-a09e-4973-a2b3-29bacbb5efa9,2025-12-23,52,0.0699,2,5665.08,2832.54,0.0,0.0,1.0,807.18,858,131.0,807.18,-1.0,-1.0,0
785c7075-fbd8-42f7-b26f-e1aadc18eebc,2025-12-23,56,0.0737,3,7579.21,2526.403333,0.0,0.0,1.0,4690.22,1221,65.5,4690.22,-1.0,-1.0,1
79ce75bd-e156-4762-a109-91880fa27abc,2025-12-23,4,0.7432,30,86803.32,2893.444,7.0,32206.31,13.0,44388.12,1211,12.5517,335.75,13.67552,2.5,0
7b3011de-1fd5-49d7-8cd0-565a3af5b5da,2025-12-23,18,0.8475,25,60730.01,2429.2004,3.0,10599.25,8.0,33812.83,885,14.7917,7947.32,0.144963,0.5,0
7b5dbebc-9a0e-4613-8844-f85ea0bc161d,2025-12-23,42,0.0935,3,18568.85,6189.616667,0.0,0.0,2.0,14368.64,963,123.0,6646.26,-1.0,-1.0,0
7bb9c97f-e27e-426f-b400-1ecf5e49b6f2,2025-12-23,68,0.1515,5,15821.81,3164.362,0.0,0.0,1.0,3861.27,990,33.5,3861.27,0.0,0.0,0
7be8de25-a69e-4e0f-9ac9-cd6405a73f68,2025-12-23,23,0.1707,4,9418.38,2354.595,2.0,2063.82,2.0,2063.82,703,56.0,1792.52,0.0,0.0,1
7d31f2fa-4d24-4819-aa43-8ca6f961480f,2025-12-23,434,0.0446,1,3834.51,3834.51,0.0,0.0,0.0,0.0,673,0.0,3834.51,0.0,0.0,0
7d5e174f-f3d2-488e-99b3-a0591b1a9319,2025-12-23,1,0.1848,6,20724.61,3454.101667,3.0,15316.34,4.0,16212.6,974,63.4,713.82,0.0,0.0,1
7dc50afb-0eaa-4b38-8b2f-04eb2c57446e,2025-12-23,35,0.2699,6,9572.33,1595.388333,0.0,0.0,3.0,3484.9,667,82.2,1356.47,-1.0,-1.0,0
7dd67799-87bf-4c47-944e-e495c976e50e,2025-12-23,5,0.2258,8,11616.97,1452.12125,1.0,283.47,2.0,1895.21,1063,50.8571,283.47,-0.824122,0.0,0
7e1ea714-6fe4-494e-9554-750dbe019c23,2025-12-23,30,0.098,4,18658.03,4664.5075,0.0,0.0,1.0,7722.38,1224,121.3333,7722.38,-1.0,-1.0,0
80425ba2-13bc-407f-9a1c-ff4f30480010,2025-12-23,0,0.4201,17,45532.62,2678.389412,2.0,10438.75,5.0,17022.18,1214,23.1875,9010.71,0.791291,0.0,0
8081cb55-1e73-484f-b6fe-79fe7087f185,2025-12-23,219,0.0307,1,1188.93,1188.93,0.0,0.0,0.0,0.0,977,0.0,1188.93,0.0,0.0,0
809a4c1b-22b1-4046-b62e-5ca84f41ae56,2025-12-23,142,0.0909,2,2010.48,1005.24,0.0,0.0,0.0,0.0,660,160.0,1655.43,0.0,0.0,0
81038b9d-eef0-443c-9635-a2e4c4df490f,2025-12-23,26,0.179,5,23406.8,4681.36,1.0,6678.69,2.0,10100.34,838,103.5,6678.69,0.0,0.0,0
81aa5e22-d678-428b-b005-9b81178d3a85,2025-12-23,99,0.3337,10,21860.86,2186.086,0.0,0.0,0.0,0.0,899,32.0,4671.82,0.0,0.0,0
82241b4b-7959-4079-9369-bbfcffcbc453,2025-12-23,2,0.7792,24,86797.77,3616.57375,3.0,12395.34,10.0,48419.9,924,17.7826,7552.69,-0.505802,-0.4,0
824fbcc7-5420-4ca2-84b0-15b0b4a2292b,2025-12-23,16,0.1753,6,20603.17,3433.861667,2.0,8693.26,3.0,13136.04,1027,58.4,4835.22,0.0,0.0,0
826855e8-3a9a-4032-ad5b-6ca64c822572,2025-12-23,17,0.2419,7,24794.49,3542.07,2.0,9611.03,2.0,9611.03,868,52.1667,872.48,0.0,0.0,0
82c5a7aa-2ec7-45dc-9d03-be3531473f2f,2025-12-23,26,0.1513,3,5965.26,1988.42,1.0,2123.91,1.0,2123.91,595,155.5,2123.91,0.0,0.0,0
82d60e37-f049-4852-9464-c94b4e5c3244,2025-12-23,9,0.6648,16,26270.35,1641.896875,2.0,4276.88,4.0,7391.33,722,20.1333,560.4,0.846061,1.0,0
83d0d0b7-7f58-49ea-8dc3-fee8c20efb50,2025-12-23,44,0.0912,2,11471.61,5735.805,0.0,0.0,1.0,6799.79,658,130.0,6799.79,-1.0,-1.0,1
83fe13f3-1026-46b2-9abd-d7277ea2f653,2025-12-23,198,0.0876,3,5204.3,1734.766667,0.0,0.0,0.0,0.0,1027,99.5,3015.43,0.0,0.0,0
855f6897-60c0-42cc-aa5a-bbcf4dfcfd28,2025-12-23,53,0.2828,11,25253.4,2295.763636,0.0,0.0,3.0,12843.91,1167,26.6,1214.0,-1.0,-1.0,0
86208847-cfb3-449d-a634-075a2b7c33cc,2025-12-23,21,0.4232,9,12064.84,1340.537778,1.0,809.34,2.0,2568.17,638,57.125,809.34,-0.539842,0.0,0
86ab916f-9734-41f0-b5c0-9bbc082b3251,2025-12-23,34,1.0479,27,69615.82,2578.363704,0.0,0.0,7.0,20403.41,773,16.5,2242.2,-1.0,-1.0,0
87b06d02-c4e0-4e44-a8d4-a21cdc592676,2025-12-23,35,0.5035,12,33425.53,2785.460833,0.0,0.0,1.0,5828.39,715,30.0909,5828.39,-1.0,-1.0,0
8867ed0f-4c50-4aa9-8fb4-993893bd97df,2025-12-23,25,0.2695,6,14281.01,2380.168333,1.0,743.3,3.0,5822.63,668,61.8,743.3,-0.853662,-0.5,0
88f8cded-9e9f-4c71-9504-8cae260151bf,2025-12-23,5,0.2415,9,20029.86,2225.54,4.0,8307.61,5.0,12560.32,1118,40.75,5645.87,0.953486,3.0,0
8aa74529-c59e-4daf-9b98-321ebfce7306,2025-12-23,8,1.4354,30,60710.45,2023.681667,3.0,6644.54,8.0,23380.58,627,14.5172,3552.12,0.14003,2.0,0
8b278dae-e043-44f3-a5f0-8466df24d3a2,2025-12-23,28,0.7143,26,43903.92,1688.612308,1.0,1945.18,4.0,6606.99,1092,15.72,1945.18,0.228111,-0.5,0
8bd2e91f-b7be-4b2c-95e8-9b9f6936c3fe,2025-12-23,16,0.301,12,26169.68,2180.806667,1.0,628.52,2.0,2122.9,1196,34.5455,628.52,0.0,0.0,0
8bf0cc1f-c9f7-4393-806f-86bce9acf23a,2025-12-23,44,0.0777,3,8190.05,2730.016667,0.0,0.0,1.0,1542.69,1159,182.0,1542.69,-1.0,-1.0,0
8d58c937-6e14-4be1-98f6-33ea0a28136f,2025-12-23,32,0.0912,3,14413.53,4804.51,0.0,0.0,2.0,13010.27,987,117.5,6279.98,-1.0,-1.0,0
8d6d15dd-e8cf-4c06-aacd-238932fec46c,2025-12-23,17,0.198,4,9474.09,2368.5225,1.0,6111.77,1.0,6111.77,606,50.0,6111.77,0.0,0.0,0
8daa11dd-d410-44bf-a0de-622a9ca7c78d,2025-12-23,10,0.9842,27,88055.98,3261.332593,5.0,26750.55,8.0,39399.69,823,13.6923,6689.92,3.285697,4.0,0
8de2f61f-499f-4ce6-a7d6-a5e9b9219f67,2025-12-23,18,0.118,4,19497.87,4874.4675,1.0,1792.52,2.0,9642.5,1017,77.0,1792.52,0.0,0.0,0
8f10e8bf-c7a4-4bd6-93ce-4de936a938ef,2025-12-23,1,0.8418,22,78313.6,3559.709091,5.0,23579.44,10.0,48462.48,784,15.2857,11424.37,1.946907,1.5,0
9013910b-257e-462f-8142-555578e385a5,2025-12-23,12,0.3667,11,46838.19,4258.017273,2.0,14398.1,3.0,19255.1,900,37.1,10512.5,1.964402,1.0,0
90ef6a35-c0dc-4b20-aede-0d1b3e525838,2025-12-23,10,0.2113,7,31731.75,4533.107143,1.0,5553.48,3.0,15195.98,994,60.3333,5553.48,2.25597,0.0,0
910bd8ae-df74-4feb-9e1a-4e8966115c12,2025-12-23,7,0.2534,8,31712.84,3964.105,1.0,12151.69,2.0,20149.03,947,56.8571,12151.69,0.519466,0.0,0
911f8116-248a-4e3d-afb4-62a632746852,2025-12-23,7,1.2752,38,77450.98,2038.183684,5.0,16683.35,8.0,22768.27,894,11.1081,4505.35,14.167923,4.0,0
918ccc0d-7add-4cda-bb90-29b5623f6d86,2025-12-23,150,0.0949,3,5095.22,1698.406667,0.0,0.0,0.0,0.0,948,109.0,411.99,0.0,0.0,0
91f0a872-33ad-4dbe-9801-ac03b375f584,2025-12-23,3,0.6732,16,44130.98,2758.18625,4.0,8193.19,7.0,17771.67,713,28.0667,603.98,-0.002659,1.0,0
93700c9c-7e7e-4bad-b154-5e6644ddc5c9,2025-12-23,140,0.0502,1,4851.74,4851.74,0.0,0.0,0.0,0.0,598,0.0,4851.74,0.0,0.0,0
93d32257-e39c-4554-a773-cc81769f2c6b,2025-12-23,34,0.0728,2,1807.67,903.835,0.0,0.0,1.0,366.8,824,117.0,366.8,-1.0,-1.0,1
953c5953-375c-42a1-89e5-7b370fa868be,2025-12-23,35,0.0905,3,1729.27,576.423333,0.0,0.0,1.0,690.27,994,91.5,690.27,-1.0,-1.0,0
957f9181-281b-4ff6-9370-462fb40cb6e5,2025-12-23,14,0.201,7,18534.79,2647.827143,2.0,4396.39,2.0,4396.39,1045,45.8333,2842.73,0.0,0.0,0
97a7e174-c5da-4d97-b94b-09d5f4788809,2025-12-23,19,0.4007,15,51122.8,3408.186667,1.0,6678.69,7.0,24215.23,1123,28.3571,6678.69,-0.056851,-0.75,0
97bc17e3-9ca0-45a3-a8dd-947696378bf7,2025-12-23,109,0.1184,3,14027.25,4675.75,0.0,0.0,0.0,0.0,760,54.0,3109.55,0.0,0.0,0
97c341f3-26c0-47ee-949b-ec2349709b82,2025-12-23,4,0.6243,20,71385.14,3569.257,2.0,9323.71,6.0,31368.44,961,24.0526,2842.73,0.089399,0.0,0
98156cab-3a92-4dfa-9d5a-4e1528c73b35,2025-12-23,3,0.1067,4,9888.15,2472.0375,1.0,1286.01,3.0,9568.58,1125,40.6667,1286.01,-0.787711,0.0,0
98c0d934-599f-43f0-b624-02fafa9a625d,2025-12-23,77,0.4785,10,15986.55,1598.655,0.0,0.0,2.0,3974.99,627,23.6667,3575.73,0.0,0.0,0
9965e54c-1dd6-4d5f-b7e0-e984e9c7be9f,2025-12-23,32,0.0375,1,5702.75,5702.75,0.0,0.0,1.0,5702.75,799,0.0,5702.75,-1.0,-1.0,0
9a48cdff-42f6-4b91-80ce-e531f3622d2b,2025-12-23,41,0.3941,8,21328.14,2666.0175,0.0,0.0,2.0,11732.61,609,37.2857,7774.87,-1.0,-1.0,0
9ada7a7c-35d9-4619-9117-c1d9c05f08e9,2025-12-23,25,0.0643,2,1067.04,533.52,1.0,370.02,1.0,370.02,933,275.0,370.02,0.0,0.0,1
9b131352-2e3f-4966-865e-a01b50bde6e5,2025-12-23,8,0.5236,20,50133.06,2506.653,4.0,14567.51,5.0,19608.14,1146,23.3684,1918.31,1.890018,3.0,0
9b4342ff-79f2-40db-9669-bbab65d50e2f,2025-12-23,44,0.2333,5,11171.87,2234.374,0.0,0.0,1.0,1103.19,643,85.0,1103.19,-1.0,-1.0,0
9c60f8cc-bb5f-4a3b-9a8b-95367617a69c,2025-12-23,24,0.2422,8,16819.38,2102.4225,1.0,603.98,5.0,10715.15,991,21.2857,603.98,1.788715,0.0,0
9c75b413-efd7-4171-9aa3-e4f50c8b52ea,2025-12-23,48,0.1515,5,8752.82,1750.564,0.0,0.0,1.0,1316.06,990,63.0,1316.06,-1.0,-1.0,0
9ca4947f-fc58-4db9-a473-9d3bb229db60,2025-12-23,125,0.0247,1,1006.56,1006.56,0.0,0.0,0.0,0.0,1213,0.0,1006.56,0.0,0.0,0
9cbf413a-a00b-482b-9441-e8fce7668a2e,2025-12-23,17,0.81,28,97304.74,3475.169286,2.0,9641.4,11.0,52747.59,1037,13.4815,6286.21,-0.358988,-0.3333,0
9de44d71-02d0-4684-a314-54f9abd3f2cd,2025-12-23,53,0.33,10,18171.91,1817.191,0.0,0.0,2.0,3651.55,909,41.5556,2295.08,-1.0,-1.0,0
9e39dc08-ef34-4791-8233-bb1831664c12,2025-12-23,73,0.1447,3,6721.21,2240.403333,0.0,0.0,1.0,2983.67,622,27.5,2983.67,0.0,0.0,1
9e3ba510-550f-49bf-a866-a3124ebe334a,2025-12-23,5,0.0743,3,7381.42,2460.473333,1.0,4320.54,1.0,4320.54,1212,165.0,4320.54,0.0,0.0,0
9f79997b-8bf3-45ae-a535-abb872b46a2f,2025-12-23,116,0.152,3,5323.12,1774.373333,0.0,0.0,0.0,0.0,592,37.5,285.68,0.0,0.0,0
a029db9e-0867-4074-9876-83433dcbc19c,2025-12-23,270,0.0546,2,5388.61,2694.305,0.0,0.0,0.0,0.0,1098,2.0,720.44,0.0,0.0,0
a0323814-cd5e-4bbc-ae91-13b77ec723bb,2025-12-23,82,0.1998,6,7954.73,1325.788333,0.0,0.0,1.0,338.84,901,40.2,338.84,0.0,0.0,1
a137cf0f-749a-402e-9913-60a7f4a47b92,2025-12-23,7,1.0503,32,89909.01,2809.656563,5.0,14592.67,8.0,20540.52,914,12.0968,665.45,11.772913,4.0,0
a1c9af51-32b0-45ae-8e5e-1a83d44e0dd4,2025-12-23,48,0.1282,3,17056.64,5685.546667,0.0,0.0,1.0,9512.0,702,68.5,9512.0,-1.0,-1.0,0
a20f7825-b033-409c-9c97-b044b61bae47,2025-12-23,13,0.4781,12,36840.54,3070.045,2.0,12784.05,3.0,13232.18,753,33.9091,4800.21,27.527548,1.0,0
a281fc1b-5e0e-400e-9760-0f4eecb192e1,2025-12-23,18,0.8266,17,43322.66,2548.391765,3.0,13411.51,4.0,14721.48,617,22.125,2898.06,9.238028,2.0,0
a39d8cb3-e105-4215-9fc6-c0cb27d75ca0,2025-12-23,243,0.0352,1,295.39,295.39,0.0,0.0,0.0,0.0,852,0.0,295.39,0.0,0.0,0
a458eb88-221d-40e0-8a04-289e42780afe,2025-12-23,3,0.1117,3,12348.71,4116.236667,2.0,10242.99,2.0,10242.99,806,143.0,5207.86,0.0,0.0,1
a48769af-aacd-4623-8e69-fc86e1d3745e,2025-12-23,36,0.1856,6,24530.13,4088.355,0.0,0.0,3.0,20196.48,970,54.2,1016.52,-1.0,-1.0,0
a54b8eca-fc5f-46cd-9407-2f103beabcc7,2025-12-23,11,0.1847,7,19958.17,2851.167143,1.0,8825.59,1.0,8825.59,1137,59.0,8825.59,0.0,0.0,0
a578fb66-2e0c-4a26-8179-b1230347de46,2025-12-23,211,0.0667,2,4126.39,2063.195,0.0,0.0,0.0,0.0,900,14.0,3575.99,0.0,0.0,0
a58bcff6-b44b-4728-ae19-c41e17805478,2025-12-23,40,0.1942,4,12164.98,3041.245,0.0,0.0,3.0,8676.1,618,28.3333,6770.62,-1.0,-1.0,0
a618b414-7505-48a2-9047-6d0fbd16fb88,2025-12-23,13,0.1954,6,31999.44,5333.24,3.0,14844.94,4.0,19407.14,921,35.4,410.66,2.253899,2.0,0
a62bcc77-cf9c-44a3-920f-2e2e57c723dc,2025-12-23,24,0.4419,9,48225.43,5358.381111,1.0,10415.74,1.0,10415.74,611,50.375,10415.74,0.0,0.0,0
a6818a6e-0465-4009-81b6-822245dae013,2025-12-23,0,0.2208,7,17156.61,2450.944286,1.0,577.54,4.0,4975.21,951,35.6667,577.54,-0.764738,-0.5,0
a69011f4-c3f9-4f91-92f2-3df9072b53e7,2025-12-23,22,1.3831,29,60525.86,2087.098621,2.0,7173.28,10.0,24733.74,629,14.7143,3279.98,-0.29891,-0.6667,0
a7925872-0bc3-4eee-b74c-5086ea1e992d,2025-12-23,29,0.1665,5,14743.8,2948.76,1.0,8679.78,2.0,11623.23,901,80.75,8679.78,0.0,0.0,0
a7c6d291-2d8a-45ea-8005-81ecfd3682df,2025-12-23,5,0.2319,8,23205.39,2900.67375,1.0,7552.69,2.0,9065.76,1035,53.0,7552.69,3.991633,0.0,0
a7dd5f9a-9fa6-4592-b920-cc610a4ca21b,2025-12-23,15,0.1453,5,15468.66,3093.732,1.0,2295.08,2.0,2872.62,1032,103.25,2295.08,0.0,0.0,1
a8091949-9c95-4f66-b956-b61849aa17d1,2025-12-23,150,0.2304,5,17348.57,3469.714,0.0,0.0,0.0,0.0,651,54.5,3532.45,0.0,0.0,0
a8592085-1f10-4731-b976-351290d3b914,2025-12-23,65,0.0916,2,1580.11,790.055,0.0,0.0,1.0,1026.63,655,188.0,1026.63,0.0,0.0,1
a8a318fe-4ac5-43e5-819c-0493f94dfd8e,2025-12-23,47,0.3017,9,15002.71,1666.967778,0.0,0.0,1.0,3337.11,895,37.0,3337.11,-1.0,-1.0,0
a91e3f3f-94ea-410a-afcd-a9721a392b5a,2025-12-23,110,0.1341,4,10470.9,2617.725,0.0,0.0,0.0,0.0,895,85.3333,599.51,0.0,0.0,1
a955f9af-0de0-488d-9638-13b909991020,2025-12-23,19,0.4397,9,32598.9,3622.1,2.0,8834.86,3.0,21267.26,614,36.25,4587.03,-0.289368,1.0,0
a9a14d19-86ba-40be-883c-0be4db2e7555,2025-12-23,33,0.7739,17,46972.02,2763.06,0.0,0.0,5.0,23852.68,659,25.75,366.8,-1.0,-1.0,0
aa210298-0ad5-4fe1-9a49-04d9c35709c6,2025-12-23,41,0.1832,7,15031.46,2147.351429,0.0,0.0,1.0,1192.2,1146,64.3333,1192.2,-1.0,-1.0,0
aacf38f5-5690-4d24-95d3-d4b2fa5166a8,2025-12-23,220,0.0319,1,8872.66,8872.66,0.0,0.0,0.0,0.0,940,0.0,8872.66,0.0,0.0,0
aaec11b1-b19b-4ff9-bbf5-b6caa3fa11ee,2025-12-23,133,0.048,1,1082.78,1082.78,0.0,0.0,0.0,0.0,625,0.0,1082.78,0.0,0.0,0
ac9ed0cc-36d5-43e5-8b0f-11a8213d3173,2025-12-23,55,0.0612,2,5852.37,2926.185,0.0,0.0,1.0,5254.46,980,73.0,5254.46,-1.0,-1.0,0
acf31d10-d223-4df6-a143-e9ba0e8118f4,2025-12-23,25,0.1282,4,4407.45,1101.8625,1.0,385.68,2.0,2178.2,936,91.0,385.68,-0.784839,0.0,1
ad10f2bd-d571-4f42-aec5-a7a10eaa3ca9,2025-12-23,22,0.222,9,24025.01,2669.445556,1.0,4616.89,6.0,19236.88,1216,38.625,4616.89,-0.684207,-0.8,0
ade55153-89f8-4d7a-9199-12bcf0e9f0ce,2025-12-23,240,0.0896,2,3226.87,1613.435,0.0,0.0,0.0,0.0,670,14.0,1952.69,0.0,0.0,0
b067038f-9577-43c4-a072-0376499a6f51,2025-12-23,19,0.2997,10,38741.83,3874.183,1.0,1656.04,3.0,17100.56,1001,40.7778,1656.04,0.0,0.0,0
b0a7ac9f-5dc3-43d5-bf2f-2201d6f385b2,2025-12-23,6,0.3074,10,12580.84,1258.084,2.0,2076.91,4.0,2864.92,976,37.1111,505.35,1.884237,1.0,0
b0d043da-1294-4ab0-8fa2-ebb68dbb62a2,2025-12-23,9,0.2735,10,29165.6,2916.56,2.0,5975.77,2.0,5975.77,1097,35.3333,4835.22,0.0,0.0,0
b0d81eaf-60e0-4aa5-b3e9-64fdea18f5e9,2025-12-23,17,0.5054,14,49013.77,3500.983571,1.0,12604.07,2.0,12737.16,831,26.3846,12604.07,0.0,0.0,0
b2109776-616b-488c-9721-f3f116afd30f,2025-12-23,49,0.3576,9,28073.68,3119.297778,0.0,0.0,2.0,4971.61,755,38.625,1242.02,-1.0,-1.0,0
b21eb80b-84a0-490b-abcb-151568e54d64,2025-12-23,13,0.2752,10,30084.41,3008.441,1.0,2229.89,3.0,14420.66,1090,38.2222,2229.89,0.0,0.0,1
b247c235-943b-4c46-91c2-168e86d26161,2025-12-23,5,0.6508,21,33516.07,1596.003333,5.0,16326.68,10.0,24025.59,968,17.3,1107.54,1.273528,0.25,0
b2c24112-6ed5-433e-ae6e-c541f21defe5,2025-12-23,38,0.166,4,9504.98,2376.245,0.0,0.0,1.0,3492.44,723,85.6667,3492.44,-1.0,-1.0,1
b2ef61f5-8a4e-44af-9b72-983eb8729127,2025-12-23,95,0.148,6,8277.17,1379.528333,0.0,0.0,0.0,0.0,1216,41.4,487.43,0.0,0.0,0
b2f4f0f6-9d52-4439-b5fe-14ebe8887e7a,2025-12-23,67,0.0931,3,9876.46,3292.153333,0.0,0.0,1.0,94.49,967,187.5,94.49,0.0,0.0,1
b35ff2cc-b3d7-4eee-bbe6-72dd663e82bf,2025-12-23,63,0.2782,6,18970.86,3161.81,0.0,0.0,2.0,7227.55,647,78.8,5645.87,0.0,0.0,0
b3bc0c36-2894-415e-8303-9ce0c524adf7,2025-12-23,21,0.101,3,9212.49,3070.83,2.0,8510.86,2.0,8510.86,891,167.0,5537.68,0.0,0.0,0
b4322a23-acd4-46a3-8620-5130bd7bc8c3,2025-12-23,262,0.0508,1,2335.32,2335.32,0.0,0.0,0.0,0.0,590,0.0,2335.32,0.0,0.0,0
b4a140af-8af0-4074-8c4e-f1e587fff314,2025-12-23,19,0.7104,22,80626.16,3664.825455,2.0,1981.21,8.0,36669.35,929,19.5714,1420.81,-0.932035,-0.6,0
b4dd90f1-04a6-4d42-ac0a-2702bbc8d0db,2025-12-23,23,0.3099,10,30563.7,3056.37,1.0,283.47,3.0,12750.44,968,47.8889,283.47,0.0,0.0,0
b4ff4a71-e2cb-40a7-afaa-04a5be660e06,2025-12-23,23,0.2348,8,24275.06,3034.3825,1.0,9453.06,4.0,20057.43,1022,52.2857,9453.06,0.0,0.0,0
b5597188-1096-40f6-bb3c-7eae56f49e62,2025-12-23,12,0.2888,9,37002.23,4111.358889,2.0,21943.5,4.0,24853.66,935,53.0,12311.72,0.0,0.0,0
b5f40c8f-57dc-440a-9706-3cfe7972dde6,2025-12-23,85,0.1162,4,7095.13,1773.7825,0.0,0.0,2.0,883.7,1033,35.6667,599.51,0.0,0.0,0
b6466b91-0c2a-4a1f-bf51-fd9f9de8b206,2025-12-23,163,0.1325,3,12688.62,4229.54,0.0,0.0,0.0,0.0,679,79.0,2776.57,0.0,0.0,0
b6d1010f-48a8-4d83-a4bd-0a6c9a4521d9,2025-12-23,24,0.0526,2,10813.77,5406.885,1.0,6843.29,1.0,6843.29,1141,193.0,6843.29,0.0,0.0,0
b73d152b-3ccf-4708-8854-ab85e6abc82c,2025-12-23,205,0.0977,2,5963.35,2981.675,0.0,0.0,0.0,0.0,614,54.0,5689.26,0.0,0.0,0
b7a528c9-9989-42b3-86f1-dfe0266eb7da,2025-12-23,130,0.0928,3,2650.46,883.486667,0.0,0.0,0.0,0.0,970,74.0,1440.87,0.0,0.0,0
b7d62bbb-f2b2-4bee-ac69-0e320b4b310f,2025-12-23,2,1.0649,35,104138.13,2975.375143,3.0,6582.83,11.0,40776.36,986,13.0588,776.83,-0.066701,0.5,0
b812927c-5d6a-4cb6-9794-94ec8e44c0bd,2025-12-23,146,0.1258,4,8106.46,2026.615,0.0,0.0,0.0,0.0,954,69.6667,2461.19,0.0,0.0,0
b81e352f-6da5-4d3a-94e7-a583c1e9213c,2025-12-23,106,0.0503,2,1165.47,582.735,0.0,0.0,0.0,0.0,1193,75.0,934.36,0.0,0.0,0
b8302dbd-4877-438d-ac91-c2d5dbbadf09,2025-12-23,19,0.1379,5,10807.22,2161.444,1.0,861.5,2.0,1982.29,1088,57.0,861.5,-0.231346,0.0,0
b86f948a-d460-4c23-a79a-b2deafdc8880,2025-12-23,70,0.375,12,15717.81,1309.8175,0.0,0.0,3.0,3192.29,960,14.2727,1309.97,0.0,0.0,0
b88b94e7-2bbd-4939-98cc-217258c364d3,2025-12-23,25,0.3976,9,29736.64,3304.071111,1.0,2842.73,3.0,7019.5,679,43.0,2842.73,-0.290063,0.0,0
b88bef53-7397-4409-b454-f68fa7827873,2025-12-23,88,0.3199,9,15526.53,1725.17,0.0,0.0,1.0,3290.95,844,28.125,3290.95,0.0,0.0,0
b8bfbbb5-a5a0-4d3d-905f-57ced220ffd3,2025-12-23,14,0.361,10,21261.49,2126.149,2.0,3265.89,5.0,16417.07,831,41.6667,1894.4,1.729947,1.0,0
b9da00f9-dbef-4800-80fc-08f59dadef2a,2025-12-23,51,0.0495,2,4395.04,2197.52,0.0,0.0,2.0,4395.04,1213,18.0,3729.59,-1.0,-1.0,1
b9e85363-f343-4a9b-a6b9-588a5c0f9633,2025-12-23,124,0.0785,3,5082.88,1694.293333,0.0,0.0,0.0,0.0,1147,92.0,2279.95,0.0,0.0,1
ba0a6120-4b67-4e2b-b2c4-9036a195b99a,2025-12-23,8,0.4821,18,42593.85,2366.325,3.0,4959.91,4.0,6455.13,1120,20.4118,767.32,2.317177,2.0,0
bab05b4b-0196-4bb2-a10a-34baf0750132,2025-12-23,4,0.2609,9,21779.92,2419.991111,2.0,7979.24,2.0,7979.24,1035,49.0,6622.77,0.0,0.0,0
bac72dd3-4ee2-436a-b664-f187eea4daff,2025-12-23,161,0.0395,1,4656.46,4656.46,0.0,0.0,0.0,0.0,759,0.0,4656.46,0.0,0.0,0
bac9f7f2-72b2-40d2-bb50-19838c2fde8a,2025-12-23,1,0.1854,5,16560.17,3312.034,1.0,360.97,2.0,6602.79,809,38.5,360.97,0.0,0.0,0
bc2eaeff-d2cb-413b-8716-a7fa6d9507c2,2025-12-23,12,1.0157,28,72660.09,2595.003214,2.0,14909.29,9.0,42203.02,827,16.6667,3851.66,-0.173895,-0.6,0
bc69f988-30c6-4bf2-b27f-beafca1b2282,2025-12-23,17,0.2387,9,18530.04,2058.893333,2.0,3801.92,2.0,3801.92,1131,55.75,479.31,0.0,0.0,0
bcf78932-5b86-4918-b87a-32963317f18d,2025-12-23,161,0.0776,3,6502.53,2167.51,0.0,0.0,0.0,0.0,1160,89.5,1640.79,0.0,0.0,1
bd918df4-d5fc-4b8a-9889-b0f92e0c438b,2025-12-23,17,0.3452,12,18748.9,1562.408333,1.0,1535.4,3.0,5069.66,1043,33.9091,1535.4,0.0,0.0,0
befa24a1-1459-4d2c-b2af-a4db90fa9666,2025-12-23,23,0.0992,4,11495.74,2873.935,1.0,2990.44,1.0,2990.44,1210,120.6667,2990.44,0.0,0.0,0
c07f630a-a6d1-41a2-9f27-8f85f52260c4,2025-12-23,0,0.7386,26,97706.36,3757.936923,3.0,29525.96,6.0,42766.2,1056,17.16,6678.69,4.487658,0.5,0
c0c6efdb-fc14-4d7c-98f5-7088ddeb019c,2025-12-23,13,0.093,3,8550.17,2850.056667,1.0,7463.31,2.0,7862.57,968,100.5,7463.31,17.692857,0.0,0
c1a55833-8139-41dd-8bb5-59ab8a090d3b,2025-12-23,13,0.2033,7,16046.78,2292.397143,1.0,4282.95,3.0,10967.6,1033,48.8333,4282.95,9.583809,0.0,0
c1a9f9e4-02c9-4e11-9ae3-d7f5eec25bdf,2025-12-23,3,0.1015,3,3944.9,1314.966667,1.0,1437.27,1.0,1437.27,887,131.5,1437.27,0.0,0.0,0
c1d6c130-eed3-43da-a713-c63009b0c952,2025-12-23,32,0.1954,6,11144.18,1857.363333,0.0,0.0,2.0,1677.54,921,64.4,745.92,-1.0,-1.0,0
c29cb1e1-b422-45f3-829a-82a9e80f8c8f,2025-12-23,39,0.1615,5,11836.83,2367.366,0.0,0.0,2.0,8771.48,929,55.75,8679.78,-1.0,-1.0,0
c34d6b05-2bac-4654-9150-9d59f1252d7b,2025-12-23,18,0.075,3,17975.18,5991.726667,1.0,6955.25,1.0,6955.25,1200,103.0,6955.25,0.0,0.0,0
c34e266e-6b0c-4505-b1cc-f98b610c4986,2025-12-23,165,0.0588,2,3611.14,1805.57,0.0,0.0,0.0,0.0,1021,217.0,2400.36,0.0,0.0,0
c388d365-1253-45ed-934e-4731ee225fdb,2025-12-23,36,0.254,9,30117.96,3346.44,0.0,0.0,5.0,14092.01,1063,19.5,5239.88,-1.0,-1.0,0
c3bc5bb3-aee9-4150-b36a-c89a22162e7d,2025-12-23,14,0.973,24,68718.8,2863.283333,4.0,17697.75,9.0,35906.24,740,17.3478,934.0,0.200751,0.3333,0
c47da78e-a80f-46b0-b907-4867b0ac75da,2025-12-23,6,0.1597,5,6671.84,1334.368,1.0,1137.09,2.0,2062.15,939,98.0,1137.09,0.229207,0.0,0
c4abe8e7-17ea-4981-acd2-0e286bf0080b,2025-12-23,63,0.383,9,22252.67,2472.518889,0.0,0.0,1.0,1705.63,705,26.0,1705.63,0.0,0.0,0
c5f7e86b-b9fe-4062-bae1-fcb4707e393e,2025-12-23,73,0.2305,7,19990.96,2855.851429,0.0,0.0,2.0,6508.97,911,19.6667,3499.81,0.0,0.0,0
c7af740f-1d7a-4321-9d3e-ec9107c05254,2025-12-23,27,0.3122,12,27110.77,2259.230833,1.0,3143.11,3.0,12383.44,1153,29.9091,3143.11,0.0,0.0,0
c7e971e5-62a6-49c9-a239-e17ea1f253a5,2025-12-23,1,0.2857,11,31484.88,2862.261818,2.0,10254.94,5.0,23211.33,1155,40.7,2101.79,8.153581,1.0,0
c8466347-f65e-48a7-a013-64f958a93e60,2025-12-23,14,0.2381,6,31135.19,5189.198333,1.0,6808.13,2.0,11513.02,756,71.6,6808.13,0.447033,0.0,0
c895adf4-11e4-460d-bad6-1bc4560990aa,2025-12-23,109,0.2174,5,3935.85,787.17,0.0,0.0,0.0,0.0,690,69.75,106.95,0.0,0.0,0
c8a387fb-7265-43df-9af8-79f21e3f7a8b,2025-12-23,222,0.1088,4,2486.86,621.715,0.0,0.0,0.0,0.0,1103,46.6667,608.08,0.0,0.0,1
c9b37375-0f54-4110-983e-7b7635c1257f,2025-12-23,19,0.4918,10,31028.39,3102.839,1.0,2685.63,4.0,10340.9,610,34.2222,2685.63,1.735944,-0.5,0
cb169247-90fc-4859-9c5d-36f94515f6a5,2025-12-23,35,0.095,3,12961.76,4320.586667,0.0,0.0,2.0,6374.91,947,193.0,133.09,-1.0,-1.0,0
cb4bc77a-ba12-4fd1-b1f2-811b234a5c61,2025-12-23,3,0.2341,6,22945.48,3824.246667,3.0,16400.09,4.0,20204.2,769,41.0,5405.78,0.0,0.0,0
cbf3e2e4-9c43-4976-afaa-bc231bff129c,2025-12-23,41,0.2625,10,27169.46,2716.946,0.0,0.0,2.0,11584.43,1143,41.0,6286.21,-1.0,-1.0,0
cc681bd0-1bf2-4364-a2fe-b18907da68dd,2025-12-23,61,0.0853,3,10984.5,3661.5,0.0,0.0,1.0,7722.38,1055,172.0,7722.38,0.0,0.0,0
cd796877-895f-4bcc-8fe0-0c8c6c4e68b0,2025-12-23,39,0.5718,13,34048.56,2619.12,0.0,0.0,3.0,13820.37,682,26.25,2973.18,-1.0,-1.0,0
cdc86dc6-c2f3-4988-94e7-c7b7f1a4a81b,2025-12-23,5,0.0731,2,5523.6,2761.8,1.0,3748.36,1.0,3748.36,821,237.0,3748.36,0.0,0.0,0
ce1c7e34-50d9-4f3b-ab54-cbb7cab9fa18,2025-12-23,24,0.4023,14,40382.46,2884.461429,1.0,8971.33,7.0,28827.42,1044,20.6923,8971.33,-0.409389,-0.6667,0
ced1be46-44d9-42f9-913f-bf359f04d616,2025-12-23,24,0.3285,12,30166.56,2513.88,1.0,5239.88,4.0,11543.32,1096,31.3636,5239.88,0.62547,0.0,0
cf567dce-5613-483a-b10d-b4947a588d18,2025-12-23,61,0.2852,10,25047.48,2504.748,0.0,0.0,4.0,8190.1,1052,39.7778,2333.21,0.0,0.0,0
cfa38335-ed20-4254-b309-74d0dadee3bb,2025-12-23,10,0.2512,7,13879.34,1982.762857,1.0,399.26,5.0,10837.35,836,39.6667,399.26,-0.950526,-0.6667,0
cfc90a2e-3eb4-476f-8b9b-493b93566dcb,2025-12-23,17,0.1954,6,19396.97,3232.828333,1.0,8596.29,2.0,12880.43,921,51.8,8596.29,0.0,0.0,0
cff873c2-039d-4260-8875-1ece53467a44,2025-12-23,15,0.1688,4,6454.1,1613.525,1.0,1746.22,1.0,1746.22,711,46.6667,1746.22,0.0,0.0,0
d16a7971-11f5-4284-b4c4-063a25f1f892,2025-12-23,228,0.1098,4,10405.07,2601.2675,0.0,0.0,0.0,0.0,1093,40.0,2412.34,0.0,0.0,0
d16d5f0e-f1af-4ab1-8b14-12ce745ddd9b,2025-12-23,3,0.4873,16,43438.43,2714.901875,2.0,5421.03,7.0,23056.61,985,23.8667,403.59,-0.376232,0.0,0
d1907207-2f2d-4486-87e7-7b004fd2fab1,2025-12-23,28,0.289,11,36525.03,3320.457273,1.0,932.91,4.0,22819.43,1142,32.9,932.91,-0.891475,0.0,0
d1a51fbe-4bb5-47d5-88f8-06f817caff3f,2025-12-23,22,0.1036,3,18638.88,6212.96,2.0,14015.31,2.0,14015.31,869,67.0,6706.53,0.0,0.0,0
d2b88436-ba26-4efa-bc74-287512167c81,2025-12-23,17,0.2389,7,23799.89,3399.984286,1.0,13887.65,2.0,15680.17,879,51.8333,13887.65,0.0,0.0,0
d3291ebb-1cad-4398-80c7-e968f0d6b8e3,2025-12-23,4,0.2299,8,23582.47,2947.80875,1.0,1542.69,6.0,16653.66,1044,24.0,1542.69,-0.64295,0.0,0
d34c22d5-fa13-4eb6-a115-4306ab8f65d5,2025-12-23,25,0.1866,5,23428.02,4685.604,1.0,9343.12,2.0,21037.16,804,86.0,9343.12,-0.201036,0.0,0
d3af0e3f-6c8e-43fd-b62a-d477ca54c291,2025-12-23,89,0.2455,5,16766.14,3353.228,0.0,0.0,1.0,4671.82,611,74.25,4671.82,0.0,0.0,1
d3ceae53-5516-4152-a247-d101c45a4912,2025-12-23,6,0.7516,24,71668.3,2986.179167,7.0,31093.58,8.0,32402.29,958,18.5652,621.43,0.0,0.0,0
d3f21a44-d6a7-4183-9e3d-ca1e2f665ada,2025-12-23,10,0.3719,9,26500.16,2944.462222,2.0,16180.76,2.0,16180.76,726,36.375,3748.36,0.0,0.0,0
d5357dae-eafa-48fc-9a2b-b791e7c9e85e,2025-12-23,5,0.1654,5,4974.31,994.862,1.0,1581.68,1.0,1581.68,907,80.25,1581.68,0.0,0.0,0
d536df89-ae17-40cc-ae90-1ec234f2db3e,2025-12-23,69,0.2626,9,24705.69,2745.076667,0.0,0.0,3.0,9592.77,1028,18.625,3690.57,0.0,0.0,0
d5bde5d5-ffb3-40af-bfb0-e1fbc0fc8ac6,2025-12-23,5,0.4336,11,42405.63,3855.057273,2.0,8228.41,3.0,11151.91,761,34.6,7087.86,1.814575,1.0,0
d6235160-cff1-499b-8088-b1ef010206d2,2025-12-23,28,0.09,3,9379.68,3126.56,1.0,4908.4,1.0,4908.4,1000,154.5,4908.4,0.0,0.0,0
d68104da-a018-4b47-aeb2-cb32a2380b79,2025-12-23,93,0.1397,4,6747.83,1686.9575,0.0,0.0,0.0,0.0,859,47.3333,1849.43,0.0,0.0,0
d6b350eb-48ff-4268-b8d2-d00fb5bd3417,2025-12-23,233,0.0993,3,8422.76,2807.586667,0.0,0.0,0.0,0.0,906,29.5,2017.19,0.0,0.0,0
d6e6f2c0-9d75-46fe-a6d0-19f4998b8aa0,2025-12-23,9,0.3664,9,13753.35,1528.15,1.0,628.52,2.0,2163.92,737,55.125,628.52,-0.590647,0.0,0
d74a8b02-d712-4df5-b21a-91890f17146e,2025-12-23,150,0.1151,4,10239.34,2559.835,0.0,0.0,0.0,0.0,1043,71.0,712.26,0.0,0.0,1
d768ded2-0e1f-4338-a373-8cb12093b6b9,2025-12-23,3,0.7268,29,77116.79,2659.199655,4.0,22707.3,13.0,51723.5,1197,14.7857,2916.51,0.813104,0.3333,0
d7daaa71-d5b3-4958-ac9f-03d1c8077bf4,2025-12-23,31,0.1245,5,20695.92,4139.184,0.0,0.0,2.0,6983.15,1205,50.25,364.47,-1.0,-1.0,0
d929f86f-98cb-4302-a254-db21f53e0255,2025-12-23,30,0.267,8,37961.02,4745.1275,0.0,0.0,3.0,16674.7,899,23.4286,3824.56,-1.0,-1.0,0
da7dbacc-46a8-44dc-b4c5-5e21bf437da6,2025-12-23,6,0.6599,26,63969.42,2460.362308,2.0,3629.83,9.0,19689.62,1182,16.48,2508.72,-0.590539,-0.5,0
dac7247b-1af7-458e-a5b0-4c00df11636c,2025-12-23,153,0.1032,3,976.3,325.433333,0.0,0.0,0.0,0.0,872,46.0,597.91,0.0,0.0,1
db49dbe2-b046-4b0c-8d11-6e496b852270,2025-12-23,0,1.2252,35,105428.94,3012.255429,5.0,13402.41,16.0,59481.57,857,13.7353,2782.1,-0.38876,0.0,0
dbc5aa6b-529c-4c91-8331-7ec33c8503bb,2025-12-23,16,0.7206,27,71153.09,2635.29963,3.0,7941.32,9.0,31273.08,1124,13.8462,5328.17,-0.346594,0.0,0
dc1aef37-ddb1-4abc-a40f-974a11372fc7,2025-12-23,91,0.1198,4,12179.98,3044.995,0.0,0.0,0.0,0.0,1002,74.6667,4214.99,0.0,0.0,1
dc32c9bc-f5b1-425c-b068-0f753d9baf2f,2025-12-23,23,0.3226,11,29820.7,2710.972727,2.0,11252.86,6.0,21427.97,1023,39.6,10685.91,1.733081,-0.3333,0
dcdc70f5-6a80-4b14-8487-b99c29cfcb2e,2025-12-23,11,0.2958,7,28706.78,4100.968571,1.0,9524.24,3.0,17286.47,710,45.6667,9524.24,2.445307,0.0,0
ddb8a068-3cf7-4f6c-b653-fdf0d420c391,2025-12-23,34,0.116,3,13811.47,4603.823333,0.0,0.0,2.0,13008.36,776,72.5,2330.5,-1.0,-1.0,0
debb1669-0087-4b21-a027-8766438b09f1,2025-12-23,10,0.3326,10,35007.82,3500.782,1.0,4984.7,1.0,4984.7,902,47.2222,4984.7,0.0,0.0,0
df5f2a94-fa46-46dc-b4fc-0a08486e8118,2025-12-23,25,0.2762,8,18558.66,2319.8325,1.0,186.8,4.0,15814.97,869,42.5714,186.8,-0.912771,0.0,0
df94c0e2-bf7b-4b60-9391-80972fa8058c,2025-12-23,354,0.0255,1,1388.35,1388.35,0.0,0.0,0.0,0.0,1176,0.0,1388.35,0.0,0.0,1
e040241c-efa6-453e-8e84-6caae95e5811,2025-12-23,28,0.1899,4,12906.83,3226.7075,1.0,5537.68,1.0,5537.68,632,105.6667,5537.68,0.0,0.0,0
e05c9e8f-2852-4c9d-9c2a-756d89ba64a0,2025-12-23,3,0.9049,33,97312.13,2948.852424,5.0,18956.78,13.0,40725.2,1094,14.8438,5040.63,0.480867,0.25,0
e0666bd9-81b4-4c0c-aa13-af3137aaca09,2025-12-23,80,0.0522,2,10253.31,5126.655,0.0,0.0,1.0,9429.33,1149,161.0,9429.33,0.0,0.0,1
e223a14f-9752-4dfc-b998-04cfae44ca10,2025-12-23,15,0.7829,28,89488.13,3196.004643,3.0,25623.64,9.0,48747.59,1073,14.5185,9453.06,52.297086,2.0,0
e400fe49-64f8-4e45-8877-6c5fd0a7747d,2025-12-23,12,0.5955,24,65303.18,2720.965833,3.0,11347.8,8.0,26060.32,1209,17.913,1112.37,0.562804,0.5,0
e408e6a2-589e-4b0f-a98f-6a5e0f9e9e53,2025-12-23,19,0.3067,11,34206.06,3109.641818,1.0,4114.47,3.0,15518.62,1076,38.7,4114.47,-0.639213,-0.5,0
e4636af2-ab68-4a83-a019-d77df1fa2bb5,2025-12-23,10,0.1775,5,7222.92,1444.584,1.0,1917.26,2.0,5140.87,845,99.0,1917.26,-0.405244,0.0,0
e4bb3060-0e47-44a3-8558-6f24ddbc49bb,2025-12-23,29,0.077,3,14646.89,4882.296667,1.0,1437.27,3.0,14646.89,1169,19.0,1437.27,0.0,0.0,0
e51c365e-179f-4c2e-92f5-bc4c2fc6282a,2025-12-23,4,0.5651,23,64088.07,2786.437826,1.0,958.63,8.0,43044.06,1221,17.8636,958.63,-0.970496,-0.8,0
e61ddcc6-8917-49aa-b93d-ba7a21702a71,2025-12-23,209,0.1426,3,6580.19,2193.396667,0.0,0.0,0.0,0.0,631,92.0,560.54,0.0,0.0,0
e630e7cb-c24b-49e2-af83-702facb0c4b9,2025-12-23,15,0.2813,9,32168.18,3574.242222,1.0,202.34,3.0,11193.42,960,36.125,202.34,-0.960665,0.0,0
e63160b3-9636-4ddf-b7f6-a843aef7e599,2025-12-23,7,0.1929,6,30464.81,5077.468333,1.0,7721.78,1.0,7721.78,933,48.0,7721.78,0.0,0.0,0
e74c4bf9-90b2-4723-8b21-9af623c5b124,2025-12-23,0,1.1146,24,75753.23,3156.384583,5.0,12274.33,14.0,52276.64,646,17.4348,1917.26,-0.559267,0.0,0
e818ffda-4cf8-4137-92f5-f73ec2be9aac,2025-12-23,1,0.3584,7,18688.48,2669.782857,1.0,2057.23,4.0,14951.5,586,47.5,2057.23,12.092535,0.0,0
e85ec7b9-dc33-474f-b99d-d8ce41ac3c81,2025-12-23,10,0.1568,6,27142.06,4523.676667,2.0,11979.04,3.0,18890.07,1148,59.6,3240.49,0.733322,1.0,0
e9152f33-f58e-4690-a02f-18066572acda,2025-12-23,3,0.5114,15,41047.53,2736.502,4.0,18257.54,5.0,19014.08,880,25.2857,11424.37,0.0,0.0,0
e9afc85a-81e7-4518-a4f2-c3650f0c8105,2025-12-23,52,0.2463,5,10139.09,2027.818,0.0,0.0,1.0,807.18,609,72.25,807.18,-1.0,-1.0,0
eb632b3d-7715-4810-ac99-01c19831c220,2025-12-23,32,0.2935,9,24089.33,2676.592222,0.0,0.0,2.0,7825.12,920,54.125,4076.57,-1.0,-1.0,0
ebbc4745-0985-45f9-b142-3002a577acc3,2025-12-23,27,0.1249,5,11989.28,2397.856,1.0,4298.14,3.0,6021.02,1201,61.25,4298.14,1.80915,0.0,0
ebe34170-88a5-4097-a231-ec6187114560,2025-12-23,23,0.2817,6,21999.08,3666.513333,1.0,1501.78,2.0,6549.5,639,62.0,1501.78,-0.702483,0.0,0
ec0b1685-64bd-41e0-8aa1-e25e3abe480b,2025-12-23,13,0.2956,10,30756.28,3075.628,2.0,8139.82,4.0,13119.67,1015,43.0,5298.22,8.105657,1.0,0
ec140a91-94c2-46b5-90c6-215cbcc0402e,2025-12-23,74,0.0926,3,1809.76,603.253333,0.0,0.0,1.0,186.8,972,129.5,186.8,0.0,0.0,0
ec6b856d-40f2-41ed-a20b-7af257224723,2025-12-23,2,0.1762,7,36038.23,5148.318571,1.0,3152.68,3.0,20833.04,1192,67.5,3152.68,-0.091947,0.0,1
ecee2fcb-7259-46bb-a6a3-c2683069ec25,2025-12-23,29,0.2839,9,24334.57,2703.841111,1.0,3884.16,6.0,20221.03,951,17.875,3884.16,-0.424322,-0.5,0
ed2171b1-c19b-4e0d-8734-299f1f997a16,2025-12-23,34,0.3959,13,42797.4,3292.107692,0.0,0.0,3.0,24604.69,985,20.1667,11340.57,-1.0,-1.0,0
ed3be97a-9e98-4ace-ba11-f1c0e145bfd5,2025-12-23,25,0.1653,6,19601.95,3266.991667,1.0,828.02,4.0,10945.94,1089,49.6,828.02,-0.277841,-0.5,1
ed43e4c6-255f-4de8-9134-6d5542faa41b,2025-12-23,243,0.0286,1,1657.59,1657.59,0.0,0.0,0.0,0.0,1050,0.0,1657.59,0.0,0.0,0
eddc4ec7-f3d1-445e-8c5f-3f767fd5305e,2025-12-23,46,0.2618,7,30766.33,4395.19,0.0,0.0,4.0,17632.66,802,47.1667,4004.2,-1.0,-1.0,0
edf4822d-49a2-4ae7-95c1-975b85069210,2025-12-23,13,0.297,7,14641.32,2091.617143,1.0,747.19,2.0,1013.37,707,73.3333,747.19,1.807085,0.0,0
efa9353f-2d88-426a-a592-e6a1f87c7b1b,2025-12-23,66,0.3471,7,26124.55,3732.078571,0.0,0.0,1.0,3748.55,605,51.8333,3748.55,0.0,0.0,0
efab3272-7cfc-44f1-b229-26bfde116eb8,2025-12-23,7,0.0708,2,5105.67,2552.835,1.0,2485.73,2.0,5105.67,848,70.0,2485.73,0.0,0.0,1
f17f8b99-61d1-4e7b-a6d3-4d0334235cc5,2025-12-23,0,0.1883,6,29082.27,4847.045,2.0,14336.43,3.0,23222.0,956,70.8,9675.44,0.613451,1.0,0
f201cdf9-cb7c-4b4b-8da0-68bccc439429,2025-12-23,9,1.1737,25,75529.36,3021.1744,4.0,24912.54,8.0,37667.6,639,17.4583,6530.39,9.623186,3.0,0
f21b3e42-ab75-442f-8649-bca6bf44c9d8,2025-12-23,52,0.1086,3,8304.32,2768.106667,0.0,0.0,1.0,4714.66,829,115.0,4714.66,-1.0,-1.0,0
f223cb41-eede-43d3-bafb-311ac6aab7d7,2025-12-23,1,0.1244,4,12326.75,3081.6875,1.0,2802.75,3.0,9493.32,965,151.6667,2802.75,-0.373757,0.0,0
f288b108-b674-41c7-91d6-0f5fdb761b37,2025-12-23,67,0.1017,4,6848.93,1712.2325,0.0,0.0,1.0,3855.92,1180,88.6667,3855.92,0.0,0.0,0
f2c6c870-59a5-4df4-8f5a-85d42b868208,2025-12-23,4,0.2009,6,12998.97,2166.495,1.0,1427.65,2.0,2914.24,896,59.6,1427.65,-0.039648,0.0,1
f311db56-da65-41a9-a889-888c821ca32c,2025-12-23,21,0.2652,7,15838.42,2262.631429,1.0,5437.82,1.0,5437.82,792,42.6667,5437.82,0.0,0.0,0
f3d3da1e-a146-45f1-bea7-4e9b3d5e991e,2025-12-23,14,0.4269,11,49874.23,4534.020909,5.0,29835.41,7.0,36531.08,773,42.9,3309.59,0.0,0.0,0
f5905fb3-1b37-4afd-80b2-3e6bb136b5b1,2025-12-23,9,0.1246,5,22298.14,4459.628,1.0,3152.68,2.0,12828.12,1204,74.0,3152.68,-0.674156,0.0,0
f5f339bf-3ab5-4a2e-916f-2db044568f67,2025-12-23,0,0.5579,18,47322.89,2629.049444,5.0,10972.05,8.0,31718.58,968,26.5294,3322.61,-0.108813,4.0,0
f5f5a8ec-4cbe-4541-a494-d455225a8197,2025-12-23,27,0.2003,5,11155.91,2231.182,1.0,1295.08,2.0,4766.99,749,85.5,1295.08,0.0,0.0,0
f6176f19-c718-4746-9808-d110ecf53a50,2025-12-23,0,0.562,13,31308.92,2408.378462,1.0,3332.09,4.0,10089.36,694,34.1667,3332.09,0.0,0.0,0
f631940b-26c5-4144-a328-f2b93f3b2f7e,2025-12-23,40,0.1462,5,17854.03,3570.806,0.0,0.0,2.0,11364.14,1026,80.25,3539.85,-1.0,-1.0,0
f6a6bafb-8098-4f2d-ae6d-689b77c84f2b,2025-12-23,14,0.5863,12,40313.83,3359.485833,1.0,3788.81,5.0,14194.66,614,28.7273,3788.81,-0.461187,-0.5,0
f6c06ee2-7826-4de2-af26-9b9143bd5efb,2025-12-23,63,0.239,6,11825.27,1970.878333,0.0,0.0,1.0,505.35,753,42.0,505.35,0.0,0.0,0
f7f8a1f5-9b44-44c8-815c-2d04067a6cff,2025-12-23,34,0.0664,2,7722.61,3861.305,0.0,0.0,1.0,4146.62,904,158.0,4146.62,-1.0,-1.0,0
f819f234-f7a8-41f3-8b26-732ac35c4d0b,2025-12-23,101,0.3107,7,8182.75,1168.964286,0.0,0.0,0.0,0.0,676,53.8333,830.45,0.0,0.0,0
f8435633-4f8d-462d-872a-e6a541d39872,2025-12-23,65,0.2983,12,29915.88,2492.99,0.0,0.0,2.0,2007.14,1207,29.8182,1568.45,0.0,0.0,0
f8a3ae68-a437-491d-b88b-abad9164379f,2025-12-23,1,1.1441,27,78228.62,2897.356296,1.0,3440.27,3.0,9658.87,708,17.7308,3440.27,0.0,0.0,0
f993e083-a536-4e9d-9432-b34fc52500a4,2025-12-23,15,0.0507,2,8928.35,4464.175,1.0,3365.42,1.0,3365.42,1183,175.0,3365.42,0.0,0.0,0
fb5d70c0-f7cf-4096-a606-58d8efdd864b,2025-12-23,268,0.0355,1,497.92,497.92,0.0,0.0,0.0,0.0,844,0.0,497.92,0.0,0.0,0
fc625523-78f4-4bf4-920a-ec3d6bf61de9,2025-12-23,1,0.2956,10,45943.03,4594.303,3.0,25049.06,6.0,39139.69,1015,33.8889,12572.43,1.631002,0.5,0
fc90d768-4902-4267-aee4-185b5584cee7,2025-12-23,32,0.7356,23,52824.03,2296.696957,0.0,0.0,6.0,21676.98,938,13.9091,1754.75,-1.0,-1.0,0
fd071015-793c-469e-bc3a-2f94a20f8f62,2025-12-23,0,0.1188,4,19386.58,4846.645,1.0,5238.66,2.0,9905.07,1010,107.3333,5238.66,0.122632,0.0,0
fdbf5f6b-5e04-401e-b01c-dadaea29b6bf,2025-12-23,53,0.1978,6,6488.98,1081.496667,0.0,0.0,1.0,1611.74,910,42.8,1611.74,-1.0,-1.0,0
feb9f5f4-bed9-4b39-bb94-062fa9706005,2025-12-23,3,0.7334,21,76665.49,3650.737619,3.0,6533.64,6.0,14910.1,859,22.4,4908.4,0.582796,2.0,0
fec6b81b-c723-45e8-a11f-75a4cb6a1381,2025-12-23,12,0.6724,21,58155.04,2769.287619,2.0,10459.59,3.0,13302.32,937,17.75,5961.02,2.679417,1.0,0
ff29a3b3-fb27-44ad-8dcc-9551fb3c7420,2025-12-23,1,1.2987,30,114445.0,3814.833333,6.0,32211.42,9.0,54840.37,693,16.2414,9922.99,0.0,0.0,0
ffb862d5-c41a-4b47-8ccf-b781447c9d8f,2025-12-23,12,0.2637,9,15937.97,1770.885556,1.0,4083.11,2.0,8087.31,1024,38.75,4083.11,0.0,0.0,0
ffc7534a-f026-4ccd-94d9-540e6abbb59f,2025-12-23,5,0.1832,4,19807.23,4951.8075,2.0,12768.61,2.0,12768.61,655,69.0,11340.57,0.0,0.0,0
fffb4a19-e27c-48c5-9b1d-d72cf9f00485,2025-12-23,74,0.1648,4,11612.62,2903.155,0.0,0.0,1.0,7947.32,728,28.0,7947.32,0.0,0.0,0
0011d3f4-9e5e-47b6-a93a-e2d8f694b972,2026-01-22,57,0.1521,4,5868.5,1467.125,0.0,0.0,2.0,5106.4,789,30.6667,2931.39,-1.0,-1.0,0
008e597a-3a9f-4d40-9452-50852330ae26,2026-01-22,226,0.0394,1,1279.3,1279.3,0.0,0.0,0.0,0.0,762,0.0,1279.3,0.0,0.0,0
00acfd4d-b8a4-441a-b965-3c900cea01a1,2026-01-22,46,0.4808,15,57274.71,3818.314,0.0,0.0,3.0,10545.75,936,26.3571,72.2,-1.0,-1.0,0
01a1b558-e312-42e2-ae36-718f30634861,2026-01-22,19,0.1019,3,12526.33,4175.443333,1.0,2622.11,2.0,8924.15,883,145.5,2622.11,-0.583927,0.0,0
027e2c71-76f6-44d8-b214-51097fc3e605,2026-01-22,4,1.1981,25,47001.13,1880.0452,1.0,951.03,7.0,15044.67,626,18.5417,951.03,-0.570426,-0.5,0
02cb9a9f-5819-466a-91e5-0f9a44b9fa1f,2026-01-22,76,0.131,3,10672.1,3557.366667,0.0,0.0,1.0,3782.67,687,63.0,3782.67,0.0,0.0,1
033361ce-6653-4ee7-bee4-3fdbd06887c9,2026-01-22,9,0.3319,10,17899.57,1789.957,3.0,5117.28,6.0,13062.14,904,39.0,3419.92,0.191489,2.0,0
03d535e6-bab9-4699-93ff-729d55e623f0,2026-01-22,5,0.4314,13,26750.09,2057.699231,1.0,694.18,8.0,17460.92,904,30.25,694.18,-0.905354,-0.75,0
0443c1b9-9e56-4bed-b673-1441efe40f38,2026-01-22,5,0.2994,10,27357.09,2735.709,2.0,2128.46,3.0,11607.32,1002,35.1111,615.39,-0.775452,1.0,0
050980d5-34a4-4416-b487-3ba57e340fdf,2026-01-22,61,0.0842,3,10618.29,3539.43,0.0,0.0,1.0,2825.13,1069,99.5,2825.13,0.0,0.0,0
05f197bf-0bdd-44a5-84bb-1878a08666b6,2026-01-22,1,0.8854,34,74777.56,2199.34,5.0,10745.63,11.0,28265.37,1152,13.0303,230.16,0.138337,0.6667,0
066b0bf5-5f5a-4c95-a709-b1fc1d059f94,2026-01-22,3,0.8526,27,91369.06,3384.039259,5.0,17245.21,9.0,42016.05,950,16.7308,2266.4,-0.136471,0.6667,0
06771e16-c89d-4440-9d23-12b982301e00,2026-01-22,22,0.3,10,33726.84,3372.684,1.0,7476.11,3.0,16897.47,1000,40.3333,7476.11,-0.206472,-0.5,0
068558eb-c240-4257-b396-30612707de8b,2026-01-22,22,0.0569,2,3295.09,1647.545,1.0,3028.91,2.0,3295.09,1054,18.0,3028.91,10.37918,0.0,0
0764549c-3b40-4380-90ba-91c25c507f32,2026-01-22,52,0.0258,1,3489.89,3489.89,0.0,0.0,1.0,3489.89,1164,0.0,3489.89,-1.0,-1.0,0
0833337f-d730-49c9-98d3-adc98d0ffdd5,2026-01-22,3,0.2461,9,15169.79,1685.532222,1.0,2073.14,3.0,4061.5,1097,45.375,2073.14,0.400676,0.0,0
08667cf4-ac3a-45ee-a2ce-c49435d37bd6,2026-01-22,291,0.0971,2,1819.54,909.77,0.0,0.0,0.0,0.0,618,83.0,1065.14,0.0,0.0,0
0915900f-d22e-42b0-8e9e-810e55498a13,2026-01-22,4,0.8839,34,91951.06,2704.442941,3.0,2876.56,5.0,10111.01,1154,12.8788,712.26,0.0,0.0,0
091ba1e5-58cf-4e6c-badc-17dbe89dea69,2026-01-22,0,1.0009,37,95669.21,2585.654324,6.0,17052.51,8.0,18083.0,1109,14.1111,820.4,19.130457,5.0,0
097828d9-6691-4ec3-9ba8-624b866da2cf,2026-01-22,23,0.24,5,11185.48,2237.096,2.0,4337.77,2.0,4337.77,625,69.75,785.65,0.0,0.0,0
099dc7e9-7010-498d-a042-18b5e023a832,2026-01-22,19,0.1282,3,6077.02,2025.673333,1.0,279.97,1.0,279.97,702,96.5,279.97,0.0,0.0,1
09c23830-7cee-4f7c-94cb-8d5486ccf53f,2026-01-22,251,0.0896,3,7553.96,2517.986667,0.0,0.0,0.0,0.0,1004,40.0,2187.36,0.0,0.0,0
0b56c7b0-943b-425a-b6dc-6ab9f4e721ae,2026-01-22,240,0.1228,3,4272.74,1424.246667,0.0,0.0,0.0,0.0,733,52.0,499.42,0.0,0.0,0
0b94772b-0571-4308-92cc-ac6baf2ac02b,2026-01-22,6,0.5769,19,75257.59,3960.925789,2.0,6591.4,5.0,24141.75,988,24.8333,1647.95,0.790509,1.0,0
0c75c934-71c3-45ff-9de2-91babfa75c3f,2026-01-22,25,0.3348,10,29481.17,2948.117,1.0,4146.62,3.0,6633.48,896,36.7778,4146.62,9.971055,0.0,0
0c9d8d71-baa9-4ddf-936f-0c9137dc6dc6,2026-01-22,123,0.1051,4,7842.24,1960.56,0.0,0.0,0.0,0.0,1142,77.0,1651.77,0.0,0.0,0
0d0e2d20-27bb-4c93-9f8f-b7710b37194a,2026-01-22,3,0.4317,16,70100.85,4381.303125,2.0,7195.22,4.0,18600.51,1112,29.1333,5879.16,0.0,0.0,0
0d5cae3a-3f1a-4ef0-b794-ba9364aaff19,2026-01-22,0,0.1394,4,7117.08,1779.27,1.0,1977.38,2.0,2724.57,861,99.0,1977.38,0.0,0.0,0
0e76c917-2eca-40e2-9cbd-346ac241a7fa,2026-01-22,5,0.2642,9,24937.64,2770.848889,1.0,797.69,5.0,17626.3,1022,30.5,797.69,-0.934398,-0.5,0
0e79db9e-6873-435b-b29c-9f8be3977517,2026-01-22,151,0.1029,4,13203.99,3300.9975,0.0,0.0,0.0,0.0,1166,67.3333,5262.39,0.0,0.0,1
0e83066e-d18a-4165-9e12-fbcb5945fbb6,2026-01-22,4,0.1948,6,18334.14,3055.69,1.0,4076.94,2.0,10383.89,924,63.8,4076.94,-0.35358,0.0,0
108df563-ddcd-4802-83f7-6f5da40664d0,2026-01-22,54,0.3151,9,27268.4,3029.822222,0.0,0.0,2.0,7466.51,857,30.875,821.3,-1.0,-1.0,0
10cb2e84-0bd1-4b29-8db3-06ae3488789d,2026-01-22,31,0.3919,9,27968.0,3107.555556,0.0,0.0,1.0,1292.25,689,57.875,1292.25,-1.0,-1.0,0
113fc32a-23b9-4b41-82f4-df6c2b1ae4ae,2026-01-22,34,0.3163,13,41701.67,3207.820769,0.0,0.0,4.0,20102.66,1233,29.5,6155.87,-1.0,-1.0,1
118ee786-a564-468b-9121-6d099423827f,2026-01-22,18,0.1161,4,17434.97,4358.7425,1.0,2803.09,1.0,2803.09,1034,100.3333,2803.09,0.0,0.0,0
119de36d-41b2-4136-a3a2-0b81cfcdf6f9,2026-01-22,39,0.3317,9,40811.36,4534.595556,0.0,0.0,2.0,11613.38,814,46.5,2160.32,-1.0,-1.0,0
121edff8-dfb7-4758-a559-7855430672f3,2026-01-22,10,0.4777,10,35405.08,3540.508,1.0,2097.69,1.0,2097.69,628,42.1111,2097.69,0.0,0.0,0
12be2694-e03e-4703-878e-8ce9ad582cf1,2026-01-22,54,0.1516,6,19091.82,3181.97,0.0,0.0,2.0,6986.8,1187,81.4,3858.04,-1.0,-1.0,0
12e7bad8-8e3d-4196-ba8d-b9d49a184b70,2026-01-22,44,0.0679,2,2366.15,1183.075,0.0,0.0,1.0,1335.74,884,112.0,1335.74,-1.0,-1.0,0
13995ae9-c50f-4813-b0ba-6e044fe0b9ef,2026-01-22,17,0.4084,13,46368.14,3566.78,1.0,298.96,2.0,12076.97,955,35.5833,298.96,0.0,0.0,0
13b4e054-f5c9-4aaa-adb2-89ae2ad3a8bb,2026-01-22,102,0.1448,5,12629.91,2525.982,0.0,0.0,0.0,0.0,1036,70.25,2835.15,0.0,0.0,0
13d8502b-672a-495d-a3f4-30157008db99,2026-01-22,64,0.2038,5,16776.23,3355.246,0.0,0.0,1.0,8014.43,736,66.75,8014.43,0.0,0.0,0
1445cd5d-91a8-417f-b07d-805a30ad7fb7,2026-01-22,26,0.3734,12,43092.91,3591.075833,1.0,11057.63,5.0,22430.86,964,31.2727,11057.63,2.163218,-0.6667,0
1686f723-a337-4bf4-aedd-21d353bffde6,2026-01-22,171,0.136,3,4642.16,1547.386667,0.0,0.0,0.0,0.0,662,80.5,250.99,0.0,0.0,0
1762b46f-b7ef-481c-9e0b-7e6d2033bcf4,2026-01-22,2,1.7925,38,114286.31,3007.534474,7.0,11321.15,12.0,28981.44,636,13.7297,1420.19,0.04317,1.3333,0
1790c003-10df-448c-b85d-1632f261eb08,2026-01-22,45,0.1724,4,13076.64,3269.16,0.0,0.0,2.0,11464.39,696,112.6667,4800.21,-1.0,-1.0,1
17d5d2f7-ff1a-4530-9773-24b87d304797,2026-01-22,23,0.052,2,8771.19,4385.595,1.0,7476.11,2.0,8771.19,1153,65.0,7476.11,0.0,0.0,0
1838dbf6-d8cf-43f5-bebd-974415618eb5,2026-01-22,139,0.03,1,3532.45,3532.45,0.0,0.0,0.0,0.0,1001,0.0,3532.45,0.0,0.0,0
18f1b310-96f4-4c2e-b99b-5b091b3e0999,2026-01-22,7,0.3363,10,29740.24,2974.024,1.0,627.48,3.0,8046.06,892,24.4444,627.48,-0.600728,0.0,0
1948ea27-1b6a-4dd3-8c99-b399dcf88ed3,2026-01-22,13,0.6266,16,41764.55,2610.284375,2.0,7155.76,3.0,8774.43,766,19.4667,4985.4,3.420765,1.0,0
1a467aee-8d4c-4127-8afb-fde18c339771,2026-01-22,0,0.5431,17,47898.3,2817.547059,2.0,1360.34,5.0,10848.63,939,25.0625,714.21,0.0,0.0,0
1a980af4-4a6b-40eb-a9a0-f4ffc25c68aa,2026-01-22,83,0.3484,9,32900.56,3655.617778,0.0,0.0,3.0,16477.73,775,40.75,6622.77,0.0,0.0,0
1b167ea1-66cf-416e-82fc-b6448dbddf75,2026-01-22,0,0.3663,11,33004.08,3000.370909,1.0,1586.28,3.0,4102.1,901,30.1,1586.28,0.260173,0.0,0
1b1ed7c2-6b3b-4ab2-9092-bb1c6ed900ba,2026-01-22,150,0.1624,4,6348.66,1587.165,0.0,0.0,0.0,0.0,739,59.0,1139.97,0.0,0.0,0
1c22a6c4-3de0-4f96-b62a-3a6edbbaf732,2026-01-22,11,0.9358,35,81807.59,2337.359714,1.0,6577.99,6.0,21178.37,1122,13.2647,6577.99,0.744756,-0.5,0
1fff1144-0a72-44bd-ae41-900fd84b9dec,2026-01-22,0,0.6527,25,101169.23,4046.7692,3.0,9749.61,7.0,33294.12,1149,19.5,98.58,-0.508933,0.0,0
20538050-69a2-4a47-9dd1-b9142fb76c57,2026-01-22,10,0.1833,6,8541.0,1423.5,2.0,2781.63,3.0,3537.56,982,60.0,1162.96,0.0,0.0,0
2068266d-f715-474b-b293-1caa9d9e7b74,2026-01-22,18,0.1348,4,2699.97,674.9925,1.0,989.44,1.0,989.44,890,66.0,989.44,0.0,0.0,1
20791844-68d1-4c47-8940-96e45daf918f,2026-01-22,2,0.9231,36,93764.29,2604.563611,8.0,15939.25,12.0,32076.91,1170,14.1143,5152.04,0.180551,1.6667,0
20862386-94e2-45f7-815a-43c7bc2f2b60,2026-01-22,53,0.2091,8,38232.08,4779.01,0.0,0.0,1.0,7771.19,1148,27.5714,7771.19,-1.0,-1.0,1
21a51334-c936-4d66-b3de-22e7b162ade5,2026-01-22,23,0.2352,9,24697.06,2744.117778,1.0,2798.6,3.0,9456.05,1148,51.25,2798.6,-0.579629,-0.5,1
21b8e2ff-2ce2-406c-82b9-dd2073e3fc63,2026-01-22,42,0.081,3,16019.67,5339.89,0.0,0.0,1.0,6664.18,1111,66.5,6664.18,-1.0,-1.0,0
2259bbe9-5f76-414c-ac70-cb078652ec8b,2026-01-22,6,0.0698,2,5105.38,2552.69,1.0,2643.8,1.0,2643.8,859,350.0,2643.8,0.0,0.0,1
2277c61c-6a77-4651-9d4b-9cccf937b007,2026-01-22,45,0.1117,4,12143.59,3035.8975,0.0,0.0,1.0,4247.83,1074,142.6667,4247.83,-1.0,-1.0,1
229edd85-4113-4b2a-be5b-1cc986fd5173,2026-01-22,7,1.1067,28,81134.98,2897.677857,5.0,13569.94,11.0,35350.45,759,13.6667,1150.86,-0.152926,0.0,0
22c9e11f-8a46-446c-a948-06b756976159,2026-01-22,54,0.3603,11,33260.04,3023.64,0.0,0.0,1.0,2181.18,916,39.9,2181.18,-1.0,-1.0,0
2576b737-f022-4e9c-8640-a88226cea0ff,2026-01-22,11,1.1509,30,91145.81,3038.193667,7.0,20585.03,12.0,45040.55,782,14.2069,1440.87,0.230195,0.75,0
267963b4-ed35-41d7-b2ce-cc6088afbd06,2026-01-22,20,0.2344,7,20885.42,2983.631429,1.0,1864.86,2.0,11787.85,896,34.8333,1864.86,-0.812067,0.0,0
27121f78-6ac9-48b9-bd1d-14e1b17b0217,2026-01-22,9,0.3175,10,24154.46,2415.446,1.0,355.05,3.0,14592.99,945,41.8889,355.05,-0.975063,-0.5,0
272c06ef-927d-483b-b924-350e81ee8dfe,2026-01-22,32,0.1823,7,18948.76,2706.965714,0.0,0.0,4.0,9937.09,1152,50.3333,2875.88,-1.0,-1.0,0
27415395-c694-42d4-a2b5-04dfddb578f5,2026-01-22,8,0.2887,12,34072.87,2839.405833,2.0,7001.68,5.0,22118.58,1247,41.4545,754.4,0.0,0.0,0
274dc0d8-8ff4-4a0e-a6cd-722b3eed949b,2026-01-22,215,0.0421,1,403.44,403.44,0.0,0.0,0.0,0.0,712,0.0,403.44,0.0,0.0,1
28db185a-0491-429f-bcbf-840c74d94b1e,2026-01-22,126,0.076,2,1190.78,595.39,0.0,0.0,0.0,0.0,789,198.0,69.99,0.0,0.0,1
28e3eb2f-4e60-491c-8ecf-9260a4a4ced4,2026-01-22,1,0.7745,30,108604.53,3620.151,2.0,3675.61,6.0,29991.13,1162,14.6897,1136.77,-0.860325,-0.5,0
28fe8878-f7c1-4a80-9dc8-ab4bf2bbd40a,2026-01-22,25,0.3077,8,20133.82,2516.7275,1.0,2931.39,3.0,13968.77,780,44.0,2931.39,0.0,0.0,0
29da7f9b-7059-4c90-999f-3737f7557ee5,2026-01-22,35,0.1386,4,9742.15,2435.5375,0.0,0.0,1.0,3846.19,866,94.3333,3846.19,-1.0,-1.0,0
2b7d87b4-19c8-4ef8-88c3-9bc34019b9ea,2026-01-22,109,0.0834,3,7362.06,2454.02,0.0,0.0,0.0,0.0,1079,88.5,2274.18,0.0,0.0,0
2c1bec68-3786-4dae-bb18-e5be2c55ad92,2026-01-22,40,0.0541,2,5149.47,2574.735,0.0,0.0,1.0,3825.13,1110,320.0,3825.13,-1.0,-1.0,0
2c3ca1b8-7c76-4a4c-80bf-5314fb7f22ae,2026-01-22,8,0.4073,17,49531.09,2913.593529,3.0,9926.05,3.0,9926.05,1252,29.25,1615.69,0.0,0.0,0
2c513a38-ffd7-477a-8bc7-7f96f8b9ca38,2026-01-22,63,0.1454,3,11957.61,3985.87,0.0,0.0,2.0,9569.85,619,122.0,6214.66,0.0,0.0,0
2d2d74d8-47ee-4fdd-a00f-61966c2b1b25,2026-01-22,377,0.0358,1,2202.35,2202.35,0.0,0.0,0.0,0.0,837,0.0,2202.35,0.0,0.0,0
2e532847-959f-4087-bd6e-85a52170ee01,2026-01-22,9,0.2655,8,13981.27,1747.65875,1.0,1660.89,3.0,4954.44,904,39.1429,1660.89,0.0,0.0,0
2fcab125-0690-4478-91f9-6c3b3e5eada3,2026-01-22,4,0.1103,4,2971.77,742.9425,1.0,324.95,1.0,324.95,1088,105.0,324.95,0.0,0.0,0
2fd49fb9-c8b2-4ec3-b38c-a061a73e1168,2026-01-22,33,0.3538,10,27333.83,2733.383,0.0,0.0,1.0,3979.82,848,41.2222,3979.82,-1.0,-1.0,0
2fdb2470-7bb8-4ff4-90ef-b13139714701,2026-01-22,0,0.573,14,45984.08,3284.577143,2.0,1187.1,7.0,33834.21,733,33.7692,694.18,-0.874727,0.0,0
30234645-3e34-4245-a4e4-e0e65a95e222,2026-01-22,1,0.4769,11,16489.44,1499.04,1.0,1133.2,1.0,1133.2,692,32.2,1133.2,0.0,0.0,0
3137607b-7cb7-42f6-bf45-44b8618d38d2,2026-01-22,21,0.7031,15,34367.14,2291.142667,2.0,4522.9,4.0,7867.51,640,29.9286,3290.95,0.352295,0.0,0
3172cd4d-4c75-477f-b250-b797860fb889,2026-01-22,15,0.0774,2,6060.61,3030.305,1.0,2649.34,2.0,6060.61,775,39.0,2649.34,-0.223357,0.0,1
31e4bcb5-1a69-45eb-a2c7-5bfa73cdfca1,2026-01-22,5,0.7942,31,79613.93,2568.19129,4.0,7802.77,10.0,29221.3,1171,12.3667,4101.98,-0.617359,-0.2,0
32ab5f7d-2c86-49a3-b8c6-009538e6624d,2026-01-22,13,0.4994,14,36241.43,2588.673571,2.0,3203.06,3.0,7356.98,841,35.3077,1615.69,-0.228907,1.0,0
334ea671-bdee-4328-983b-35a799b372d6,2026-01-22,30,0.2414,10,33857.73,3385.773,0.0,0.0,1.0,13460.58,1243,44.1111,13460.58,-1.0,-1.0,0
3378475b-b350-4593-9546-01468d85dcd8,2026-01-22,55,0.4622,10,13978.98,1397.898,0.0,0.0,2.0,3693.34,649,32.0,2916.51,-1.0,-1.0,0
33879d3b-ca28-410e-9d37-7a429d1c33aa,2026-01-22,12,0.2462,8,16462.96,2057.87,1.0,443.08,3.0,6662.62,975,70.7143,443.08,-0.919234,0.0,0
33ee3ff1-854d-447c-b205-31e8f43b9b20,2026-01-22,34,0.2081,6,18101.51,3016.918333,0.0,0.0,1.0,2708.24,865,74.4,2708.24,-1.0,-1.0,0
342211c4-67cb-41aa-92dd-fdfb475efd26,2026-01-22,44,0.1183,3,9880.17,3293.39,0.0,0.0,2.0,7543.56,761,95.0,430.75,-1.0,-1.0,0
34a16a66-821a-489f-8fc2-67d38c8256d4,2026-01-22,17,0.3696,12,46774.51,3897.875833,1.0,1164.11,6.0,24904.52,974,36.0909,1164.11,-0.930053,-0.6667,0
34a5889e-5833-48a0-a0ba-44d9c14b5e71,2026-01-22,187,0.0847,2,2292.27,1146.135,0.0,0.0,0.0,0.0,708,90.0,1428.12,0.0,0.0,0
34f539cb-584e-4259-ac9f-44e6d5484ebf,2026-01-22,12,1.4761,37,100548.12,2717.516757,5.0,5958.64,13.0,36604.95,752,12.4444,590.77,-0.691977,0.0,0
34fc1ab3-f5c6-4545-9ba9-158e780f74bd,2026-01-22,15,0.3725,13,22325.49,1717.345385,2.0,3064.9,5.0,5012.49,1047,32.5,613.35,1.692642,0.0,0
36526e5e-f875-4c3e-a8d6-c50ede833ade,2026-01-22,13,0.5817,14,45019.5,3215.678571,2.0,2247.36,4.0,7802.93,722,31.3077,1556.88,-0.38952,1.0,0
376ee9f0-6491-4a85-888a-05e690a5e05f,2026-01-22,13,0.0708,2,6739.64,3369.82,1.0,2013.12,1.0,2013.12,848,379.0,2013.12,0.0,0.0,0
3773055e-a1f8-4fba-8846-a4b4eca5c2b7,2026-01-22,6,0.4826,12,30281.55,2523.4625,4.0,9714.68,7.0,14012.03,746,32.1818,803.84,2.954362,1.0,0
37d5df97-0c87-4376-9107-d798341f0602,2026-01-22,36,0.0997,4,16029.0,4007.25,0.0,0.0,1.0,6419.44,1204,52.6667,6419.44,-1.0,-1.0,0
3907704e-d22a-40f9-9591-9c06dfc1b6d2,2026-01-22,0,0.9204,32,68388.32,2137.135,5.0,6984.26,12.0,17692.67,1043,15.0968,1508.81,2.882496,1.5,0
399ee9ba-2674-41aa-a50a-7b370668b523,2026-01-22,41,0.2932,9,43100.54,4788.948889,0.0,0.0,3.0,21995.53,921,37.75,9139.81,-1.0,-1.0,0
3a2f88d5-e75e-4285-9b59-ed2b46276d42,2026-01-22,33,0.1504,6,25160.63,4193.438333,0.0,0.0,3.0,18071.71,1197,50.4,10832.99,-1.0,-1.0,0
3a4a12e8-a3c4-4fe3-a0bc-ed28dee70ff0,2026-01-22,18,0.3046,10,17231.25,1723.125,1.0,1716.12,3.0,3336.31,985,38.7778,1716.12,0.207846,0.0,0
3a8f7a32-89b6-42d8-b99a-bc1041025065,2026-01-22,36,0.1052,4,9588.15,2397.0375,0.0,0.0,3.0,8511.27,1141,142.6667,2780.93,-1.0,-1.0,0
3b80de3a-118c-4393-9d4e-1994031e22b9,2026-01-22,12,0.3785,8,12547.65,1568.45625,1.0,350.82,3.0,4705.49,634,41.1429,350.82,-0.919438,-0.5,0
3bd0dd5d-7d24-48da-856a-69e393e5e5b9,2026-01-22,33,0.3009,10,26193.94,2619.394,0.0,0.0,2.0,7196.08,997,39.8889,5553.48,-1.0,-1.0,0
3cc7350b-72e0-4990-a2f4-79f0e19bfe72,2026-01-22,12,0.8516,35,116124.57,3317.844857,2.0,11264.96,10.0,62687.6,1233,13.5,3009.16,-0.100605,0.0,0
3ce5849f-19ca-4eca-8a46-e4a3b8828dc2,2026-01-22,18,0.1844,6,20310.33,3385.055,1.0,2966.07,2.0,3237.37,976,78.4,2966.07,0.0,0.0,0
3d036612-3ff3-451e-a921-d163e55b4c30,2026-01-22,26,0.3683,13,38839.01,2987.616154,1.0,4217.8,3.0,14727.32,1059,26.8333,4217.8,-0.017942,0.0,0
3da770f9-a532-48df-a2e4-cf550c263161,2026-01-22,9,0.5636,13,42727.57,3286.736154,1.0,3173.44,2.0,4280.98,692,28.6667,3173.44,0.0,0.0,0
3de6f533-5503-4109-875b-33f40109353f,2026-01-22,32,0.3739,13,43564.51,3351.116154,0.0,0.0,2.0,10868.7,1043,35.0833,8811.47,-1.0,-1.0,0
3e80243e-ed4d-46b5-a4ec-9aa1107c32da,2026-01-22,3,0.6367,17,51179.0,3010.529412,2.0,1383.78,3.0,7495.55,801,27.1875,817.18,-0.773588,1.0,0
3e8f3d31-4fdc-4858-8d58-87b8c70d1e61,2026-01-22,31,0.2796,7,28038.28,4005.468571,0.0,0.0,2.0,14301.31,751,66.1667,3788.81,-1.0,-1.0,1
403ba4f6-3b05-4fb0-9c95-6068878e01b1,2026-01-22,10,0.7863,26,96927.86,3727.994615,3.0,6613.21,9.0,29243.46,992,18.68,1868.73,-0.637794,-0.25,0
40abd3f4-34c6-407b-8dfe-8ff445cce235,2026-01-22,2,0.3043,12,21055.28,1754.606667,2.0,4335.36,3.0,5400.07,1183,44.8182,597.91,0.0,0.0,0
414fbbd6-b12f-45a2-85f2-fd8a574567fa,2026-01-22,220,0.0524,2,1024.42,512.21,0.0,0.0,0.0,0.0,1146,137.0,705.35,0.0,0.0,0
41906a86-bd78-43ee-a9ab-5f93230c56a1,2026-01-22,12,0.4729,18,34205.75,1900.319444,1.0,1238.87,1.0,1238.87,1142,28.8824,1238.87,0.0,0.0,0
41cc51fc-74f3-43aa-b9e8-c4269becb375,2026-01-22,19,0.3992,14,51069.51,3647.822143,1.0,781.07,5.0,25853.03,1052,29.3846,781.07,-0.917374,0.0,0
420464c7-e05c-4002-9ab4-902acb471c60,2026-01-22,70,0.5032,13,29524.05,2271.080769,0.0,0.0,2.0,6358.74,775,33.3333,4073.78,0.0,0.0,0
42b4250f-96b0-4ca7-b063-8722469fafa6,2026-01-22,1,0.2027,5,20579.57,4115.914,1.0,1657.59,3.0,14443.52,740,52.5,1657.59,-0.686996,0.0,1
43b1d0a0-404f-48c8-96ee-46291e3ceaa3,2026-01-22,10,0.5418,16,37248.07,2328.004375,3.0,4085.17,9.0,23476.86,886,29.2667,548.18,-0.716414,-0.25,0
44e18ff7-c6c4-4f05-810a-10acda026843,2026-01-22,12,0.6227,23,73539.29,3197.360435,3.0,6947.24,5.0,13772.42,1108,18.1818,4113.69,1.071781,2.0,0
44e3f736-1e1f-478d-876f-f18c9b474ec7,2026-01-22,42,0.1915,8,27572.69,3446.58625,0.0,0.0,3.0,5256.66,1253,59.5714,877.38,-1.0,-1.0,0
44f08084-85aa-46b5-8832-5d1d2b8db2cc,2026-01-22,3,0.0857,3,1881.59,627.196667,2.0,1722.05,2.0,1722.05,1050,174.0,781.07,0.0,0.0,0
454e54ed-b5e4-4096-9693-090f3ddaa42e,2026-01-22,56,0.4896,11,33378.37,3034.397273,0.0,0.0,4.0,11443.25,674,37.3,9139.81,-1.0,-1.0,0
456196a3-f5fd-4769-85c9-fe12f73de5b9,2026-01-22,14,1.0371,27,75020.87,2778.550741,2.0,6480.4,10.0,34234.62,781,15.7692,3602.18,-0.725427,-0.6667,0
45a709ac-78ec-4b7a-a43b-05abbd55bb3d,2026-01-22,6,0.038,1,2622.11,2622.11,1.0,2622.11,1.0,2622.11,790,0.0,2622.11,0.0,0.0,0
45b35575-e766-4b46-861c-910c86237813,2026-01-22,10,1.0041,33,91770.22,2780.915758,4.0,10583.0,9.0,36087.35,986,13.0938,98.58,0.141408,3.0,0
45b88888-2215-4e91-9647-006d4a1e9e88,2026-01-22,22,0.2384,7,21808.01,3115.43,1.0,3223.61,1.0,3223.61,881,44.5,3223.61,0.0,0.0,0
46131e6b-4c77-4840-8255-973dc2b72450,2026-01-22,3,0.2116,8,12790.28,1598.785,2.0,3620.98,2.0,3620.98,1134,52.7143,1573.27,0.0,0.0,0
4625383b-ddb9-4a4e-8e05-f4c0efbb0b38,2026-01-22,43,0.0943,3,10210.52,3403.506667,0.0,0.0,2.0,3058.55,954,101.0,1415.95,-1.0,-1.0,0
46b19404-7f1c-4813-a3e9-8ad7066efbfb,2026-01-22,132,0.1389,3,12362.76,4120.92,0.0,0.0,0.0,0.0,648,50.0,1003.05,0.0,0.0,0
46ced229-ee4c-418c-badd-2f91fc1ab760,2026-01-22,26,0.3354,9,38679.72,4297.746667,1.0,3312.08,3.0,20567.8,805,41.375,3312.08,-0.642782,0.0,0
46df1799-2ada-4ee5-af3b-e819f704a921,2026-01-22,67,0.0479,2,7692.91,3846.455,0.0,0.0,1.0,5564.2,1253,168.0,5564.2,0.0,0.0,0
475f907b-4322-4d29-8737-399bde16f1a0,2026-01-22,7,0.0263,1,497.41,497.41,1.0,497.41,1.0,497.41,1142,0.0,497.41,0.0,0.0,0
48689e01-09c4-46f3-9d8e-5d6c440e56cb,2026-01-22,27,0.2202,9,17325.94,1925.104444,1.0,471.39,3.0,4049.19,1226,43.375,471.39,-0.868246,-0.5,0
48871682-8627-402c-b359-46e536c8c5f8,2026-01-22,36,0.4412,12,29457.41,2454.784167,0.0,0.0,4.0,14600.68,816,35.6364,1103.11,-1.0,-1.0,0
4985763f-1aec-4bc7-8147-1beeb7a2d9c0,2026-01-22,26,0.1925,8,22837.61,2854.70125,1.0,7947.32,2.0,14593.58,1247,45.8571,7947.32,0.0,0.0,0
49d4f65c-a7f6-423f-97b2-75571396471e,2026-01-22,1,0.2941,7,26082.9,3726.128571,1.0,2801.98,3.0,10356.8,714,74.0,2801.98,-0.629114,-0.5,0
4b263a6a-fa62-4829-bdec-56be9866bdeb,2026-01-22,21,0.0604,2,12607.97,6303.985,1.0,456.28,2.0,12607.97,993,58.0,456.28,0.0,0.0,1
4db8450b-3473-4e34-abb8-61b270b04333,2026-01-22,3,0.3611,11,28445.17,2585.924545,2.0,5806.21,5.0,19184.97,914,42.9,1684.58,-0.440376,0.0,0
4ed5562c-399a-4f63-8123-7496d2617ad8,2026-01-22,15,0.3429,10,29574.82,2957.482,2.0,6102.26,3.0,6549.22,875,29.4444,1902.05,0.0,0.0,0
4ee7f9a8-1985-4e04-82b5-332cbc70c187,2026-01-22,17,0.5282,15,22563.6,1504.24,3.0,3207.54,5.0,6196.67,852,28.7857,2400.36,0.073068,0.5,1
4f4f2ef2-6350-45b8-af19-6bd90adfc454,2026-01-22,1,1.0256,36,132654.4,3684.844444,5.0,23026.51,15.0,83375.84,1053,9.7429,1940.69,-0.448163,-0.1667,0
505deb96-02b0-4484-ae43-533961fa661d,2026-01-22,5,0.5126,17,36458.38,2144.610588,2.0,3709.99,5.0,15269.49,995,24.1875,719.55,0.0,0.0,0
5097dfe0-2eb9-4792-a52b-170cf10ad290,2026-01-22,3,0.1231,3,2614.83,871.61,2.0,2224.29,2.0,2224.29,731,174.0,2160.38,0.0,0.0,0
5173c47a-a140-490b-afc1-af84817a605e,2026-01-22,1,0.381,15,46110.15,3074.01,3.0,6237.86,6.0,15265.16,1181,29.7857,135.85,1.243818,0.5,0
51833259-a233-414c-85fb-6ed59e50dfed,2026-01-22,2,1.1413,28,106461.1,3802.182143,6.0,21817.04,9.0,40300.71,736,18.3333,1681.19,0.914479,2.0,0
528aa423-6b23-4a2a-8e8b-d2c5976a5484,2026-01-22,27,0.1818,5,17500.05,3500.01,1.0,314.27,1.0,314.27,825,51.75,314.27,0.0,0.0,0
529b58fc-1d6b-4a46-bcf3-bd50c058a284,2026-01-22,33,0.3199,9,25244.72,2804.968889,0.0,0.0,3.0,8925.89,844,42.125,1150.98,-1.0,-1.0,0
532c0027-0a87-4b04-8cd6-433b7eda14e0,2026-01-22,42,0.1952,6,21285.58,3547.596667,0.0,0.0,3.0,10233.62,922,65.4,2649.11,-1.0,-1.0,0
5379215b-cc4c-4e00-a6c5-27be458826a0,2026-01-22,7,0.0779,3,5300.73,1766.91,2.0,2247.08,2.0,2247.08,1156,193.5,1698.9,0.0,0.0,1
53cf422c-89ff-449d-9e2b-509585fbfa93,2026-01-22,16,0.1521,4,11785.94,2946.485,1.0,1121.82,2.0,6477.0,789,131.6667,1121.82,0.0,0.0,0
54739a70-fe3b-45f0-b6da-5eb96fddebc6,2026-01-22,15,1.164,31,76853.59,2479.148065,3.0,7615.55,9.0,22854.46,799,14.1333,1851.05,-0.129389,0.5,0
549276f5-7982-4ddd-9090-30fd37f31bf6,2026-01-22,13,0.3607,12,40464.32,3372.026667,1.0,5969.41,1.0,5969.41,998,30.8182,5969.41,0.0,0.0,0
556c3740-52fd-4022-8755-b92b9fa5342d,2026-01-22,10,0.5139,21,50260.17,2393.341429,4.0,5592.29,10.0,16667.54,1226,24.1,781.07,0.107167,0.3333,0
5616033a-269f-49ef-83d8-504129f87568,2026-01-22,28,0.0695,2,10396.04,5198.02,1.0,3846.19,2.0,10396.04,863,60.0,3846.19,0.0,0.0,1
5705b303-d99b-47e5-9620-2ac37d16bf70,2026-01-22,98,0.1415,3,4114.21,1371.403333,0.0,0.0,0.0,0.0,636,104.5,1286.01,0.0,0.0,0
575ab059-021e-48cf-a1f6-39e5a9719349,2026-01-22,27,0.332,11,29815.99,2710.544545,1.0,685.74,4.0,8687.36,994,36.5,685.74,0.0,0.0,0
5768b4fe-4e94-4a79-bf94-aec56843c229,2026-01-22,116,0.1314,3,4155.23,1385.076667,0.0,0.0,0.0,0.0,685,66.5,701.63,0.0,0.0,1
5772f550-5886-44ab-b618-cc525d22c053,2026-01-22,26,1.6071,33,91499.88,2772.723636,1.0,690.27,4.0,11421.94,616,14.1563,690.27,-0.935679,-0.6667,0
5828d313-995e-4774-b19c-e8ac7bc3daea,2026-01-22,3,0.0979,4,12514.87,3128.7175,1.0,4331.12,2.0,11852.87,1226,130.6667,4331.12,-0.424187,0.0,1
585a8991-c44f-4e18-b8e0-6283bf6f9aff,2026-01-22,22,0.313,13,47395.0,3645.769231,2.0,10664.59,6.0,25054.09,1246,37.75,677.68,0.730054,0.0,0
58894319-515e-4488-9e5c-39efd9a4d7ad,2026-01-22,51,0.1347,3,9356.68,3118.893333,0.0,0.0,1.0,1881.96,668,41.0,1881.96,-1.0,-1.0,1
59749859-a81e-48e6-bc39-a362a3eada9b,2026-01-22,5,0.5349,12,36677.71,3056.475833,1.0,1144.08,3.0,4540.73,673,24.3636,1144.08,5.238508,0.0,0
5a2542d2-8392-4c53-bbf2-259d1b7de2ba,2026-01-22,11,0.6839,15,39237.75,2615.85,1.0,712.26,3.0,7256.83,658,23.2857,712.26,-0.839681,0.0,0
5a60bb30-d49d-430c-b819-619528fa0373,2026-01-22,48,0.2869,7,16727.16,2389.594286,0.0,0.0,2.0,8736.57,732,65.3333,480.77,-1.0,-1.0,0
5b8f23c7-fa9a-4a08-9a59-251fb715af18,2026-01-22,22,0.1009,4,16228.71,4057.1775,1.0,3279.98,2.0,7056.33,1189,137.0,3279.98,0.0,0.0,0
5be61d8d-e5a3-403f-b61d-c9096e40b7fb,2026-01-22,32,0.21,7,35216.55,5030.935714,0.0,0.0,4.0,28237.77,1000,44.3333,3213.26,-1.0,-1.0,0
5c9d29aa-2355-42b6-b1a3-3b942397745f,2026-01-22,142,0.0795,2,2039.49,1019.745,0.0,0.0,0.0,0.0,755,5.0,989.44,0.0,0.0,0
5cda614e-b389-4e48-8b36-5612a91c11ba,2026-01-22,16,0.2506,7,16458.28,2351.182857,1.0,1175.83,5.0,13489.42,838,25.3333,1175.83,-0.901028,-0.6667,0
5d474fc4-7a12-42c7-9f36-de03cfef0e40,2026-01-22,13,0.0964,3,7836.68,2612.226667,2.0,6495.78,2.0,6495.78,934,41.5,4095.42,0.0,0.0,0
5d5fa6d8-0ad7-4ade-be35-1c481b16b275,2026-01-22,20,0.636,18,52386.93,2910.385,1.0,1315.6,3.0,13970.46,849,24.7647,1315.6,0.0,0.0,0
600950e2-e195-4863-b978-6b55ea2f8a24,2026-01-22,21,0.3896,10,18614.72,1861.472,2.0,3036.04,3.0,8624.82,770,37.5556,2158.66,0.0,0.0,0
60ce8a0f-d7a4-4ed2-ac8e-6e0a87d50d90,2026-01-22,2,0.3237,13,46548.59,3580.660769,2.0,5071.36,4.0,15818.8,1205,26.3333,4224.26,0.0,0.0,0
60fc3a69-d7a0-4445-b08b-d165e0bc4928,2026-01-22,56,0.128,5,14066.75,2813.35,0.0,0.0,1.0,5400.82,1172,77.5,5400.82,-1.0,-1.0,0
614d73fd-8846-4895-a773-7898e1678216,2026-01-22,1,0.6565,20,56119.82,2805.991,4.0,3514.99,10.0,26923.9,914,23.1579,981.15,-0.753117,0.0,0
6160ef49-2fc6-47b6-b9f2-400cbd267250,2026-01-22,2,0.1431,3,6578.81,2192.936667,1.0,1689.7,2.0,6188.27,629,73.0,1689.7,-0.624392,0.0,1
61ca8ccc-59b9-4f6f-84a3-e49d67fbff34,2026-01-22,64,0.1339,4,15145.87,3786.4675,0.0,0.0,1.0,6241.82,896,84.6667,6241.82,0.0,0.0,0
61d5df45-2dc7-4d9a-a195-9acaf18018a4,2026-01-22,86,0.0243,1,5690.24,5690.24,0.0,0.0,1.0,5690.24,1234,0.0,5690.24,0.0,0.0,1
6272b3b9-197b-4be0-bf82-5b6e74a51d18,2026-01-22,59,0.2653,10,37704.39,3770.439,0.0,0.0,3.0,12870.12,1131,36.6667,2274.18,-1.0,-1.0,0
62795829-338f-4ef4-a58a-8b4df43e37ed,2026-01-22,100,0.1418,4,17371.24,4342.81,0.0,0.0,0.0,0.0,846,128.6667,3846.19,0.0,0.0,1
627dfaf1-6d87-43b0-9cba-68f9d7c5bf7f,2026-01-22,46,0.09,2,14177.8,7088.9,0.0,0.0,1.0,3576.6,667,57.0,3576.6,-1.0,-1.0,1
63482ea8-4c3c-4a09-bce4-da0866c26116,2026-01-22,91,0.0933,2,9140.35,4570.175,0.0,0.0,0.0,0.0,643,14.0,7824.29,0.0,0.0,0
64e3a695-4ab9-479c-87df-f1660c87338c,2026-01-22,77,0.0663,2,10583.98,5291.99,0.0,0.0,1.0,9010.71,905,71.0,9010.71,0.0,0.0,0
655a8a99-8ea7-4fab-8686-b6e0a9369c3b,2026-01-22,18,0.231,7,11550.43,1650.061429,1.0,2272.41,3.0,4596.71,909,37.5,2272.41,-0.022325,-0.5,0
66581e52-4a91-4e5a-9db9-6ea7faad6977,2026-01-22,1,0.2713,7,17463.64,2494.805714,2.0,5010.08,3.0,9772.2,774,76.5,524.42,0.052069,1.0,1
66aa9f2d-de6b-4def-8269-b6d0177dbf9a,2026-01-22,6,0.9121,37,106634.32,2882.008649,6.0,15821.91,10.0,22885.72,1217,12.9722,3739.05,2.308147,2.0,0
66c93c21-5319-42bd-aee5-a4af817f02a3,2026-01-22,98,0.0804,2,8068.36,4034.18,0.0,0.0,0.0,0.0,746,148.0,4590.15,0.0,0.0,0
6774c3a7-d951-43fa-9c75-eaca2ced5391,2026-01-22,3,0.7225,25,61579.97,2463.1988,2.0,5494.39,5.0,10197.02,1038,20.0,350.82,0.27805,0.0,0
679c79cb-5d90-434a-a13e-d63368ba0b98,2026-01-22,53,0.0746,3,5130.31,1710.103333,0.0,0.0,1.0,3077.93,1206,171.0,3077.93,-1.0,-1.0,0
67fc2766-666c-4de5-9a16-9a35603b9a46,2026-01-22,78,0.24,5,24680.48,4936.096,0.0,0.0,1.0,2551.27,625,87.25,2551.27,0.0,0.0,0
6853ff18-9673-4369-b96a-eb7e1eb71169,2026-01-22,8,0.3671,14,40761.78,2911.555714,2.0,2605.68,6.0,12808.95,1144,26.6923,434.28,0.0,0.0,0
6892976f-0a64-4372-bcd7-14d6113ea6e2,2026-01-22,21,0.3051,12,23201.55,1933.4625,3.0,8031.13,5.0,10869.48,1180,33.5455,1508.81,6.345031,2.0,0
69008e38-87df-4edc-8e0c-02e44a0802a3,2026-01-22,90,0.1556,4,5459.18,1364.795,0.0,0.0,0.0,0.0,771,80.3333,1486.59,0.0,0.0,1
69223a3a-0e99-457c-b139-53a914126da0,2026-01-22,444,0.0253,1,7771.19,7771.19,0.0,0.0,0.0,0.0,1185,0.0,7771.19,0.0,0.0,0
69b42ebe-0ce1-4f78-b8cd-1bb12a098250,2026-01-22,62,0.0719,3,6168.93,2056.31,0.0,0.0,1.0,1085.19,1252,79.0,1085.19,0.0,0.0,0
6a03d7f7-9095-4c61-b549-95cd16aba353,2026-01-22,13,0.0774,3,7505.46,2501.82,1.0,4121.63,1.0,4121.63,1163,112.5,4121.63,0.0,0.0,0
6a7efc18-882b-4c4c-a75d-1b8aecdbf4a6,2026-01-22,11,0.3122,13,11139.03,856.848462,1.0,812.39,2.0,1455.04,1249,26.9167,812.39,0.264125,0.0,0
6b35501e-08f6-41b4-8699-30281befd8ec,2026-01-22,32,0.5128,12,49912.12,4159.343333,0.0,0.0,5.0,25542.1,702,42.0909,1395.7,-1.0,-1.0,0
6bb31b8a-5c85-4549-9106-7183256248ff,2026-01-22,3,0.6486,20,40920.86,2046.043,3.0,3010.18,6.0,11575.56,925,22.1579,827.97,-0.370415,0.5,0
6cad4c9f-a37c-452d-9e24-b927cd585be0,2026-01-22,71,0.1288,4,8689.71,2172.4275,0.0,0.0,1.0,438.69,932,113.0,438.69,0.0,0.0,0
6ccef97b-c165-4c24-aa1d-00119b8315f2,2026-01-22,41,0.231,7,22352.26,3193.18,0.0,0.0,1.0,643.01,909,41.8333,643.01,-1.0,-1.0,1
6d07afb5-e45f-49c8-8fe6-ab313f89ab9c,2026-01-22,5,0.7811,27,77085.88,2855.032593,2.0,3502.82,7.0,21815.52,1037,13.1538,1851.05,5.248898,1.0,0
6dd97a45-7233-4f75-bf2b-a02f9e2403f5,2026-01-22,15,0.5838,13,54963.93,4227.994615,1.0,608.37,3.0,20396.2,668,38.1667,608.37,0.0,0.0,0
6e04016c-b9dc-4b48-ac9b-8e9eff3d52ef,2026-01-22,17,0.2542,10,22485.1,2248.51,1.0,3772.02,1.0,3772.02,1180,23.2222,3772.02,0.0,0.0,0
6f363f3d-a553-4343-928a-865ef7efa488,2026-01-22,10,0.2542,7,36259.58,5179.94,1.0,1053.75,3.0,22694.77,826,72.5,1053.75,-0.917021,0.0,0
6f43c820-6bb0-443a-a276-f436ff5cc816,2026-01-22,22,0.3519,8,31777.08,3972.135,1.0,9169.78,3.0,15142.67,682,54.1429,9169.78,0.760758,0.0,0
6fb7d847-f44b-41dc-a325-7b26c61cbc96,2026-01-22,6,0.7274,29,86895.23,2996.387241,2.0,5716.73,10.0,41974.11,1196,15.7143,1716.12,-0.792782,-0.6,0
7010920b-f9d5-4e97-9d6a-a57cfe832fad,2026-01-22,17,0.9226,27,79170.81,2932.252222,2.0,4700.57,12.0,47367.28,878,15.6154,138.37,-0.81293,-0.6667,0
70803e0f-518e-4300-9d6d-cec5780970aa,2026-01-22,54,0.0769,3,10670.45,3556.816667,0.0,0.0,1.0,5405.78,1171,64.0,5405.78,-1.0,-1.0,0
726b4f75-d374-4f7f-bf66-eff61209fe02,2026-01-22,132,0.108,3,2173.7,724.566667,0.0,0.0,0.0,0.0,833,91.5,560.4,0.0,0.0,0
72f79579-0a70-4cc7-8b0e-7b204ff9f789,2026-01-22,99,0.0824,2,4052.67,2026.335,0.0,0.0,0.0,0.0,728,77.0,1672.48,0.0,0.0,0
731fe7b0-483a-4068-a5c1-e8ce074a22e2,2026-01-22,270,0.0445,1,1858.31,1858.31,0.0,0.0,0.0,0.0,674,0.0,1858.31,0.0,0.0,1
73c3d633-4b34-49ad-a380-07fa31442bd6,2026-01-22,18,0.4563,12,22985.21,1915.434167,2.0,1151.17,4.0,6985.99,789,29.5455,590.77,-0.636091,1.0,0
744605d3-9330-457d-9c53-8b4b59950976,2026-01-22,10,1.2203,36,102188.27,2838.563056,5.0,8037.97,18.0,62730.38,885,12.7429,1962.3,-0.044674,-0.1667,0
75e7956b-bba4-4d50-aa4d-f8061fa9b378,2026-01-22,50,0.1254,4,16470.36,4117.59,0.0,0.0,2.0,6065.7,957,66.6667,2384.4,-1.0,-1.0,0
7613c703-00a5-4fcd-b61f-b4f85bd36ac2,2026-01-22,97,0.3018,12,26326.19,2193.849167,0.0,0.0,0.0,0.0,1193,24.5455,2101.79,0.0,0.0,0
76c7e6e2-ab70-4430-9c0e-611b3e8e3f7d,2026-01-22,4,0.2172,9,36877.29,4097.476667,1.0,2788.09,3.0,7911.27,1243,44.75,2788.09,-0.425965,0.0,0
76fd4673-a6d4-4503-8346-4fa08b56a6d8,2026-01-22,11,0.0988,3,2562.06,854.02,2.0,1738.08,2.0,1738.08,911,55.0,988.69,0.0,0.0,0
78106c04-2615-4323-b215-3172fb34fc72,2026-01-22,15,0.487,15,61083.55,4072.236667,3.0,2684.49,6.0,22144.3,924,30.8571,1006.56,-0.689342,2.0,0
782ae5d7-a09e-4973-a2b3-29bacbb5efa9,2026-01-22,15,0.1351,4,7415.17,1853.7925,2.0,1750.09,3.0,2557.27,888,66.0,817.18,0.0,0.0,0
785c7075-fbd8-42f7-b26f-e1aadc18eebc,2026-01-22,86,0.0719,3,7579.21,2526.403333,0.0,0.0,1.0,4690.22,1251,65.5,4690.22,0.0,0.0,1
79ce75bd-e156-4762-a109-91880fa27abc,2026-01-22,1,0.8219,34,96677.02,2843.441765,4.0,9873.7,13.0,44274.57,1241,12.0303,149.88,-0.693423,-0.4286,0
7b3011de-1fd5-49d7-8cd0-565a3af5b5da,2026-01-22,4,1.0164,31,67749.12,2185.455484,6.0,7019.11,11.0,26875.65,915,13.3,691.05,-0.337773,1.0,0
7b5dbebc-9a0e-4613-8844-f85ea0bc161d,2026-01-22,18,0.1208,4,22307.9,5576.975,1.0,3739.05,2.0,10385.31,993,100.0,3739.05,0.0,0.0,0
7bb9c97f-e27e-426f-b400-1ecf5e49b6f2,2026-01-22,22,0.1765,6,16962.36,2827.06,1.0,1140.55,1.0,1140.55,1020,42.0,1140.55,0.0,0.0,0
7be8de25-a69e-4e0f-9ac9-cd6405a73f68,2026-01-22,53,0.1637,4,9418.38,2354.595,0.0,0.0,2.0,2063.82,733,56.0,1792.52,-1.0,-1.0,1
7d31f2fa-4d24-4819-aa43-8ca6f961480f,2026-01-22,464,0.0427,1,3834.51,3834.51,0.0,0.0,0.0,0.0,703,0.0,3834.51,0.0,0.0,0
7d5e174f-f3d2-488e-99b3-a0591b1a9319,2026-01-22,31,0.1793,6,20724.61,3454.101667,0.0,0.0,3.0,15316.34,1004,63.4,713.82,-1.0,-1.0,1
7dc50afb-0eaa-4b38-8b2f-04eb2c57446e,2026-01-22,65,0.2582,6,9572.33,1595.388333,0.0,0.0,2.0,1561.8,697,82.2,1356.47,0.0,0.0,0
7dd67799-87bf-4c47-944e-e495c976e50e,2026-01-22,35,0.2196,8,11616.97,1452.12125,0.0,0.0,2.0,1895.21,1093,50.8571,283.47,-1.0,-1.0,0
7e1ea714-6fe4-494e-9554-750dbe019c23,2026-01-22,60,0.0957,4,18658.03,4664.5075,0.0,0.0,1.0,7722.38,1254,121.3333,7722.38,0.0,0.0,0
80425ba2-13bc-407f-9a1c-ff4f30480010,2026-01-22,12,0.4582,19,46888.61,2467.821579,2.0,1355.99,6.0,17622.24,1244,21.6111,478.61,-0.8701,0.0,0
8081cb55-1e73-484f-b6fe-79fe7087f185,2026-01-22,249,0.0298,1,1188.93,1188.93,0.0,0.0,0.0,0.0,1007,0.0,1188.93,0.0,0.0,0
809a4c1b-22b1-4046-b62e-5ca84f41ae56,2026-01-22,22,0.1304,3,5333.09,1777.696667,1.0,3322.61,1.0,3322.61,690,155.0,3322.61,0.0,0.0,0
81038b9d-eef0-443c-9635-a2e4c4df490f,2026-01-22,56,0.1728,5,23406.8,4681.36,0.0,0.0,1.0,6678.69,868,103.5,6678.69,-1.0,-1.0,0
81aa5e22-d678-428b-b005-9b81178d3a85,2026-01-22,21,0.3552,11,23553.42,2141.22,1.0,1692.56,1.0,1692.56,929,39.6,1692.56,0.0,0.0,0
82241b4b-7959-4079-9369-bbfcffcbc453,2026-01-22,3,0.8176,26,91639.82,3524.608462,2.0,4842.05,10.0,42319.1,954,17.52,1728.3,-0.609365,-0.3333,0
824fbcc7-5420-4ca2-84b0-15b0b4a2292b,2026-01-22,8,0.2554,9,29314.67,3257.185556,3.0,8711.5,5.0,17404.76,1057,41.25,434.28,0.002098,0.5,0
826855e8-3a9a-4032-ad5b-6ca64c822572,2026-01-22,47,0.2339,7,24794.49,3542.07,0.0,0.0,2.0,9611.03,898,52.1667,872.48,-1.0,-1.0,0
82c5a7aa-2ec7-45dc-9d03-be3531473f2f,2026-01-22,10,0.192,4,8426.84,2106.71,1.0,2461.58,2.0,4585.49,625,119.0,2461.58,0.158985,0.0,0
82d60e37-f049-4852-9464-c94b4e5c3244,2026-01-22,7,0.7181,18,33411.44,1856.191111,2.0,7141.09,5.0,13734.73,752,19.6471,1428.9,0.669696,0.0,0
83d0d0b7-7f58-49ea-8dc3-fee8c20efb50,2026-01-22,74,0.0872,2,11471.61,5735.805,0.0,0.0,1.0,6799.79,688,130.0,6799.79,0.0,0.0,0
83fe13f3-1026-46b2-9abd-d7277ea2f653,2026-01-22,12,0.1135,4,6904.36,1726.09,1.0,1700.06,1.0,1700.06,1057,138.3333,1700.06,0.0,0.0,0
855f6897-60c0-42cc-aa5a-bbcf4dfcfd28,2026-01-22,10,0.3759,15,32465.84,2164.389333,4.0,7212.44,5.0,8426.44,1197,24.2143,3268.73,0.0,0.0,0
86208847-cfb3-449d-a634-075a2b7c33cc,2026-01-22,51,0.4042,9,12064.84,1340.537778,0.0,0.0,2.0,2568.17,668,57.125,809.34,-1.0,-1.0,0
86ab916f-9734-41f0-b5c0-9bbc082b3251,2026-01-22,14,1.1582,31,84492.73,2725.571935,4.0,14876.91,5.0,17119.11,803,15.9667,2047.71,0.0,0.0,0
87b06d02-c4e0-4e44-a8d4-a21cdc592676,2026-01-22,1,0.604,15,39493.05,2632.87,3.0,6067.52,4.0,11895.91,745,28.2143,2752.94,0.0,0.0,0
8867ed0f-4c50-4aa9-8fb4-993893bd97df,2026-01-22,4,0.3009,7,15035.41,2147.915714,1.0,754.4,4.0,6577.03,698,60.0,754.4,0.014933,0.0,0
88f8cded-9e9f-4c71-9504-8cae260151bf,2026-01-22,8,0.2875,11,21127.87,1920.715455,2.0,1098.01,7.0,13658.33,1148,35.3,778.44,-0.867831,-0.5,0
8aa74529-c59e-4daf-9b98-321ebfce7306,2026-01-22,9,1.5525,34,70234.03,2065.706765,4.0,9523.58,8.0,21996.51,657,13.6364,3365.46,0.433294,0.3333,0
8b278dae-e043-44f3-a5f0-8466df24d3a2,2026-01-22,0,0.7754,29,58931.55,2032.122414,3.0,15027.63,6.0,18556.69,1122,16.1071,492.92,6.725573,2.0,0
8bd2e91f-b7be-4b2c-95e8-9b9f6936c3fe,2026-01-22,4,0.3426,14,30956.93,2211.209286,2.0,4787.25,3.0,5415.77,1226,32.4615,3729.73,6.616703,1.0,0
8bf0cc1f-c9f7-4393-806f-86bce9acf23a,2026-01-22,74,0.0757,3,8190.05,2730.016667,0.0,0.0,1.0,1542.69,1189,182.0,1542.69,0.0,0.0,0
8d58c937-6e14-4be1-98f6-33ea0a28136f,2026-01-22,62,0.0885,3,14413.53,4804.51,0.0,0.0,2.0,13010.27,1017,117.5,6279.98,0.0,0.0,0
8d6d15dd-e8cf-4c06-aacd-238932fec46c,2026-01-22,47,0.1887,4,9474.09,2368.5225,0.0,0.0,1.0,6111.77,636,50.0,6111.77,-1.0,-1.0,0
8daa11dd-d410-44bf-a0de-622a9ca7c78d,2026-01-22,14,1.1254,32,102048.17,3189.005313,5.0,13992.19,11.0,46984.56,853,12.3226,3455.24,-0.476938,0.0,0
8de2f61f-499f-4ce6-a7d6-a5e9b9219f67,2026-01-22,48,0.1146,4,19497.87,4874.4675,0.0,0.0,1.0,1792.52,1047,77.0,1792.52,-1.0,-1.0,0
8f10e8bf-c7a4-4bd6-93ce-4de936a938ef,2026-01-22,14,0.8845,24,83054.73,3460.61375,2.0,4741.13,9.0,36321.99,814,14.6957,1285.89,-0.798929,-0.6,0
9013910b-257e-462f-8142-555578e385a5,2026-01-22,7,0.5161,16,57602.08,3600.13,5.0,10763.89,8.0,30018.99,930,27.0667,1245.67,-0.252409,1.5,0
90ef6a35-c0dc-4b20-aede-0d1b3e525838,2026-01-22,40,0.2051,7,31731.75,4533.107143,0.0,0.0,2.0,7259.11,1024,60.3333,5553.48,-1.0,-1.0,0
910bd8ae-df74-4feb-9e1a-4e8966115c12,2026-01-22,6,0.3071,10,34291.52,3429.152,2.0,2578.68,4.0,22727.71,977,47.6667,197.17,-0.787792,1.0,0
911f8116-248a-4e3d-afb4-62a632746852,2026-01-22,29,1.2662,39,77815.45,1995.267949,1.0,364.47,7.0,18147.73,924,11.0263,364.47,-0.978154,-0.8,0
918ccc0d-7add-4cda-bb90-29b5623f6d86,2026-01-22,3,0.1227,4,5445.19,1361.2975,1.0,349.97,1.0,349.97,978,131.6667,349.97,0.0,0.0,0
91f0a872-33ad-4dbe-9801-ac03b375f584,2026-01-22,33,0.646,16,44130.98,2758.18625,0.0,0.0,6.0,16408.22,743,28.0667,603.98,-1.0,-1.0,0
93700c9c-7e7e-4bad-b154-5e6644ddc5c9,2026-01-22,170,0.0478,1,4851.74,4851.74,0.0,0.0,0.0,0.0,628,0.0,4851.74,0.0,0.0,0
93d32257-e39c-4554-a773-cc81769f2c6b,2026-01-22,64,0.0703,2,1807.67,903.835,0.0,0.0,1.0,366.8,854,117.0,366.8,0.0,0.0,0
953c5953-375c-42a1-89e5-7b370fa868be,2026-01-22,4,0.1172,4,3776.98,944.245,1.0,2047.71,2.0,2737.98,1024,81.3333,2047.71,0.0,0.0,0
957f9181-281b-4ff6-9370-462fb40cb6e5,2026-01-22,11,0.2512,9,20600.09,2288.898889,2.0,2065.3,4.0,6461.69,1075,38.5,349.18,-0.530228,0.0,0
97a7e174-c5da-4d97-b94b-09d5f4788809,2026-01-22,49,0.3903,15,51122.8,3408.186667,0.0,0.0,5.0,13759.96,1153,28.3571,6678.69,-1.0,-1.0,0
97bc17e3-9ca0-45a3-a8dd-947696378bf7,2026-01-22,139,0.1139,3,14027.25,4675.75,0.0,0.0,0.0,0.0,790,54.0,3109.55,0.0,0.0,0
97c341f3-26c0-47ee-949b-ec2349709b82,2026-01-22,2,0.6963,23,81745.99,3554.173478,3.0,10360.85,7.0,28243.14,991,22.2273,476.3,0.111237,0.5,0
98156cab-3a92-4dfa-9d5a-4e1528c73b35,2026-01-22,33,0.1039,4,9888.15,2472.0375,0.0,0.0,2.0,7343.84,1155,40.6667,1286.01,-1.0,-1.0,0
98c0d934-599f-43f0-b624-02fafa9a625d,2026-01-22,18,0.5023,11,16138.64,1467.149091,1.0,152.09,1.0,152.09,657,30.2,152.09,0.0,0.0,0
9965e54c-1dd6-4d5f-b7e0-e984e9c7be9f,2026-01-22,62,0.0362,1,5702.75,5702.75,0.0,0.0,1.0,5702.75,829,0.0,5702.75,0.0,0.0,0
9a48cdff-42f6-4b91-80ce-e531f3622d2b,2026-01-22,2,0.4695,10,28664.4,2866.44,2.0,7336.26,3.0,15111.13,639,36.6667,691.05,0.0,0.0,0
9ada7a7c-35d9-4619-9117-c1d9c05f08e9,2026-01-22,55,0.0623,2,1067.04,533.52,0.0,0.0,1.0,370.02,963,275.0,370.02,-1.0,-1.0,0
9b131352-2e3f-4966-865e-a01b50bde6e5,2026-01-22,8,0.6378,25,61509.75,2460.39,5.0,11376.69,10.0,30984.83,1176,19.75,2210.12,-0.219037,0.25,0
9b4342ff-79f2-40db-9669-bbab65d50e2f,2026-01-22,17,0.2675,6,11868.89,1978.148333,1.0,697.02,2.0,1800.21,673,79.4,697.02,0.0,0.0,0
9c60f8cc-bb5f-4a3b-9a8b-95367617a69c,2026-01-22,12,0.3232,11,28496.64,2590.603636,3.0,11677.26,5.0,12497.82,1021,19.1,3729.73,18.333852,2.0,0
9c75b413-efd7-4171-9aa3-e4f50c8b52ea,2026-01-22,6,0.1765,6,11133.01,1855.501667,1.0,2380.19,2.0,3696.25,1020,64.8,2380.19,0.0,0.0,0
9ca4947f-fc58-4db9-a473-9d3bb229db60,2026-01-22,20,0.0483,2,5108.54,2554.27,1.0,4101.98,1.0,4101.98,1243,135.0,4101.98,0.0,0.0,1
9cbf413a-a00b-482b-9441-e8fce7668a2e,2026-01-22,10,0.8997,32,104597.45,3268.670313,4.0,7292.71,9.0,31975.01,1067,12.9355,1864.86,-0.243605,1.0,0
9de44d71-02d0-4684-a314-54f9abd3f2cd,2026-01-22,2,0.4153,13,23629.37,1817.643846,3.0,5457.46,4.0,7752.54,939,37.9167,3527.5,0.0,0.0,0
9e39dc08-ef34-4791-8233-bb1831664c12,2026-01-22,103,0.138,3,6721.21,2240.403333,0.0,0.0,0.0,0.0,652,27.5,2983.67,0.0,0.0,0
9e3ba510-550f-49bf-a866-a3124ebe334a,2026-01-22,7,0.0966,4,9230.85,2307.7125,1.0,1849.43,2.0,6169.97,1242,119.3333,1849.43,-0.571945,0.0,1
9f79997b-8bf3-45ae-a535-abb872b46a2f,2026-01-22,12,0.1929,4,5766.2,1441.55,1.0,443.08,1.0,443.08,622,69.6667,443.08,0.0,0.0,0
a029db9e-0867-4074-9876-83433dcbc19c,2026-01-22,300,0.0532,2,5388.61,2694.305,0.0,0.0,0.0,0.0,1128,2.0,720.44,0.0,0.0,0
a0323814-cd5e-4bbc-ae91-13b77ec723bb,2026-01-22,112,0.1933,6,7954.73,1325.788333,0.0,0.0,0.0,0.0,931,40.2,338.84,0.0,0.0,1
a137cf0f-749a-402e-9913-60a7f4a47b92,2026-01-22,1,1.1123,35,90973.39,2599.239714,3.0,1064.38,9.0,16799.52,944,12.0882,568.39,-0.927061,-0.4,0
a1c9af51-32b0-45ae-8e5e-1a83d44e0dd4,2026-01-22,1,0.1639,4,18252.46,4563.115,1.0,1195.82,2.0,10707.82,732,71.3333,1195.82,0.0,0.0,0
a20f7825-b033-409c-9c97-b044b61bae47,2026-01-22,19,0.613,16,52190.35,3261.896875,4.0,15349.81,7.0,28581.99,783,26.4667,4430.29,0.2007,1.0,0
a281fc1b-5e0e-400e-9760-0f4eecb192e1,2026-01-22,15,0.881,19,44291.36,2331.124211,2.0,968.7,6.0,15690.18,647,21.5,415.22,-0.927771,-0.3333,0
a39d8cb3-e105-4215-9fc6-c0cb27d75ca0,2026-01-22,15,0.068,2,618.53,309.265,1.0,323.14,1.0,323.14,882,258.0,323.14,0.0,0.0,0
a458eb88-221d-40e0-8a04-289e42780afe,2026-01-22,33,0.1077,3,12348.71,4116.236667,0.0,0.0,2.0,10242.99,836,143.0,5207.86,-1.0,-1.0,0
a48769af-aacd-4623-8e69-fc86e1d3745e,2026-01-22,66,0.18,6,24530.13,4088.355,0.0,0.0,1.0,1016.52,1000,54.2,1016.52,0.0,0.0,0
a54b8eca-fc5f-46cd-9407-2f103beabcc7,2026-01-22,28,0.2057,8,24104.79,3013.09875,1.0,4146.62,2.0,12972.21,1167,52.4286,4146.62,-0.530159,0.0,0
a578fb66-2e0c-4a26-8179-b1230347de46,2026-01-22,241,0.0645,2,4126.39,2063.195,0.0,0.0,0.0,0.0,930,14.0,3575.99,0.0,0.0,0
a58bcff6-b44b-4728-ae19-c41e17805478,2026-01-22,70,0.1852,4,12164.98,3041.245,0.0,0.0,3.0,8676.1,648,28.3333,6770.62,0.0,0.0,0
a618b414-7505-48a2-9047-6d0fbd16fb88,2026-01-22,23,0.2524,8,41005.73,5125.71625,2.0,9006.29,6.0,28413.43,951,28.1429,1437.94,-0.393309,-0.3333,0
a62bcc77-cf9c-44a3-920f-2e2e57c723dc,2026-01-22,10,0.468,10,49053.4,4905.34,1.0,827.97,2.0,11243.71,641,49.6667,827.97,-0.920508,0.0,0
a6818a6e-0465-4009-81b6-822245dae013,2026-01-22,18,0.2752,9,19725.92,2191.768889,2.0,2569.31,5.0,5601.73,981,28.25,2013.12,3.448714,1.0,0
a69011f4-c3f9-4f91-92f2-3df9072b53e7,2026-01-22,1,1.5933,35,79040.37,2258.296286,6.0,18514.51,14.0,35919.4,659,13.6176,1144.08,1.581038,2.0,0
a7925872-0bc3-4eee-b74c-5086ea1e992d,2026-01-22,20,0.1933,6,17315.59,2885.931667,1.0,2571.79,2.0,11251.57,931,72.4,2571.79,-0.703703,0.0,0
a7c6d291-2d8a-45ea-8005-81ecfd3682df,2026-01-22,22,0.2817,10,27941.89,2794.189,2.0,4736.5,4.0,13802.26,1065,42.6667,3763.91,-0.372872,1.0,0
a7dd5f9a-9fa6-4592-b920-cc610a4ca21b,2026-01-22,45,0.1412,5,15468.66,3093.732,0.0,0.0,1.0,2295.08,1062,103.25,2295.08,-1.0,-1.0,1
a8091949-9c95-4f66-b956-b61849aa17d1,2026-01-22,180,0.2203,5,17348.57,3469.714,0.0,0.0,0.0,0.0,681,54.5,3532.45,0.0,0.0,0
a8592085-1f10-4731-b976-351290d3b914,2026-01-22,95,0.0876,2,1580.11,790.055,0.0,0.0,0.0,0.0,685,188.0,1026.63,0.0,0.0,1
a8a318fe-4ac5-43e5-819c-0493f94dfd8e,2026-01-22,8,0.3243,10,15763.17,1576.317,1.0,760.46,2.0,4097.57,925,40.5556,760.46,0.0,0.0,0
a91e3f3f-94ea-410a-afcd-a9721a392b5a,2026-01-22,140,0.1297,4,10470.9,2617.725,0.0,0.0,0.0,0.0,925,85.3333,599.51,0.0,0.0,1
a955f9af-0de0-488d-9638-13b909991020,2026-01-22,5,0.4658,10,34713.94,3471.394,1.0,2115.04,4.0,23382.3,644,37.1111,2115.04,-0.760603,-0.5,0
a9a14d19-86ba-40be-883c-0be4db2e7555,2026-01-22,0,0.8708,20,52195.37,2609.7685,3.0,5223.35,8.0,29076.03,689,25.0,4101.98,0.0,0.0,0
aa210298-0ad5-4fe1-9a49-04d9c35709c6,2026-01-22,13,0.2041,8,16034.51,2004.31375,1.0,1003.05,2.0,2195.25,1176,63.4286,1003.05,0.0,0.0,0
aacf38f5-5690-4d24-95d3-d4b2fa5166a8,2026-01-22,5,0.0619,2,12121.0,6060.5,1.0,3248.34,1.0,3248.34,970,245.0,3248.34,0.0,0.0,0
aaec11b1-b19b-4ff9-bbf5-b6caa3fa11ee,2026-01-22,163,0.0458,1,1082.78,1082.78,0.0,0.0,0.0,0.0,655,0.0,1082.78,0.0,0.0,0
ac9ed0cc-36d5-43e5-8b0f-11a8213d3173,2026-01-22,11,0.1188,4,9296.81,2324.2025,2.0,3444.44,3.0,8698.9,1010,49.0,533.4,0.0,0.0,0
acf31d10-d223-4df6-a143-e9ba0e8118f4,2026-01-22,55,0.1242,4,4407.45,1101.8625,0.0,0.0,2.0,2178.2,966,91.0,385.68,-1.0,-1.0,1
ad10f2bd-d571-4f42-aec5-a7a10eaa3ca9,2026-01-22,52,0.2167,9,24025.01,2669.445556,0.0,0.0,6.0,19236.88,1246,38.625,4616.89,-1.0,-1.0,0
ade55153-89f8-4d7a-9199-12bcf0e9f0ce,2026-01-22,20,0.1286,3,7458.27,2486.09,1.0,4231.4,1.0,4231.4,700,132.0,4231.4,0.0,0.0,0
b067038f-9577-43c4-a072-0376499a6f51,2026-01-22,12,0.3201,11,40275.2,3661.381818,1.0,1533.37,2.0,3189.41,1031,40.4,1533.37,-0.074074,0.0,0
b0a7ac9f-5dc3-43d5-bf2f-2201d6f385b2,2026-01-22,7,0.328,11,12716.69,1156.062727,1.0,135.85,4.0,2932.85,1006,36.3,135.85,-0.93459,-0.5,0
b0d043da-1294-4ab0-8fa2-ebb68dbb62a2,2026-01-22,18,0.2928,11,30215.65,2746.877273,1.0,1050.05,3.0,7025.82,1127,33.9,1050.05,-0.824282,-0.5,0
b0d81eaf-60e0-4aa5-b3e9-64fdea18f5e9,2026-01-22,21,0.5226,15,49564.36,3304.290667,1.0,550.59,2.0,13154.66,861,26.3571,550.59,-0.956316,0.0,0
b2109776-616b-488c-9721-f3f116afd30f,2026-01-22,15,0.4204,11,31287.03,2844.275455,2.0,3213.35,3.0,4455.37,785,37.3,1977.38,0.0,0.0,0
b21eb80b-84a0-490b-abcb-151568e54d64,2026-01-22,43,0.2679,10,30084.41,3008.441,0.0,0.0,1.0,2229.89,1120,38.2222,2229.89,-1.0,-1.0,0
b247c235-943b-4c46-91c2-168e86d26161,2026-01-22,35,0.6313,21,33516.07,1596.003333,0.0,0.0,9.0,23507.89,998,17.3,1107.54,-1.0,-1.0,0
b2c24112-6ed5-433e-ae6e-c541f21defe5,2026-01-22,68,0.1594,4,9504.98,2376.245,0.0,0.0,1.0,3492.44,753,85.6667,3492.44,0.0,0.0,0
b2ef61f5-8a4e-44af-9b72-983eb8729127,2026-01-22,125,0.1445,6,8277.17,1379.528333,0.0,0.0,0.0,0.0,1246,41.4,487.43,0.0,0.0,0
b2f4f0f6-9d52-4439-b5fe-14ebe8887e7a,2026-01-22,97,0.0903,3,9876.46,3292.153333,0.0,0.0,0.0,0.0,997,187.5,94.49,0.0,0.0,1
b35ff2cc-b3d7-4eee-bbe6-72dd663e82bf,2026-01-22,93,0.2659,6,18970.86,3161.81,0.0,0.0,0.0,0.0,677,78.8,5645.87,0.0,0.0,0
b3bc0c36-2894-415e-8303-9ce0c524adf7,2026-01-22,26,0.1303,4,11372.81,2843.2025,1.0,2160.32,3.0,10671.18,921,119.6667,2160.32,-0.746169,-0.5,1
b4322a23-acd4-46a3-8620-5130bd7bc8c3,2026-01-22,292,0.0484,1,2335.32,2335.32,0.0,0.0,0.0,0.0,620,0.0,2335.32,0.0,0.0,0
b4a140af-8af0-4074-8c4e-f1e587fff314,2026-01-22,2,0.7508,24,86549.32,3606.221667,2.0,5923.16,9.0,37054.65,959,19.913,1698.9,1.989668,0.0,0
b4dd90f1-04a6-4d42-ac0a-2702bbc8d0db,2026-01-22,53,0.3006,10,30563.7,3056.37,0.0,0.0,1.0,283.47,998,47.8889,283.47,-1.0,-1.0,0
b4ff4a71-e2cb-40a7-afaa-04a5be660e06,2026-01-22,53,0.2281,8,24275.06,3034.3825,0.0,0.0,1.0,9453.06,1052,52.2857,9453.06,-1.0,-1.0,0
b5597188-1096-40f6-bb3c-7eae56f49e62,2026-01-22,8,0.3731,12,40442.3,3370.191667,3.0,3440.07,5.0,25383.57,965,41.6364,760.46,-0.843231,0.5,0
b5f40c8f-57dc-440a-9706-3cfe7972dde6,2026-01-22,25,0.1411,5,12423.3,2484.66,1.0,5328.17,1.0,5328.17,1063,49.25,5328.17,0.0,0.0,0
b6466b91-0c2a-4a1f-bf51-fd9f9de8b206,2026-01-22,26,0.1693,4,19685.12,4921.28,1.0,6996.5,1.0,6996.5,709,108.3333,6996.5,0.0,0.0,0
b6d1010f-48a8-4d83-a4bd-0a6c9a4521d9,2026-01-22,0,0.1025,4,19900.79,4975.1975,2.0,9087.02,3.0,15930.31,1171,82.3333,4139.84,0.327873,1.0,0
b73d152b-3ccf-4708-8854-ab85e6abc82c,2026-01-22,235,0.0932,2,5963.35,2981.675,0.0,0.0,0.0,0.0,644,54.0,5689.26,0.0,0.0,0
b7a528c9-9989-42b3-86f1-dfe0266eb7da,2026-01-22,0,0.12,4,3297.21,824.3025,1.0,646.75,1.0,646.75,1000,102.6667,646.75,0.0,0.0,1
b7d62bbb-f2b2-4bee-ac69-0e320b4b310f,2026-01-22,2,1.063,36,104671.53,2907.5425,1.0,533.4,6.0,14169.52,1016,13.5429,533.4,-0.918971,-0.6667,0
b812927c-5d6a-4cb6-9794-94ec8e44c0bd,2026-01-22,176,0.122,4,8106.46,2026.615,0.0,0.0,0.0,0.0,984,69.6667,2461.19,0.0,0.0,0
b81e352f-6da5-4d3a-94e7-a583c1e9213c,2026-01-22,0,0.0736,3,4620.71,1540.236667,1.0,3455.24,1.0,3455.24,1223,105.5,3455.24,0.0,0.0,0
b8302dbd-4877-438d-ac91-c2d5dbbadf09,2026-01-22,7,0.161,6,14075.95,2345.991667,1.0,3268.73,3.0,5251.02,1118,54.0,3268.73,2.794231,0.0,0
b86f948a-d460-4c23-a79a-b2deafdc8880,2026-01-22,13,0.4545,15,24876.33,1658.422,3.0,9158.52,3.0,9158.52,990,17.4286,1573.27,0.0,0.0,0
b88b94e7-2bbd-4939-98cc-217258c364d3,2026-01-22,4,0.5078,12,32628.46,2719.038333,3.0,2891.82,5.0,9738.75,709,35.9091,152.09,0.017269,2.0,0
b88bef53-7397-4409-b454-f68fa7827873,2026-01-22,28,0.3432,10,20765.19,2076.519,1.0,5238.66,1.0,5238.66,874,35.0,5238.66,0.0,0.0,0
b8bfbbb5-a5a0-4d3d-905f-57ced220ffd3,2026-01-22,12,0.4181,12,27785.57,2315.464167,2.0,6524.08,5.0,10986.29,861,37.0,5015.27,0.997642,0.0,0
b9da00f9-dbef-4800-80fc-08f59dadef2a,2026-01-22,81,0.0483,2,4395.04,2197.52,0.0,0.0,1.0,3729.59,1243,18.0,3729.59,0.0,0.0,1
b9e85363-f343-4a9b-a6b9-588a5c0f9633,2026-01-22,154,0.0765,3,5082.88,1694.293333,0.0,0.0,0.0,0.0,1177,92.0,2279.95,0.0,0.0,1
ba0a6120-4b67-4e2b-b2c4-9036a195b99a,2026-01-22,0,0.5217,20,47665.44,2383.272,2.0,5071.59,6.0,11526.72,1150,20.2632,2801.98,0.022517,-0.3333,0
bab05b4b-0196-4bb2-a10a-34baf0750132,2026-01-22,29,0.2817,10,26825.49,2682.549,1.0,5045.57,3.0,13024.81,1065,44.1111,5045.57,-0.367663,-0.5,0
bac72dd3-4ee2-436a-b664-f187eea4daff,2026-01-22,191,0.038,1,4656.46,4656.46,0.0,0.0,0.0,0.0,789,0.0,4656.46,0.0,0.0,0
bac9f7f2-72b2-40d2-bb50-19838c2fde8a,2026-01-22,0,0.2861,8,20936.21,2617.02625,3.0,4376.04,4.0,4737.01,839,26.4286,1508.81,11.123002,2.0,0
bc2eaeff-d2cb-413b-8716-a7fa6d9507c2,2026-01-22,10,1.0502,30,77872.17,2595.739,2.0,5212.08,9.0,38169.06,857,16.6207,3527.5,-0.650414,0.0,0
bc69f988-30c6-4bf2-b27f-beafca1b2282,2026-01-22,1,0.2584,10,20688.7,2068.87,1.0,2158.66,3.0,5960.58,1161,54.6667,2158.66,-0.432218,-0.5,0
bcf78932-5b86-4918-b87a-32963317f18d,2026-01-22,191,0.0756,3,6502.53,2167.51,0.0,0.0,0.0,0.0,1190,89.5,1640.79,0.0,0.0,0
bd918df4-d5fc-4b8a-9889-b0f92e0c438b,2026-01-22,16,0.3635,13,21922.34,1686.333846,1.0,3173.44,2.0,4708.84,1073,33.6667,3173.44,1.066849,0.0,0
befa24a1-1459-4d2c-b2af-a4db90fa9666,2026-01-22,5,0.121,5,13947.29,2789.458,1.0,2451.55,2.0,5441.99,1240,102.5,2451.55,-0.180204,0.0,0
c07f630a-a6d1-41a2-9f27-8f85f52260c4,2026-01-22,2,0.7459,27,103938.11,3849.55963,1.0,6231.75,6.0,41138.14,1086,17.5769,6231.75,-0.78894,-0.6667,0
c0c6efdb-fc14-4d7c-98f5-7088ddeb019c,2026-01-22,19,0.1202,4,9169.61,2292.4025,1.0,619.44,3.0,8482.01,998,75.0,619.44,-0.917002,0.0,0
c1a55833-8139-41dd-8bb5-59ab8a090d3b,2026-01-22,1,0.254,9,19044.6,2116.066667,2.0,2997.82,4.0,7685.44,1063,41.875,1363.45,-0.300057,1.0,0
c1a9f9e4-02c9-4e11-9ae3-d7f5eec25bdf,2026-01-22,33,0.0981,3,3944.9,1314.966667,0.0,0.0,1.0,1437.27,917,131.5,1437.27,-1.0,-1.0,0
c1d6c130-eed3-43da-a713-c63009b0c952,2026-01-22,2,0.2208,7,12132.87,1733.267143,1.0,988.69,2.0,1734.61,951,63.6667,988.69,0.0,0.0,0
c29cb1e1-b422-45f3-829a-82a9e80f8c8f,2026-01-22,17,0.1877,6,15849.05,2641.508333,1.0,4012.22,2.0,12692.0,959,55.0,4012.22,0.0,0.0,0
c34d6b05-2bac-4654-9150-9d59f1252d7b,2026-01-22,48,0.0732,3,17975.18,5991.726667,0.0,0.0,1.0,6955.25,1230,103.0,6955.25,-1.0,-1.0,0
c34e266e-6b0c-4505-b1cc-f98b610c4986,2026-01-22,3,0.1142,4,6601.97,1650.4925,2.0,2990.83,2.0,2990.83,1051,136.3333,456.28,0.0,0.0,0
c388d365-1253-45ed-934e-4731ee225fdb,2026-01-22,66,0.247,9,30117.96,3346.44,0.0,0.0,4.0,12941.21,1093,19.5,5239.88,0.0,0.0,0
c3bc5bb3-aee9-4150-b36a-c89a22162e7d,2026-01-22,5,1.1299,29,77454.27,2670.836897,5.0,8735.47,12.0,41172.12,770,15.6429,2911.04,-0.506408,0.25,0
c47da78e-a80f-46b0-b907-4867b0ac75da,2026-01-22,11,0.2167,7,9920.51,1417.215714,2.0,3248.67,4.0,5310.82,969,69.5,2076.11,1.857003,1.0,0
c4abe8e7-17ea-4981-acd2-0e286bf0080b,2026-01-22,93,0.3673,9,22252.67,2472.518889,0.0,0.0,0.0,0.0,735,26.0,1705.63,0.0,0.0,0
c5f7e86b-b9fe-4062-bae1-fcb4707e393e,2026-01-22,22,0.255,8,23419.68,2927.46,1.0,3428.72,1.0,3428.72,941,28.4286,3428.72,0.0,0.0,0
c7af740f-1d7a-4321-9d3e-ec9107c05254,2026-01-22,7,0.3297,13,29063.46,2235.650769,1.0,1952.69,2.0,5095.8,1183,31.5833,1952.69,-0.37874,0.0,0
c7e971e5-62a6-49c9-a239-e17ea1f253a5,2026-01-22,6,0.3038,12,31715.04,2642.92,1.0,230.16,4.0,11605.42,1185,39.2727,230.16,-0.977556,-0.5,0
c8466347-f65e-48a7-a013-64f958a93e60,2026-01-22,2,0.3053,8,42091.58,5261.4475,2.0,10956.39,4.0,22469.41,786,57.1429,2076.11,0.60931,1.0,0
c895adf4-11e4-460d-bad6-1bc4560990aa,2026-01-22,5,0.25,6,5364.75,894.125,1.0,1428.9,1.0,1428.9,720,82.6,1428.9,0.0,0.0,0
c8a387fb-7265-43df-9af8-79f21e3f7a8b,2026-01-22,252,0.1059,4,2486.86,621.715,0.0,0.0,0.0,0.0,1133,46.6667,608.08,0.0,0.0,0
c9b37375-0f54-4110-983e-7b7635c1257f,2026-01-22,28,0.5156,11,41624.82,3784.074545,1.0,10596.43,4.0,14263.67,640,32.9,10596.43,2.945603,0.0,0
cb169247-90fc-4859-9c5d-36f94515f6a5,2026-01-22,65,0.0921,3,12961.76,4320.586667,0.0,0.0,1.0,133.09,977,193.0,133.09,0.0,0.0,0
cb4bc77a-ba12-4fd1-b1f2-811b234a5c61,2026-01-22,33,0.2253,6,22945.48,3824.246667,0.0,0.0,3.0,16400.09,799,41.0,5405.78,-1.0,-1.0,0
cbf3e2e4-9c43-4976-afaa-bc231bff129c,2026-01-22,22,0.2813,11,36681.46,3334.678182,1.0,9512.0,2.0,15798.21,1173,41.8,9512.0,0.0,0.0,0
cc681bd0-1bf2-4364-a2fe-b18907da68dd,2026-01-22,28,0.1106,4,12929.68,3232.42,1.0,1945.18,1.0,1945.18,1085,135.6667,1945.18,0.0,0.0,0
cd796877-895f-4bcc-8fe0-0c8c6c4e68b0,2026-01-22,19,0.5899,14,35185.33,2513.237857,1.0,1136.77,4.0,14957.14,712,28.0769,1136.77,0.0,0.0,0
cdc86dc6-c2f3-4988-94e7-c7b7f1a4a81b,2026-01-22,35,0.0705,2,5523.6,2761.8,0.0,0.0,1.0,3748.36,851,237.0,3748.36,-1.0,-1.0,0
ce1c7e34-50d9-4f3b-ab54-cbb7cab9fa18,2026-01-22,54,0.3911,14,40382.46,2884.461429,0.0,0.0,4.0,24161.25,1074,20.6923,8971.33,-1.0,-1.0,0
ced1be46-44d9-42f9-913f-bf359f04d616,2026-01-22,17,0.3464,13,30543.05,2349.465385,1.0,376.49,3.0,8839.98,1126,31.8333,376.49,-0.928149,0.0,0
cf567dce-5613-483a-b10d-b4947a588d18,2026-01-22,20,0.305,11,27929.23,2539.020909,1.0,2881.75,1.0,2881.75,1082,42.9,2881.75,0.0,0.0,0
cfa38335-ed20-4254-b309-74d0dadee3bb,2026-01-22,4,0.3118,9,15522.06,1724.673333,2.0,1642.72,6.0,10112.07,866,34.25,478.61,3.114412,1.0,0
cfc90a2e-3eb4-476f-8b9b-493b93566dcb,2026-01-22,1,0.2208,7,20046.88,2863.84,1.0,649.91,2.0,9246.2,951,50.8333,649.91,-0.924396,0.0,0
cff873c2-039d-4260-8875-1ece53467a44,2026-01-22,10,0.2024,5,7680.79,1536.158,1.0,1226.69,2.0,2972.91,741,43.75,1226.69,-0.297517,0.0,1
d16a7971-11f5-4284-b4c4-063a25f1f892,2026-01-22,3,0.1336,5,15557.11,3111.422,1.0,5152.04,1.0,5152.04,1123,93.75,5152.04,0.0,0.0,0
d16d5f0e-f1af-4ab1-8b14-12ce745ddd9b,2026-01-22,9,0.5025,17,45038.67,2649.333529,1.0,1600.24,5.0,15712.05,1015,23.875,1600.24,-0.704809,-0.5,0
d1907207-2f2d-4486-87e7-7b004fd2fab1,2026-01-22,2,0.3328,13,39954.49,3073.422308,2.0,3429.46,4.0,12958.66,1172,32.0833,627.48,2.676089,1.0,0
d1a51fbe-4bb5-47d5-88f8-06f817caff3f,2026-01-22,52,0.1001,3,18638.88,6212.96,0.0,0.0,2.0,14015.31,899,67.0,6706.53,-1.0,-1.0,0
d2b88436-ba26-4efa-bc74-287512167c81,2026-01-22,47,0.231,7,23799.89,3399.984286,0.0,0.0,1.0,13887.65,909,51.8333,13887.65,-1.0,-1.0,0
d3291ebb-1cad-4398-80c7-e968f0d6b8e3,2026-01-22,14,0.2514,9,23730.16,2636.684444,1.0,147.69,3.0,6011.04,1074,23.5,147.69,-0.904265,0.0,0
d34c22d5-fa13-4eb6-a115-4306ab8f65d5,2026-01-22,55,0.1799,5,23428.02,4685.604,0.0,0.0,2.0,21037.16,834,86.0,9343.12,-1.0,-1.0,0
d3af0e3f-6c8e-43fd-b62a-d477ca54c291,2026-01-22,119,0.234,5,16766.14,3353.228,0.0,0.0,0.0,0.0,641,74.25,4671.82,0.0,0.0,1
d3ceae53-5516-4152-a247-d101c45a4912,2026-01-22,1,0.8198,27,80466.11,2980.226296,3.0,8797.81,10.0,39891.39,988,17.7692,149.88,-0.717054,-0.5714,0
d3f21a44-d6a7-4183-9e3d-ca1e2f665ada,2026-01-22,2,0.3968,10,28615.2,2861.52,1.0,2115.04,3.0,18295.8,756,36.5556,2115.04,-0.869287,-0.5,0
d5357dae-eafa-48fc-9a2b-b791e7c9e85e,2026-01-22,35,0.1601,5,4974.31,994.862,0.0,0.0,1.0,1581.68,937,80.25,1581.68,-1.0,-1.0,0
d536df89-ae17-40cc-ae90-1ec234f2db3e,2026-01-22,1,0.3119,11,29261.77,2660.160909,2.0,4556.08,2.0,4556.08,1058,24.7,663.89,0.0,0.0,0
d5bde5d5-ffb3-40af-bfb0-e1fbc0fc8ac6,2026-01-22,35,0.4172,11,42405.63,3855.057273,0.0,0.0,3.0,11151.91,791,34.6,7087.86,-1.0,-1.0,0
d6235160-cff1-499b-8088-b1ef010206d2,2026-01-22,27,0.1165,4,9929.87,2482.4675,1.0,550.19,2.0,5458.59,1030,113.3333,550.19,-0.887908,0.0,0
d68104da-a018-4b47-aeb2-cb32a2380b79,2026-01-22,24,0.1687,5,15427.61,3085.522,1.0,8679.78,1.0,8679.78,889,60.25,8679.78,0.0,0.0,1
d6b350eb-48ff-4268-b8d2-d00fb5bd3417,2026-01-22,23,0.1603,5,25933.07,5186.614,2.0,17510.31,2.0,17510.31,936,74.75,8568.27,0.0,0.0,0
d6e6f2c0-9d75-46fe-a6d0-19f4998b8aa0,2026-01-22,3,0.3911,10,14705.43,1470.543,1.0,952.08,3.0,3116.0,767,53.0,952.08,0.514797,0.0,0
d74a8b02-d712-4df5-b21a-91890f17146e,2026-01-22,180,0.1118,4,10239.34,2559.835,0.0,0.0,0.0,0.0,1073,71.0,712.26,0.0,0.0,0
d768ded2-0e1f-4338-a373-8cb12093b6b9,2026-01-22,9,0.8068,33,83288.71,2523.900303,4.0,6171.92,11.0,41403.21,1227,13.6875,4224.26,-0.728197,0.0,0
d7daaa71-d5b3-4958-ac9f-03d1c8077bf4,2026-01-22,2,0.1457,6,23327.12,3887.853333,1.0,2631.2,2.0,2995.67,1235,52.0,2631.2,0.0,0.0,0
d929f86f-98cb-4302-a254-db21f53e0255,2026-01-22,60,0.2583,8,37961.02,4745.1275,0.0,0.0,2.0,7928.51,929,23.4286,3824.56,0.0,0.0,0
da7dbacc-46a8-44dc-b4c5-5e21bf437da6,2026-01-22,22,0.6683,27,64597.94,2392.516296,1.0,628.52,7.0,13123.24,1212,16.3846,628.52,-0.826846,-0.5,0
dac7247b-1af7-458e-a5b0-4c00df11636c,2026-01-22,183,0.0998,3,976.3,325.433333,0.0,0.0,0.0,0.0,902,46.0,597.91,0.0,0.0,1
db49dbe2-b046-4b0c-8d11-6e496b852270,2026-01-22,1,1.2514,37,106099.29,2867.548378,2.0,670.35,12.0,35999.36,887,13.7778,478.61,-0.949983,-0.6,0
dbc5aa6b-529c-4c91-8331-7ec33c8503bb,2026-01-22,0,0.7799,30,77603.14,2586.771333,3.0,6450.05,9.0,26545.1,1154,14.0,3311.87,-0.187786,0.0,0
dc1aef37-ddb1-4abc-a40f-974a11372fc7,2026-01-22,121,0.1163,4,12179.98,3044.995,0.0,0.0,0.0,0.0,1032,74.6667,4214.99,0.0,0.0,1
dc32c9bc-f5b1-425c-b068-0f753d9baf2f,2026-01-22,2,0.5128,18,43973.92,2442.995556,7.0,14153.22,12.0,29523.36,1053,26.2941,2477.75,0.257744,2.5,0
dcdc70f5-6a80-4b14-8487-b99c29cfcb2e,2026-01-22,3,0.4054,10,42755.31,4275.531,3.0,14048.53,5.0,26337.18,740,34.6667,5250.26,0.475029,2.0,0
ddb8a068-3cf7-4f6c-b653-fdf0d420c391,2026-01-22,64,0.1117,3,13811.47,4603.823333,0.0,0.0,2.0,13008.36,806,72.5,2330.5,0.0,0.0,0
debb1669-0087-4b21-a027-8766438b09f1,2026-01-22,6,0.3863,12,38948.56,3245.713333,2.0,3940.74,3.0,8925.44,932,41.7273,2774.14,-0.209433,1.0,0
df5f2a94-fa46-46dc-b4fc-0a08486e8118,2026-01-22,2,0.3003,9,22047.54,2449.726667,1.0,3488.88,3.0,5817.16,899,43.875,3488.88,17.677088,0.0,0
df94c0e2-bf7b-4b60-9391-80972fa8058c,2026-01-22,384,0.0249,1,1388.35,1388.35,0.0,0.0,0.0,0.0,1206,0.0,1388.35,0.0,0.0,1
e040241c-efa6-453e-8e84-6caae95e5811,2026-01-22,14,0.2266,5,14591.41,2918.282,1.0,1684.58,2.0,7222.26,662,90.25,1684.58,-0.695797,0.0,0
e05c9e8f-2852-4c9d-9c2a-756d89ba64a0,2026-01-22,3,0.9875,37,111271.63,3007.341351,4.0,13959.5,13.0,45717.42,1124,14.0278,2105.72,-0.263614,-0.2,0
e0666bd9-81b4-4c0c-aa13-af3137aaca09,2026-01-22,110,0.0509,2,10253.31,5126.655,0.0,0.0,0.0,0.0,1179,161.0,9429.33,0.0,0.0,1
e223a14f-9752-4dfc-b998-04cfae44ca10,2026-01-22,5,0.8704,32,95787.08,2993.34625,4.0,6298.95,8.0,32403.36,1103,13.9355,373.05,-0.754174,0.3333,0
e400fe49-64f8-4e45-8877-6c5fd0a7747d,2026-01-22,7,0.6295,26,67704.01,2604.000385,2.0,2400.83,7.0,21009.81,1239,17.88,1754.08,-0.788432,-0.3333,0
e408e6a2-589e-4b0f-a98f-6a5e0f9e9e53,2026-01-22,49,0.2984,11,34206.06,3109.641818,0.0,0.0,3.0,15518.62,1106,38.7,4114.47,-1.0,-1.0,0
e4636af2-ab68-4a83-a019-d77df1fa2bb5,2026-01-22,3,0.2057,6,7473.91,1245.651667,1.0,250.99,3.0,5391.86,875,86.6,250.99,-0.869089,0.0,1
e4bb3060-0e47-44a3-8558-6f24ddbc49bb,2026-01-22,59,0.0751,3,14646.89,4882.296667,0.0,0.0,1.0,1437.27,1199,19.0,1437.27,-1.0,-1.0,0
e51c365e-179f-4c2e-92f5-bc4c2fc6282a,2026-01-22,1,0.6954,29,78582.5,2709.741379,6.0,14494.43,12.0,47944.43,1251,15.2143,812.39,14.119942,5.0,0
e61ddcc6-8917-49aa-b93d-ba7a21702a71,2026-01-22,14,0.1815,4,9461.94,2365.485,1.0,2881.75,1.0,2881.75,661,136.3333,2881.75,0.0,0.0,1
e630e7cb-c24b-49e2-af83-702facb0c4b9,2026-01-22,23,0.303,10,43862.22,4386.222,1.0,11694.04,3.0,17040.44,990,34.5556,11694.04,56.79401,0.0,0
e63160b3-9636-4ddf-b7f6-a843aef7e599,2026-01-22,37,0.1869,6,30464.81,5077.468333,0.0,0.0,1.0,7721.78,963,48.0,7721.78,-1.0,-1.0,0
e74c4bf9-90b2-4723-8b21-9af623c5b124,2026-01-22,12,1.1982,27,94112.72,3485.656296,3.0,18359.49,13.0,58483.6,676,16.1154,6231.75,0.495763,-0.4,0
e818ffda-4cf8-4137-92f5-f73ec2be9aac,2026-01-22,6,0.4383,9,27987.99,3109.776667,2.0,9299.51,4.0,11513.87,616,38.75,5413.91,3.520404,1.0,0
e85ec7b9-dc33-474f-b99d-d8ce41ac3c81,2026-01-22,9,0.2037,8,28728.91,3591.11375,2.0,1586.85,5.0,20476.92,1178,47.0,53.48,-0.867531,0.0,0
e9152f33-f58e-4690-a02f-18066572acda,2026-01-22,5,0.5604,17,48353.58,2844.328235,2.0,7306.05,6.0,25563.59,910,23.875,497.92,-0.599834,-0.5,0
e9afc85a-81e7-4518-a4f2-c3650f0c8105,2026-01-22,15,0.3286,7,16510.07,2358.581429,2.0,6370.98,3.0,7178.16,639,59.3333,1940.69,0.0,0.0,0
eb632b3d-7715-4810-ac99-01c19831c220,2026-01-22,26,0.3158,10,29462.01,2946.201,1.0,5372.68,3.0,13197.8,950,52.1111,5372.68,0.0,0.0,0
ebbc4745-0985-45f9-b142-3002a577acc3,2026-01-22,10,0.1462,6,12994.08,2165.68,1.0,1004.8,3.0,6832.99,1231,58.4,1004.8,-0.766224,0.0,0
ebe34170-88a5-4097-a231-ec6187114560,2026-01-22,22,0.3139,7,25599.53,3657.075714,1.0,3600.45,3.0,10149.95,669,56.8333,3600.45,1.397455,0.0,0
ec0b1685-64bd-41e0-8aa1-e25e3abe480b,2026-01-22,16,0.3158,11,33234.03,3021.275455,1.0,2477.75,4.0,11511.5,1045,41.4,2477.75,-0.695601,-0.5,0
ec140a91-94c2-46b5-90c6-215cbcc0402e,2026-01-22,1,0.1497,5,7938.52,1587.704,2.0,6128.76,2.0,6128.76,1002,90.5,712.26,0.0,0.0,0
ec6b856d-40f2-41ed-a20b-7af257224723,2026-01-22,32,0.1718,7,36038.23,5148.318571,0.0,0.0,2.0,6624.59,1222,67.5,3152.68,-1.0,-1.0,0
ecee2fcb-7259-46bb-a6a3-c2683069ec25,2026-01-22,1,0.3364,11,30021.09,2729.19,2.0,5686.52,5.0,16317.78,981,20.1,124.35,0.464028,1.0,0
ed2171b1-c19b-4e0d-8734-299f1f997a16,2026-01-22,21,0.4138,14,43993.22,3142.372857,1.0,1195.82,2.0,12536.39,1015,21.9231,1195.82,0.0,0.0,0
ed3be97a-9e98-4ace-ba11-f1c0e145bfd5,2026-01-22,55,0.1609,6,19601.95,3266.991667,0.0,0.0,3.0,1974.61,1119,49.6,828.02,-1.0,-1.0,1
ed43e4c6-255f-4de8-9134-6d5542faa41b,2026-01-22,273,0.0278,1,1657.59,1657.59,0.0,0.0,0.0,0.0,1080,0.0,1657.59,0.0,0.0,0
eddc4ec7-f3d1-445e-8c5f-3f767fd5305e,2026-01-22,0,0.2885,8,34713.12,4339.14,1.0,3946.79,2.0,7950.99,832,51.2857,3946.79,0.0,0.0,0
edf4822d-49a2-4ae7-95c1-975b85069210,2026-01-22,21,0.3664,9,16636.09,1848.454444,2.0,1994.77,4.0,3008.14,737,57.75,1655.93,1.669696,1.0,0
efa9353f-2d88-426a-a592-e6a1f87c7b1b,2026-01-22,96,0.3307,7,26124.55,3732.078571,0.0,0.0,0.0,0.0,635,51.8333,3748.55,0.0,0.0,0
efab3272-7cfc-44f1-b229-26bfde116eb8,2026-01-22,37,0.0683,2,5105.67,2552.835,0.0,0.0,1.0,2485.73,878,70.0,2485.73,-1.0,-1.0,1
f17f8b99-61d1-4e7b-a6d3-4d0334235cc5,2026-01-22,0,0.213,7,32101.95,4585.992857,1.0,3019.68,4.0,26241.68,986,64.0,3019.68,-0.78937,-0.5,0
f201cdf9-cb7c-4b4b-8da0-68bccc439429,2026-01-22,11,1.2108,27,76983.84,2851.253333,2.0,1454.48,7.0,28712.13,669,17.1923,571.37,-0.941617,-0.5,0
f21b3e42-ab75-442f-8649-bca6bf44c9d8,2026-01-22,82,0.1048,3,8304.32,2768.106667,0.0,0.0,1.0,4714.66,859,115.0,4714.66,0.0,0.0,0
f223cb41-eede-43d3-bafb-311ac6aab7d7,2026-01-22,8,0.1508,5,12814.18,2562.836,1.0,487.43,3.0,7765.68,995,119.5,487.43,-0.826089,0.0,0
f288b108-b674-41c7-91d6-0f5fdb761b37,2026-01-22,4,0.2727,11,31759.03,2887.184545,7.0,24910.1,7.0,24910.1,1210,35.9,868.56,0.0,0.0,0
f2c6c870-59a5-4df4-8f5a-85d42b868208,2026-01-22,34,0.1944,6,12998.97,2166.495,0.0,0.0,2.0,2914.24,926,59.6,1427.65,-1.0,-1.0,1
f311db56-da65-41a9-a889-888c821ca32c,2026-01-22,3,0.3285,9,19314.99,2146.11,2.0,3476.57,3.0,8914.39,822,38.0,1523.88,-0.360668,1.0,0
f3d3da1e-a146-45f1-bea7-4e9b3d5e991e,2026-01-22,17,0.4857,13,55567.37,4274.413077,2.0,5693.14,7.0,35528.55,803,38.0,454.48,-0.809182,-0.6,0
f5905fb3-1b37-4afd-80b2-3e6bb136b5b1,2026-01-22,13,0.1459,6,24698.5,4116.416667,1.0,2400.36,3.0,15228.48,1234,64.4,2400.36,-0.238629,0.0,0
f5f339bf-3ab5-4a2e-916f-2db044568f67,2026-01-22,5,0.6914,23,74445.14,3236.745217,5.0,27122.25,11.0,50406.02,998,21.6364,3488.88,1.47194,0.0,0
f5f5a8ec-4cbe-4541-a494-d455225a8197,2026-01-22,7,0.2311,6,13633.66,2272.276667,1.0,2477.75,2.0,3772.83,779,78.4,2477.75,0.913202,0.0,0
f6176f19-c718-4746-9808-d110ecf53a50,2026-01-22,12,0.663,16,42095.58,2630.97375,3.0,10786.66,4.0,14118.75,724,28.5333,4985.4,2.237205,2.0,0
f631940b-26c5-4144-a328-f2b93f3b2f7e,2026-01-22,4,0.1989,7,20441.58,2920.225714,2.0,2587.55,4.0,13951.69,1056,64.5,1655.93,0.0,0.0,0
f6a6bafb-8098-4f2d-ae6d-689b77c84f2b,2026-01-22,44,0.559,12,40313.83,3359.485833,0.0,0.0,3.0,10820.58,644,28.7273,3788.81,-1.0,-1.0,0
f6c06ee2-7826-4de2-af26-9b9143bd5efb,2026-01-22,1,0.2682,7,15317.61,2188.23,1.0,3492.34,1.0,3492.34,783,50.3333,3492.34,0.0,0.0,0
f7f8a1f5-9b44-44c8-815c-2d04067a6cff,2026-01-22,64,0.0642,2,7722.61,3861.305,0.0,0.0,1.0,4146.62,934,158.0,4146.62,0.0,0.0,0
f819f234-f7a8-41f3-8b26-732ac35c4d0b,2026-01-22,6,0.3824,9,10548.27,1172.03,2.0,2365.52,2.0,2365.52,706,56.0,1655.43,0.0,0.0,0
f8435633-4f8d-462d-872a-e6a541d39872,2026-01-22,3,0.388,16,38020.24,2376.265,4.0,8104.36,4.0,8104.36,1237,28.0,993.26,0.0,0.0,0
f8a3ae68-a437-491d-b88b-abad9164379f,2026-01-22,15,1.2602,31,87593.05,2825.582258,4.0,9364.43,5.0,12804.7,738,15.9,1978.87,1.722004,3.0,0
f993e083-a536-4e9d-9432-b34fc52500a4,2026-01-22,45,0.0495,2,8928.35,4464.175,0.0,0.0,1.0,3365.42,1213,175.0,3365.42,-1.0,-1.0,0
fb5d70c0-f7cf-4096-a606-58d8efdd864b,2026-01-22,298,0.0343,1,497.92,497.92,0.0,0.0,0.0,0.0,874,0.0,497.92,0.0,0.0,0
fc625523-78f4-4bf4-920a-ec3d6bf61de9,2026-01-22,28,0.3158,11,46950.27,4268.206364,1.0,1007.24,6.0,35577.03,1045,30.8,1007.24,-0.959789,-0.6667,0
fc90d768-4902-4267-aee4-185b5584cee7,2026-01-22,62,0.7128,23,52824.03,2296.696957,0.0,0.0,3.0,11506.18,968,13.9091,1754.75,0.0,0.0,0
fd071015-793c-469e-bc3a-2f94a20f8f62,2026-01-22,19,0.1442,5,19502.97,3900.594,1.0,116.39,3.0,10021.46,1040,83.25,116.39,-0.977782,0.0,0
fdbf5f6b-5e04-401e-b01c-dadaea29b6bf,2026-01-22,83,0.1915,6,6488.98,1081.496667,0.0,0.0,1.0,1611.74,940,42.8,1611.74,0.0,0.0,0
feb9f5f4-bed9-4b39-bb94-062fa9706005,2026-01-22,12,0.7762,23,81684.35,3551.493478,2.0,5018.86,6.0,15680.41,889,21.3182,2158.66,-0.231843,-0.3333,0
fec6b81b-c723-45e8-a11f-75a4cb6a1381,2026-01-22,8,0.8066,26,72558.97,2790.729615,5.0,14403.93,8.0,27706.25,967,15.56,135.85,0.377103,1.5,0
ff29a3b3-fb27-44ad-8dcc-9551fb3c7420,2026-01-22,0,1.3693,33,119425.29,3618.948182,3.0,4980.29,9.0,37191.71,723,15.6875,331.95,-0.845387,-0.5,0
ffb862d5-c41a-4b47-8ccf-b781447c9d8f,2026-01-22,9,0.3416,12,19247.77,1603.980833,3.0,3309.8,4.0,7392.91,1054,31.1818,197.17,-0.189392,2.0,0
ffc7534a-f026-4ccd-94d9-540e6abbb59f,2026-01-22,35,0.1752,4,19807.23,4951.8075,0.0,0.0,2.0,12768.61,685,69.0,11340.57,-1.0,-1.0,0
fffb4a19-e27c-48c5-9b1d-d72cf9f00485,2026-01-22,29,0.1979,5,11887.71,2377.542,1.0,275.09,1.0,275.09,758,39.75,275.09,0.0,0.0,0
0011d3f4-9e5e-47b6-a93a-e2d8f694b972,2026-02-21,0,0.1832,5,6440.54,1288.108,1.0,572.04,2.0,3503.43,819,44.75,572.04,0.0,0.0,0
008e597a-3a9f-4d40-9452-50852330ae26,2026-02-21,9,0.0758,2,2176.17,1088.085,1.0,896.87,1.0,896.87,792,247.0,896.87,0.0,0.0,1
00acfd4d-b8a4-441a-b965-3c900cea01a1,2026-02-21,20,0.4969,16,61724.44,3857.7775,1.0,4449.73,2.0,4521.93,966,28.3333,4449.73,0.0,0.0,0
01a1b558-e312-42e2-ae36-718f30634861,2026-02-21,49,0.0986,3,12526.33,4175.443333,0.0,0.0,2.0,8924.15,913,145.5,2622.11,-1.0,-1.0,0
027e2c71-76f6-44d8-b214-51097fc3e605,2026-02-21,8,1.372,30,52774.99,1759.166333,5.0,5773.86,8.0,8938.78,656,16.2414,3946.79,5.071165,4.0,0
02cb9a9f-5819-466a-91e5-0f9a44b9fa1f,2026-02-21,106,0.1255,3,10672.1,3557.366667,0.0,0.0,0.0,0.0,717,63.0,3782.67,0.0,0.0,1
033361ce-6653-4ee7-bee4-3fdbd06887c9,2026-02-21,3,0.3533,11,20225.49,1838.680909,1.0,2325.92,5.0,11738.06,934,38.7,2325.92,-0.545477,-0.6667,0
03d535e6-bab9-4699-93ff-729d55e623f0,2026-02-21,19,0.4818,15,32876.65,2191.776667,2.0,6126.56,7.0,14155.22,934,27.0714,3248.34,7.825607,1.0,0
0443c1b9-9e56-4bed-b673-1441efe40f38,2026-02-21,35,0.2907,10,27357.09,2735.709,0.0,0.0,3.0,11607.32,1032,35.1111,615.39,-1.0,-1.0,0
050980d5-34a4-4416-b487-3ba57e340fdf,2026-02-21,10,0.1092,4,11221.17,2805.2925,1.0,602.88,1.0,602.88,1099,93.3333,602.88,0.0,0.0,0
05f197bf-0bdd-44a5-84bb-1878a08666b6,2026-02-21,10,0.9645,38,82150.68,2161.86,4.0,7373.12,12.0,27558.51,1182,12.1892,2764.19,-0.313849,-0.2,0
066b0bf5-5f5a-4c95-a709-b1fc1d059f94,2026-02-21,9,1.0102,33,95191.35,2884.586364,6.0,3822.29,14.0,41038.13,980,14.3438,401.92,-0.778356,0.2,0
06771e16-c89d-4440-9d23-12b982301e00,2026-02-21,13,0.3204,11,38989.23,3544.475455,1.0,5262.39,4.0,22159.86,1030,40.2,5262.39,-0.296106,0.0,0
068558eb-c240-4257-b396-30612707de8b,2026-02-21,11,0.083,3,4735.96,1578.653333,1.0,1440.87,3.0,4735.96,1084,29.5,1440.87,-0.524294,0.0,0
0764549c-3b40-4380-90ba-91c25c507f32,2026-02-21,82,0.0251,1,3489.89,3489.89,0.0,0.0,1.0,3489.89,1194,0.0,3489.89,0.0,0.0,0
0833337f-d730-49c9-98d3-adc98d0ffdd5,2026-02-21,2,0.2662,10,21139.2,2113.92,1.0,5969.41,3.0,9522.65,1127,43.7778,5969.41,1.879405,0.0,0
08667cf4-ac3a-45ee-a2ce-c49435d37bd6,2026-02-21,321,0.0926,2,1819.54,909.77,0.0,0.0,0.0,0.0,648,83.0,1065.14,0.0,0.0,0
0915900f-d22e-42b0-8e9e-810e55498a13,2026-02-21,3,0.9122,36,94239.37,2617.760278,2.0,2288.31,5.0,5164.87,1184,13.0286,1230.79,-0.204498,-0.3333,0
091ba1e5-58cf-4e6c-badc-17dbe89dea69,2026-02-21,1,1.1062,42,107705.58,2564.418571,5.0,12036.37,12.0,29935.98,1139,13.0976,1615.69,-0.294158,-0.1667,0
097828d9-6691-4ec3-9ba8-624b866da2cf,2026-02-21,4,0.2748,6,12951.71,2158.618333,1.0,1766.23,3.0,6104.0,655,65.6,1766.23,-0.592825,-0.5,0
099dc7e9-7010-498d-a042-18b5e023a832,2026-02-21,49,0.123,3,6077.02,2025.673333,0.0,0.0,1.0,279.97,732,96.5,279.97,-1.0,-1.0,0
09c23830-7cee-4f7c-94cb-8d5486ccf53f,2026-02-21,281,0.087,3,7553.96,2517.986667,0.0,0.0,0.0,0.0,1034,40.0,2187.36,0.0,0.0,0
0b56c7b0-943b-425a-b6dc-6ab9f4e721ae,2026-02-21,270,0.118,3,4272.74,1424.246667,0.0,0.0,0.0,0.0,763,52.0,499.42,0.0,0.0,0
0b94772b-0571-4308-92cc-ac6baf2ac02b,2026-02-21,9,0.6189,21,81188.7,3866.128571,2.0,5931.11,5.0,16203.81,1018,23.7,4214.99,-0.100174,0.0,0
0c75c934-71c3-45ff-9de2-91babfa75c3f,2026-02-21,55,0.324,10,29481.17,2948.117,0.0,0.0,2.0,4524.58,926,36.7778,4146.62,-1.0,-1.0,0
0c9d8d71-baa9-4ddf-936f-0c9137dc6dc6,2026-02-21,27,0.128,5,13110.98,2622.196,1.0,5268.74,1.0,5268.74,1172,89.25,5268.74,0.0,0.0,0
0d0e2d20-27bb-4c93-9f8f-b7710b37194a,2026-02-21,24,0.4466,17,73520.77,4324.751176,1.0,3419.92,3.0,10615.14,1142,27.875,3419.92,-0.524696,-0.5,0
0d5cae3a-3f1a-4ef0-b794-ba9364aaff19,2026-02-21,18,0.1684,5,9383.48,1876.696,1.0,2266.4,2.0,4243.78,891,77.25,2266.4,0.146163,0.0,0
0e76c917-2eca-40e2-9cbd-346ac241a7fa,2026-02-21,4,0.3137,11,28073.55,2552.140909,2.0,3135.91,5.0,16093.22,1052,27.5,970.35,2.931239,1.0,0
0e79db9e-6873-435b-b29c-9f8be3977517,2026-02-21,181,0.1003,4,13203.99,3300.9975,0.0,0.0,0.0,0.0,1196,67.3333,5262.39,0.0,0.0,1
0e83066e-d18a-4165-9e12-fbcb5945fbb6,2026-02-21,4,0.283,9,23234.3,2581.588889,3.0,4900.16,5.0,15284.05,954,43.625,1640.79,0.201921,2.0,0
108df563-ddcd-4802-83f7-6f5da40664d0,2026-02-21,9,0.372,11,34762.77,3160.251818,2.0,7494.37,3.0,8315.67,887,32.2,3602.18,0.0,0.0,0
10cb2e84-0bd1-4b29-8db3-06ae3488789d,2026-02-21,61,0.3755,9,27968.0,3107.555556,0.0,0.0,1.0,1292.25,719,57.875,1292.25,0.0,0.0,0
10eff7e3-344e-4e74-9346-9551c1372c30,2026-02-21,6,0.0337,1,844.85,844.85,1.0,844.85,1.0,844.85,890,0.0,844.85,0.0,0.0,0
113fc32a-23b9-4b41-82f4-df6c2b1ae4ae,2026-02-21,64,0.3088,13,41701.67,3207.820769,0.0,0.0,1.0,6155.87,1263,29.5,6155.87,0.0,0.0,0
118ee786-a564-468b-9121-6d099423827f,2026-02-21,12,0.141,5,18465.38,3693.076,1.0,1030.41,2.0,3833.5,1064,84.25,1030.41,-0.632402,0.0,0
119de36d-41b2-4136-a3a2-0b81cfcdf6f9,2026-02-21,4,0.391,11,48251.67,4386.515455,2.0,7440.31,3.0,9600.63,844,43.7,4905.76,0.0,0.0,0
121edff8-dfb7-4758-a559-7855430672f3,2026-02-21,8,0.5015,11,39351.87,3577.442727,1.0,3946.79,2.0,6044.48,658,41.1,3946.79,0.881493,0.0,0
12be2694-e03e-4703-878e-8ce9ad582cf1,2026-02-21,13,0.1726,7,19793.45,2827.635714,1.0,701.63,2.0,4559.67,1217,79.6667,701.63,0.0,0.0,0
12e7bad8-8e3d-4196-ba8d-b9d49a184b70,2026-02-21,20,0.1313,4,10276.12,2569.03,2.0,7909.97,3.0,9245.71,914,55.3333,5032.81,0.0,0.0,1
13995ae9-c50f-4813-b0ba-6e044fe0b9ef,2026-02-21,27,0.4264,14,49249.89,3517.849286,1.0,2881.75,2.0,3180.71,985,34.3846,2881.75,8.639249,0.0,0
13b4e054-f5c9-4aaa-adb2-89ae2ad3a8bb,2026-02-21,5,0.2533,9,16659.01,1851.001111,4.0,4029.1,4.0,4029.1,1066,51.0,487.43,0.0,0.0,0
13d8502b-672a-495d-a3f4-30157008db99,2026-02-21,4,0.2742,7,18549.05,2649.864286,2.0,1772.82,2.0,1772.82,766,59.5,1440.87,0.0,0.0,0
1445cd5d-91a8-417f-b07d-805a30ad7fb7,2026-02-21,2,0.4225,14,48362.42,3454.458571,2.0,5269.51,6.0,19822.83,994,30.6154,2881.75,-0.52345,1.0,0
1686f723-a337-4bf4-aedd-21d353bffde6,2026-02-21,201,0.1301,3,4642.16,1547.386667,0.0,0.0,0.0,0.0,692,80.5,250.99,0.0,0.0,0
1762b46f-b7ef-481c-9e0b-7e6d2033bcf4,2026-02-21,11,1.9369,43,118756.87,2761.787674,5.0,4470.56,15.0,26644.35,666,12.5952,685.23,-0.605114,-0.2857,0
1790c003-10df-448c-b85d-1632f261eb08,2026-02-21,75,0.1653,4,13076.64,3269.16,0.0,0.0,1.0,4800.21,726,112.6667,4800.21,0.0,0.0,1
17d5d2f7-ff1a-4530-9773-24b87d304797,2026-02-21,25,0.0761,3,9311.14,3103.713333,1.0,539.95,2.0,8016.06,1183,46.5,539.95,-0.927777,0.0,0
1838dbf6-d8cf-43f5-bebd-974415618eb5,2026-02-21,169,0.0291,1,3532.45,3532.45,0.0,0.0,0.0,0.0,1031,0.0,3532.45,0.0,0.0,0
18f1b310-96f4-4c2e-b99b-5b091b3e0999,2026-02-21,20,0.3579,11,31168.36,2833.487273,1.0,1428.12,3.0,3627.16,922,23.7,1428.12,1.275961,0.0,0
1948ea27-1b6a-4dd3-8c99-b399dcf88ed3,2026-02-21,12,0.6407,17,43364.79,2550.87,1.0,1600.24,4.0,10374.67,796,20.1875,1600.24,-0.77637,-0.5,0
1a467aee-8d4c-4127-8afb-fde18c339771,2026-02-21,11,0.5573,18,47962.21,2664.567222,1.0,63.91,3.0,1424.25,969,24.7059,63.91,-0.953019,-0.5,0
1a980af4-4a6b-40eb-a9a0-f4ffc25c68aa,2026-02-21,2,0.4845,13,39257.65,3019.819231,4.0,6357.09,4.0,6357.09,805,36.4167,3924.61,0.0,0.0,1
1b167ea1-66cf-416e-82fc-b6448dbddf75,2026-02-21,30,0.3545,11,33004.08,3000.370909,0.0,0.0,2.0,2845.06,931,30.1,1586.28,-1.0,-1.0,0
1b1ed7c2-6b3b-4ab2-9092-bb1c6ed900ba,2026-02-21,16,0.1951,5,10798.39,2159.678,1.0,4449.73,1.0,4449.73,769,85.25,4449.73,0.0,0.0,0
1c22a6c4-3de0-4f96-b62a-3a6edbbaf732,2026-02-21,2,1.0417,40,90246.77,2256.16925,5.0,8439.18,8.0,18787.32,1152,12.5641,432.08,0.282942,4.0,0
1fff1144-0a72-44bd-ae41-900fd84b9dec,2026-02-21,10,0.7125,28,107250.37,3830.370357,3.0,6081.14,9.0,35684.69,1179,18.0741,4449.73,-0.376268,0.0,0
20538050-69a2-4a47-9dd1-b9142fb76c57,2026-02-21,40,0.1779,6,8541.0,1423.5,0.0,0.0,2.0,2781.63,1012,60.0,1162.96,-1.0,-1.0,0
2068266d-f715-474b-b293-1caa9d9e7b74,2026-02-21,48,0.1304,4,2699.97,674.9925,0.0,0.0,1.0,989.44,920,66.0,989.44,-1.0,-1.0,0
20791844-68d1-4c47-8940-96e45daf918f,2026-02-21,5,0.975,39,96297.67,2469.171026,3.0,2533.38,14.0,31974.16,1200,13.7105,749.39,-0.84106,-0.625,0
20862386-94e2-45f7-815a-43c7bc2f2b60,2026-02-21,83,0.2037,8,38232.08,4779.01,0.0,0.0,1.0,7771.19,1178,27.5714,7771.19,0.0,0.0,1
21a51334-c936-4d66-b3de-22e7b162ade5,2026-02-21,53,0.2292,9,24697.06,2744.117778,0.0,0.0,3.0,9456.05,1178,51.25,2798.6,-1.0,-1.0,0
21b8e2ff-2ce2-406c-82b9-dd2073e3fc63,2026-02-21,72,0.0789,3,16019.67,5339.89,0.0,0.0,1.0,6664.18,1141,66.5,6664.18,0.0,0.0,0
2259bbe9-5f76-414c-ac70-cb078652ec8b,2026-02-21,36,0.0675,2,5105.38,2552.69,0.0,0.0,1.0,2643.8,889,350.0,2643.8,-1.0,-1.0,1
2277c61c-6a77-4651-9d4b-9cccf937b007,2026-02-21,75,0.1087,4,12143.59,3035.8975,0.0,0.0,1.0,4247.83,1104,142.6667,4247.83,0.0,0.0,0
229edd85-4113-4b2a-be5b-1cc986fd5173,2026-02-21,0,1.2167,32,84373.77,2636.680313,4.0,3238.79,14.0,32828.52,789,13.0968,230.16,-0.761326,-0.2,0
22c9e11f-8a46-446c-a948-06b756976159,2026-02-21,84,0.3488,11,33260.04,3023.64,0.0,0.0,1.0,2181.18,946,39.9,2181.18,0.0,0.0,0
2576b737-f022-4e9c-8640-a88226cea0ff,2026-02-21,5,1.2931,35,99346.67,2838.476286,5.0,8200.86,16.0,45519.03,812,13.1765,663.89,-0.60161,-0.2857,0
267963b4-ed35-41d7-b2ce-cc6088afbd06,2026-02-21,20,0.2592,8,26585.29,3323.16125,1.0,5699.87,3.0,17487.72,926,34.1429,5699.87,2.05646,0.0,0
27121f78-6ac9-48b9-bd1d-14e1b17b0217,2026-02-21,20,0.3385,11,27533.86,2503.078182,1.0,3379.4,4.0,17972.39,975,39.6,3379.4,8.518096,0.0,0
272c06ef-927d-483b-b924-350e81ee8dfe,2026-02-21,1,0.2538,10,25453.0,2545.3,3.0,6504.24,5.0,12702.73,1182,40.3333,1245.67,0.0,0.0,0
27415395-c694-42d4-a2b5-04dfddb578f5,2026-02-21,38,0.2819,12,34072.87,2839.405833,0.0,0.0,2.0,7001.68,1277,41.4545,754.4,-1.0,-1.0,0
274dc0d8-8ff4-4a0e-a6cd-722b3eed949b,2026-02-21,245,0.0404,1,403.44,403.44,0.0,0.0,0.0,0.0,742,0.0,403.44,0.0,0.0,1
28db185a-0491-429f-bcbf-840c74d94b1e,2026-02-21,156,0.0733,2,1190.78,595.39,0.0,0.0,0.0,0.0,819,198.0,69.99,0.0,0.0,0
28e3eb2f-4e60-491c-8ecf-9260a4a4ced4,2026-02-21,8,0.8557,34,118972.65,3499.195588,4.0,10368.12,10.0,40359.25,1192,13.6061,5015.27,1.820789,1.0,0
28fe8878-f7c1-4a80-9dc8-ab4bf2bbd40a,2026-02-21,55,0.2963,8,20133.82,2516.7275,0.0,0.0,1.0,2931.39,810,44.0,2931.39,-1.0,-1.0,0
29da7f9b-7059-4c90-999f-3737f7557ee5,2026-02-21,14,0.1674,5,9849.1,1969.82,1.0,106.95,2.0,3953.14,896,83.5,106.95,0.0,0.0,1
2b7d87b4-19c8-4ef8-88c3-9bc34019b9ea,2026-02-21,139,0.0812,3,7362.06,2454.02,0.0,0.0,0.0,0.0,1109,88.5,2274.18,0.0,0.0,0
2c1bec68-3786-4dae-bb18-e5be2c55ad92,2026-02-21,14,0.0789,3,10164.74,3388.246667,1.0,5015.27,2.0,8840.4,1140,188.0,5015.27,0.0,0.0,0
2c3ca1b8-7c76-4a4c-80bf-5314fb7f22ae,2026-02-21,4,0.468,20,57277.54,2863.877,3.0,7746.45,6.0,17672.5,1282,26.4211,4331.12,-0.219584,0.0,0
2c513a38-ffd7-477a-8bc7-7f96f8b9ca38,2026-02-21,93,0.1387,3,11957.61,3985.87,0.0,0.0,0.0,0.0,649,122.0,6214.66,0.0,0.0,0
2d2d74d8-47ee-4fdd-a00f-61966c2b1b25,2026-02-21,407,0.0346,1,2202.35,2202.35,0.0,0.0,0.0,0.0,867,0.0,2202.35,0.0,0.0,0
2e532847-959f-4087-bd6e-85a52170ee01,2026-02-21,2,0.2891,9,15681.07,1742.341111,1.0,1699.8,2.0,3360.69,934,38.875,1699.8,0.023427,0.0,0
2fcab125-0690-4478-91f9-6c3b3e5eada3,2026-02-21,3,0.1342,5,3995.63,799.126,1.0,1023.86,2.0,1348.81,1118,86.5,1023.86,2.150823,0.0,1
2fd49fb9-c8b2-4ec3-b38c-a061a73e1168,2026-02-21,8,0.4442,13,35537.68,2733.667692,3.0,8203.85,4.0,12183.67,878,35.5,4121.63,0.0,0.0,0
2fdb2470-7bb8-4ff4-90ef-b13139714701,2026-02-21,26,0.6291,16,47059.09,2941.193125,2.0,1075.01,6.0,11738.24,763,29.5333,230.16,-0.094423,0.0,0
30234645-3e34-4245-a4e4-e0e65a95e222,2026-02-21,31,0.4571,11,16489.44,1499.04,0.0,0.0,1.0,1133.2,722,32.2,1133.2,-1.0,-1.0,0
3137607b-7cb7-42f6-bf45-44b8618d38d2,2026-02-21,4,0.7612,17,40625.58,2389.74,2.0,6258.44,6.0,14125.95,670,29.125,3097.19,0.383723,0.0,0
3172cd4d-4c75-477f-b250-b797860fb889,2026-02-21,45,0.0745,2,6060.61,3030.305,0.0,0.0,2.0,6060.61,805,39.0,2649.34,-1.0,-1.0,0
31e4bcb5-1a69-45eb-a2c7-5bfa73cdfca1,2026-02-21,10,0.8743,35,84605.57,2417.302,4.0,4991.64,13.0,33186.31,1201,11.6471,685.23,-0.360273,0.0,0
32ab5f7d-2c86-49a3-b8c6-009538e6624d,2026-02-21,1,0.62,18,52315.54,2906.418889,4.0,16074.11,7.0,23431.09,871,29.4706,5096.18,4.018361,1.0,0
334ea671-bdee-4328-983b-35a799b372d6,2026-02-21,7,0.3064,13,39147.58,3011.352308,3.0,5289.85,4.0,18750.43,1273,37.5,127.83,0.0,0.0,0
3378475b-b350-4593-9546-01468d85dcd8,2026-02-21,85,0.4418,10,13978.98,1397.898,0.0,0.0,2.0,3693.34,679,32.0,2916.51,0.0,0.0,0
33879d3b-ca28-410e-9d37-7a429d1c33aa,2026-02-21,13,0.2985,10,19536.1,1953.61,2.0,3073.14,4.0,9002.18,1005,58.2222,809.93,5.935858,1.0,0
33ee3ff1-854d-447c-b205-31e8f43b9b20,2026-02-21,5,0.2346,7,20875.65,2982.235714,1.0,2774.14,2.0,5482.38,895,71.8333,2774.14,0.0,0.0,0
342211c4-67cb-41aa-92dd-fdfb475efd26,2026-02-21,74,0.1138,3,9880.17,3293.39,0.0,0.0,2.0,7543.56,791,95.0,430.75,0.0,0.0,0
34a16a66-821a-489f-8fc2-67d38c8256d4,2026-02-21,22,0.3884,13,49252.26,3788.635385,1.0,2477.75,5.0,20284.55,1004,35.1667,2477.75,1.12845,0.0,0
34a5889e-5833-48a0-a0ba-44d9c14b5e71,2026-02-21,217,0.0813,2,2292.27,1146.135,0.0,0.0,0.0,0.0,738,90.0,1428.12,0.0,0.0,0
34f539cb-584e-4259-ac9f-44e6d5484ebf,2026-02-21,11,1.5729,41,105894.03,2582.78122,4.0,5345.91,14.0,30649.31,782,11.975,1420.97,-0.102831,-0.2,0
34fc1ab3-f5c6-4545-9ba9-158e780f74bd,2026-02-21,5,0.4178,15,26725.52,1781.701333,2.0,4400.03,6.0,8603.18,1077,30.7143,1302.84,0.435619,0.0,0
36526e5e-f875-4c3e-a8d6-c50ede833ade,2026-02-21,18,0.6383,16,49517.58,3094.84875,2.0,4498.08,5.0,10426.74,752,28.8,421.14,1.001495,0.0,0
376ee9f0-6491-4a85-888a-05e690a5e05f,2026-02-21,43,0.0683,2,6739.64,3369.82,0.0,0.0,1.0,2013.12,878,379.0,2013.12,-1.0,-1.0,0
3773055e-a1f8-4fba-8846-a4b4eca5c2b7,2026-02-21,0,0.5412,14,30677.91,2191.279286,2.0,396.36,8.0,12567.74,776,30.0,279.97,-0.9592,-0.5,0
37d5df97-0c87-4376-9107-d798341f0602,2026-02-21,66,0.0972,4,16029.0,4007.25,0.0,0.0,1.0,6419.44,1234,52.6667,6419.44,0.0,0.0,0
3907704e-d22a-40f9-9591-9c06dfc1b6d2,2026-02-21,3,1.0065,36,76110.02,2114.167222,4.0,7721.7,11.0,16504.87,1073,14.1429,3183.81,0.105586,-0.2,0
399ee9ba-2674-41aa-a50a-7b370668b523,2026-02-21,16,0.3155,10,43423.68,4342.368,1.0,323.14,3.0,14371.35,951,39.6667,323.14,0.0,0.0,0
3a2f88d5-e75e-4285-9b59-ed2b46276d42,2026-02-21,63,0.1467,6,25160.63,4193.438333,0.0,0.0,2.0,11116.46,1227,50.4,10832.99,0.0,0.0,0
3a4a12e8-a3c4-4fe3-a0bc-ed28dee70ff0,2026-02-21,4,0.3251,11,22178.43,2016.220909,1.0,4947.18,3.0,8084.11,1015,39.3,4947.18,1.88277,0.0,0
3a8f7a32-89b6-42d8-b99a-bc1041025065,2026-02-21,26,0.1281,5,11245.74,2249.148,1.0,1657.59,3.0,5024.8,1171,117.0,1657.59,0.0,0.0,1
3b80de3a-118c-4393-9d4e-1994031e22b9,2026-02-21,9,0.497,11,23057.38,2096.125455,3.0,10509.73,6.0,15215.22,664,32.1,1245.67,28.957614,2.0,0
3bd0dd5d-7d24-48da-856a-69e393e5e5b9,2026-02-21,63,0.2921,10,26193.94,2619.394,0.0,0.0,2.0,7196.08,1027,39.8889,5553.48,0.0,0.0,0
3cc7350b-72e0-4990-a2f4-79f0e19bfe72,2026-02-21,7,0.9026,38,125177.75,3294.151316,3.0,9053.18,7.0,32843.18,1263,13.3514,1775.24,-0.196342,0.5,0
3ce5849f-19ca-4eca-8a46-e4a3b8828dc2,2026-02-21,48,0.1789,6,20310.33,3385.055,0.0,0.0,1.0,2966.07,1006,78.4,2966.07,-1.0,-1.0,0
3d036612-3ff3-451e-a921-d163e55b4c30,2026-02-21,22,0.3857,14,41316.76,2951.197143,1.0,2477.75,3.0,10990.41,1089,27.3846,2477.75,-0.412549,0.0,0
3da770f9-a532-48df-a2e4-cf550c263161,2026-02-21,39,0.5402,13,42727.57,3286.736154,0.0,0.0,1.0,3173.44,722,28.6667,3173.44,-1.0,-1.0,0
3de6f533-5503-4109-875b-33f40109353f,2026-02-21,17,0.3914,14,46338.65,3309.903571,1.0,2774.14,3.0,13642.84,1073,35.8462,2774.14,0.0,0.0,0
3e80243e-ed4d-46b5-a4ec-9aa1107c32da,2026-02-21,33,0.6137,17,51179.0,3010.529412,0.0,0.0,3.0,7495.55,831,27.1875,817.18,-1.0,-1.0,0
3e8f3d31-4fdc-4858-8d58-87b8c70d1e61,2026-02-21,61,0.2689,7,28038.28,4005.468571,0.0,0.0,1.0,3788.81,781,66.1667,3788.81,0.0,0.0,1
403ba4f6-3b05-4fb0-9c95-6068878e01b1,2026-02-21,3,0.91,31,105336.7,3397.958065,5.0,8408.84,12.0,33280.22,1022,16.8,1066.8,0.271522,0.6667,0
40abd3f4-34c6-407b-8dfe-8ff445cce235,2026-02-21,32,0.2968,12,21055.28,1754.606667,0.0,0.0,2.0,4335.36,1213,44.8182,597.91,-1.0,-1.0,0
414fbbd6-b12f-45a2-85f2-fd8a574567fa,2026-02-21,250,0.051,2,1024.42,512.21,0.0,0.0,0.0,0.0,1176,137.0,705.35,0.0,0.0,0
41906a86-bd78-43ee-a9ab-5f93230c56a1,2026-02-21,16,0.5375,21,39309.32,1871.872381,3.0,5103.57,4.0,6342.44,1172,25.85,476.3,3.119536,2.0,0
41cc51fc-74f3-43aa-b9e8-c4269becb375,2026-02-21,49,0.3882,14,51069.51,3647.822143,0.0,0.0,2.0,10234.13,1082,29.3846,781.07,-1.0,-1.0,0
420464c7-e05c-4002-9ab4-902acb471c60,2026-02-21,29,0.5217,14,31562.52,2254.465714,1.0,2038.47,1.0,2038.47,805,36.2308,2038.47,0.0,0.0,0
42b4250f-96b0-4ca7-b063-8722469fafa6,2026-02-21,31,0.1948,5,20579.57,4115.914,0.0,0.0,2.0,6953.33,770,52.5,1657.59,-1.0,-1.0,1
43b1d0a0-404f-48c8-96ee-46291e3ceaa3,2026-02-21,6,0.6223,19,41324.29,2174.962632,3.0,4076.22,10.0,22566.79,916,26.2778,274.09,-0.002191,0.0,0
44e18ff7-c6c4-4f05-810a-10acda026843,2026-02-21,12,0.7118,27,82017.61,3037.689259,4.0,8478.32,8.0,18778.83,1138,16.5385,1615.69,0.220387,0.3333,0
44e3f736-1e1f-478d-876f-f18c9b474ec7,2026-02-21,25,0.2338,10,28698.9,2869.89,2.0,1126.21,3.0,2003.59,1283,51.5556,649.91,0.0,0.0,0
44f08084-85aa-46b5-8832-5d1d2b8db2cc,2026-02-21,12,0.1111,4,4147.99,1036.9975,1.0,2266.4,3.0,3988.45,1080,123.0,2266.4,0.316106,-0.5,0
454e54ed-b5e4-4096-9693-090f3ddaa42e,2026-02-21,13,0.5966,14,36381.74,2598.695714,3.0,3003.37,4.0,12143.18,704,34.3077,1388.35,0.0,0.0,0
456196a3-f5fd-4769-85c9-fe12f73de5b9,2026-02-21,14,1.0727,29,77683.97,2678.757586,2.0,2663.1,10.0,32745.28,811,15.7143,572.04,-0.589053,0.0,0
45a709ac-78ec-4b7a-a43b-05abbd55bb3d,2026-02-21,36,0.0366,1,2622.11,2622.11,0.0,0.0,1.0,2622.11,820,0.0,2622.11,-1.0,-1.0,0
45b35575-e766-4b46-861c-910c86237813,2026-02-21,1,1.0925,37,97322.16,2630.328649,4.0,5551.94,9.0,25406.82,1016,12.7222,276.74,-0.475391,0.0,0
45b88888-2215-4e91-9647-006d4a1e9e88,2026-02-21,16,0.2634,8,25820.23,3227.52875,1.0,4012.22,2.0,7235.83,911,43.2857,4012.22,0.244636,0.0,0
46131e6b-4c77-4840-8255-973dc2b72450,2026-02-21,33,0.2062,8,12790.28,1598.785,0.0,0.0,2.0,3620.98,1164,52.7143,1573.27,-1.0,-1.0,0
4625383b-ddb9-4a4e-8e05-f4c0efbb0b38,2026-02-21,16,0.122,4,11199.96,2799.99,1.0,989.44,3.0,4047.99,984,86.3333,989.44,0.0,0.0,0
46b19404-7f1c-4813-a3e9-8ad7066efbfb,2026-02-21,162,0.1327,3,12362.76,4120.92,0.0,0.0,0.0,0.0,678,50.0,1003.05,0.0,0.0,0
46ced229-ee4c-418c-badd-2f91fc1ab760,2026-02-21,7,0.3593,10,39251.09,3925.109,1.0,571.37,3.0,13155.33,835,42.2222,571.37,-0.827489,0.0,0
46df1799-2ada-4ee5-af3b-e819f704a921,2026-02-21,97,0.0468,2,7692.91,3846.455,0.0,0.0,0.0,0.0,1283,168.0,5564.2,0.0,0.0,0
475f907b-4322-4d29-8737-399bde16f1a0,2026-02-21,37,0.0256,1,497.41,497.41,0.0,0.0,1.0,497.41,1172,0.0,497.41,-1.0,-1.0,0
4806ee4c-c13b-48d2-8521-c95b1a259fbf,2026-02-21,2,0.0444,1,663.89,663.89,1.0,663.89,1.0,663.89,676,0.0,663.89,0.0,0.0,0
48689e01-09c4-46f3-9d8e-5d6c440e56cb,2026-02-21,4,0.2389,10,18383.46,1838.346,1.0,1057.52,4.0,5106.71,1256,44.4444,1057.52,1.243408,0.0,0
48871682-8627-402c-b359-46e536c8c5f8,2026-02-21,25,0.461,13,31591.01,2430.077692,1.0,2133.6,4.0,13750.61,846,36.0833,2133.6,0.0,0.0,0
4985763f-1aec-4bc7-8147-1beeb7a2d9c0,2026-02-21,2,0.2349,10,26903.88,2690.388,2.0,4066.27,3.0,12013.59,1277,41.6667,3311.87,-0.488347,1.0,0
49d4f65c-a7f6-423f-97b2-75571396471e,2026-02-21,16,0.3226,8,30745.06,3843.1325,1.0,4662.16,4.0,15018.96,744,65.5714,4662.16,0.663881,0.0,0
4b263a6a-fa62-4829-bdec-56be9866bdeb,2026-02-21,51,0.0587,2,12607.97,6303.985,0.0,0.0,1.0,456.28,1023,58.0,456.28,-1.0,-1.0,1
4db8450b-3473-4e34-abb8-61b270b04333,2026-02-21,13,0.3814,12,30294.6,2524.55,1.0,1849.43,5.0,18030.83,944,40.8182,1849.43,-0.681474,-0.5,0
4ed5562c-399a-4f63-8123-7496d2617ad8,2026-02-21,4,0.3978,12,36724.5,3060.375,2.0,7149.68,4.0,13251.94,905,27.8182,5143.57,0.171645,0.0,0
4ee7f9a8-1985-4e04-82b5-332cbc70c187,2026-02-21,47,0.5102,15,22563.6,1504.24,0.0,0.0,5.0,6196.67,882,28.7857,2400.36,-1.0,-1.0,0
4f4f2ef2-6350-45b8-af19-6bd90adfc454,2026-02-21,1,1.0526,38,137950.41,3630.273947,2.0,5296.01,13.0,70049.55,1083,10.027,4449.73,-0.770004,-0.6,0
505deb96-02b0-4484-ae43-533961fa661d,2026-02-21,0,0.5561,19,42139.67,2217.877368,2.0,5681.29,4.0,9391.28,1025,23.4444,267.38,0.531349,0.0,0
5097dfe0-2eb9-4792-a52b-170cf10ad290,2026-02-21,27,0.1577,4,7174.73,1793.6825,1.0,4559.9,3.0,6784.19,761,118.0,4559.9,1.050047,-0.5,0
5173c47a-a140-490b-afc1-af84817a605e,2026-02-21,16,0.4211,17,48552.69,2856.040588,2.0,2442.54,7.0,11460.42,1211,27.0,200.96,-0.608433,-0.3333,0
51833259-a233-414c-85fb-6ed59e50dfed,2026-02-21,7,1.2141,31,111941.7,3611.022581,3.0,5480.6,11.0,38693.45,766,17.3333,3492.34,-0.748793,-0.5,0
528aa423-6b23-4a2a-8e8b-d2c5976a5484,2026-02-21,1,0.2456,7,20084.53,2869.218571,2.0,2584.48,3.0,2898.75,855,43.8333,803.84,7.223757,1.0,0
529b58fc-1d6b-4a46-bcf3-bd50c058a284,2026-02-21,8,0.4462,13,32394.6,2491.892308,4.0,7149.88,5.0,8300.86,874,32.6667,1640.79,0.0,0.0,0
532c0027-0a87-4b04-8cd6-433b7eda14e0,2026-02-21,72,0.1891,6,21285.58,3547.596667,0.0,0.0,3.0,10233.62,952,65.4,2649.11,0.0,0.0,0
5379215b-cc4c-4e00-a6c5-27be458826a0,2026-02-21,37,0.0759,3,5300.73,1766.91,0.0,0.0,2.0,2247.08,1186,193.5,1698.9,-1.0,-1.0,0
53cf422c-89ff-449d-9e2b-509585fbfa93,2026-02-21,7,0.1832,5,12630.79,2526.158,1.0,844.85,2.0,1966.67,819,108.5,844.85,-0.246893,0.0,1
54739a70-fe3b-45f0-b6da-5eb96fddebc6,2026-02-21,11,1.2666,35,78905.76,2254.450286,4.0,2052.17,9.0,18415.08,829,13.4706,822.74,-0.730529,0.3333,0
549276f5-7982-4ddd-9090-30fd37f31bf6,2026-02-21,6,0.4086,14,42168.1,3012.007143,2.0,1703.78,3.0,7673.19,1028,28.9231,581.96,-0.714582,1.0,0
556c3740-52fd-4022-8755-b92b9fa5342d,2026-02-21,5,0.5971,25,54331.55,2173.262,4.0,4071.38,11.0,14714.66,1256,21.5417,276.74,-0.271966,0.0,0
5616033a-269f-49ef-83d8-504129f87568,2026-02-21,58,0.0672,2,10396.04,5198.02,0.0,0.0,1.0,3846.19,893,60.0,3846.19,-1.0,-1.0,1
5705b303-d99b-47e5-9620-2ac37d16bf70,2026-02-21,17,0.1802,4,4764.12,1191.03,1.0,649.91,1.0,649.91,666,106.6667,649.91,0.0,0.0,0
575ab059-021e-48cf-a1f6-39e5a9719349,2026-02-21,57,0.3223,11,29815.99,2710.544545,0.0,0.0,1.0,685.74,1024,36.5,685.74,-1.0,-1.0,0
5768b4fe-4e94-4a79-bf94-aec56843c229,2026-02-21,146,0.1259,3,4155.23,1385.076667,0.0,0.0,0.0,0.0,715,66.5,701.63,0.0,0.0,1
5772f550-5886-44ab-b618-cc525d22c053,2026-02-21,1,1.5789,34,91730.04,2697.942353,1.0,230.16,5.0,11652.1,646,15.3939,230.16,-0.666565,0.0,0
5828d313-995e-4774-b19c-e8ac7bc3daea,2026-02-21,33,0.0955,4,12514.87,3128.7175,0.0,0.0,2.0,11852.87,1256,130.6667,4331.12,-1.0,-1.0,0
585a8991-c44f-4e18-b8e0-6283bf6f9aff,2026-02-21,52,0.3056,13,47395.0,3645.769231,0.0,0.0,4.0,16828.9,1276,37.75,677.68,-1.0,-1.0,0
58894319-515e-4488-9e5c-39efd9a4d7ad,2026-02-21,81,0.1289,3,9356.68,3118.893333,0.0,0.0,1.0,1881.96,698,41.0,1881.96,0.0,0.0,0
59749859-a81e-48e6-bc39-a362a3eada9b,2026-02-21,23,0.5548,13,37206.47,2862.036154,1.0,528.76,3.0,1856.23,703,23.3333,528.76,-0.53783,0.0,0
5a2542d2-8392-4c53-bbf2-259d1b7de2ba,2026-02-21,41,0.6541,15,39237.75,2615.85,0.0,0.0,2.0,5155.04,688,23.2857,712.26,-1.0,-1.0,0
5a60bb30-d49d-430c-b819-619528fa0373,2026-02-21,21,0.3543,9,21526.95,2391.883333,2.0,4799.79,3.0,5280.56,762,56.125,568.39,0.0,0.0,0
5b8f23c7-fa9a-4a08-9a59-251fb715af18,2026-02-21,19,0.1231,5,19510.3,3902.06,1.0,3281.59,2.0,6561.57,1219,111.0,3281.59,0.000491,0.0,1
5be61d8d-e5a3-403f-b61d-c9096e40b7fb,2026-02-21,1,0.2621,9,36960.56,4106.728889,2.0,1744.01,6.0,29981.78,1030,40.875,1394.04,0.0,0.0,0
5c9d29aa-2355-42b6-b1a3-3b942397745f,2026-02-21,26,0.1146,3,2092.97,697.656667,1.0,53.48,1.0,53.48,785,75.5,53.48,0.0,0.0,1
5cda614e-b389-4e48-8b36-5612a91c11ba,2026-02-21,46,0.2419,7,16458.28,2351.182857,0.0,0.0,4.0,13056.26,868,25.3333,1175.83,-1.0,-1.0,0
5d474fc4-7a12-42c7-9f36-de03cfef0e40,2026-02-21,43,0.0934,3,7836.68,2612.226667,0.0,0.0,2.0,6495.78,964,41.5,4095.42,-1.0,-1.0,0
5d5fa6d8-0ad7-4ade-be35-1c481b16b275,2026-02-21,4,0.6826,20,53992.18,2699.609,2.0,1605.25,3.0,2920.85,879,24.5789,920.02,0.220166,1.0,0
600950e2-e195-4863-b978-6b55ea2f8a24,2026-02-21,51,0.375,10,18614.72,1861.472,0.0,0.0,2.0,3036.04,800,37.5556,2158.66,-1.0,-1.0,0
60ce8a0f-d7a4-4ed2-ac8e-6e0a87d50d90,2026-02-21,32,0.3158,13,46548.59,3580.660769,0.0,0.0,2.0,5071.36,1235,26.3333,4224.26,-1.0,-1.0,0
60fc3a69-d7a0-4445-b08b-d165e0bc4928,2026-02-21,86,0.1248,5,14066.75,2813.35,0.0,0.0,1.0,5400.82,1202,77.5,5400.82,0.0,0.0,0
614d73fd-8846-4895-a773-7898e1678216,2026-02-21,18,0.7627,24,65015.85,2708.99375,4.0,8896.03,12.0,26648.48,944,19.6957,908.96,1.530883,0.0,0
6160ef49-2fc6-47b6-b9f2-400cbd267250,2026-02-21,32,0.1366,3,6578.81,2192.936667,0.0,0.0,2.0,6188.27,659,73.0,1689.7,-1.0,-1.0,0
61ca8ccc-59b9-4f6f-84a3-e49d67fbff34,2026-02-21,94,0.1296,4,15145.87,3786.4675,0.0,0.0,0.0,0.0,926,84.6667,6241.82,0.0,0.0,0
61d5df45-2dc7-4d9a-a195-9acaf18018a4,2026-02-21,116,0.0237,1,5690.24,5690.24,0.0,0.0,0.0,0.0,1264,0.0,5690.24,0.0,0.0,1
6272b3b9-197b-4be0-bf82-5b6e74a51d18,2026-02-21,1,0.3359,13,44627.19,3432.860769,3.0,6922.8,4.0,9196.98,1161,34.8333,1041.26,0.0,0.0,0
62795829-338f-4ef4-a58a-8b4df43e37ed,2026-02-21,130,0.137,4,17371.24,4342.81,0.0,0.0,0.0,0.0,876,128.6667,3846.19,0.0,0.0,1
627dfaf1-6d87-43b0-9cba-68f9d7c5bf7f,2026-02-21,76,0.0861,2,14177.8,7088.9,0.0,0.0,1.0,3576.6,697,57.0,3576.6,0.0,0.0,1
63482ea8-4c3c-4a09-bce4-da0866c26116,2026-02-21,121,0.0892,2,9140.35,4570.175,0.0,0.0,0.0,0.0,673,14.0,7824.29,0.0,0.0,0
64e3a695-4ab9-479c-87df-f1660c87338c,2026-02-21,107,0.0642,2,10583.98,5291.99,0.0,0.0,0.0,0.0,935,71.0,9010.71,0.0,0.0,0
655a8a99-8ea7-4fab-8686-b6e0a9369c3b,2026-02-21,24,0.2875,9,14540.47,1615.607778,2.0,2990.04,5.0,7586.75,939,31.125,2279.95,0.315801,1.0,0
66581e52-4a91-4e5a-9db9-6ea7faad6977,2026-02-21,31,0.2612,7,17463.64,2494.805714,0.0,0.0,3.0,9772.2,804,76.5,524.42,-1.0,-1.0,0
66aa9f2d-de6b-4def-8269-b6d0177dbf9a,2026-02-21,8,1.0104,42,119125.98,2836.332857,5.0,12491.66,13.0,33096.28,1247,12.0732,3379.4,-0.210483,-0.1667,0
66c93c21-5319-42bd-aee5-a4af817f02a3,2026-02-21,128,0.0773,2,8068.36,4034.18,0.0,0.0,0.0,0.0,776,148.0,4590.15,0.0,0.0,0
6774c3a7-d951-43fa-9c75-eaca2ced5391,2026-02-21,10,0.7865,28,64682.43,2310.086786,3.0,3102.46,7.0,12895.89,1068,18.6296,1562.15,-0.43534,0.5,0
679c79cb-5d90-434a-a13e-d63368ba0b98,2026-02-21,15,0.0971,4,7397.05,1849.2625,1.0,2266.74,2.0,5344.67,1236,136.6667,2266.74,0.0,0.0,1
67fc2766-666c-4de5-9a16-9a35603b9a46,2026-02-21,108,0.229,5,24680.48,4936.096,0.0,0.0,0.0,0.0,655,87.25,2551.27,0.0,0.0,0
6853ff18-9673-4369-b96a-eb7e1eb71169,2026-02-21,7,0.3833,15,41905.86,2793.724,1.0,1144.08,3.0,3749.76,1174,27.0,1144.08,-0.560928,-0.5,0
6892976f-0a64-4372-bcd7-14d6113ea6e2,2026-02-21,19,0.3223,13,26729.05,2056.080769,1.0,3527.5,5.0,12652.04,1210,33.4167,3527.5,-0.560772,-0.6667,0
69008e38-87df-4edc-8e0c-02e44a0802a3,2026-02-21,120,0.1498,4,5459.18,1364.795,0.0,0.0,0.0,0.0,801,80.3333,1486.59,0.0,0.0,0
69223a3a-0e99-457c-b139-53a914126da0,2026-02-21,474,0.0247,1,7771.19,7771.19,0.0,0.0,0.0,0.0,1215,0.0,7771.19,0.0,0.0,0
69b42ebe-0ce1-4f78-b8cd-1bb12a098250,2026-02-21,13,0.0936,4,7820.7,1955.175,1.0,1651.77,1.0,1651.77,1282,79.0,1651.77,0.0,0.0,0
6a03d7f7-9095-4c61-b549-95cd16aba353,2026-02-21,12,0.1257,5,9548.02,1909.604,2.0,2042.56,3.0,6164.19,1193,64.0,456.28,-0.504429,1.0,0
6a7efc18-882b-4c4c-a75d-1b8aecdbf4a6,2026-02-21,15,0.3753,16,17247.44,1077.965,3.0,6108.41,5.0,7563.45,1279,23.2667,2202.35,6.519061,2.0,0
6b35501e-08f6-41b4-8699-30281befd8ec,2026-02-21,3,0.5328,13,54927.39,4225.183846,1.0,5015.27,3.0,9639.7,732,43.5,5015.27,0.0,0.0,0
6bb31b8a-5c85-4549-9106-7183256248ff,2026-02-21,3,0.6911,22,47469.04,2157.683636,2.0,6548.18,7.0,14339.57,955,21.4762,1428.9,1.175345,-0.3333,0
6cad4c9f-a37c-452d-9e24-b927cd585be0,2026-02-21,101,0.1247,4,8689.71,2172.4275,0.0,0.0,0.0,0.0,962,113.0,438.69,0.0,0.0,0
6ccef97b-c165-4c24-aa1d-00119b8315f2,2026-02-21,71,0.2236,7,22352.26,3193.18,0.0,0.0,1.0,643.01,939,41.8333,643.01,0.0,0.0,1
6d07afb5-e45f-49c8-8fe6-ab313f89ab9c,2026-02-21,4,0.8435,30,80387.23,2679.574333,3.0,3301.35,6.0,7364.72,1067,12.8621,1660.89,-0.057517,0.5,0
6dd97a45-7233-4f75-bf2b-a02f9e2403f5,2026-02-21,3,0.6017,14,57930.0,4137.857143,1.0,2966.07,2.0,3574.44,698,38.4615,2966.07,3.875438,0.0,0
6e04016c-b9dc-4b48-ac9b-8e9eff3d52ef,2026-02-21,5,0.2727,11,26439.86,2403.623636,1.0,3954.76,2.0,7726.78,1210,25.1,3954.76,0.048446,0.0,0
6f363f3d-a553-4343-928a-865ef7efa488,2026-02-21,11,0.3154,9,36885.32,4098.368889,2.0,625.74,4.0,14378.47,856,58.0,306.67,-0.406178,1.0,0
6f43c820-6bb0-443a-a276-f436ff5cc816,2026-02-21,52,0.3371,8,31777.08,3972.135,0.0,0.0,2.0,14377.64,712,54.1429,9169.78,-1.0,-1.0,0
6fb7d847-f44b-41dc-a325-7b26c61cbc96,2026-02-21,8,0.7586,31,88515.97,2855.353871,2.0,1620.74,9.0,34925.44,1226,15.6,627.48,-0.716492,0.0,0
7010920b-f9d5-4e97-9d6a-a57cfe832fad,2026-02-21,12,1.0242,31,87084.01,2809.161613,4.0,7913.2,12.0,37741.04,908,14.7,159.54,0.683455,1.0,0
70803e0f-518e-4300-9d6d-cec5780970aa,2026-02-21,84,0.0749,3,10670.45,3556.816667,0.0,0.0,1.0,5405.78,1201,64.0,5405.78,0.0,0.0,0
726b4f75-d374-4f7f-bf66-eff61209fe02,2026-02-21,29,0.139,4,4264.76,1066.19,1.0,2091.06,1.0,2091.06,863,105.3333,2091.06,0.0,0.0,1
72f79579-0a70-4cc7-8b0e-7b204ff9f789,2026-02-21,129,0.0792,2,4052.67,2026.335,0.0,0.0,0.0,0.0,758,77.0,1672.48,0.0,0.0,0
731fe7b0-483a-4068-a5c1-e8ce074a22e2,2026-02-21,300,0.0426,1,1858.31,1858.31,0.0,0.0,0.0,0.0,704,0.0,1858.31,0.0,0.0,1
73c3d633-4b34-49ad-a380-07fa31442bd6,2026-02-21,15,0.5495,15,29637.71,1975.847333,3.0,6652.5,6.0,10967.02,819,25.5714,3379.4,4.778903,0.5,0
744605d3-9330-457d-9c53-8b4b59950976,2026-02-21,12,1.2787,39,106622.87,2733.919744,3.0,4434.6,14.0,20886.42,915,12.4737,2803.09,-0.448294,-0.4,0
75e7956b-bba4-4d50-aa4d-f8061fa9b378,2026-02-21,80,0.1216,4,16470.36,4117.59,0.0,0.0,1.0,2384.4,987,66.6667,2384.4,0.0,0.0,0
7613c703-00a5-4fcd-b61f-b4f85bd36ac2,2026-02-21,4,0.3434,14,27308.1,1950.578571,2.0,981.91,2.0,981.91,1223,30.2308,566.69,0.0,0.0,0
76c7e6e2-ab70-4430-9c0e-611b3e8e3f7d,2026-02-21,4,0.2592,11,40557.0,3687.0,2.0,3679.71,4.0,11324.8,1273,38.8,846.28,0.319796,1.0,0
76fd4673-a6d4-4503-8346-4fa08b56a6d8,2026-02-21,16,0.1275,4,4002.93,1000.7325,1.0,1440.87,3.0,3178.95,941,45.0,1440.87,-0.170999,-0.5,0
78106c04-2615-4323-b215-3172fb34fc72,2026-02-21,1,0.5031,16,66372.61,4148.288125,1.0,5289.06,5.0,16614.86,954,31.7333,5289.06,0.970229,-0.6667,0
782ae5d7-a09e-4973-a2b3-29bacbb5efa9,2026-02-21,15,0.1634,5,11510.59,2302.118,1.0,4095.42,3.0,5845.51,918,57.0,4095.42,1.34012,-0.5,0
785c7075-fbd8-42f7-b26f-e1aadc18eebc,2026-02-21,116,0.0703,3,7579.21,2526.403333,0.0,0.0,0.0,0.0,1281,65.5,4690.22,0.0,0.0,1
79ce75bd-e156-4762-a109-91880fa27abc,2026-02-21,10,0.8969,38,100818.27,2653.112368,4.0,4141.25,15.0,46221.26,1271,11.2973,507.96,-0.580578,0.0,0
7b3011de-1fd5-49d7-8cd0-565a3af5b5da,2026-02-21,7,1.1111,35,69340.28,1981.150857,4.0,1591.16,13.0,19209.52,945,12.5294,719.55,-0.77331,-0.3333,0
7b5dbebc-9a0e-4613-8844-f85ea0bc161d,2026-02-21,48,0.1173,4,22307.9,5576.975,0.0,0.0,1.0,3739.05,1023,100.0,3739.05,-1.0,-1.0,0
7bb9c97f-e27e-426f-b400-1ecf5e49b6f2,2026-02-21,52,0.1714,6,16962.36,2827.06,0.0,0.0,1.0,1140.55,1050,42.0,1140.55,-1.0,-1.0,0
7be8de25-a69e-4e0f-9ac9-cd6405a73f68,2026-02-21,83,0.1573,4,9418.38,2354.595,0.0,0.0,2.0,2063.82,763,56.0,1792.52,0.0,0.0,1
7d31f2fa-4d24-4819-aa43-8ca6f961480f,2026-02-21,494,0.0409,1,3834.51,3834.51,0.0,0.0,0.0,0.0,733,0.0,3834.51,0.0,0.0,0
7d5e174f-f3d2-488e-99b3-a0591b1a9319,2026-02-21,61,0.1741,6,20724.61,3454.101667,0.0,0.0,3.0,15316.34,1034,63.4,713.82,0.0,0.0,1
7dc50afb-0eaa-4b38-8b2f-04eb2c57446e,2026-02-21,95,0.2476,6,9572.33,1595.388333,0.0,0.0,0.0,0.0,727,82.2,1356.47,0.0,0.0,0
7dd67799-87bf-4c47-944e-e495c976e50e,2026-02-21,1,0.2404,9,16320.3,1813.366667,1.0,4703.33,2.0,4986.8,1123,52.5,4703.33,0.0,0.0,0
7e1ea714-6fe4-494e-9554-750dbe019c23,2026-02-21,15,0.1168,5,18795.08,3759.016,1.0,137.05,1.0,137.05,1284,109.75,137.05,0.0,0.0,0
80425ba2-13bc-407f-9a1c-ff4f30480010,2026-02-21,8,0.5181,22,56630.86,2574.13,3.0,9742.25,7.0,21536.99,1274,20.1429,5268.74,6.184603,0.5,0
8081cb55-1e73-484f-b6fe-79fe7087f185,2026-02-21,3,0.0579,2,4479.88,2239.94,1.0,3290.95,1.0,3290.95,1037,276.0,3290.95,0.0,0.0,0
809a4c1b-22b1-4046-b62e-5ca84f41ae56,2026-02-21,52,0.125,3,5333.09,1777.696667,0.0,0.0,1.0,3322.61,720,155.0,3322.61,-1.0,-1.0,0
81038b9d-eef0-443c-9635-a2e4c4df490f,2026-02-21,2,0.2004,6,25064.39,4177.398333,1.0,1657.59,2.0,8336.28,898,99.6,1657.59,0.0,0.0,0
81aa5e22-d678-428b-b005-9b81178d3a85,2026-02-21,29,0.3754,12,28842.48,2403.54,1.0,5289.06,2.0,6981.62,959,38.0,5289.06,2.124888,0.0,0
82241b4b-7959-4079-9369-bbfcffcbc453,2026-02-21,7,0.8841,29,97707.76,3369.233103,3.0,6067.94,8.0,23305.33,984,16.5714,1940.69,0.253176,0.5,0
824fbcc7-5420-4ca2-84b0-15b0b4a2292b,2026-02-21,5,0.3036,11,34592.21,3144.746364,2.0,5277.54,7.0,22682.3,1087,36.3,2943.45,-0.394187,-0.3333,0
826855e8-3a9a-4032-ad5b-6ca64c822572,2026-02-21,77,0.2263,7,24794.49,3542.07,0.0,0.0,2.0,9611.03,928,52.1667,872.48,0.0,0.0,0
82c5a7aa-2ec7-45dc-9d03-be3531473f2f,2026-02-21,40,0.1832,4,8426.84,2106.71,0.0,0.0,2.0,4585.49,655,119.0,2461.58,-1.0,-1.0,0
82d60e37-f049-4852-9464-c94b4e5c3244,2026-02-21,13,0.7673,20,34365.61,1718.2805,2.0,954.17,6.0,12372.14,782,18.8421,137.05,-0.866383,0.0,0
83d0d0b7-7f58-49ea-8dc3-fee8c20efb50,2026-02-21,104,0.0836,2,11471.61,5735.805,0.0,0.0,0.0,0.0,718,130.0,6799.79,0.0,0.0,0
83fe13f3-1026-46b2-9abd-d7277ea2f653,2026-02-21,42,0.1104,4,6904.36,1726.09,0.0,0.0,1.0,1700.06,1087,138.3333,1700.06,-1.0,-1.0,0
855f6897-60c0-42cc-aa5a-bbcf4dfcfd28,2026-02-21,40,0.3667,15,32465.84,2164.389333,0.0,0.0,4.0,7212.44,1227,24.2143,3268.73,-1.0,-1.0,0
86208847-cfb3-449d-a634-075a2b7c33cc,2026-02-21,8,0.4298,10,13186.66,1318.666,1.0,1121.82,2.0,1931.16,698,58.8889,1121.82,0.0,0.0,0
86ab916f-9734-41f0-b5c0-9bbc082b3251,2026-02-21,3,1.2245,34,88227.38,2594.922941,3.0,3734.65,7.0,18611.56,833,15.7576,602.88,-0.748963,-0.25,0
87b06d02-c4e0-4e44-a8d4-a21cdc592676,2026-02-21,31,0.5806,15,39493.05,2632.87,0.0,0.0,3.0,6067.52,775,28.2143,2752.94,-1.0,-1.0,0
8867ed0f-4c50-4aa9-8fb4-993893bd97df,2026-02-21,34,0.2885,7,15035.41,2147.915714,0.0,0.0,2.0,1497.7,728,60.0,754.4,-1.0,-1.0,0
88f8cded-9e9f-4c71-9504-8cae260151bf,2026-02-21,17,0.3056,12,23188.68,1932.39,1.0,2060.81,7.0,11466.43,1178,34.0,2060.81,0.876859,-0.5,0
8aa74529-c59e-4daf-9b98-321ebfce7306,2026-02-21,10,1.6157,37,77211.69,2086.802432,3.0,6977.66,10.0,23145.78,687,13.3056,2966.07,-0.267328,-0.25,0
8b278dae-e043-44f3-a5f0-8466df24d3a2,2026-02-21,1,0.9115,35,77973.19,2227.805429,6.0,19041.64,10.0,36014.45,1152,14.1176,1634.37,0.267109,1.0,0
8bd2e91f-b7be-4b2c-95e8-9b9f6936c3fe,2026-02-21,10,0.3583,15,34014.64,2267.642667,1.0,3057.71,4.0,8473.48,1256,31.8571,3057.71,-0.36128,-0.5,1
8bf0cc1f-c9f7-4393-806f-86bce9acf23a,2026-02-21,26,0.0984,4,10964.19,2741.0475,1.0,2774.14,1.0,2774.14,1219,147.3333,2774.14,0.0,0.0,0
8d58c937-6e14-4be1-98f6-33ea0a28136f,2026-02-21,17,0.1146,4,18143.26,4535.815,1.0,3729.73,1.0,3729.73,1047,103.3333,3729.73,0.0,0.0,1
8d6d15dd-e8cf-4c06-aacd-238932fec46c,2026-02-21,10,0.2703,6,14699.61,2449.935,2.0,5225.52,3.0,11337.29,666,43.4,597.91,0.0,0.0,0
8daa11dd-d410-44bf-a0de-622a9ca7c78d,2026-02-21,2,1.325,39,117741.51,3019.013077,7.0,15693.34,17.0,56436.08,883,11.1579,339.62,0.121579,0.4,0
8de2f61f-499f-4ce6-a7d6-a5e9b9219f67,2026-02-21,3,0.1393,5,22731.61,4546.322,1.0,3233.74,2.0,5026.26,1077,76.5,3233.74,0.0,0.0,1
8f10e8bf-c7a4-4bd6-93ce-4de936a938ef,2026-02-21,4,1.1374,32,103698.75,3240.585938,8.0,20644.02,15.0,48964.59,844,12.1935,2774.14,3.35424,3.0,0
9013910b-257e-462f-8142-555578e385a5,2026-02-21,8,0.5313,17,58419.2,3436.423529,1.0,817.12,8.0,25979.11,960,27.1875,817.12,-0.924087,-0.8,0
90ef6a35-c0dc-4b20-aede-0d1b3e525838,2026-02-21,11,0.2562,9,37749.98,4194.442222,2.0,6018.23,3.0,11571.71,1054,52.625,2038.47,0.0,0.0,0
910bd8ae-df74-4feb-9e1a-4e8966115c12,2026-02-21,17,0.3873,13,45327.15,3486.703846,3.0,11035.63,6.0,25766.0,1007,37.3333,4947.18,3.279566,0.5,0
911f8116-248a-4e3d-afb4-62a632746852,2026-02-21,5,1.2893,41,80520.26,1963.90878,2.0,2704.81,8.0,19752.63,954,11.825,988.69,6.421214,1.0,0
918ccc0d-7add-4cda-bb90-29b5623f6d86,2026-02-21,33,0.119,4,5445.19,1361.2975,0.0,0.0,1.0,349.97,1008,131.6667,349.97,-1.0,-1.0,0
91f0a872-33ad-4dbe-9801-ac03b375f584,2026-02-21,14,0.6598,17,47619.86,2801.168235,1.0,3488.88,5.0,11682.07,773,29.375,3488.88,0.0,0.0,0
93700c9c-7e7e-4bad-b154-5e6644ddc5c9,2026-02-21,27,0.0912,2,5420.13,2710.065,1.0,568.39,1.0,568.39,658,173.0,568.39,0.0,0.0,0
93d32257-e39c-4554-a773-cc81769f2c6b,2026-02-21,94,0.0679,2,1807.67,903.835,0.0,0.0,0.0,0.0,884,117.0,366.8,0.0,0.0,0
953c5953-375c-42a1-89e5-7b370fa868be,2026-02-21,34,0.1139,4,3776.98,944.245,0.0,0.0,1.0,2047.71,1054,81.3333,2047.71,-1.0,-1.0,0
957f9181-281b-4ff6-9370-462fb40cb6e5,2026-02-21,7,0.2986,11,24578.43,2234.402727,2.0,3978.34,6.0,10440.03,1105,34.2,2073.14,0.926277,0.0,0
97a7e174-c5da-4d97-b94b-09d5f4788809,2026-02-21,2,0.4057,16,52146.66,3259.16625,1.0,1023.86,2.0,7702.55,1183,31.6,1023.86,0.0,0.0,0
97bc17e3-9ca0-45a3-a8dd-947696378bf7,2026-02-21,11,0.1463,4,19146.53,4786.6325,1.0,5119.28,1.0,5119.28,820,88.6667,5119.28,0.0,0.0,0
97c341f3-26c0-47ee-949b-ec2349709b82,2026-02-21,5,0.7346,25,88725.0,3549.0,2.0,6979.01,7.0,26663.57,1021,21.5,4947.18,-0.326406,-0.3333,0
98156cab-3a92-4dfa-9d5a-4e1528c73b35,2026-02-21,17,0.1266,5,13049.4,2609.88,1.0,3161.25,2.0,4447.26,1185,42.0,3161.25,0.0,0.0,0
98c0d934-599f-43f0-b624-02fafa9a625d,2026-02-21,10,0.655,15,23202.84,1546.856,4.0,7064.2,5.0,7216.29,687,24.2857,3485.11,45.447498,3.0,0
9965e54c-1dd6-4d5f-b7e0-e984e9c7be9f,2026-02-21,92,0.0349,1,5702.75,5702.75,0.0,0.0,0.0,0.0,859,0.0,5702.75,0.0,0.0,0
9a48cdff-42f6-4b91-80ce-e531f3622d2b,2026-02-21,14,0.5381,12,33857.39,2821.449167,2.0,5192.99,4.0,12529.25,669,31.6364,1420.97,-0.292147,0.0,0
9ada7a7c-35d9-4619-9117-c1d9c05f08e9,2026-02-21,85,0.0604,2,1067.04,533.52,0.0,0.0,1.0,370.02,993,275.0,370.02,0.0,0.0,0
9b131352-2e3f-4966-865e-a01b50bde6e5,2026-02-21,22,0.6468,26,64875.21,2495.200385,1.0,3365.46,10.0,29309.66,1206,19.6,3365.46,-0.704179,-0.8,0
9b4342ff-79f2-40db-9669-bbab65d50e2f,2026-02-21,6,0.3414,8,19147.18,2393.3975,2.0,7278.29,3.0,7975.31,703,62.5714,5562.17,9.44201,1.0,0
9c60f8cc-bb5f-4a3b-9a8b-95367617a69c,2026-02-21,21,0.3425,12,31876.04,2656.336667,1.0,3379.4,5.0,15660.64,1051,19.2727,3379.4,-0.7106,-0.6667,1
9c75b413-efd7-4171-9aa3-e4f50c8b52ea,2026-02-21,0,0.2571,9,14000.15,1555.572222,3.0,2867.14,4.0,5247.33,1050,45.0,149.88,0.204585,2.0,0
9ca4947f-fc58-4db9-a473-9d3bb229db60,2026-02-21,50,0.0471,2,5108.54,2554.27,0.0,0.0,1.0,4101.98,1273,135.0,4101.98,-1.0,-1.0,0
9cbf413a-a00b-482b-9441-e8fce7668a2e,2026-02-21,6,0.9845,36,112683.71,3130.103056,4.0,8086.26,10.0,25020.37,1097,12.4286,560.4,0.108814,0.0,0
9de44d71-02d0-4684-a314-54f9abd3f2cd,2026-02-21,10,0.4334,14,25124.15,1794.582143,1.0,1494.78,4.0,6952.24,969,36.6923,1494.78,-0.726103,-0.6667,0
9e39dc08-ef34-4791-8233-bb1831664c12,2026-02-21,133,0.132,3,6721.21,2240.403333,0.0,0.0,0.0,0.0,682,27.5,2983.67,0.0,0.0,0
9e3ba510-550f-49bf-a866-a3124ebe334a,2026-02-21,37,0.0943,4,9230.85,2307.7125,0.0,0.0,2.0,6169.97,1272,119.3333,1849.43,-1.0,-1.0,1
9f79997b-8bf3-45ae-a535-abb872b46a2f,2026-02-21,28,0.2301,5,5903.25,1180.65,1.0,137.05,2.0,580.13,652,55.75,137.05,-0.690688,0.0,0
a029db9e-0867-4074-9876-83433dcbc19c,2026-02-21,330,0.0518,2,5388.61,2694.305,0.0,0.0,0.0,0.0,1158,2.0,720.44,0.0,0.0,0
a0323814-cd5e-4bbc-ae91-13b77ec723bb,2026-02-21,142,0.1873,6,7954.73,1325.788333,0.0,0.0,0.0,0.0,961,40.2,338.84,0.0,0.0,1
a137cf0f-749a-402e-9913-60a7f4a47b92,2026-02-21,14,1.1396,37,97648.13,2639.138649,2.0,6674.74,10.0,22331.79,974,11.8889,3076.97,5.271012,-0.3333,0
a1c9af51-32b0-45ae-8e5e-1a83d44e0dd4,2026-02-21,3,0.1969,5,18663.6,3732.72,1.0,411.14,2.0,1606.96,762,60.5,411.14,-0.656186,0.0,1
a20f7825-b033-409c-9c97-b044b61bae47,2026-02-21,49,0.5904,16,52190.35,3261.896875,0.0,0.0,6.0,28133.86,813,26.4667,4430.29,-1.0,-1.0,0
a281fc1b-5e0e-400e-9760-0f4eecb192e1,2026-02-21,45,0.8419,19,44291.36,2331.124211,0.0,0.0,5.0,14380.21,677,21.5,415.22,-1.0,-1.0,0
a39d8cb3-e105-4215-9fc6-c0cb27d75ca0,2026-02-21,2,0.1316,4,4537.15,1134.2875,2.0,3918.62,3.0,4241.76,912,100.3333,1440.87,11.126694,1.0,0
a458eb88-221d-40e0-8a04-289e42780afe,2026-02-21,63,0.1039,3,12348.71,4116.236667,0.0,0.0,2.0,10242.99,866,143.0,5207.86,0.0,0.0,0
a48769af-aacd-4623-8e69-fc86e1d3745e,2026-02-21,7,0.2039,7,27621.35,3945.907143,1.0,3091.22,1.0,3091.22,1030,60.0,3091.22,0.0,0.0,0
a54b8eca-fc5f-46cd-9407-2f103beabcc7,2026-02-21,3,0.3008,12,34793.77,2899.480833,4.0,10688.98,6.0,23661.19,1197,38.3636,5699.87,1.577757,3.0,0
a578fb66-2e0c-4a26-8179-b1230347de46,2026-02-21,19,0.0938,3,7728.57,2576.19,1.0,3602.18,1.0,3602.18,960,133.0,3602.18,0.0,0.0,0
a58bcff6-b44b-4728-ae19-c41e17805478,2026-02-21,100,0.177,4,12164.98,3041.245,0.0,0.0,0.0,0.0,678,28.3333,6770.62,0.0,0.0,0
a618b414-7505-48a2-9047-6d0fbd16fb88,2026-02-21,21,0.3058,10,46115.92,4611.592,2.0,5110.19,7.0,28961.42,981,25.4444,970.35,-0.432598,0.0,0
a62bcc77-cf9c-44a3-920f-2e2e57c723dc,2026-02-21,28,0.5365,12,54174.1,4514.508333,2.0,5120.7,4.0,16364.41,671,41.7273,1162.96,5.184644,1.0,0
a6818a6e-0465-4009-81b6-822245dae013,2026-02-21,5,0.2967,10,25288.09,2528.809,1.0,5562.17,4.0,8709.02,1011,29.8889,5562.17,1.16485,-0.5,0
a69011f4-c3f9-4f91-92f2-3df9072b53e7,2026-02-21,18,1.611,37,85623.13,2314.138649,2.0,6582.76,10.0,32270.55,689,13.2222,613.35,-0.644454,-0.6667,0
a7925872-0bc3-4eee-b74c-5086ea1e992d,2026-02-21,50,0.1873,6,17315.59,2885.931667,0.0,0.0,2.0,11251.57,961,72.4,2571.79,-1.0,-1.0,0
a7c6d291-2d8a-45ea-8005-81ecfd3682df,2026-02-21,5,0.3014,11,33641.76,3058.341818,1.0,5699.87,4.0,17989.06,1095,43.1,5699.87,0.203393,-0.5,0
a7dd5f9a-9fa6-4592-b920-cc610a4ca21b,2026-02-21,75,0.1374,5,15468.66,3093.732,0.0,0.0,1.0,2295.08,1092,103.25,2295.08,0.0,0.0,1
a8091949-9c95-4f66-b956-b61849aa17d1,2026-02-21,11,0.2532,6,19288.81,3214.801667,1.0,1940.24,1.0,1940.24,711,83.4,1940.24,0.0,0.0,0
a8592085-1f10-4731-b976-351290d3b914,2026-02-21,125,0.0839,2,1580.11,790.055,0.0,0.0,0.0,0.0,715,188.0,1026.63,0.0,0.0,1
a8a318fe-4ac5-43e5-819c-0493f94dfd8e,2026-02-21,15,0.3455,11,16338.6,1485.327273,1.0,575.43,2.0,1335.89,955,38.8,575.43,-0.243313,0.0,0
a91e3f3f-94ea-410a-afcd-a9721a392b5a,2026-02-21,170,0.1257,4,10470.9,2617.725,0.0,0.0,0.0,0.0,955,85.3333,599.51,0.0,0.0,1
a955f9af-0de0-488d-9638-13b909991020,2026-02-21,28,0.4896,11,38938.2,3539.836364,1.0,4224.26,4.0,15174.16,674,34.1,4224.26,0.997248,0.0,0
a9a14d19-86ba-40be-883c-0be4db2e7555,2026-02-21,8,0.9597,23,56944.73,2475.857826,3.0,4749.36,6.0,9972.71,719,22.5909,1050.05,-0.090744,0.0,0
aa210298-0ad5-4fe1-9a49-04d9c35709c6,2026-02-21,22,0.2239,9,16170.36,1796.706667,1.0,135.85,2.0,1138.9,1206,58.125,135.85,-0.864563,0.0,0
aacf38f5-5690-4d24-95d3-d4b2fa5166a8,2026-02-21,35,0.06,2,12121.0,6060.5,0.0,0.0,1.0,3248.34,1000,245.0,3248.34,-1.0,-1.0,0
aaec11b1-b19b-4ff9-bbf5-b6caa3fa11ee,2026-02-21,29,0.0876,2,2249.82,1124.91,1.0,1167.04,1.0,1167.04,685,164.0,1167.04,0.0,0.0,1
ac9ed0cc-36d5-43e5-8b0f-11a8213d3173,2026-02-21,41,0.1154,4,9296.81,2324.2025,0.0,0.0,2.0,3444.44,1040,49.0,533.4,-1.0,-1.0,0
acf31d10-d223-4df6-a143-e9ba0e8118f4,2026-02-21,85,0.1205,4,4407.45,1101.8625,0.0,0.0,1.0,385.68,996,91.0,385.68,0.0,0.0,0
ad10f2bd-d571-4f42-aec5-a7a10eaa3ca9,2026-02-21,82,0.2116,9,24025.01,2669.445556,0.0,0.0,1.0,4616.89,1276,38.625,4616.89,0.0,0.0,0
ade55153-89f8-4d7a-9199-12bcf0e9f0ce,2026-02-21,2,0.2055,5,11159.08,2231.816,2.0,3700.81,3.0,7932.21,730,78.0,3268.73,-0.125393,1.0,1
b067038f-9577-43c4-a072-0376499a6f51,2026-02-21,7,0.3393,12,42547.61,3545.634167,1.0,2272.41,3.0,5461.82,1061,39.9091,2272.41,0.481971,0.0,0
b0a7ac9f-5dc3-43d5-bf2f-2201d6f385b2,2026-02-21,12,0.3764,13,16466.64,1266.664615,2.0,3749.95,5.0,5962.71,1036,32.3333,2586.99,26.603607,1.0,0
b0d043da-1294-4ab0-8fa2-ebb68dbb62a2,2026-02-21,48,0.2852,11,30215.65,2746.877273,0.0,0.0,3.0,7025.82,1157,33.9,1050.05,-1.0,-1.0,0
b0d81eaf-60e0-4aa5-b3e9-64fdea18f5e9,2026-02-21,9,0.7071,21,60199.17,2866.627143,6.0,10634.81,8.0,23789.47,891,20.55,1640.79,18.315298,5.0,0
b2109776-616b-488c-9721-f3f116afd30f,2026-02-21,45,0.4049,11,31287.03,2844.275455,0.0,0.0,2.0,3213.35,815,37.3,1977.38,-1.0,-1.0,0
b21eb80b-84a0-490b-abcb-151568e54d64,2026-02-21,73,0.2609,10,30084.41,3008.441,0.0,0.0,1.0,2229.89,1150,38.2222,2229.89,0.0,0.0,0
b247c235-943b-4c46-91c2-168e86d26161,2026-02-21,4,0.6712,23,38172.56,1659.676522,2.0,4656.49,7.0,20983.17,1028,18.5,4200.21,0.0,0.0,0
b2c24112-6ed5-433e-ae6e-c541f21defe5,2026-02-21,98,0.1533,4,9504.98,2376.245,0.0,0.0,0.0,0.0,783,85.6667,3492.44,0.0,0.0,0
b2ef61f5-8a4e-44af-9b72-983eb8729127,2026-02-21,10,0.1646,7,8845.56,1263.651429,1.0,568.39,1.0,568.39,1276,58.6667,568.39,0.0,0.0,0
b2f4f0f6-9d52-4439-b5fe-14ebe8887e7a,2026-02-21,127,0.0876,3,9876.46,3292.153333,0.0,0.0,0.0,0.0,1027,187.5,94.49,0.0,0.0,1
b35ff2cc-b3d7-4eee-bbe6-72dd663e82bf,2026-02-21,123,0.2546,6,18970.86,3161.81,0.0,0.0,0.0,0.0,707,78.8,5645.87,0.0,0.0,0
b3bc0c36-2894-415e-8303-9ce0c524adf7,2026-02-21,56,0.1262,4,11372.81,2843.2025,0.0,0.0,3.0,10671.18,951,119.6667,2160.32,-1.0,-1.0,1
b4322a23-acd4-46a3-8620-5130bd7bc8c3,2026-02-21,14,0.0923,2,2729.66,1364.83,1.0,394.34,1.0,394.34,650,308.0,394.34,0.0,0.0,0
b4a140af-8af0-4074-8c4e-f1e587fff314,2026-02-21,32,0.728,24,86549.32,3606.221667,0.0,0.0,4.0,7904.37,989,19.913,1698.9,-1.0,-1.0,0
b4dd90f1-04a6-4d42-ac0a-2702bbc8d0db,2026-02-21,12,0.321,11,32409.88,2946.352727,1.0,1846.18,2.0,2129.65,1028,50.2,1846.18,0.0,0.0,0
b4ff4a71-e2cb-40a7-afaa-04a5be660e06,2026-02-21,6,0.305,11,24732.94,2248.449091,3.0,457.88,4.0,9910.94,1082,44.3,63.91,0.0,0.0,0
b5597188-1096-40f6-bb3c-7eae56f49e62,2026-02-21,38,0.3618,12,40442.3,3370.191667,0.0,0.0,5.0,25383.57,995,41.6364,760.46,-1.0,-1.0,0
b5f40c8f-57dc-440a-9706-3cfe7972dde6,2026-02-21,27,0.1647,6,13235.69,2205.948333,1.0,812.39,2.0,6140.56,1093,45.0,812.39,-0.847529,0.0,0
b6466b91-0c2a-4a1f-bf51-fd9f9de8b206,2026-02-21,24,0.203,5,24700.39,4940.078,1.0,5015.27,2.0,12011.77,739,89.25,5015.27,-0.283174,0.0,1
b6d1010f-48a8-4d83-a4bd-0a6c9a4521d9,2026-02-21,30,0.0999,4,19900.79,4975.1975,0.0,0.0,3.0,15930.31,1201,82.3333,4139.84,-1.0,-1.0,0
b73d152b-3ccf-4708-8854-ab85e6abc82c,2026-02-21,14,0.1335,3,7031.74,2343.913333,1.0,1068.39,1.0,1068.39,674,152.5,1068.39,0.0,0.0,0
b7a528c9-9989-42b3-86f1-dfe0266eb7da,2026-02-21,30,0.1165,4,3297.21,824.3025,0.0,0.0,1.0,646.75,1030,102.6667,646.75,-1.0,-1.0,1
b7d62bbb-f2b2-4bee-ac69-0e320b4b310f,2026-02-21,7,1.0899,38,110788.42,2915.484737,2.0,6116.89,6.0,13233.12,1046,13.4865,2943.45,10.467735,1.0,0
b812927c-5d6a-4cb6-9794-94ec8e44c0bd,2026-02-21,14,0.1479,5,10590.36,2118.072,1.0,2483.9,1.0,2483.9,1014,100.25,2483.9,0.0,0.0,1
b81e352f-6da5-4d3a-94e7-a583c1e9213c,2026-02-21,6,0.0958,4,8600.47,2150.1175,1.0,3979.76,2.0,7435.0,1253,78.3333,3979.76,0.151804,0.0,1
b8302dbd-4877-438d-ac91-c2d5dbbadf09,2026-02-21,15,0.2613,10,17084.93,1708.493,4.0,3008.98,6.0,7139.21,1148,32.4444,147.69,-0.079465,3.0,0
b86f948a-d460-4c23-a79a-b2deafdc8880,2026-02-21,7,0.4706,16,26521.81,1657.613125,1.0,1645.48,4.0,10804.0,1020,18.6667,1645.48,-0.820333,-0.6667,0
b88b94e7-2bbd-4939-98cc-217258c364d3,2026-02-21,7,0.5683,14,33421.13,2387.223571,2.0,792.67,6.0,6527.22,739,32.4615,299.75,-0.725892,-0.3333,0
b88bef53-7397-4409-b454-f68fa7827873,2026-02-21,5,0.365,11,22327.34,2029.758182,1.0,1562.15,2.0,6800.81,904,36.8,1562.15,-0.701804,0.0,0
b8bfbbb5-a5a0-4d3d-905f-57ced220ffd3,2026-02-21,6,0.4377,13,28339.05,2179.926923,1.0,553.48,5.0,10343.45,891,36.9167,553.48,-0.915164,-0.5,0
b9da00f9-dbef-4800-80fc-08f59dadef2a,2026-02-21,111,0.0471,2,4395.04,2197.52,0.0,0.0,0.0,0.0,1273,18.0,3729.59,0.0,0.0,0
b9e85363-f343-4a9b-a6b9-588a5c0f9633,2026-02-21,184,0.0746,3,5082.88,1694.293333,0.0,0.0,0.0,0.0,1207,92.0,2279.95,0.0,0.0,0
ba0a6120-4b67-4e2b-b2c4-9036a195b99a,2026-02-21,21,0.5339,21,49281.13,2346.720476,1.0,1615.69,6.0,11647.19,1180,19.7,1615.69,-0.681423,-0.5,0
bab05b4b-0196-4bb2-a10a-34baf0750132,2026-02-21,20,0.3288,12,28628.97,2385.7475,2.0,1803.48,5.0,14828.29,1095,39.6364,1112.43,-0.642562,1.0,0
bac72dd3-4ee2-436a-b664-f187eea4daff,2026-02-21,19,0.1099,3,9362.12,3120.706667,2.0,4705.66,2.0,4705.66,819,101.0,1591.91,0.0,0.0,0
bac9f7f2-72b2-40d2-bb50-19838c2fde8a,2026-02-21,4,0.3107,9,23428.91,2603.212222,1.0,2492.7,5.0,7229.71,869,26.375,2492.7,-0.430375,-0.6667,0
bc2eaeff-d2cb-413b-8716-a7fa6d9507c2,2026-02-21,13,1.0823,32,81735.71,2554.240938,2.0,3863.54,6.0,23984.91,887,16.4194,331.09,-0.258734,0.0,0
bc69f988-30c6-4bf2-b27f-beafca1b2282,2026-02-21,11,0.3023,12,24508.89,2042.4075,2.0,3820.19,5.0,9780.77,1191,46.5455,3173.44,0.769704,1.0,0
bcf78932-5b86-4918-b87a-32963317f18d,2026-02-21,221,0.0738,3,6502.53,2167.51,0.0,0.0,0.0,0.0,1220,89.5,1640.79,0.0,0.0,0
bd918df4-d5fc-4b8a-9889-b0f92e0c438b,2026-02-21,46,0.3536,13,21922.34,1686.333846,0.0,0.0,2.0,4708.84,1103,33.6667,3173.44,-1.0,-1.0,0
befa24a1-1459-4d2c-b2af-a4db90fa9666,2026-02-21,1,0.1417,6,16172.16,2695.36,1.0,2224.87,3.0,7666.86,1270,88.8,2224.87,-0.092464,0.0,0
c07f630a-a6d1-41a2-9f27-8f85f52260c4,2026-02-21,3,0.8871,33,113898.81,3451.479091,6.0,9960.7,10.0,45718.41,1116,15.1875,754.4,0.598379,5.0,0
c0c6efdb-fc14-4d7c-98f5-7088ddeb019c,2026-02-21,9,0.1459,5,10755.89,2151.178,1.0,1586.28,3.0,9669.03,1028,66.25,1586.28,1.560829,0.0,1
c1a55833-8139-41dd-8bb5-59ab8a090d3b,2026-02-21,2,0.3568,13,28311.31,2177.793077,4.0,9266.71,7.0,16547.48,1093,30.3333,697.02,2.09115,1.0,0
c1a9f9e4-02c9-4e11-9ae3-d7f5eec25bdf,2026-02-21,63,0.095,3,3944.9,1314.966667,0.0,0.0,1.0,1437.27,947,131.5,1437.27,0.0,0.0,0
c1d6c130-eed3-43da-a713-c63009b0c952,2026-02-21,32,0.2141,7,12132.87,1733.267143,0.0,0.0,1.0,988.69,981,63.6667,988.69,-1.0,-1.0,0
c29cb1e1-b422-45f3-829a-82a9e80f8c8f,2026-02-21,47,0.182,6,15849.05,2641.508333,0.0,0.0,1.0,4012.22,989,55.0,4012.22,-1.0,-1.0,0
c34d6b05-2bac-4654-9150-9d59f1252d7b,2026-02-21,14,0.0952,4,18775.3,4693.825,1.0,800.12,2.0,7755.37,1260,90.0,800.12,0.0,0.0,0
c34e266e-6b0c-4505-b1cc-f98b610c4986,2026-02-21,15,0.1388,5,6727.47,1345.494,1.0,125.5,3.0,3116.33,1081,106.75,125.5,-0.958038,-0.5,0
c388d365-1253-45ed-934e-4731ee225fdb,2026-02-21,96,0.2404,9,30117.96,3346.44,0.0,0.0,0.0,0.0,1123,19.5,5239.88,0.0,0.0,0
c3bc5bb3-aee9-4150-b36a-c89a22162e7d,2026-02-21,0,1.275,34,87736.34,2580.480588,5.0,10282.07,14.0,36715.29,800,14.3333,613.35,0.177048,0.0,0
c47da78e-a80f-46b0-b907-4867b0ac75da,2026-02-21,13,0.2402,8,13081.76,1635.22,1.0,3161.25,4.0,7547.01,999,63.5714,3161.25,-0.026909,-0.5,0
c4abe8e7-17ea-4981-acd2-0e286bf0080b,2026-02-21,10,0.3922,10,27028.2,2702.82,1.0,4775.53,1.0,4775.53,765,35.6667,4775.53,0.0,0.0,0
c5f7e86b-b9fe-4062-bae1-fcb4707e393e,2026-02-21,20,0.2781,9,29254.9,3250.544444,1.0,5835.22,2.0,9263.94,971,28.875,5835.22,0.701865,0.0,0
c7af740f-1d7a-4321-9d3e-ec9107c05254,2026-02-21,27,0.3462,14,29519.74,2108.552857,1.0,456.28,3.0,5552.08,1213,29.9231,456.28,-0.766333,0.0,0
c7e971e5-62a6-49c9-a239-e17ea1f253a5,2026-02-21,36,0.2963,12,31715.04,2642.92,0.0,0.0,3.0,10485.1,1215,39.2727,230.16,-1.0,-1.0,0
c8466347-f65e-48a7-a013-64f958a93e60,2026-02-21,6,0.3309,9,43224.78,4802.753333,1.0,1133.2,4.0,18897.72,816,53.25,1133.2,-0.896572,-0.5,0
c895adf4-11e4-460d-bad6-1bc4560990aa,2026-02-21,35,0.24,6,5364.75,894.125,0.0,0.0,1.0,1428.9,750,82.6,1428.9,-1.0,-1.0,0
c8a387fb-7265-43df-9af8-79f21e3f7a8b,2026-02-21,282,0.1032,4,2486.86,621.715,0.0,0.0,0.0,0.0,1163,46.6667,608.08,0.0,0.0,0
c9b37375-0f54-4110-983e-7b7635c1257f,2026-02-21,28,0.5373,12,43314.52,3609.543333,1.0,1689.7,3.0,14971.76,670,32.6364,1689.7,-0.840541,0.0,0
cb169247-90fc-4859-9c5d-36f94515f6a5,2026-02-21,5,0.1192,4,13247.44,3311.86,1.0,285.68,1.0,285.68,1007,158.6667,285.68,0.0,0.0,0
cb4bc77a-ba12-4fd1-b1f2-811b234a5c61,2026-02-21,63,0.2171,6,22945.48,3824.246667,0.0,0.0,3.0,16400.09,829,41.0,5405.78,0.0,0.0,0
cbf3e2e4-9c43-4976-afaa-bc231bff129c,2026-02-21,8,0.3242,13,38789.36,2983.796923,2.0,2107.9,3.0,11619.9,1203,38.5,1388.35,-0.778396,1.0,0
cc681bd0-1bf2-4364-a2fe-b18907da68dd,2026-02-21,58,0.1076,4,12929.68,3232.42,0.0,0.0,1.0,1945.18,1115,135.6667,1945.18,-1.0,-1.0,0
cd796877-895f-4bcc-8fe0-0c8c6c4e68b0,2026-02-21,18,0.6065,15,36201.25,2413.416667,1.0,1015.92,2.0,2152.69,742,28.2857,1015.92,-0.10631,0.0,0
cdc86dc6-c2f3-4988-94e7-c7b7f1a4a81b,2026-02-21,65,0.0681,2,5523.6,2761.8,0.0,0.0,1.0,3748.36,881,237.0,3748.36,0.0,0.0,0
ce1c7e34-50d9-4f3b-ab54-cbb7cab9fa18,2026-02-21,13,0.4891,18,50120.1,2784.45,4.0,9737.64,5.0,18708.97,1104,20.0,3113.75,0.0,0.0,0
ced1be46-44d9-42f9-913f-bf359f04d616,2026-02-21,47,0.3374,13,30543.05,2349.465385,0.0,0.0,2.0,5616.37,1156,31.8333,376.49,-1.0,-1.0,0
cf567dce-5613-483a-b10d-b4947a588d18,2026-02-21,50,0.2968,11,27929.23,2539.020909,0.0,0.0,1.0,2881.75,1112,42.9,2881.75,-1.0,-1.0,0
cfa38335-ed20-4254-b309-74d0dadee3bb,2026-02-21,4,0.3348,10,17622.17,1762.217,1.0,2100.11,4.0,4142.09,896,33.7778,2100.11,0.278435,-0.5,0
cfc90a2e-3eb4-476f-8b9b-493b93566dcb,2026-02-21,31,0.2141,7,20046.88,2863.84,0.0,0.0,2.0,9246.2,981,50.8333,649.91,-1.0,-1.0,0
cff873c2-039d-4260-8875-1ece53467a44,2026-02-21,40,0.1946,5,7680.79,1536.158,0.0,0.0,2.0,2972.91,771,43.75,1226.69,-1.0,-1.0,1
d16a7971-11f5-4284-b4c4-063a25f1f892,2026-02-21,26,0.1561,6,16981.62,2830.27,1.0,1424.51,2.0,6576.55,1153,76.4,1424.51,-0.723506,0.0,0
d16d5f0e-f1af-4ab1-8b14-12ce745ddd9b,2026-02-21,14,0.5167,18,45836.36,2546.464444,1.0,797.69,4.0,7818.96,1045,23.9412,797.69,-0.501519,0.0,0
d1907207-2f2d-4486-87e7-7b004fd2fab1,2026-02-21,32,0.3245,13,39954.49,3073.422308,0.0,0.0,3.0,4362.37,1202,32.0833,627.48,-1.0,-1.0,0
d1a51fbe-4bb5-47d5-88f8-06f817caff3f,2026-02-21,82,0.0969,3,18638.88,6212.96,0.0,0.0,2.0,14015.31,929,67.0,6706.53,0.0,0.0,0
d2b88436-ba26-4efa-bc74-287512167c81,2026-02-21,4,0.2556,8,24708.85,3088.60625,1.0,908.96,2.0,14796.61,939,54.8571,908.96,0.0,0.0,0
d3291ebb-1cad-4398-80c7-e968f0d6b8e3,2026-02-21,16,0.2717,10,25996.56,2599.656,1.0,2266.4,3.0,3956.78,1104,24.0,2266.4,14.345656,0.0,0
d34c22d5-fa13-4eb6-a115-4306ab8f65d5,2026-02-21,23,0.2083,6,25068.81,4178.135,1.0,1640.79,2.0,10983.91,864,81.2,1640.79,0.0,0.0,0
d3af0e3f-6c8e-43fd-b62a-d477ca54c291,2026-02-21,149,0.2235,5,16766.14,3353.228,0.0,0.0,0.0,0.0,671,74.25,4671.82,0.0,0.0,1
d3ceae53-5516-4152-a247-d101c45a4912,2026-02-21,26,0.8251,28,81037.48,2894.195714,1.0,571.37,11.0,40462.76,1018,17.2963,571.37,-0.935055,-0.6667,0
d3f21a44-d6a7-4183-9e3d-ca1e2f665ada,2026-02-21,21,0.4198,11,28962.29,2632.935455,1.0,347.09,4.0,18642.89,786,34.0,347.09,-0.835894,0.0,0
d5357dae-eafa-48fc-9a2b-b791e7c9e85e,2026-02-21,0,0.1861,6,5573.82,928.97,1.0,599.51,2.0,2181.19,967,77.2,599.51,0.0,0.0,0
d536df89-ae17-40cc-ae90-1ec234f2db3e,2026-02-21,1,0.3585,13,32995.66,2538.127692,2.0,3733.89,4.0,8289.97,1088,23.0833,714.21,-0.18046,0.0,0
d5bde5d5-ffb3-40af-bfb0-e1fbc0fc8ac6,2026-02-21,20,0.4385,12,43721.23,3643.435833,1.0,1315.6,3.0,9544.01,821,35.5455,1315.6,0.0,0.0,0
d6235160-cff1-499b-8088-b1ef010206d2,2026-02-21,57,0.1132,4,9929.87,2482.4675,0.0,0.0,2.0,5458.59,1060,113.3333,550.19,-1.0,-1.0,0
d68104da-a018-4b47-aeb2-cb32a2380b79,2026-02-21,54,0.1632,5,15427.61,3085.522,0.0,0.0,1.0,8679.78,919,60.25,8679.78,-1.0,-1.0,0
d6b350eb-48ff-4268-b8d2-d00fb5bd3417,2026-02-21,53,0.1553,5,25933.07,5186.614,0.0,0.0,2.0,17510.31,966,74.75,8568.27,-1.0,-1.0,0
d6e6f2c0-9d75-46fe-a6d0-19f4998b8aa0,2026-02-21,23,0.4141,11,15501.38,1409.216364,1.0,795.95,3.0,2376.55,797,48.7,795.95,-0.163988,0.0,0
d74a8b02-d712-4df5-b21a-91890f17146e,2026-02-21,210,0.1088,4,10239.34,2559.835,0.0,0.0,0.0,0.0,1103,71.0,712.26,0.0,0.0,0
d768ded2-0e1f-4338-a373-8cb12093b6b9,2026-02-21,13,0.8115,34,83841.24,2465.918824,1.0,552.53,9.0,29431.75,1257,14.0606,552.53,-0.910477,-0.75,0
d7daaa71-d5b3-4958-ac9f-03d1c8077bf4,2026-02-21,6,0.1897,8,29375.38,3671.9225,2.0,6048.26,3.0,8679.46,1265,40.8571,5096.18,1.29867,1.0,0
d929f86f-98cb-4302-a254-db21f53e0255,2026-02-21,8,0.2815,9,40444.92,4493.88,1.0,2483.9,1.0,2483.9,959,30.75,2483.9,0.0,0.0,0
da7dbacc-46a8-44dc-b4c5-5e21bf437da6,2026-02-21,11,0.7729,32,72888.76,2277.77375,5.0,8290.82,8.0,12549.17,1242,15.0645,1766.23,12.19102,4.0,0
dac7247b-1af7-458e-a5b0-4c00df11636c,2026-02-21,213,0.0966,3,976.3,325.433333,0.0,0.0,0.0,0.0,932,46.0,597.91,0.0,0.0,1
db49dbe2-b046-4b0c-8d11-6e496b852270,2026-02-21,2,1.3413,41,111753.25,2725.689024,4.0,5653.96,11.0,19726.72,917,13.125,701.63,7.43434,1.0,0
dbc5aa6b-529c-4c91-8331-7ec33c8503bb,2026-02-21,10,0.9375,37,89170.85,2410.022973,7.0,11567.71,13.0,25959.08,1184,11.8333,2279.95,0.79343,1.3333,0
dc1aef37-ddb1-4abc-a40f-974a11372fc7,2026-02-21,151,0.113,4,12179.98,3044.995,0.0,0.0,0.0,0.0,1062,74.6667,4214.99,0.0,0.0,1
dc32c9bc-f5b1-425c-b068-0f753d9baf2f,2026-02-21,28,0.5263,19,45113.89,2374.415263,1.0,1139.97,10.0,26546.05,1083,25.0556,1139.97,-0.919455,-0.8571,0
dcdc70f5-6a80-4b14-8487-b99c29cfcb2e,2026-02-21,17,0.4675,12,43133.74,3594.478333,2.0,378.43,6.0,23951.2,770,29.8182,53.48,-0.973063,-0.3333,0
ddb8a068-3cf7-4f6c-b653-fdf0d420c391,2026-02-21,10,0.1435,4,13959.16,3489.79,1.0,147.69,1.0,147.69,836,76.3333,147.69,0.0,0.0,0
debb1669-0087-4b21-a027-8766438b09f1,2026-02-21,36,0.3742,12,38948.56,3245.713333,0.0,0.0,3.0,8925.44,962,41.7273,2774.14,-1.0,-1.0,0
df5f2a94-fa46-46dc-b4fc-0a08486e8118,2026-02-21,32,0.2906,9,22047.54,2449.726667,0.0,0.0,2.0,3675.68,929,43.875,3488.88,-1.0,-1.0,0
df94c0e2-bf7b-4b60-9391-80972fa8058c,2026-02-21,414,0.0243,1,1388.35,1388.35,0.0,0.0,0.0,0.0,1236,0.0,1388.35,0.0,0.0,0
e040241c-efa6-453e-8e84-6caae95e5811,2026-02-21,8,0.2601,6,15544.01,2590.668333,1.0,952.6,3.0,8174.86,692,79.4,952.6,-0.434518,0.0,0
e05c9e8f-2852-4c9d-9c2a-756d89ba64a0,2026-02-21,8,1.1179,43,125767.75,2924.831395,6.0,14496.12,15.0,47412.4,1154,12.619,844.85,0.038441,0.5,0
e0666bd9-81b4-4c0c-aa13-af3137aaca09,2026-02-21,140,0.0496,2,10253.31,5126.655,0.0,0.0,0.0,0.0,1209,161.0,9429.33,0.0,0.0,1
e223a14f-9752-4dfc-b998-04cfae44ca10,2026-02-21,16,0.9003,34,99058.5,2913.485294,2.0,3271.42,9.0,35194.01,1133,13.6667,1978.87,-0.48064,-0.5,0
e400fe49-64f8-4e45-8877-6c5fd0a7747d,2026-02-21,9,0.6856,29,78266.3,2698.837931,3.0,10562.29,8.0,24310.92,1269,16.9643,5562.17,3.399433,0.5,0
e408e6a2-589e-4b0f-a98f-6a5e0f9e9e53,2026-02-21,3,0.3433,13,41345.96,3180.458462,2.0,7139.9,3.0,11254.37,1136,38.5833,2288.16,0.0,0.0,0
e4636af2-ab68-4a83-a019-d77df1fa2bb5,2026-02-21,33,0.1989,6,7473.91,1245.651667,0.0,0.0,2.0,2168.25,905,86.6,250.99,-1.0,-1.0,1
e4bb3060-0e47-44a3-8558-6f24ddbc49bb,2026-02-21,89,0.0732,3,14646.89,4882.296667,0.0,0.0,1.0,1437.27,1229,19.0,1437.27,0.0,0.0,0
e51c365e-179f-4c2e-92f5-bc4c2fc6282a,2026-02-21,2,0.7494,32,87941.04,2748.1575,3.0,9358.54,10.0,24811.6,1281,14.6774,2105.72,-0.354335,-0.5,0
e61ddcc6-8917-49aa-b93d-ba7a21702a71,2026-02-21,44,0.1737,4,9461.94,2365.485,0.0,0.0,1.0,2881.75,691,136.3333,2881.75,-1.0,-1.0,1
e630e7cb-c24b-49e2-af83-702facb0c4b9,2026-02-21,23,0.3235,11,44622.68,4056.607273,1.0,760.46,3.0,12656.84,1020,34.1,760.46,-0.93497,0.0,0
e63160b3-9636-4ddf-b7f6-a843aef7e599,2026-02-21,67,0.1813,6,30464.81,5077.468333,0.0,0.0,1.0,7721.78,993,48.0,7721.78,0.0,0.0,0
e74c4bf9-90b2-4723-8b21-9af623c5b124,2026-02-21,14,1.3173,31,100865.03,3253.710645,4.0,6752.31,12.0,37386.13,706,14.9,1428.12,-0.632217,0.3333,0
e818ffda-4cf8-4137-92f5-f73ec2be9aac,2026-02-21,36,0.418,9,27987.99,3109.776667,0.0,0.0,3.0,11356.74,646,38.75,5413.91,-1.0,-1.0,0
e85ec7b9-dc33-474f-b99d-d8ce41ac3c81,2026-02-21,12,0.2235,9,29836.48,3315.164444,1.0,1107.57,5.0,14673.46,1208,44.5,1107.57,-0.302032,-0.5,0
e9152f33-f58e-4690-a02f-18066572acda,2026-02-21,5,0.7021,22,54776.38,2489.835455,5.0,6422.8,11.0,31986.39,940,19.619,829.87,-0.120893,1.5,0
e9afc85a-81e7-4518-a4f2-c3650f0c8105,2026-02-21,14,0.4484,10,26640.25,2664.025,3.0,10130.18,5.0,16501.16,669,43.0,5182.59,0.590051,0.5,0
eb632b3d-7715-4810-ac99-01c19831c220,2026-02-21,56,0.3061,10,29462.01,2946.201,0.0,0.0,1.0,5372.68,980,52.1111,5372.68,-1.0,-1.0,0
ebbc4745-0985-45f9-b142-3002a577acc3,2026-02-21,4,0.2141,9,16623.56,1847.062222,3.0,3629.48,5.0,8932.42,1261,41.0,920.64,2.612142,2.0,0
ebe34170-88a5-4097-a231-ec6187114560,2026-02-21,3,0.4721,11,31515.0,2865.0,4.0,5915.47,6.0,11017.7,699,39.0,646.28,0.642981,3.0,0
ec0b1685-64bd-41e0-8aa1-e25e3abe480b,2026-02-21,27,0.3349,12,33482.73,2790.2275,1.0,248.7,4.0,10866.27,1075,39.3636,248.7,-0.899627,0.0,0
ec140a91-94c2-46b5-90c6-215cbcc0402e,2026-02-21,18,0.1744,6,9021.3,1503.55,1.0,1082.78,3.0,7211.54,1032,75.0,1082.78,-0.823328,-0.5,0
ec6b856d-40f2-41ed-a20b-7af257224723,2026-02-21,62,0.1677,7,36038.23,5148.318571,0.0,0.0,1.0,3152.68,1252,67.5,3152.68,0.0,0.0,0
ecee2fcb-7259-46bb-a6a3-c2683069ec25,2026-02-21,6,0.3858,13,36273.62,2790.278462,2.0,6252.53,5.0,15823.21,1011,18.8333,2797.29,0.099535,0.0,0
ed2171b1-c19b-4e0d-8734-299f1f997a16,2026-02-21,13,0.4593,16,47254.32,2953.395,2.0,3261.1,3.0,4456.92,1045,21.5333,2279.95,1.727083,1.0,0
ed3be97a-9e98-4ace-ba11-f1c0e145bfd5,2026-02-21,85,0.1567,6,19601.95,3266.991667,0.0,0.0,1.0,828.02,1149,49.6,828.02,0.0,0.0,0
ed43e4c6-255f-4de8-9134-6d5542faa41b,2026-02-21,303,0.027,1,1657.59,1657.59,0.0,0.0,0.0,0.0,1110,0.0,1657.59,0.0,0.0,0
eddc4ec7-f3d1-445e-8c5f-3f767fd5305e,2026-02-21,30,0.2784,8,34713.12,4339.14,0.0,0.0,1.0,3946.79,862,51.2857,3946.79,-1.0,-1.0,0
edf4822d-49a2-4ae7-95c1-975b85069210,2026-02-21,24,0.3911,10,17748.52,1774.852,1.0,1112.43,4.0,3854.39,767,54.3333,1112.43,-0.442327,-0.5,0
efa9353f-2d88-426a-a592-e6a1f87c7b1b,2026-02-21,12,0.3609,8,28222.24,3527.78,1.0,2097.69,1.0,2097.69,665,60.7143,2097.69,0.0,0.0,0
efab3272-7cfc-44f1-b229-26bfde116eb8,2026-02-21,67,0.0661,2,5105.67,2552.835,0.0,0.0,1.0,2485.73,908,70.0,2485.73,0.0,0.0,0
f17f8b99-61d1-4e7b-a6d3-4d0334235cc5,2026-02-21,30,0.2067,7,32101.95,4585.992857,0.0,0.0,3.0,17356.11,1016,64.0,3019.68,-1.0,-1.0,0
f201cdf9-cb7c-4b4b-8da0-68bccc439429,2026-02-21,41,1.1588,27,76983.84,2851.253333,0.0,0.0,6.0,26367.02,699,17.1923,571.37,-1.0,-1.0,0
f21b3e42-ab75-442f-8649-bca6bf44c9d8,2026-02-21,3,0.135,4,11181.48,2795.37,1.0,2877.16,1.0,2877.16,889,113.0,2877.16,0.0,0.0,0
f223cb41-eede-43d3-bafb-311ac6aab7d7,2026-02-21,1,0.2049,7,17964.6,2566.371429,2.0,5150.42,4.0,8440.6,1025,85.8333,2762.66,9.566481,1.0,0
f288b108-b674-41c7-91d6-0f5fdb761b37,2026-02-21,16,0.2903,12,32261.01,2688.4175,1.0,501.98,8.0,25412.08,1240,34.2727,501.98,-0.979848,-0.8571,0
f2c6c870-59a5-4df4-8f5a-85d42b868208,2026-02-21,64,0.1883,6,12998.97,2166.495,0.0,0.0,1.0,1427.65,956,59.6,1427.65,0.0,0.0,0
f311db56-da65-41a9-a889-888c821ca32c,2026-02-21,15,0.3873,11,23637.22,2148.838182,2.0,4322.23,5.0,13236.62,852,32.2,3268.48,0.243245,0.0,0
f3d3da1e-a146-45f1-bea7-4e9b3d5e991e,2026-02-21,21,0.5042,14,56955.72,4068.265714,1.0,1388.35,8.0,36916.9,833,37.0769,1388.35,-0.756136,-0.5,0
f5905fb3-1b37-4afd-80b2-3e6bb136b5b1,2026-02-21,23,0.1899,8,30190.08,3773.76,2.0,5491.58,4.0,11044.62,1264,48.8571,3091.22,1.287815,1.0,0
f5f339bf-3ab5-4a2e-916f-2db044568f67,2026-02-21,2,0.7588,26,86778.76,3337.644615,3.0,12333.62,13.0,50427.92,1028,20.36,5537.86,-0.545258,-0.4,0
f5f5a8ec-4cbe-4541-a494-d455225a8197,2026-02-21,8,0.2596,7,14683.71,2097.672857,1.0,1050.05,3.0,4822.88,809,70.1667,1050.05,-0.576208,0.0,1
f6176f19-c718-4746-9808-d110ecf53a50,2026-02-21,7,0.6764,17,45825.31,2695.606471,1.0,3729.73,5.0,17848.48,754,28.9375,3729.73,-0.654228,-0.6667,0
f631940b-26c5-4144-a328-f2b93f3b2f7e,2026-02-21,6,0.2762,10,28597.53,2859.753,3.0,8155.95,5.0,10743.5,1086,46.1111,2468.21,2.151997,0.5,0
f6a6bafb-8098-4f2d-ae6d-689b77c84f2b,2026-02-21,74,0.5341,12,40313.83,3359.485833,0.0,0.0,1.0,3788.81,674,28.7273,3788.81,0.0,0.0,0
f6c06ee2-7826-4de2-af26-9b9143bd5efb,2026-02-21,29,0.2952,8,16067.0,2008.375,1.0,749.39,2.0,4241.73,813,43.4286,749.39,-0.785419,0.0,0
f7f8a1f5-9b44-44c8-815c-2d04067a6cff,2026-02-21,94,0.0622,2,7722.61,3861.305,0.0,0.0,0.0,0.0,964,158.0,4146.62,0.0,0.0,0
f819f234-f7a8-41f3-8b26-732ac35c4d0b,2026-02-21,0,0.4484,11,15795.16,1435.923636,2.0,5246.89,4.0,7612.41,736,48.4,4113.69,1.21807,0.0,0
f8435633-4f8d-462d-872a-e6a541d39872,2026-02-21,11,0.4025,17,38628.61,2272.271176,1.0,608.37,5.0,8712.73,1267,27.625,608.37,-0.924933,-0.75,0
f8a3ae68-a437-491d-b88b-abad9164379f,2026-02-21,0,1.4063,36,101172.33,2810.3425,5.0,13579.28,10.0,26383.98,768,14.9143,3581.64,0.450091,0.25,0
f993e083-a536-4e9d-9432-b34fc52500a4,2026-02-21,23,0.0724,3,10485.23,3495.076667,1.0,1556.88,2.0,4922.3,1243,113.5,1556.88,0.0,0.0,0
fb5d70c0-f7cf-4096-a606-58d8efdd864b,2026-02-21,23,0.0664,2,5057.82,2528.91,1.0,4559.9,1.0,4559.9,904,305.0,4559.9,0.0,0.0,1
fc625523-78f4-4bf4-920a-ec3d6bf61de9,2026-02-21,58,0.307,11,46950.27,4268.206364,0.0,0.0,4.0,26056.3,1075,30.8,1007.24,-1.0,-1.0,0
fc90d768-4902-4267-aee4-185b5584cee7,2026-02-21,4,0.8717,29,59900.4,2065.531034,6.0,7076.37,6.0,7076.37,998,14.0714,2643.8,0.0,0.0,0
fd071015-793c-469e-bc3a-2f94a20f8f62,2026-02-21,49,0.1402,5,19502.97,3900.594,0.0,0.0,2.0,5355.05,1070,83.25,116.39,-1.0,-1.0,0
fdbf5f6b-5e04-401e-b01c-dadaea29b6bf,2026-02-21,113,0.1856,6,6488.98,1081.496667,0.0,0.0,0.0,0.0,970,42.8,1611.74,0.0,0.0,0
feb9f5f4-bed9-4b39-bb94-062fa9706005,2026-02-21,7,0.914,28,93654.17,3344.791786,5.0,11969.82,10.0,23522.32,919,18.6667,3009.16,1.384968,1.5,0
fec6b81b-c723-45e8-a11f-75a4cb6a1381,2026-02-21,11,0.9027,30,81146.63,2704.887667,4.0,8587.66,11.0,33451.18,997,14.3448,3091.22,-0.403797,-0.2,0
ff29a3b3-fb27-44ad-8dcc-9551fb3c7420,2026-02-21,19,1.3546,34,123164.34,3622.480588,1.0,3739.05,10.0,40930.76,753,15.5455,3739.05,-0.24923,-0.6667,0
ffb862d5-c41a-4b47-8ccf-b781447c9d8f,2026-02-21,39,0.3321,12,19247.77,1603.980833,0.0,0.0,4.0,7392.91,1084,31.1818,197.17,-1.0,-1.0,0
ffc7534a-f026-4ccd-94d9-540e6abbb59f,2026-02-21,3,0.2517,6,26657.9,4442.983333,2.0,6850.67,4.0,19619.28,715,53.8,5699.87,0.0,0.0,0
fffb4a19-e27c-48c5-9b1d-d72cf9f00485,2026-02-21,1,0.2665,7,14785.83,2112.261429,2.0,2898.12,3.0,3173.21,788,36.1667,1651.77,9.53517,1.0,0
0011d3f4-9e5e-47b6-a93a-e2d8f694b972,2026-03-23,1,0.2473,7,11618.02,1659.717143,2.0,5177.48,3.0,5749.52,849,34.6667,2797.29,8.050906,1.0,0
008e597a-3a9f-4d40-9452-50852330ae26,2026-03-23,39,0.073,2,2176.17,1088.085,0.0,0.0,1.0,896.87,822,247.0,896.87,-1.0,-1.0,1
00acfd4d-b8a4-441a-b965-3c900cea01a1,2026-03-23,24,0.512,17,62221.85,3660.108824,1.0,497.41,2.0,4947.14,996,28.1875,497.41,-0.888216,0.0,0
01a1b558-e312-42e2-ae36-718f30634861,2026-03-23,79,0.0954,3,12526.33,4175.443333,0.0,0.0,1.0,2622.11,943,145.5,2622.11,0.0,0.0,0
027e2c71-76f6-44d8-b214-51097fc3e605,2026-03-23,13,1.3557,31,57530.13,1855.810645,1.0,4755.14,7.0,11480.03,686,16.5333,4755.14,-0.176437,-0.8,0
02cb9a9f-5819-466a-91e5-0f9a44b9fa1f,2026-03-23,136,0.1205,3,10672.1,3557.366667,0.0,0.0,0.0,0.0,747,63.0,3782.67,0.0,0.0,1
033361ce-6653-4ee7-bee4-3fdbd06887c9,2026-03-23,1,0.4046,13,25636.55,1972.042308,2.0,5411.06,6.0,12854.26,964,34.9167,2334.09,1.326417,1.0,0
03d535e6-bab9-4699-93ff-729d55e623f0,2026-03-23,49,0.4668,15,32876.65,2191.776667,0.0,0.0,3.0,6820.74,964,27.0714,3248.34,-1.0,-1.0,0
0443c1b9-9e56-4bed-b673-1441efe40f38,2026-03-23,22,0.3107,11,31442.69,2858.426364,1.0,4085.6,3.0,6214.06,1062,35.9,4085.6,0.0,0.0,0
050980d5-34a4-4416-b487-3ba57e340fdf,2026-03-23,17,0.1594,6,19215.73,3202.621667,2.0,7994.56,3.0,8597.44,1129,60.6,3009.16,12.260616,1.0,0
05f197bf-0bdd-44a5-84bb-1878a08666b6,2026-03-23,40,0.9406,38,82150.68,2161.86,0.0,0.0,9.0,18118.75,1212,12.1892,2764.19,-1.0,-1.0,0
066b0bf5-5f5a-4c95-a709-b1fc1d059f94,2026-03-23,7,1.0693,36,100978.34,2804.953889,3.0,5786.99,14.0,26854.49,1010,14.0286,738.47,0.514011,-0.5,0
06771e16-c89d-4440-9d23-12b982301e00,2026-03-23,43,0.3113,11,38989.23,3544.475455,0.0,0.0,2.0,12738.5,1060,40.2,5262.39,-1.0,-1.0,0
068558eb-c240-4257-b396-30612707de8b,2026-03-23,41,0.0808,3,4735.96,1578.653333,0.0,0.0,2.0,4469.78,1114,29.5,1440.87,-1.0,-1.0,0
0764549c-3b40-4380-90ba-91c25c507f32,2026-03-23,15,0.049,2,4654.0,2327.0,1.0,1164.11,1.0,1164.11,1224,97.0,1164.11,0.0,0.0,1
0833337f-d730-49c9-98d3-adc98d0ffdd5,2026-03-23,4,0.3371,13,30493.38,2345.644615,3.0,9354.18,5.0,17396.73,1157,35.1667,720.44,0.567019,2.0,0
08667cf4-ac3a-45ee-a2ce-c49435d37bd6,2026-03-23,351,0.0885,2,1819.54,909.77,0.0,0.0,0.0,0.0,678,83.0,1065.14,0.0,0.0,0
0915900f-d22e-42b0-8e9e-810e55498a13,2026-03-23,4,0.9885,40,104659.69,2616.49225,4.0,10420.32,9.0,15585.19,1214,12.4359,200.96,3.553719,1.0,0
091ba1e5-58cf-4e6c-badc-17dbe89dea69,2026-03-23,12,1.1035,43,112333.19,2612.399767,1.0,4627.61,12.0,33716.49,1169,13.2381,4627.61,-0.615531,-0.8,0
097828d9-6691-4ec3-9ba8-624b866da2cf,2026-03-23,13,0.3066,7,14856.91,2122.415714,1.0,1905.2,4.0,8009.2,685,58.1667,1905.2,0.078682,0.0,0
099dc7e9-7010-498d-a042-18b5e023a832,2026-03-23,79,0.1181,3,6077.02,2025.673333,0.0,0.0,1.0,279.97,762,96.5,279.97,0.0,0.0,0
09c23830-7cee-4f7c-94cb-8d5486ccf53f,2026-03-23,13,0.141,5,10256.78,2051.356,2.0,2702.82,2.0,2702.82,1064,94.5,53.48,0.0,0.0,0
0b56c7b0-943b-425a-b6dc-6ab9f4e721ae,2026-03-23,27,0.1513,4,5296.6,1324.15,1.0,1023.86,1.0,1023.86,793,125.6667,1023.86,0.0,0.0,0
0b94772b-0571-4308-92cc-ac6baf2ac02b,2026-03-23,13,0.6584,23,82467.72,3585.553043,2.0,1279.02,6.0,13801.53,1048,22.7273,456.28,-0.784354,0.0,0
0c75c934-71c3-45ff-9de2-91babfa75c3f,2026-03-23,23,0.3452,11,29871.71,2715.61,1.0,390.54,2.0,4537.16,956,39.3,390.54,0.0,0.0,0
0c9d8d71-baa9-4ddf-936f-0c9137dc6dc6,2026-03-23,12,0.1498,6,13249.35,2208.225,1.0,138.37,2.0,5407.11,1202,80.4,138.37,-0.973738,0.0,0
0d0e2d20-27bb-4c93-9f8f-b7710b37194a,2026-03-23,11,0.4863,19,75419.71,3969.458421,2.0,1898.94,5.0,12514.08,1172,27.1667,1647.95,-0.444741,1.0,0
0d5cae3a-3f1a-4ef0-b794-ba9364aaff19,2026-03-23,17,0.228,7,14327.81,2046.83,2.0,4944.33,4.0,9188.11,921,56.6667,4415.57,1.181579,1.0,0
0e76c917-2eca-40e2-9cbd-346ac241a7fa,2026-03-23,34,0.305,11,28073.55,2552.140909,0.0,0.0,3.0,3933.6,1082,27.5,970.35,-1.0,-1.0,0
0e79db9e-6873-435b-b29c-9f8be3977517,2026-03-23,211,0.0979,4,13203.99,3300.9975,0.0,0.0,0.0,0.0,1226,67.3333,5262.39,0.0,0.0,0
0e83066e-d18a-4165-9e12-fbcb5945fbb6,2026-03-23,34,0.2744,9,23234.3,2581.588889,0.0,0.0,4.0,8977.1,984,43.625,1640.79,-1.0,-1.0,0
108df563-ddcd-4802-83f7-6f5da40664d0,2026-03-23,8,0.4253,13,36770.75,2828.519231,2.0,2007.98,4.0,9502.35,917,29.4167,1660.89,-0.732068,0.0,0
10cb2e84-0bd1-4b29-8db3-06ae3488789d,2026-03-23,3,0.4406,11,31854.74,2895.885455,2.0,3886.74,2.0,3886.74,749,55.1,2492.7,0.0,0.0,0
10eff7e3-344e-4e74-9346-9551c1372c30,2026-03-23,22,0.0652,2,1144.6,572.3,1.0,299.75,2.0,1144.6,920,14.0,299.75,-0.645203,0.0,0
113fc32a-23b9-4b41-82f4-df6c2b1ae4ae,2026-03-23,94,0.3016,13,41701.67,3207.820769,0.0,0.0,0.0,0.0,1293,29.5,6155.87,0.0,0.0,0
118ee786-a564-468b-9121-6d099423827f,2026-03-23,42,0.1371,5,18465.38,3693.076,0.0,0.0,2.0,3833.5,1094,84.25,1030.41,-1.0,-1.0,0
119de36d-41b2-4136-a3a2-0b81cfcdf6f9,2026-03-23,10,0.4462,13,54087.0,4160.538462,2.0,5835.33,4.0,13275.64,874,38.4167,2586.99,-0.215714,0.0,0
121edff8-dfb7-4758-a559-7855430672f3,2026-03-23,17,0.5669,13,43168.1,3320.623077,2.0,3816.23,4.0,9860.71,688,36.0,1716.12,-0.03308,1.0,0
12be2694-e03e-4703-878e-8ce9ad582cf1,2026-03-23,8,0.1925,8,21427.69,2678.46125,1.0,1634.24,2.0,2335.87,1247,73.2857,1634.24,1.329205,0.0,0
12e7bad8-8e3d-4196-ba8d-b9d49a184b70,2026-03-23,50,0.1271,4,10276.12,2569.03,0.0,0.0,2.0,7909.97,944,55.3333,5032.81,-1.0,-1.0,0
13995ae9-c50f-4813-b0ba-6e044fe0b9ef,2026-03-23,57,0.4138,14,49249.89,3517.849286,0.0,0.0,2.0,3180.71,1015,34.3846,2881.75,-1.0,-1.0,0
13b4e054-f5c9-4aaa-adb2-89ae2ad3a8bb,2026-03-23,9,0.2737,10,17629.36,1762.936,1.0,970.35,5.0,4999.45,1096,48.2222,970.35,-0.759165,-0.75,0
13d8502b-672a-495d-a3f4-30157008db99,2026-03-23,22,0.3015,8,23811.44,2976.43,1.0,5262.39,3.0,7035.21,796,52.7143,5262.39,1.968372,-0.5,0
1445cd5d-91a8-417f-b07d-805a30ad7fb7,2026-03-23,0,0.4395,15,51944.06,3462.937333,1.0,3581.64,4.0,19908.78,1024,30.7143,3581.64,-0.320309,-0.5,0
1686f723-a337-4bf4-aedd-21d353bffde6,2026-03-23,231,0.1247,3,4642.16,1547.386667,0.0,0.0,0.0,0.0,722,80.5,250.99,0.0,0.0,0
1762b46f-b7ef-481c-9e0b-7e6d2033bcf4,2026-03-23,3,1.9828,46,129100.06,2806.523043,3.0,10343.19,15.0,26134.9,696,12.6,846.28,1.313623,-0.4,0
1790c003-10df-448c-b85d-1632f261eb08,2026-03-23,105,0.1587,4,13076.64,3269.16,0.0,0.0,0.0,0.0,756,112.6667,4800.21,0.0,0.0,1
17d5d2f7-ff1a-4530-9773-24b87d304797,2026-03-23,55,0.0742,3,9311.14,3103.713333,0.0,0.0,2.0,8016.06,1213,46.5,539.95,-1.0,-1.0,0
1838dbf6-d8cf-43f5-bebd-974415618eb5,2026-03-23,6,0.0848,3,5980.11,1993.37,2.0,2447.66,2.0,2447.66,1061,96.5,349.97,0.0,0.0,0
18f1b310-96f4-4c2e-b99b-5b091b3e0999,2026-03-23,50,0.3466,11,31168.36,2833.487273,0.0,0.0,2.0,2055.6,952,23.7,1428.12,-1.0,-1.0,0
1948ea27-1b6a-4dd3-8c99-b399dcf88ed3,2026-03-23,8,0.6901,19,49555.85,2608.202632,2.0,6191.06,5.0,14947.06,826,19.8333,5609.1,2.868832,1.0,0
1a467aee-8d4c-4127-8afb-fde18c339771,2026-03-23,6,0.7207,24,60524.63,2521.859583,6.0,12562.42,9.0,13986.67,999,19.7826,662.17,195.564231,5.0,0
1a980af4-4a6b-40eb-a9a0-f4ffc25c68aa,2026-03-23,32,0.4671,13,39257.65,3019.819231,0.0,0.0,4.0,6357.09,835,36.4167,3924.61,-1.0,-1.0,0
1b167ea1-66cf-416e-82fc-b6448dbddf75,2026-03-23,6,0.437,14,40269.63,2876.402143,3.0,7265.55,4.0,8851.83,961,27.3077,2301.73,0.0,0.0,0
1b1ed7c2-6b3b-4ab2-9092-bb1c6ed900ba,2026-03-23,16,0.2628,7,17788.2,2541.171429,2.0,6989.81,3.0,11439.54,799,61.8333,3290.95,0.570839,1.0,1
1c22a6c4-3de0-4f96-b62a-3a6edbbaf732,2026-03-23,3,1.2183,48,96544.03,2011.333958,8.0,6297.26,14.0,21314.43,1182,11.0426,781.07,-0.253807,0.6,0
1fff1144-0a72-44bd-ae41-900fd84b9dec,2026-03-23,21,0.7444,30,114988.71,3832.957,2.0,7738.34,8.0,23569.09,1209,17.4828,2752.94,0.272515,-0.3333,0
20538050-69a2-4a47-9dd1-b9142fb76c57,2026-03-23,0,0.2303,8,14654.87,1831.85875,2.0,6113.87,4.0,8895.5,1042,52.8571,2776.57,0.0,0.0,0
2068266d-f715-474b-b293-1caa9d9e7b74,2026-03-23,78,0.1263,4,2699.97,674.9925,0.0,0.0,1.0,989.44,950,66.0,989.44,0.0,0.0,0
20791844-68d1-4c47-8940-96e45daf918f,2026-03-23,6,1.0,41,97322.05,2373.708537,2.0,1024.38,13.0,19497.01,1230,13.75,269.98,-0.595647,-0.3333,0
20862386-94e2-45f7-815a-43c7bc2f2b60,2026-03-23,113,0.1987,8,38232.08,4779.01,0.0,0.0,0.0,0.0,1208,27.5714,7771.19,0.0,0.0,1
21a51334-c936-4d66-b3de-22e7b162ade5,2026-03-23,83,0.2235,9,24697.06,2744.117778,0.0,0.0,1.0,2798.6,1208,51.25,2798.6,0.0,0.0,0
21b8e2ff-2ce2-406c-82b9-dd2073e3fc63,2026-03-23,102,0.0769,3,16019.67,5339.89,0.0,0.0,0.0,0.0,1171,66.5,6664.18,0.0,0.0,0
2259bbe9-5f76-414c-ac70-cb078652ec8b,2026-03-23,66,0.0653,2,5105.38,2552.69,0.0,0.0,1.0,2643.8,919,350.0,2643.8,0.0,0.0,0
2277c61c-6a77-4651-9d4b-9cccf937b007,2026-03-23,105,0.1058,4,12143.59,3035.8975,0.0,0.0,0.0,0.0,1134,142.6667,4247.83,0.0,0.0,0
229edd85-4113-4b2a-be5b-1cc986fd5173,2026-03-23,4,1.3187,36,91837.21,2551.033611,4.0,7463.44,13.0,24272.17,819,12.3429,2643.8,1.304391,0.0,0
22c9e11f-8a46-446c-a948-06b756976159,2026-03-23,10,0.3689,12,34212.12,2851.01,1.0,952.08,1.0,952.08,976,45.7273,952.08,0.0,0.0,0
246922da-92c5-4c2c-8cc0-47f2c50b9eea,2026-03-23,10,0.0319,1,2266.74,2266.74,1.0,2266.74,1.0,2266.74,941,0.0,2266.74,0.0,0.0,0
2576b737-f022-4e9c-8640-a88226cea0ff,2026-03-23,16,1.3539,38,107010.89,2816.076053,3.0,7664.22,15.0,36450.11,842,12.6216,3488.88,-0.065437,-0.4,0
267963b4-ed35-41d7-b2ce-cc6088afbd06,2026-03-23,12,0.3138,10,30873.92,3087.392,2.0,4288.63,4.0,11853.36,956,30.7778,1754.08,-0.247592,1.0,0
27121f78-6ac9-48b9-bd1d-14e1b17b0217,2026-03-23,3,0.4776,16,42311.32,2644.4575,5.0,14777.46,7.0,18511.91,1005,29.5333,3892.19,3.372806,4.0,0
272c06ef-927d-483b-b924-350e81ee8dfe,2026-03-23,31,0.2475,10,25453.0,2545.3,0.0,0.0,3.0,6504.24,1212,40.3333,1245.67,-1.0,-1.0,0
27415395-c694-42d4-a2b5-04dfddb578f5,2026-03-23,12,0.3213,14,36101.43,2578.673571,2.0,2028.56,4.0,9030.24,1307,39.3846,608.37,0.0,0.0,0
274dc0d8-8ff4-4a0e-a6cd-722b3eed949b,2026-03-23,275,0.0389,1,403.44,403.44,0.0,0.0,0.0,0.0,772,0.0,403.44,0.0,0.0,1
28db185a-0491-429f-bcbf-840c74d94b1e,2026-03-23,186,0.0707,2,1190.78,595.39,0.0,0.0,0.0,0.0,849,198.0,69.99,0.0,0.0,0
28e3eb2f-4e60-491c-8ecf-9260a4a4ced4,2026-03-23,6,0.9083,37,122602.94,3313.592973,3.0,3630.29,9.0,17674.02,1222,13.3611,213.91,-0.64986,-0.25,0
28fe8878-f7c1-4a80-9dc8-ab4bf2bbd40a,2026-03-23,1,0.3214,9,20872.29,2319.143333,1.0,738.47,2.0,3669.86,840,49.0,738.47,0.0,0.0,0
29da7f9b-7059-4c90-999f-3737f7557ee5,2026-03-23,44,0.162,5,9849.1,1969.82,0.0,0.0,1.0,106.95,926,83.5,106.95,-1.0,-1.0,1
2b7d87b4-19c8-4ef8-88c3-9bc34019b9ea,2026-03-23,25,0.1054,4,11308.85,2827.2125,1.0,3946.79,1.0,3946.79,1139,107.0,3946.79,0.0,0.0,0
2c1bec68-3786-4dae-bb18-e5be2c55ad92,2026-03-23,44,0.0769,3,10164.74,3388.246667,0.0,0.0,1.0,5015.27,1170,188.0,5015.27,-1.0,-1.0,0
2c3ca1b8-7c76-4a4c-80bf-5314fb7f22ae,2026-03-23,18,0.4802,21,60478.02,2879.905714,1.0,3200.48,7.0,20872.98,1312,25.9,3200.48,-0.586846,-0.6667,0
2c513a38-ffd7-477a-8bc7-7f96f8b9ca38,2026-03-23,123,0.1325,3,11957.61,3985.87,0.0,0.0,0.0,0.0,679,122.0,6214.66,0.0,0.0,0
2d2d74d8-47ee-4fdd-a00f-61966c2b1b25,2026-03-23,11,0.0669,2,2525.49,1262.745,1.0,323.14,1.0,323.14,897,426.0,323.14,0.0,0.0,1
2e532847-959f-4087-bd6e-85a52170ee01,2026-03-23,11,0.3423,11,16164.25,1469.477273,2.0,483.18,4.0,3843.87,964,33.2,331.09,-0.715743,1.0,0
2fcab125-0690-4478-91f9-6c3b3e5eada3,2026-03-23,33,0.1307,5,3995.63,799.126,0.0,0.0,2.0,1348.81,1148,86.5,1023.86,-1.0,-1.0,1
2fd49fb9-c8b2-4ec3-b38c-a061a73e1168,2026-03-23,8,0.4626,14,35747.66,2553.404286,1.0,209.98,4.0,8413.83,908,35.0769,209.98,-0.974405,-0.6667,0
2fdb2470-7bb8-4ff4-90ef-b13139714701,2026-03-23,1,0.6431,17,48223.2,2836.658824,1.0,1164.11,5.0,3426.22,793,31.125,1164.11,0.082883,-0.5,0
30234645-3e34-4245-a4e4-e0e65a95e222,2026-03-23,23,0.4787,12,19156.44,1596.37,1.0,2667.0,2.0,3800.2,752,32.7273,2667.0,0.0,0.0,0
3137607b-7cb7-42f6-bf45-44b8618d38d2,2026-03-23,14,0.7714,18,42566.27,2364.792778,1.0,1940.69,5.0,12722.03,700,28.5882,1940.69,-0.689908,-0.5,0
3172cd4d-4c75-477f-b250-b797860fb889,2026-03-23,75,0.0719,2,6060.61,3030.305,0.0,0.0,1.0,2649.34,835,39.0,2649.34,0.0,0.0,0
31e4bcb5-1a69-45eb-a2c7-5bfa73cdfca1,2026-03-23,2,0.9261,38,93601.78,2463.204737,3.0,8996.21,11.0,21790.62,1231,11.7297,2351.66,0.802255,-0.25,0
32ab5f7d-2c86-49a3-b8c6-009538e6624d,2026-03-23,31,0.5993,18,52315.54,2906.418889,0.0,0.0,6.0,19277.17,901,29.4706,5096.18,-1.0,-1.0,0
334ea671-bdee-4328-983b-35a799b372d6,2026-03-23,23,0.3454,15,47181.21,3145.414,2.0,8033.63,5.0,13323.48,1303,33.1429,4668.17,0.518688,-0.3333,0
3378475b-b350-4593-9546-01468d85dcd8,2026-03-23,18,0.4654,11,15174.8,1379.527273,1.0,1195.82,1.0,1195.82,709,38.5,1195.82,0.0,0.0,0
33879d3b-ca28-410e-9d37-7a429d1c33aa,2026-03-23,43,0.2899,10,19536.1,1953.61,0.0,0.0,3.0,3516.22,1035,58.2222,809.93,-1.0,-1.0,0
33ee3ff1-854d-447c-b205-31e8f43b9b20,2026-03-23,29,0.2595,8,24059.46,3007.4325,1.0,3183.81,2.0,5957.95,925,62.4286,3183.81,0.147675,0.0,0
342211c4-67cb-41aa-92dd-fdfb475efd26,2026-03-23,7,0.1462,4,10700.57,2675.1425,1.0,820.4,1.0,820.4,821,95.6667,820.4,0.0,0.0,1
34a16a66-821a-489f-8fc2-67d38c8256d4,2026-03-23,2,0.4352,15,53981.54,3598.769333,2.0,4729.28,4.0,8371.14,1034,33.7143,3379.4,0.908699,1.0,0
34a5889e-5833-48a0-a0ba-44d9c14b5e71,2026-03-23,25,0.1172,3,2825.67,941.89,1.0,533.4,1.0,533.4,768,156.0,533.4,0.0,0.0,0
34f539cb-584e-4259-ac9f-44e6d5484ebf,2026-03-23,1,1.6626,45,117295.11,2606.558,4.0,11401.08,13.0,22705.63,812,11.7955,712.26,1.132673,0.0,0
34fc1ab3-f5c6-4545-9ba9-158e780f74bd,2026-03-23,18,0.4607,17,33723.73,1983.748824,2.0,6998.21,6.0,14463.14,1107,27.9375,3729.73,0.590491,0.0,1
36526e5e-f875-4c3e-a8d6-c50ede833ade,2026-03-23,8,0.6522,17,49750.37,2926.492353,1.0,232.79,5.0,6978.23,782,29.5,232.79,-0.948247,-0.5,0
376ee9f0-6491-4a85-888a-05e690a5e05f,2026-03-23,73,0.0661,2,6739.64,3369.82,0.0,0.0,1.0,2013.12,908,379.0,2013.12,0.0,0.0,0
3773055e-a1f8-4fba-8846-a4b4eca5c2b7,2026-03-23,23,0.6328,17,41037.33,2413.960588,3.0,10359.42,9.0,20470.46,806,24.8125,3581.64,25.136391,0.5,0
37d5df97-0c87-4376-9107-d798341f0602,2026-03-23,96,0.0949,4,16029.0,4007.25,0.0,0.0,0.0,0.0,1264,52.6667,6419.44,0.0,0.0,0
3907704e-d22a-40f9-9591-9c06dfc1b6d2,2026-03-23,15,1.0335,38,78681.54,2070.566842,2.0,2571.52,11.0,17277.48,1103,13.8649,2160.38,-0.666975,-0.5,0
399ee9ba-2674-41aa-a50a-7b370668b523,2026-03-23,21,0.3364,11,45123.74,4102.158182,1.0,1700.06,2.0,2023.2,981,38.2,1700.06,4.261063,0.0,0
3a2f88d5-e75e-4285-9b59-ed2b46276d42,2026-03-23,9,0.1671,7,25956.58,3708.082857,1.0,795.95,1.0,795.95,1257,56.0,795.95,0.0,0.0,0
3a4a12e8-a3c4-4fe3-a0bc-ed28dee70ff0,2026-03-23,26,0.3445,12,27999.0,2333.25,1.0,5820.57,3.0,12483.87,1045,36.4545,5820.57,0.176543,0.0,0
3a8f7a32-89b6-42d8-b99a-bc1041025065,2026-03-23,56,0.1249,5,11245.74,2249.148,0.0,0.0,1.0,1657.59,1201,117.0,1657.59,-1.0,-1.0,0
3b80de3a-118c-4393-9d4e-1994031e22b9,2026-03-23,39,0.4755,11,23057.38,2096.125455,0.0,0.0,4.0,10860.55,694,32.1,1245.67,-1.0,-1.0,0
3bd0dd5d-7d24-48da-856a-69e393e5e5b9,2026-03-23,3,0.3974,14,39287.43,2806.245,4.0,13093.49,4.0,13093.49,1057,34.5385,3337.3,0.0,0.0,0
3cc7350b-72e0-4990-a2f4-79f0e19bfe72,2026-03-23,26,0.9049,39,129737.65,3326.60641,1.0,4559.9,6.0,24878.04,1293,13.2895,4559.9,-0.496321,-0.6667,0
3ce5849f-19ca-4eca-8a46-e4a3b8828dc2,2026-03-23,16,0.2317,8,27874.58,3484.3225,2.0,7564.25,3.0,10530.32,1036,64.8571,3076.97,0.0,0.0,0
3d036612-3ff3-451e-a921-d163e55b4c30,2026-03-23,1,0.5362,20,52234.42,2611.721,6.0,10917.66,8.0,17613.21,1119,21.4211,1050.05,3.40628,5.0,0
3da770f9-a532-48df-a2e4-cf550c263161,2026-03-23,0,0.5984,15,48120.67,3208.044667,2.0,5393.1,3.0,8566.54,752,29.5,5250.26,0.0,0.0,0
3de6f533-5503-4109-875b-33f40109353f,2026-03-23,12,0.408,15,47247.61,3149.840667,1.0,908.96,2.0,3683.1,1103,35.7857,908.96,-0.672345,0.0,0
3e80243e-ed4d-46b5-a4ec-9aa1107c32da,2026-03-23,9,0.6272,18,51341.48,2852.304444,1.0,162.48,3.0,1546.26,861,28.7647,162.48,0.0,0.0,0
3e8f3d31-4fdc-4858-8d58-87b8c70d1e61,2026-03-23,91,0.2589,7,28038.28,4005.468571,0.0,0.0,0.0,0.0,811,66.1667,3788.81,0.0,0.0,1
403ba4f6-3b05-4fb0-9c95-6068878e01b1,2026-03-23,0,0.9696,34,113785.93,3346.645,3.0,8449.23,11.0,23471.28,1052,16.2727,1600.24,0.004803,-0.4,0
40abd3f4-34c6-407b-8dfe-8ff445cce235,2026-03-23,62,0.2896,12,21055.28,1754.606667,0.0,0.0,2.0,4335.36,1243,44.8182,597.91,0.0,0.0,0
414fbbd6-b12f-45a2-85f2-fd8a574567fa,2026-03-23,27,0.0746,3,3564.21,1188.07,1.0,2539.79,1.0,2539.79,1206,195.0,2539.79,0.0,0.0,0
41906a86-bd78-43ee-a9ab-5f93230c56a1,2026-03-23,4,0.5491,22,40536.01,1842.545909,1.0,1226.69,5.0,7569.13,1202,26.619,1226.69,-0.759641,-0.6667,0
41cc51fc-74f3-43aa-b9e8-c4269becb375,2026-03-23,16,0.4856,18,53740.69,2985.593889,4.0,2671.18,5.0,3452.25,1112,26.1765,539.95,0.0,0.0,0
420464c7-e05c-4002-9ab4-902acb471c60,2026-03-23,7,0.5749,16,35696.37,2231.023125,2.0,4133.85,3.0,6172.32,835,34.8667,2060.81,1.027918,1.0,0
42b4250f-96b0-4ca7-b063-8722469fafa6,2026-03-23,61,0.1875,5,20579.57,4115.914,0.0,0.0,1.0,1657.59,800,52.5,1657.59,0.0,0.0,1
43b1d0a0-404f-48c8-96ee-46291e3ceaa3,2026-03-23,1,0.6342,20,44267.74,2213.387,1.0,2943.45,7.0,11104.84,946,26.7368,2943.45,-0.277897,-0.6667,0
44e18ff7-c6c4-4f05-810a-10acda026843,2026-03-23,1,0.8219,32,96554.68,3017.33375,5.0,14537.07,12.0,29962.63,1168,15.1935,476.04,0.714617,0.25,0
44e3f736-1e1f-478d-876f-f18c9b474ec7,2026-03-23,24,0.2513,11,29722.76,2702.069091,1.0,1023.86,3.0,2150.07,1313,49.5,1023.86,-0.09088,-0.5,0
44f08084-85aa-46b5-8832-5d1d2b8db2cc,2026-03-23,2,0.1622,6,5802.31,967.051667,2.0,1654.32,5.0,5642.77,1110,81.8,1494.78,-0.270067,1.0,0
454e54ed-b5e4-4096-9693-090f3ddaa42e,2026-03-23,6,0.6131,15,37136.14,2475.742667,1.0,754.4,4.0,3757.77,734,34.5,754.4,-0.748815,-0.6667,0
456196a3-f5fd-4769-85c9-fe12f73de5b9,2026-03-23,1,1.2842,36,90527.83,2514.661944,7.0,12843.86,11.0,21987.36,841,13.8,248.7,3.822898,2.5,0
45a709ac-78ec-4b7a-a43b-05abbd55bb3d,2026-03-23,27,0.0706,2,4155.48,2077.74,1.0,1533.37,2.0,4155.48,850,39.0,1533.37,0.0,0.0,1
45b35575-e766-4b46-861c-910c86237813,2026-03-23,16,1.1185,39,99816.39,2559.394615,2.0,2494.23,10.0,18629.17,1046,12.4474,1647.95,-0.550746,-0.5,0
45b88888-2215-4e91-9647-006d4a1e9e88,2026-03-23,0,0.2869,9,26418.14,2935.348889,1.0,597.91,3.0,7833.74,941,43.625,597.91,-0.850978,0.0,0
46131e6b-4c77-4840-8255-973dc2b72450,2026-03-23,22,0.2261,9,13268.89,1474.321111,1.0,478.61,3.0,4099.59,1194,51.25,478.61,0.0,0.0,0
4625383b-ddb9-4a4e-8e05-f4c0efbb0b38,2026-03-23,20,0.1479,5,13064.82,2612.964,1.0,1864.86,2.0,2854.3,1014,71.25,1864.86,0.884763,0.0,0
46b19404-7f1c-4813-a3e9-8ad7066efbfb,2026-03-23,27,0.1695,4,14698.08,3674.52,1.0,2335.32,1.0,2335.32,708,88.3333,2335.32,0.0,0.0,1
46ced229-ee4c-418c-badd-2f91fc1ab760,2026-03-23,37,0.3468,10,39251.09,3925.109,0.0,0.0,2.0,3883.45,865,42.2222,571.37,-1.0,-1.0,0
46df1799-2ada-4ee5-af3b-e819f704a921,2026-03-23,8,0.0685,3,9903.03,3301.01,1.0,2210.12,1.0,2210.12,1313,143.5,2210.12,0.0,0.0,0
475f907b-4322-4d29-8737-399bde16f1a0,2026-03-23,20,0.0499,2,951.89,475.945,1.0,454.48,2.0,951.89,1202,47.0,454.48,0.0,0.0,0
4806ee4c-c13b-48d2-8521-c95b1a259fbf,2026-03-23,32,0.0425,1,663.89,663.89,0.0,0.0,1.0,663.89,706,0.0,663.89,-1.0,-1.0,0
48689e01-09c4-46f3-9d8e-5d6c440e56cb,2026-03-23,22,0.2799,12,21479.92,1789.993333,2.0,3096.46,4.0,4625.37,1286,37.4545,2059.94,1.928039,1.0,0
48871682-8627-402c-b359-46e536c8c5f8,2026-03-23,15,0.4795,14,32670.91,2333.636429,1.0,1079.9,2.0,3213.5,876,36.3846,1079.9,-0.49386,0.0,0
4985763f-1aec-4bc7-8147-1beeb7a2d9c0,2026-03-23,10,0.2754,12,30035.44,2502.953333,2.0,3131.56,5.0,15145.15,1307,36.0909,1728.3,-0.229869,0.0,1
49d4f65c-a7f6-423f-97b2-75571396471e,2026-03-23,15,0.3488,9,33237.76,3693.084444,1.0,2492.7,3.0,9956.84,774,61.25,2492.7,-0.465334,0.0,0
4b263a6a-fa62-4829-bdec-56be9866bdeb,2026-03-23,81,0.057,2,12607.97,6303.985,0.0,0.0,1.0,456.28,1053,58.0,456.28,0.0,0.0,1
4db8450b-3473-4e34-abb8-61b270b04333,2026-03-23,4,0.4312,14,33248.0,2374.857143,2.0,2953.4,5.0,10609.04,974,37.5385,627.48,0.596924,1.0,0
4ed5562c-399a-4f63-8123-7496d2617ad8,2026-03-23,11,0.4492,14,37698.46,2692.747143,2.0,973.96,6.0,14225.9,935,25.3077,476.04,-0.863776,0.0,0
4ee7f9a8-1985-4e04-82b5-332cbc70c187,2026-03-23,77,0.4934,15,22563.6,1504.24,0.0,0.0,3.0,3207.54,912,28.7857,2400.36,0.0,0.0,0
4f4f2ef2-6350-45b8-af19-6bd90adfc454,2026-03-23,5,1.0782,40,138760.55,3469.01375,2.0,810.14,9.0,29132.66,1113,10.1795,533.4,-0.847028,0.0,0
505deb96-02b0-4484-ae43-533961fa661d,2026-03-23,10,0.7678,27,65537.12,2427.300741,8.0,23397.45,12.0,32788.73,1055,17.0,4430.29,3.118334,3.0,0
5097dfe0-2eb9-4792-a52b-170cf10ad290,2026-03-23,17,0.1896,5,9951.3,1990.26,1.0,2776.57,4.0,9560.76,791,98.5,2776.57,-0.39109,0.0,0
5173c47a-a140-490b-afc1-af84817a605e,2026-03-23,2,0.4351,18,49980.81,2776.711667,1.0,1428.12,6.0,10108.52,1241,28.0,1428.12,-0.415314,-0.5,0
51833259-a233-414c-85fb-6ed59e50dfed,2026-03-23,3,1.2437,33,112689.36,3414.829091,2.0,747.66,11.0,28045.3,796,17.3125,53.48,-0.863581,-0.3333,0
528aa423-6b23-4a2a-8e8b-d2c5976a5484,2026-03-23,31,0.2373,7,20084.53,2869.218571,0.0,0.0,3.0,2898.75,885,43.8333,803.84,-1.0,-1.0,0
529b58fc-1d6b-4a46-bcf3-bd50c058a284,2026-03-23,23,0.4646,14,33452.41,2389.457857,1.0,1057.81,5.0,8207.69,904,31.3077,1057.81,-0.852052,-0.75,0
532c0027-0a87-4b04-8cd6-433b7eda14e0,2026-03-23,11,0.2444,8,22717.57,2839.69625,2.0,1431.99,2.0,1431.99,982,59.7143,1315.6,0.0,0.0,0
5379215b-cc4c-4e00-a6c5-27be458826a0,2026-03-23,67,0.074,3,5300.73,1766.91,0.0,0.0,2.0,2247.08,1216,193.5,1698.9,0.0,0.0,0
53cf422c-89ff-449d-9e2b-509585fbfa93,2026-03-23,37,0.1767,5,12630.79,2526.158,0.0,0.0,2.0,1966.67,849,108.5,844.85,-1.0,-1.0,1
54739a70-fe3b-45f0-b6da-5eb96fddebc6,2026-03-23,2,1.4668,42,94584.44,2252.010476,7.0,15678.68,14.0,25346.4,859,12.122,2115.62,6.640049,0.75,0
549276f5-7982-4ddd-9090-30fd37f31bf6,2026-03-23,13,0.4253,15,45695.6,3046.373333,1.0,3527.5,4.0,11200.69,1058,28.5,3527.5,1.070396,-0.5,0
556c3740-52fd-4022-8755-b92b9fa5342d,2026-03-23,2,0.6065,26,57208.71,2200.335,1.0,2877.16,9.0,12540.83,1286,22.0,2877.16,-0.293321,-0.75,0
5616033a-269f-49ef-83d8-504129f87568,2026-03-23,88,0.065,2,10396.04,5198.02,0.0,0.0,1.0,3846.19,923,60.0,3846.19,0.0,0.0,0
5705b303-d99b-47e5-9620-2ac37d16bf70,2026-03-23,10,0.2586,6,7913.11,1318.851667,2.0,3148.99,3.0,3798.9,696,71.4,1171.61,3.845271,1.0,0
575ab059-021e-48cf-a1f6-39e5a9719349,2026-03-23,87,0.3131,11,29815.99,2710.544545,0.0,0.0,1.0,685.74,1054,36.5,685.74,0.0,0.0,0
5768b4fe-4e94-4a79-bf94-aec56843c229,2026-03-23,176,0.1208,3,4155.23,1385.076667,0.0,0.0,0.0,0.0,745,66.5,701.63,0.0,0.0,0
5772f550-5886-44ab-b618-cc525d22c053,2026-03-23,0,1.642,37,95370.08,2577.56973,3.0,3640.04,5.0,4560.47,676,14.9722,646.28,14.815259,2.0,0
5828d313-995e-4774-b19c-e8ac7bc3daea,2026-03-23,63,0.0933,4,12514.87,3128.7175,0.0,0.0,1.0,4331.12,1286,130.6667,4331.12,0.0,0.0,0
585a8991-c44f-4e18-b8e0-6283bf6f9aff,2026-03-23,18,0.3216,14,48507.43,3464.816429,1.0,1112.43,3.0,11777.02,1306,39.7692,1112.43,0.0,0.0,0
58894319-515e-4488-9e5c-39efd9a4d7ad,2026-03-23,111,0.1236,3,9356.68,3118.893333,0.0,0.0,0.0,0.0,728,41.0,1881.96,0.0,0.0,0
59749859-a81e-48e6-bc39-a362a3eada9b,2026-03-23,1,0.6139,15,43526.19,2901.746,2.0,6319.72,4.0,7992.56,733,23.7143,4415.57,10.951963,1.0,0
5a2542d2-8392-4c53-bbf2-259d1b7de2ba,2026-03-23,4,0.7103,17,43091.76,2534.809412,2.0,3854.01,3.0,4566.27,718,24.5625,3009.16,0.0,0.0,0
5a60bb30-d49d-430c-b819-619528fa0373,2026-03-23,28,0.4167,11,25144.22,2285.838182,2.0,3617.27,4.0,8417.06,792,47.2,279.97,-0.246369,0.0,0
5b8f23c7-fa9a-4a08-9a59-251fb715af18,2026-03-23,49,0.1201,5,19510.3,3902.06,0.0,0.0,2.0,6561.57,1249,111.0,3281.59,-1.0,-1.0,1
5be61d8d-e5a3-403f-b61d-c9096e40b7fb,2026-03-23,4,0.283,10,38913.25,3891.325,1.0,1952.69,3.0,3696.7,1060,39.3333,1952.69,0.119655,-0.5,0
5c9d29aa-2355-42b6-b1a3-3b942397745f,2026-03-23,56,0.1104,3,2092.97,697.656667,0.0,0.0,1.0,53.48,815,75.5,53.48,-1.0,-1.0,1
5cda614e-b389-4e48-8b36-5612a91c11ba,2026-03-23,76,0.2339,7,16458.28,2351.182857,0.0,0.0,1.0,1175.83,898,25.3333,1175.83,0.0,0.0,0
5d474fc4-7a12-42c7-9f36-de03cfef0e40,2026-03-23,73,0.0905,3,7836.68,2612.226667,0.0,0.0,2.0,6495.78,994,41.5,4095.42,0.0,0.0,0
5d5fa6d8-0ad7-4ade-be35-1c481b16b275,2026-03-23,12,0.7921,24,64953.42,2706.3925,4.0,10961.24,7.0,13882.09,909,21.2609,4985.4,5.828369,1.0,0
600950e2-e195-4863-b978-6b55ea2f8a24,2026-03-23,6,0.506,14,23537.98,1681.284286,4.0,4923.26,6.0,7959.3,830,31.7692,1302.84,0.0,0.0,0
60ce8a0f-d7a4-4ed2-ac8e-6e0a87d50d90,2026-03-23,1,0.332,14,49311.25,3522.232143,1.0,2762.66,3.0,7834.02,1265,29.0,2762.66,0.0,0.0,0
60fc3a69-d7a0-4445-b08b-d165e0bc4928,2026-03-23,0,0.1461,6,14627.15,2437.858333,1.0,560.4,1.0,560.4,1232,85.2,560.4,0.0,0.0,1
614d73fd-8846-4895-a773-7898e1678216,2026-03-23,3,0.924,30,74494.63,2483.154333,6.0,9478.78,14.0,21889.8,974,17.1724,714.21,0.065507,0.5,0
6160ef49-2fc6-47b6-b9f2-400cbd267250,2026-03-23,62,0.1306,3,6578.81,2192.936667,0.0,0.0,1.0,1689.7,689,73.0,1689.7,0.0,0.0,0
61ca8ccc-59b9-4f6f-84a3-e49d67fbff34,2026-03-23,124,0.1255,4,15145.87,3786.4675,0.0,0.0,0.0,0.0,956,84.6667,6241.82,0.0,0.0,0
61d5df45-2dc7-4d9a-a195-9acaf18018a4,2026-03-23,146,0.0232,1,5690.24,5690.24,0.0,0.0,0.0,0.0,1294,0.0,5690.24,0.0,0.0,1
6272b3b9-197b-4be0-bf82-5b6e74a51d18,2026-03-23,1,0.3526,14,44946.76,3210.482857,1.0,319.57,4.0,7242.37,1191,34.4615,319.57,-0.953838,-0.6667,0
62795829-338f-4ef4-a58a-8b4df43e37ed,2026-03-23,160,0.1325,4,17371.24,4342.81,0.0,0.0,0.0,0.0,906,128.6667,3846.19,0.0,0.0,1
627dfaf1-6d87-43b0-9cba-68f9d7c5bf7f,2026-03-23,106,0.0825,2,14177.8,7088.9,0.0,0.0,0.0,0.0,727,57.0,3576.6,0.0,0.0,1
63482ea8-4c3c-4a09-bce4-da0866c26116,2026-03-23,8,0.1707,4,11497.13,2874.2825,2.0,2356.78,2.0,2356.78,703,52.3333,2031.83,0.0,0.0,0
64e3a695-4ab9-479c-87df-f1660c87338c,2026-03-23,137,0.0622,2,10583.98,5291.99,0.0,0.0,0.0,0.0,965,71.0,9010.71,0.0,0.0,0
655a8a99-8ea7-4fab-8686-b6e0a9369c3b,2026-03-23,24,0.3096,10,14807.85,1480.785,1.0,267.38,4.0,5529.83,969,31.0,267.38,-0.910576,-0.5,0
66581e52-4a91-4e5a-9db9-6ea7faad6977,2026-03-23,61,0.2518,7,17463.64,2494.805714,0.0,0.0,2.0,5010.08,834,76.5,524.42,0.0,0.0,0
66aa9f2d-de6b-4def-8269-b6d0177dbf9a,2026-03-23,25,1.0102,43,120356.77,2798.994651,1.0,1230.79,12.0,29544.36,1277,12.0952,1230.79,-0.901471,-0.8,0
66c93c21-5319-42bd-aee5-a4af817f02a3,2026-03-23,13,0.1489,4,13424.2,3356.05,2.0,5355.84,2.0,5355.84,806,97.6667,2107.5,0.0,0.0,0
6774c3a7-d951-43fa-9c75-eaca2ced5391,2026-03-23,10,0.847,31,65856.01,2124.387419,3.0,1173.58,8.0,9770.43,1098,17.7667,803.84,-0.621726,0.0,0
679c79cb-5d90-434a-a13e-d63368ba0b98,2026-03-23,45,0.0948,4,7397.05,1849.2625,0.0,0.0,1.0,2266.74,1266,136.6667,2266.74,-1.0,-1.0,1
67fc2766-666c-4de5-9a16-9a35603b9a46,2026-03-23,23,0.2628,6,27914.22,4652.37,1.0,3233.74,1.0,3233.74,685,92.8,3233.74,0.0,0.0,0
6853ff18-9673-4369-b96a-eb7e1eb71169,2026-03-23,0,0.3987,16,42403.27,2650.204375,1.0,497.41,4.0,4247.17,1204,27.6667,497.41,-0.565231,0.0,0
6892976f-0a64-4372-bcd7-14d6113ea6e2,2026-03-23,49,0.3145,13,26729.05,2056.080769,0.0,0.0,4.0,11558.63,1240,33.4167,3527.5,-1.0,-1.0,0
69008e38-87df-4edc-8e0c-02e44a0802a3,2026-03-23,150,0.1444,4,5459.18,1364.795,0.0,0.0,0.0,0.0,831,80.3333,1486.59,0.0,0.0,0
69223a3a-0e99-457c-b139-53a914126da0,2026-03-23,504,0.0241,1,7771.19,7771.19,0.0,0.0,0.0,0.0,1245,0.0,7771.19,0.0,0.0,0
69b42ebe-0ce1-4f78-b8cd-1bb12a098250,2026-03-23,23,0.1372,6,14454.82,2409.136667,2.0,6634.12,3.0,8285.89,1312,51.4,4671.82,3.01637,1.0,0
6a03d7f7-9095-4c61-b549-95cd16aba353,2026-03-23,18,0.1472,6,9832.21,1638.701667,1.0,284.19,4.0,6448.38,1223,56.0,284.19,-0.860866,-0.5,0
6a7efc18-882b-4c4c-a75d-1b8aecdbf4a6,2026-03-23,45,0.3667,16,17247.44,1077.965,0.0,0.0,4.0,6920.8,1309,23.2667,2202.35,-1.0,-1.0,0
6b35501e-08f6-41b4-8699-30281befd8ec,2026-03-23,9,0.6299,16,62965.94,3935.37125,3.0,8038.55,4.0,13053.82,762,36.4,3488.88,0.602815,2.0,0
6bb31b8a-5c85-4549-9106-7183256248ff,2026-03-23,12,0.7919,26,55614.73,2139.028077,4.0,8145.69,9.0,17704.05,985,18.88,2968.31,0.243962,1.0,0
6cad4c9f-a37c-452d-9e24-b927cd585be0,2026-03-23,131,0.121,4,8689.71,2172.4275,0.0,0.0,0.0,0.0,992,113.0,438.69,0.0,0.0,0
6ccef97b-c165-4c24-aa1d-00119b8315f2,2026-03-23,101,0.2167,7,22352.26,3193.18,0.0,0.0,0.0,0.0,969,41.8333,643.01,0.0,0.0,1
6d07afb5-e45f-49c8-8fe6-ab313f89ab9c,2026-03-23,8,1.0119,37,96499.15,2608.085135,7.0,16111.92,12.0,22916.09,1097,11.0833,1728.3,3.880403,1.3333,0
6dd97a45-7233-4f75-bf2b-a02f9e2403f5,2026-03-23,17,0.6593,16,58932.72,3683.295,2.0,1002.72,4.0,4577.16,728,34.4,160.43,-0.661937,1.0,0
6e04016c-b9dc-4b48-ac9b-8e9eff3d52ef,2026-03-23,3,0.3629,15,38091.98,2539.465333,4.0,11652.12,6.0,19378.9,1240,20.2143,2774.14,1.946353,3.0,0
6f363f3d-a553-4343-928a-865ef7efa488,2026-03-23,25,0.3386,10,40971.24,4097.124,1.0,4085.92,4.0,5765.41,886,53.3333,4085.92,5.529741,-0.5,0
6f43c820-6bb0-443a-a276-f436ff5cc816,2026-03-23,10,0.3639,9,33422.56,3713.617778,1.0,1645.48,2.0,10815.26,742,56.375,1645.48,0.0,0.0,0
6fb7d847-f44b-41dc-a325-7b26c61cbc96,2026-03-23,10,0.8121,34,98069.14,2884.386471,3.0,9553.17,7.0,16890.64,1256,15.0303,710.09,4.894326,0.5,0
7010920b-f9d5-4e97-9d6a-a57cfe832fad,2026-03-23,5,1.1194,35,94967.01,2713.343143,4.0,7883.0,10.0,20496.77,938,14.0588,147.69,-0.003816,0.0,0
70803e0f-518e-4300-9d6d-cec5780970aa,2026-03-23,12,0.0975,4,11906.42,2976.605,1.0,1235.97,1.0,1235.97,1231,76.6667,1235.97,0.0,0.0,0
726b4f75-d374-4f7f-bf66-eff61209fe02,2026-03-23,59,0.1344,4,4264.76,1066.19,0.0,0.0,1.0,2091.06,893,105.3333,2091.06,-1.0,-1.0,0
72f79579-0a70-4cc7-8b0e-7b204ff9f789,2026-03-23,29,0.1142,3,8166.36,2722.12,1.0,4113.69,1.0,4113.69,788,103.5,4113.69,0.0,0.0,0
731fe7b0-483a-4068-a5c1-e8ce074a22e2,2026-03-23,330,0.0409,1,1858.31,1858.31,0.0,0.0,0.0,0.0,734,0.0,1858.31,0.0,0.0,0
73c3d633-4b34-49ad-a380-07fa31442bd6,2026-03-23,5,0.5654,16,29867.87,1866.741875,1.0,230.16,6.0,8033.83,849,26.5333,230.16,-0.965402,-0.6667,0
744605d3-9330-457d-9c53-8b4b59950976,2026-03-23,22,1.2698,40,111885.26,2797.1315,1.0,5262.39,9.0,17734.96,945,12.6667,5262.39,0.186666,-0.6667,0
75e7956b-bba4-4d50-aa4d-f8061fa9b378,2026-03-23,23,0.1475,5,16978.32,3395.664,1.0,507.96,1.0,507.96,1017,71.75,507.96,0.0,0.0,0
7613c703-00a5-4fcd-b61f-b4f85bd36ac2,2026-03-23,34,0.3352,14,27308.1,1950.578571,0.0,0.0,2.0,981.91,1253,30.2308,566.69,-1.0,-1.0,0
76c7e6e2-ab70-4430-9c0e-611b3e8e3f7d,2026-03-23,10,0.2993,13,45678.59,3513.737692,2.0,5121.59,5.0,11589.39,1303,34.3333,2833.43,0.391846,0.0,0
76fd4673-a6d4-4503-8346-4fa08b56a6d8,2026-03-23,46,0.1236,4,4002.93,1000.7325,0.0,0.0,3.0,3178.95,971,45.0,1440.87,-1.0,-1.0,0
78106c04-2615-4323-b215-3172fb34fc72,2026-03-23,7,0.6098,20,79317.69,3965.8845,4.0,12945.08,8.0,20918.63,984,26.3158,1439.11,1.44752,3.0,0
782ae5d7-a09e-4973-a2b3-29bacbb5efa9,2026-03-23,45,0.1582,5,11510.59,2302.118,0.0,0.0,3.0,5845.51,948,57.0,4095.42,-1.0,-1.0,0
785c7075-fbd8-42f7-b26f-e1aadc18eebc,2026-03-23,146,0.0686,3,7579.21,2526.403333,0.0,0.0,0.0,0.0,1311,65.5,4690.22,0.0,0.0,1
79ce75bd-e156-4762-a109-91880fa27abc,2026-03-23,5,0.9454,41,108549.82,2647.556585,3.0,7731.55,11.0,21746.5,1301,11.325,1657.59,0.86696,-0.25,0
7b3011de-1fd5-49d7-8cd0-565a3af5b5da,2026-03-23,37,1.0769,35,69340.28,1981.150857,0.0,0.0,10.0,8610.27,975,12.5294,719.55,-1.0,-1.0,0
7b5dbebc-9a0e-4613-8844-f85ea0bc161d,2026-03-23,17,0.1709,6,23639.56,3939.926667,2.0,1331.66,3.0,5070.71,1053,72.2,781.07,0.0,0.0,0
7bb9c97f-e27e-426f-b400-1ecf5e49b6f2,2026-03-23,21,0.2222,8,23893.81,2986.72625,2.0,6931.45,3.0,8072.0,1080,38.7143,6429.47,0.0,0.0,1
7be8de25-a69e-4e0f-9ac9-cd6405a73f68,2026-03-23,113,0.1513,4,9418.38,2354.595,0.0,0.0,0.0,0.0,793,56.0,1792.52,0.0,0.0,0
7d31f2fa-4d24-4819-aa43-8ca6f961480f,2026-03-23,3,0.0786,2,4367.91,2183.955,1.0,533.4,1.0,533.4,763,521.0,533.4,0.0,0.0,1
7d5e174f-f3d2-488e-99b3-a0591b1a9319,2026-03-23,91,0.1692,6,20724.61,3454.101667,0.0,0.0,0.0,0.0,1064,63.4,713.82,0.0,0.0,1
7dc50afb-0eaa-4b38-8b2f-04eb2c57446e,2026-03-23,6,0.317,8,16074.8,2009.35,2.0,6502.47,2.0,6502.47,757,75.7143,3233.74,0.0,0.0,0
7dd67799-87bf-4c47-944e-e495c976e50e,2026-03-23,10,0.2602,10,16550.46,1655.046,1.0,230.16,2.0,4933.49,1153,49.0,230.16,-0.951064,0.0,0
7e1ea714-6fe4-494e-9554-750dbe019c23,2026-03-23,45,0.1142,5,18795.08,3759.016,0.0,0.0,1.0,137.05,1314,109.75,137.05,-1.0,-1.0,0
80425ba2-13bc-407f-9a1c-ff4f30480010,2026-03-23,23,0.5521,24,64194.48,2674.77,2.0,7563.62,7.0,18661.86,1304,19.0435,2788.09,-0.223627,-0.3333,0
8081cb55-1e73-484f-b6fe-79fe7087f185,2026-03-23,3,0.0843,3,5772.43,1924.143333,1.0,1292.55,2.0,4583.5,1067,153.0,1292.55,-0.607241,0.0,0
809a4c1b-22b1-4046-b62e-5ca84f41ae56,2026-03-23,6,0.16,4,6477.17,1619.2925,1.0,1144.08,2.0,4466.69,750,128.6667,1144.08,0.0,0.0,0
81038b9d-eef0-443c-9635-a2e4c4df490f,2026-03-23,19,0.2586,8,27592.71,3449.08875,2.0,2528.32,3.0,4185.91,928,73.0,1388.35,0.525299,1.0,1
81aa5e22-d678-428b-b005-9b81178d3a85,2026-03-23,59,0.364,12,28842.48,2403.54,0.0,0.0,2.0,6981.62,989,38.0,5289.06,-1.0,-1.0,0
82241b4b-7959-4079-9369-bbfcffcbc453,2026-03-23,0,0.9467,32,101241.08,3163.78375,3.0,3533.32,8.0,14443.31,1014,16.1613,1079.9,-0.417707,0.0,0
824fbcc7-5420-4ca2-84b0-15b0b4a2292b,2026-03-23,17,0.3223,12,38549.95,3212.495833,1.0,3957.74,6.0,17946.78,1117,34.6364,3957.74,-0.250079,-0.5,0
826855e8-3a9a-4032-ad5b-6ca64c822572,2026-03-23,4,0.2818,9,28910.03,3212.225556,2.0,4115.54,2.0,4115.54,958,52.0,3739.05,0.0,0.0,0
82c5a7aa-2ec7-45dc-9d03-be3531473f2f,2026-03-23,18,0.219,5,10808.35,2161.67,1.0,2381.51,2.0,4843.09,685,102.25,2381.51,0.0,0.0,0
82d60e37-f049-4852-9464-c94b4e5c3244,2026-03-23,1,0.8128,22,40205.93,1827.542273,2.0,5840.32,6.0,13935.58,812,19.0476,4943.45,5.120838,0.0,0
83d0d0b7-7f58-49ea-8dc3-fee8c20efb50,2026-03-23,134,0.0802,2,11471.61,5735.805,0.0,0.0,0.0,0.0,748,130.0,6799.79,0.0,0.0,0
83fe13f3-1026-46b2-9abd-d7277ea2f653,2026-03-23,29,0.1343,5,8200.59,1640.118,1.0,1296.23,2.0,2996.29,1117,114.5,1296.23,0.0,0.0,0
855f6897-60c0-42cc-aa5a-bbcf4dfcfd28,2026-03-23,6,0.3819,16,33390.55,2086.909375,1.0,924.71,5.0,8137.15,1257,26.8667,924.71,0.0,0.0,0
86208847-cfb3-449d-a634-075a2b7c33cc,2026-03-23,19,0.5357,13,18966.85,1458.988462,3.0,5780.19,4.0,6902.01,728,45.75,2571.79,4.152511,2.0,0
86ab916f-9734-41f0-b5c0-9bbc082b3251,2026-03-23,2,1.2514,36,94462.33,2623.953611,2.0,6234.95,9.0,24846.51,863,15.7429,3946.79,0.669487,-0.3333,0
87b06d02-c4e0-4e44-a8d4-a21cdc592676,2026-03-23,10,0.6335,17,40029.08,2354.651765,2.0,536.03,5.0,6603.55,805,27.875,376.49,0.0,0.0,1
8867ed0f-4c50-4aa9-8fb4-993893bd97df,2026-03-23,14,0.3166,8,15880.26,1985.0325,1.0,844.85,2.0,1599.25,758,58.5714,844.85,0.0,0.0,0
88f8cded-9e9f-4c71-9504-8cae260151bf,2026-03-23,7,0.3477,14,23990.3,1713.592857,2.0,801.62,5.0,3960.44,1208,31.8462,116.39,-0.611017,1.0,0
8aa74529-c59e-4daf-9b98-321ebfce7306,2026-03-23,3,1.7155,41,80761.79,1969.799756,4.0,3550.1,11.0,20051.34,717,12.9,1388.35,-0.491219,0.3333,0
8b278dae-e043-44f3-a5f0-8466df24d3a2,2026-03-23,19,1.0152,40,90233.22,2255.8305,5.0,12260.03,14.0,46329.3,1182,12.6154,6577.99,-0.356146,-0.1667,0
8bd2e91f-b7be-4b2c-95e8-9b9f6936c3fe,2026-03-23,40,0.3499,15,34014.64,2267.642667,0.0,0.0,3.0,7844.96,1286,31.8571,3057.71,-1.0,-1.0,0
8bf0cc1f-c9f7-4393-806f-86bce9acf23a,2026-03-23,56,0.0961,4,10964.19,2741.0475,0.0,0.0,1.0,2774.14,1249,147.3333,2774.14,-1.0,-1.0,0
8d58c937-6e14-4be1-98f6-33ea0a28136f,2026-03-23,47,0.1114,4,18143.26,4535.815,0.0,0.0,1.0,3729.73,1077,103.3333,3729.73,-1.0,-1.0,0
8d6d15dd-e8cf-4c06-aacd-238932fec46c,2026-03-23,23,0.3017,7,15563.76,2223.394286,1.0,864.15,3.0,6089.67,696,39.0,864.15,-0.834629,-0.5,0
8daa11dd-d410-44bf-a0de-622a9ca7c78d,2026-03-23,3,1.4129,43,122493.63,2848.68907,4.0,4752.12,16.0,34437.65,913,10.7857,432.08,-0.697189,-0.4286,0
8de2f61f-499f-4ce6-a7d6-a5e9b9219f67,2026-03-23,33,0.1355,5,22731.61,4546.322,0.0,0.0,1.0,3233.74,1107,76.5,3233.74,-1.0,-1.0,1
8f10e8bf-c7a4-4bd6-93ce-4de936a938ef,2026-03-23,11,1.3043,38,113141.07,2977.396579,6.0,9442.32,16.0,34827.47,874,10.8378,2943.45,-0.542612,-0.25,0
9013910b-257e-462f-8142-555578e385a5,2026-03-23,28,0.5455,18,60075.13,3337.507222,1.0,1655.93,7.0,13236.94,990,26.1765,1655.93,1.026544,0.0,0
90ef6a35-c0dc-4b20-aede-0d1b3e525838,2026-03-23,4,0.2768,10,38316.58,3831.658,1.0,566.6,3.0,6584.83,1084,50.8889,566.6,-0.905853,-0.5,0
90fbdd18-8b49-4103-809e-87bf8eac3fc4,2026-03-23,17,0.0257,1,2160.38,2160.38,1.0,2160.38,1.0,2160.38,1167,0.0,2160.38,0.0,0.0,0
910bd8ae-df74-4feb-9e1a-4e8966115c12,2026-03-23,2,0.4339,15,50916.6,3394.44,2.0,5589.45,7.0,19203.76,1037,35.2143,2266.74,-0.493509,-0.3333,0
911f8116-248a-4e3d-afb4-62a632746852,2026-03-23,12,1.3415,44,84302.39,1915.963409,3.0,3782.13,6.0,6851.41,984,11.5349,3017.62,0.398298,0.5,0
918ccc0d-7add-4cda-bb90-29b5623f6d86,2026-03-23,3,0.1445,5,6242.88,1248.576,1.0,797.69,2.0,1147.66,1038,113.75,797.69,0.0,0.0,0
91f0a872-33ad-4dbe-9801-ac03b375f584,2026-03-23,44,0.6351,17,47619.86,2801.168235,0.0,0.0,1.0,3488.88,803,29.375,3488.88,-1.0,-1.0,0
93700c9c-7e7e-4bad-b154-5e6644ddc5c9,2026-03-23,57,0.0872,2,5420.13,2710.065,0.0,0.0,1.0,568.39,688,173.0,568.39,-1.0,-1.0,0
93d32257-e39c-4554-a773-cc81769f2c6b,2026-03-23,124,0.0656,2,1807.67,903.835,0.0,0.0,0.0,0.0,914,117.0,366.8,0.0,0.0,0
953c5953-375c-42a1-89e5-7b370fa868be,2026-03-23,64,0.1107,4,3776.98,944.245,0.0,0.0,1.0,2047.71,1084,81.3333,2047.71,0.0,0.0,0
957f9181-281b-4ff6-9370-462fb40cb6e5,2026-03-23,19,0.3172,12,24685.38,2057.115,1.0,106.95,5.0,6150.59,1135,32.7273,106.95,-0.973117,-0.5,0
97a7e174-c5da-4d97-b94b-09d5f4788809,2026-03-23,19,0.4699,19,57492.67,3025.93,3.0,5346.01,4.0,6369.87,1213,27.0556,1977.38,4.221427,2.0,0
97bc17e3-9ca0-45a3-a8dd-947696378bf7,2026-03-23,28,0.1765,5,19602.81,3920.562,1.0,456.28,2.0,5575.56,850,69.75,456.28,-0.91087,0.0,0
97c341f3-26c0-47ee-949b-ec2349709b82,2026-03-23,22,0.7992,28,91633.36,3272.62,3.0,2908.36,8.0,20248.22,1051,19.5926,1726.29,-0.58327,0.5,0
98156cab-3a92-4dfa-9d5a-4e1528c73b35,2026-03-23,47,0.1235,5,13049.4,2609.88,0.0,0.0,1.0,3161.25,1215,42.0,3161.25,-1.0,-1.0,0
98c0d934-599f-43f0-b624-02fafa9a625d,2026-03-23,8,0.6695,16,23634.92,1477.1825,1.0,432.08,6.0,7648.37,717,24.8,432.08,-0.938835,-0.75,0
9965e54c-1dd6-4d5f-b7e0-e984e9c7be9f,2026-03-23,13,0.0675,2,6552.2,3276.1,1.0,849.45,1.0,849.45,889,109.0,849.45,0.0,0.0,0
9a48cdff-42f6-4b91-80ce-e531f3622d2b,2026-03-23,2,0.6438,15,40955.21,2730.347333,3.0,7097.82,7.0,19627.07,699,27.8571,5250.26,0.366808,0.5,0
9ada7a7c-35d9-4619-9117-c1d9c05f08e9,2026-03-23,115,0.0587,2,1067.04,533.52,0.0,0.0,0.0,0.0,1023,275.0,370.02,0.0,0.0,0
9b131352-2e3f-4966-865e-a01b50bde6e5,2026-03-23,2,0.6796,28,70876.18,2531.292143,2.0,6000.97,8.0,20743.12,1236,20.0,4943.45,0.783105,1.0,0
9b4342ff-79f2-40db-9669-bbab65d50e2f,2026-03-23,0,0.4502,11,27963.13,2542.102727,3.0,8815.95,6.0,16791.26,733,47.4,1195.82,0.211267,0.5,0
9c60f8cc-bb5f-4a3b-9a8b-95367617a69c,2026-03-23,51,0.333,12,31876.04,2656.336667,0.0,0.0,4.0,15056.66,1081,19.2727,3379.4,-1.0,-1.0,0
9c75b413-efd7-4171-9aa3-e4f50c8b52ea,2026-03-23,18,0.2778,10,16263.36,1626.336,1.0,2263.21,5.0,7510.54,1080,41.3333,2263.21,-0.210638,-0.6667,0
9ca4947f-fc58-4db9-a473-9d3bb229db60,2026-03-23,80,0.046,2,5108.54,2554.27,0.0,0.0,1.0,4101.98,1303,135.0,4101.98,0.0,0.0,0
9cbf413a-a00b-482b-9441-e8fce7668a2e,2026-03-23,7,1.118,42,128190.02,3052.143333,6.0,15506.31,14.0,30885.28,1127,11.3171,920.64,0.917612,0.5,0
9de44d71-02d0-4684-a314-54f9abd3f2cd,2026-03-23,13,0.4805,16,29593.43,1849.589375,2.0,4469.28,6.0,11421.52,999,33.6,2788.09,1.989925,1.0,0
9e39dc08-ef34-4791-8233-bb1831664c12,2026-03-23,163,0.1264,3,6721.21,2240.403333,0.0,0.0,0.0,0.0,712,27.5,2983.67,0.0,0.0,0
9e3ba510-550f-49bf-a866-a3124ebe334a,2026-03-23,67,0.0922,4,9230.85,2307.7125,0.0,0.0,1.0,1849.43,1302,119.3333,1849.43,0.0,0.0,0
9f79997b-8bf3-45ae-a535-abb872b46a2f,2026-03-23,12,0.2639,6,7297.29,1216.215,1.0,1394.04,3.0,1974.17,682,53.8,1394.04,9.171762,0.0,0
a029db9e-0867-4074-9876-83433dcbc19c,2026-03-23,4,0.0758,3,6205.79,2068.596667,1.0,817.18,1.0,817.18,1188,179.0,817.18,0.0,0.0,0
a0323814-cd5e-4bbc-ae91-13b77ec723bb,2026-03-23,172,0.1816,6,7954.73,1325.788333,0.0,0.0,0.0,0.0,991,40.2,338.84,0.0,0.0,0
a137cf0f-749a-402e-9913-60a7f4a47b92,2026-03-23,9,1.1653,39,106330.63,2726.42641,2.0,8682.5,7.0,16421.62,1004,12.1842,4943.45,0.3008,0.0,0
a1c9af51-32b0-45ae-8e5e-1a83d44e0dd4,2026-03-23,33,0.1894,5,18663.6,3732.72,0.0,0.0,2.0,1606.96,792,60.5,411.14,-1.0,-1.0,1
a20f7825-b033-409c-9c97-b044b61bae47,2026-03-23,1,0.7117,20,62879.39,3143.9695,4.0,10689.04,8.0,26038.85,843,25.0,2451.55,0.0,0.0,0
a281fc1b-5e0e-400e-9760-0f4eecb192e1,2026-03-23,28,0.8487,20,47259.67,2362.9835,1.0,2968.31,3.0,3937.01,707,22.8421,2968.31,0.0,0.0,0
a39d8cb3-e105-4215-9fc6-c0cb27d75ca0,2026-03-23,32,0.1274,4,4537.15,1134.2875,0.0,0.0,3.0,4241.76,942,100.3333,1440.87,-1.0,-1.0,0
a458eb88-221d-40e0-8a04-289e42780afe,2026-03-23,93,0.1004,3,12348.71,4116.236667,0.0,0.0,0.0,0.0,896,143.0,5207.86,0.0,0.0,0
a48769af-aacd-4623-8e69-fc86e1d3745e,2026-03-23,26,0.2264,8,27745.7,3468.2125,1.0,124.35,2.0,3215.57,1060,53.0,124.35,-0.959773,0.0,1
a54b8eca-fc5f-46cd-9407-2f103beabcc7,2026-03-23,16,0.3178,13,38773.53,2982.579231,1.0,3979.76,6.0,18815.36,1227,36.5833,3979.76,-0.627676,-0.75,0
a578fb66-2e0c-4a26-8179-b1230347de46,2026-03-23,6,0.1515,5,10361.62,2072.324,2.0,2633.05,3.0,6235.23,990,77.25,298.96,-0.26904,1.0,0
a58bcff6-b44b-4728-ae19-c41e17805478,2026-03-23,3,0.2119,5,12946.05,2589.21,1.0,781.07,1.0,781.07,708,53.0,781.07,0.0,0.0,0
a618b414-7505-48a2-9047-6d0fbd16fb88,2026-03-23,20,0.3858,13,52330.71,4025.439231,3.0,6214.79,7.0,20331.27,1011,21.6667,925.52,0.216156,0.5,0
a62bcc77-cf9c-44a3-920f-2e2e57c723dc,2026-03-23,15,0.5563,13,54991.28,4230.098462,1.0,817.18,4.0,6765.85,701,41.8333,817.18,-0.840416,-0.5,0
a6818a6e-0465-4009-81b6-822245dae013,2026-03-23,35,0.2882,10,25288.09,2528.809,0.0,0.0,3.0,8131.48,1041,29.8889,5562.17,-1.0,-1.0,0
a69011f4-c3f9-4f91-92f2-3df9072b53e7,2026-03-23,18,1.669,40,92369.94,2309.2485,3.0,6746.81,11.0,31844.08,719,12.9744,1754.08,0.024921,0.5,0
a7925872-0bc3-4eee-b74c-5086ea1e992d,2026-03-23,80,0.1816,6,17315.59,2885.931667,0.0,0.0,1.0,2571.79,991,72.4,2571.79,0.0,0.0,0
a7c6d291-2d8a-45ea-8005-81ecfd3682df,2026-03-23,20,0.3733,14,43624.03,3116.002143,3.0,9982.27,6.0,20418.64,1125,34.3077,331.09,0.751315,2.0,0
a7dd5f9a-9fa6-4592-b920-cc610a4ca21b,2026-03-23,105,0.1337,5,15468.66,3093.732,0.0,0.0,0.0,0.0,1122,103.25,2295.08,0.0,0.0,0
a8091949-9c95-4f66-b956-b61849aa17d1,2026-03-23,3,0.3239,8,20905.85,2613.23125,2.0,1617.04,3.0,3557.28,741,65.0,697.02,-0.166577,1.0,0
a8592085-1f10-4731-b976-351290d3b914,2026-03-23,155,0.0805,2,1580.11,790.055,0.0,0.0,0.0,0.0,745,188.0,1026.63,0.0,0.0,0
a8a318fe-4ac5-43e5-819c-0493f94dfd8e,2026-03-23,1,0.3655,12,17972.84,1497.736667,1.0,1634.24,3.0,2970.13,985,39.2727,1634.24,1.840033,0.0,0
a91e3f3f-94ea-410a-afcd-a9721a392b5a,2026-03-23,200,0.1218,4,10470.9,2617.725,0.0,0.0,0.0,0.0,985,85.3333,599.51,0.0,0.0,0
a955f9af-0de0-488d-9638-13b909991020,2026-03-23,58,0.4688,11,38938.2,3539.836364,0.0,0.0,2.0,6339.3,704,34.1,4224.26,-1.0,-1.0,0
a9a14d19-86ba-40be-883c-0be4db2e7555,2026-03-23,8,1.0414,26,70531.37,2712.745,3.0,13586.64,9.0,23559.35,749,21.08,3979.76,1.860731,0.0,0
aa210298-0ad5-4fe1-9a49-04d9c35709c6,2026-03-23,3,0.267,11,18280.23,1661.839091,2.0,2109.87,4.0,3248.77,1236,51.4,1285.89,14.53088,1.0,0
aacf38f5-5690-4d24-95d3-d4b2fa5166a8,2026-03-23,15,0.0874,3,15606.11,5202.036667,1.0,3485.11,2.0,6733.45,1030,147.5,3485.11,0.0,0.0,1
aaec11b1-b19b-4ff9-bbf5-b6caa3fa11ee,2026-03-23,59,0.0839,2,2249.82,1124.91,0.0,0.0,1.0,1167.04,715,164.0,1167.04,-1.0,-1.0,1
ac9ed0cc-36d5-43e5-8b0f-11a8213d3173,2026-03-23,9,0.1682,6,15167.47,2527.911667,2.0,5870.66,4.0,9315.1,1070,41.8,1775.24,0.0,0.0,0
acf31d10-d223-4df6-a143-e9ba0e8118f4,2026-03-23,115,0.117,4,4407.45,1101.8625,0.0,0.0,0.0,0.0,1026,91.0,385.68,0.0,0.0,0
ad10f2bd-d571-4f42-aec5-a7a10eaa3ca9,2026-03-23,16,0.2527,11,25854.61,2350.419091,2.0,1829.6,2.0,1829.6,1306,40.5,920.64,0.0,0.0,0
ade55153-89f8-4d7a-9199-12bcf0e9f0ce,2026-03-23,32,0.1974,5,11159.08,2231.816,0.0,0.0,3.0,7932.21,760,78.0,3268.73,-1.0,-1.0,0
b067038f-9577-43c4-a072-0376499a6f51,2026-03-23,37,0.33,12,42547.61,3545.634167,0.0,0.0,2.0,3805.78,1091,39.9091,2272.41,-1.0,-1.0,0
b0a7ac9f-5dc3-43d5-bf2f-2201d6f385b2,2026-03-23,1,0.4221,15,16914.98,1127.665333,2.0,448.34,5.0,4334.14,1066,30.6429,331.95,-0.880441,0.0,0
b0d043da-1294-4ab0-8fa2-ebb68dbb62a2,2026-03-23,17,0.3033,12,32549.74,2712.478333,1.0,2334.09,2.0,3384.14,1187,36.3636,2334.09,0.0,0.0,0
b0d81eaf-60e0-4aa5-b3e9-64fdea18f5e9,2026-03-23,3,0.9446,29,81320.72,2804.162759,8.0,21121.55,15.0,32306.95,921,15.9643,2266.74,0.986077,0.3333,0
b2109776-616b-488c-9721-f3f116afd30f,2026-03-23,20,0.4615,13,34479.14,2652.241538,2.0,3192.11,4.0,6405.46,845,35.6667,1591.91,0.0,0.0,0
b21eb80b-84a0-490b-abcb-151568e54d64,2026-03-23,103,0.2542,10,30084.41,3008.441,0.0,0.0,0.0,0.0,1180,38.2222,2229.89,0.0,0.0,0
b247c235-943b-4c46-91c2-168e86d26161,2026-03-23,7,0.794,28,53177.05,1899.180357,5.0,15004.49,7.0,19660.98,1058,16.0741,4231.25,2.222275,1.5,0
b2c24112-6ed5-433e-ae6e-c541f21defe5,2026-03-23,128,0.1476,4,9504.98,2376.245,0.0,0.0,0.0,0.0,813,85.6667,3492.44,0.0,0.0,0
b2ef61f5-8a4e-44af-9b72-983eb8729127,2026-03-23,8,0.2067,9,14425.85,1602.872222,2.0,5580.29,3.0,6148.68,1306,48.0,3881.39,8.817713,1.0,0
b2f4f0f6-9d52-4439-b5fe-14ebe8887e7a,2026-03-23,157,0.0851,3,9876.46,3292.153333,0.0,0.0,0.0,0.0,1057,187.5,94.49,0.0,0.0,0
b35ff2cc-b3d7-4eee-bbe6-72dd663e82bf,2026-03-23,16,0.2849,7,19680.95,2811.564286,1.0,710.09,1.0,710.09,737,88.5,710.09,0.0,0.0,0
b3bc0c36-2894-415e-8303-9ce0c524adf7,2026-03-23,86,0.1223,4,11372.81,2843.2025,0.0,0.0,1.0,2160.32,981,119.6667,2160.32,0.0,0.0,1
b4322a23-acd4-46a3-8620-5130bd7bc8c3,2026-03-23,3,0.1324,3,3850.45,1283.483333,1.0,1120.79,2.0,1515.13,680,174.5,1120.79,1.842192,0.0,0
b4a140af-8af0-4074-8c4e-f1e587fff314,2026-03-23,2,0.9421,32,106003.71,3312.615938,8.0,19454.39,10.0,25377.55,1019,16.7097,2335.32,0.0,0.0,0
b4dd90f1-04a6-4d42-ac0a-2702bbc8d0db,2026-03-23,42,0.3119,11,32409.88,2946.352727,0.0,0.0,1.0,1846.18,1058,50.2,1846.18,-1.0,-1.0,0
b4ff4a71-e2cb-40a7-afaa-04a5be660e06,2026-03-23,1,0.3777,14,28872.07,2062.290714,3.0,4139.13,6.0,4597.01,1112,36.7692,1737.12,8.03977,0.0,0
b5597188-1096-40f6-bb3c-7eae56f49e62,2026-03-23,68,0.3512,12,40442.3,3370.191667,0.0,0.0,3.0,3440.07,1025,41.6364,760.46,0.0,0.0,0
b5f40c8f-57dc-440a-9706-3cfe7972dde6,2026-03-23,16,0.187,7,14599.14,2085.591429,1.0,1363.45,3.0,7504.01,1123,44.3333,1363.45,0.67832,0.0,0
b6466b91-0c2a-4a1f-bf51-fd9f9de8b206,2026-03-23,54,0.1951,5,24700.39,4940.078,0.0,0.0,2.0,12011.77,769,89.25,5015.27,-1.0,-1.0,1
b6d1010f-48a8-4d83-a4bd-0a6c9a4521d9,2026-03-23,15,0.1219,5,21998.48,4399.696,1.0,2097.69,3.0,11184.71,1231,73.0,2097.69,0.0,0.0,1
b73d152b-3ccf-4708-8854-ab85e6abc82c,2026-03-23,26,0.1705,4,10397.2,2599.3,1.0,3365.46,2.0,4433.85,704,107.6667,3365.46,2.150029,0.0,0
b7a528c9-9989-42b3-86f1-dfe0266eb7da,2026-03-23,60,0.1132,4,3297.21,824.3025,0.0,0.0,1.0,646.75,1060,102.6667,646.75,0.0,0.0,0
b7d62bbb-f2b2-4bee-ac69-0e320b4b310f,2026-03-23,0,1.1989,43,120952.94,2812.85907,5.0,10164.52,8.0,16814.81,1076,12.7619,2059.94,0.661714,1.5,0
b812927c-5d6a-4cb6-9794-94ec8e44c0bd,2026-03-23,44,0.1437,5,10590.36,2118.072,0.0,0.0,1.0,2483.9,1044,100.25,2483.9,-1.0,-1.0,0
b81e352f-6da5-4d3a-94e7-a583c1e9213c,2026-03-23,36,0.0935,4,8600.47,2150.1175,0.0,0.0,2.0,7435.0,1283,78.3333,3979.76,-1.0,-1.0,1
b8302dbd-4877-438d-ac91-c2d5dbbadf09,2026-03-23,9,0.2801,11,18822.05,1711.095455,1.0,1737.12,6.0,8014.83,1178,32.8,1737.12,-0.422688,-0.75,0
b86f948a-d460-4c23-a79a-b2deafdc8880,2026-03-23,2,0.4857,17,30852.93,1814.878235,1.0,4331.12,5.0,15135.12,1050,19.6875,4331.12,1.632132,0.0,0
b88b94e7-2bbd-4939-98cc-217258c364d3,2026-03-23,12,0.6242,16,38351.92,2396.995,2.0,4930.79,7.0,8615.28,769,29.8,3979.76,5.220483,0.0,0
b88bef53-7397-4409-b454-f68fa7827873,2026-03-23,35,0.3533,11,22327.34,2029.758182,0.0,0.0,2.0,6800.81,934,36.8,1562.15,-1.0,-1.0,0
b8bfbbb5-a5a0-4d3d-905f-57ced220ffd3,2026-03-23,36,0.4235,13,28339.05,2179.926923,0.0,0.0,3.0,7077.56,921,36.9167,553.48,-1.0,-1.0,0
b9da00f9-dbef-4800-80fc-08f59dadef2a,2026-03-23,141,0.046,2,4395.04,2197.52,0.0,0.0,0.0,0.0,1303,18.0,3729.59,0.0,0.0,0
b9e85363-f343-4a9b-a6b9-588a5c0f9633,2026-03-23,214,0.0728,3,5082.88,1694.293333,0.0,0.0,0.0,0.0,1237,92.0,2279.95,0.0,0.0,0
ba0a6120-4b67-4e2b-b2c4-9036a195b99a,2026-03-23,51,0.5207,21,49281.13,2346.720476,0.0,0.0,3.0,6687.28,1210,19.7,1615.69,-1.0,-1.0,0
bab05b4b-0196-4bb2-a10a-34baf0750132,2026-03-23,11,0.4,15,40768.09,2717.872667,3.0,12139.12,6.0,18988.17,1125,33.9286,3419.92,5.730942,0.5,0
bac72dd3-4ee2-436a-b664-f187eea4daff,2026-03-23,10,0.1767,5,17937.28,3587.456,2.0,8575.16,4.0,13280.82,849,60.25,3161.25,0.822308,0.0,0
bac9f7f2-72b2-40d2-bb50-19838c2fde8a,2026-03-23,34,0.3003,9,23428.91,2603.212222,0.0,0.0,4.0,6868.74,899,26.375,2492.7,-1.0,-1.0,0
bc2eaeff-d2cb-413b-8716-a7fa6d9507c2,2026-03-23,12,1.145,35,87379.0,2496.542857,3.0,5643.29,7.0,14718.91,917,15.8824,1728.3,0.460653,0.5,0
bc69f988-30c6-4bf2-b27f-beafca1b2282,2026-03-23,8,0.3686,15,28929.83,1928.655333,3.0,4420.94,6.0,10399.79,1221,38.9286,1533.37,0.157257,0.5,0
bcf78932-5b86-4918-b87a-32963317f18d,2026-03-23,251,0.072,3,6502.53,2167.51,0.0,0.0,0.0,0.0,1250,89.5,1640.79,0.0,0.0,0
bd918df4-d5fc-4b8a-9889-b0f92e0c438b,2026-03-23,4,0.3707,14,25106.15,1793.296429,1.0,3183.81,2.0,6357.25,1133,36.6154,3183.81,0.0,0.0,0
befa24a1-1459-4d2c-b2af-a4db90fa9666,2026-03-23,6,0.2077,9,20160.2,2240.022222,3.0,3988.04,5.0,8664.46,1300,58.625,1556.88,0.792482,2.0,0
c07f630a-a6d1-41a2-9f27-8f85f52260c4,2026-03-23,9,0.9424,36,115826.5,3217.402778,3.0,1927.69,10.0,18120.14,1146,14.5714,778.44,-0.80647,-0.5,0
c0c6efdb-fc14-4d7c-98f5-7088ddeb019c,2026-03-23,39,0.1418,5,10755.89,2151.178,0.0,0.0,2.0,2205.72,1058,66.25,1586.28,-1.0,-1.0,1
c1a55833-8139-41dd-8bb5-59ab8a090d3b,2026-03-23,28,0.374,14,29547.28,2110.52,1.0,1235.97,7.0,13500.5,1123,28.3077,1235.97,-0.866623,-0.75,0
c1a9f9e4-02c9-4e11-9ae3-d7f5eec25bdf,2026-03-23,23,0.1535,5,5570.41,1114.082,2.0,1625.51,2.0,1625.51,977,83.25,339.62,0.0,0.0,0
c1d6c130-eed3-43da-a713-c63009b0c952,2026-03-23,6,0.2671,9,14864.11,1651.567778,2.0,2731.24,3.0,3719.93,1011,54.75,443.08,0.0,0.0,1
c29cb1e1-b422-45f3-829a-82a9e80f8c8f,2026-03-23,12,0.2355,8,19156.74,2394.5925,2.0,3307.69,3.0,7319.91,1019,48.5714,2643.8,0.0,0.0,0
c34d6b05-2bac-4654-9150-9d59f1252d7b,2026-03-23,44,0.093,4,18775.3,4693.825,0.0,0.0,1.0,800.12,1290,90.0,800.12,-1.0,-1.0,0
c34e266e-6b0c-4505-b1cc-f98b610c4986,2026-03-23,11,0.162,6,10652.08,1775.346667,1.0,3924.61,4.0,7040.94,1111,92.2,3924.61,30.271793,0.0,0
c388d365-1253-45ed-934e-4731ee225fdb,2026-03-23,24,0.2602,10,31481.41,3148.141,1.0,1363.45,1.0,1363.45,1153,28.6667,1363.45,0.0,0.0,0
c3bc5bb3-aee9-4150-b36a-c89a22162e7d,2026-03-23,9,1.3373,37,92187.91,2491.565135,3.0,4451.57,13.0,23469.11,830,13.7222,1162.96,-0.567055,-0.4,0
c47da78e-a80f-46b0-b907-4867b0ac75da,2026-03-23,27,0.2624,9,13502.9,1500.322222,1.0,421.14,4.0,6831.06,1029,57.625,421.14,-0.866781,0.0,0
c4abe8e7-17ea-4981-acd2-0e286bf0080b,2026-03-23,17,0.4151,11,27430.12,2493.647273,1.0,401.92,2.0,5177.45,795,34.4,401.92,-0.915838,0.0,0
c5f7e86b-b9fe-4062-bae1-fcb4707e393e,2026-03-23,3,0.3896,13,32524.64,2501.895385,4.0,3269.74,6.0,12533.68,1001,23.1667,1164.11,-0.439654,3.0,0
c7af740f-1d7a-4321-9d3e-ec9107c05254,2026-03-23,22,0.362,15,29723.51,1981.567333,1.0,203.77,3.0,2612.74,1243,30.2857,203.77,-0.55341,0.0,0
c7e971e5-62a6-49c9-a239-e17ea1f253a5,2026-03-23,13,0.3373,14,38909.3,2779.235714,2.0,7194.26,3.0,7424.42,1245,37.3077,5289.06,0.0,0.0,0
c8466347-f65e-48a7-a013-64f958a93e60,2026-03-23,0,0.461,13,52031.15,4002.396154,4.0,8806.37,7.0,20895.96,846,38.5,4146.07,6.771241,3.0,0
c895adf4-11e4-460d-bad6-1bc4560990aa,2026-03-23,65,0.2308,6,5364.75,894.125,0.0,0.0,1.0,1428.9,780,82.6,1428.9,0.0,0.0,0
c8a387fb-7265-43df-9af8-79f21e3f7a8b,2026-03-23,312,0.1006,4,2486.86,621.715,0.0,0.0,0.0,0.0,1193,46.6667,608.08,0.0,0.0,0
c9b37375-0f54-4110-983e-7b7635c1257f,2026-03-23,10,0.5571,13,44838.4,3449.107692,1.0,1523.88,3.0,13810.01,700,33.9167,1523.88,-0.098136,0.0,0
cb169247-90fc-4859-9c5d-36f94515f6a5,2026-03-23,35,0.1157,4,13247.44,3311.86,0.0,0.0,1.0,285.68,1037,158.6667,285.68,-1.0,-1.0,0
cb4bc77a-ba12-4fd1-b1f2-811b234a5c61,2026-03-23,6,0.2445,7,24644.38,3520.625714,1.0,1698.9,1.0,1698.9,859,48.6667,1698.9,0.0,0.0,0
cbf3e2e4-9c43-4976-afaa-bc231bff129c,2026-03-23,38,0.3163,13,38789.36,2983.796923,0.0,0.0,3.0,11619.9,1233,38.5,1388.35,-1.0,-1.0,0
cc681bd0-1bf2-4364-a2fe-b18907da68dd,2026-03-23,88,0.1048,4,12929.68,3232.42,0.0,0.0,1.0,1945.18,1145,135.6667,1945.18,0.0,0.0,0
cd796877-895f-4bcc-8fe0-0c8c6c4e68b0,2026-03-23,26,0.6606,17,39820.35,2342.373529,2.0,3619.1,4.0,5771.79,772,26.125,817.12,2.562387,1.0,0
cdc86dc6-c2f3-4988-94e7-c7b7f1a4a81b,2026-03-23,20,0.0988,3,6847.94,2282.646667,1.0,1324.34,1.0,1324.34,911,156.0,1324.34,0.0,0.0,0
ce1c7e34-50d9-4f3b-ab54-cbb7cab9fa18,2026-03-23,8,0.5291,20,55207.51,2760.3755,2.0,5087.41,6.0,14825.05,1134,19.7368,1586.28,-0.477552,-0.5,0
ced1be46-44d9-42f9-913f-bf359f04d616,2026-03-23,29,0.3541,14,33192.39,2370.885,1.0,2649.34,2.0,3025.83,1186,33.0769,2649.34,0.0,0.0,0
cf567dce-5613-483a-b10d-b4947a588d18,2026-03-23,1,0.3152,12,29030.41,2419.200833,1.0,1101.18,2.0,3982.93,1142,46.1818,1101.18,0.0,0.0,0
cfa38335-ed20-4254-b309-74d0dadee3bb,2026-03-23,6,0.3564,11,17945.31,1631.391818,1.0,323.14,4.0,4065.97,926,33.2,323.14,-0.846132,0.0,0
cfc90a2e-3eb4-476f-8b9b-493b93566dcb,2026-03-23,61,0.2077,7,20046.88,2863.84,0.0,0.0,1.0,649.91,1011,50.8333,649.91,0.0,0.0,0
cff873c2-039d-4260-8875-1ece53467a44,2026-03-23,70,0.1873,5,7680.79,1536.158,0.0,0.0,1.0,1226.69,801,43.75,1226.69,0.0,0.0,1
d16a7971-11f5-4284-b4c4-063a25f1f892,2026-03-23,10,0.2029,8,22574.98,2821.8725,2.0,5593.36,4.0,12169.91,1183,61.1429,4943.45,2.926515,1.0,0
d16d5f0e-f1af-4ab1-8b14-12ce745ddd9b,2026-03-23,13,0.5581,20,48181.5,2409.075,2.0,2345.14,4.0,4743.07,1075,23.0526,306.67,1.939914,1.0,0
d1907207-2f2d-4486-87e7-7b004fd2fab1,2026-03-23,26,0.3409,14,41680.78,2977.198571,1.0,1726.29,3.0,5155.75,1232,32.3846,1726.29,0.0,0.0,0
d1a51fbe-4bb5-47d5-88f8-06f817caff3f,2026-03-23,4,0.1564,5,21404.26,4280.852,2.0,2765.38,2.0,2765.38,959,60.5,304.19,0.0,0.0,0
d2b88436-ba26-4efa-bc74-287512167c81,2026-03-23,13,0.2786,9,28794.45,3199.383333,1.0,4085.6,2.0,4994.56,969,50.625,4085.6,3.494807,0.0,0
d3291ebb-1cad-4398-80c7-e968f0d6b8e3,2026-03-23,2,0.291,11,26849.14,2440.830909,1.0,852.58,3.0,3266.67,1134,26.0,852.58,-0.623818,0.0,0
d34c22d5-fa13-4eb6-a115-4306ab8f65d5,2026-03-23,8,0.2685,8,27305.73,3413.21625,2.0,2236.92,3.0,3877.71,894,64.4286,1780.64,0.363319,1.0,0
d3af0e3f-6c8e-43fd-b62a-d477ca54c291,2026-03-23,179,0.214,5,16766.14,3353.228,0.0,0.0,0.0,0.0,701,74.25,4671.82,0.0,0.0,1
d3ceae53-5516-4152-a247-d101c45a4912,2026-03-23,6,1.0592,37,106151.32,2868.954595,9.0,25113.84,13.0,34483.02,1048,14.3611,2165.56,42.953725,8.0,0
d3f21a44-d6a7-4183-9e3d-ca1e2f665ada,2026-03-23,25,0.4412,12,30813.34,2567.778333,1.0,1851.05,3.0,4313.18,816,33.2727,1851.05,4.333055,0.0,0
d5357dae-eafa-48fc-9a2b-b791e7c9e85e,2026-03-23,0,0.2106,7,7815.4,1116.485714,1.0,2241.58,2.0,2841.09,997,69.3333,2241.58,2.73902,0.0,0
d536df89-ae17-40cc-ae90-1ec234f2db3e,2026-03-23,15,0.3757,14,37619.23,2687.087857,1.0,4623.57,5.0,12913.54,1118,22.5385,4623.57,0.238272,-0.5,0
d5bde5d5-ffb3-40af-bfb0-e1fbc0fc8ac6,2026-03-23,4,0.5288,15,50212.9,3347.526667,3.0,6491.67,4.0,7807.27,851,31.2143,1902.05,3.93438,2.0,0
d6235160-cff1-499b-8088-b1ef010206d2,2026-03-23,15,0.1376,5,12005.98,2401.196,1.0,2076.11,2.0,2626.3,1090,103.0,2076.11,0.0,0.0,0
d68104da-a018-4b47-aeb2-cb32a2380b79,2026-03-23,84,0.1581,5,15427.61,3085.522,0.0,0.0,1.0,8679.78,949,60.25,8679.78,0.0,0.0,0
d6b350eb-48ff-4268-b8d2-d00fb5bd3417,2026-03-23,19,0.1807,6,27178.74,4529.79,1.0,1245.67,3.0,18755.98,996,72.6,1245.67,0.0,0.0,0
d6e6f2c0-9d75-46fe-a6d0-19f4998b8aa0,2026-03-23,4,0.4716,13,23096.82,1776.678462,2.0,7595.44,4.0,9343.47,827,44.6667,1780.64,8.542609,1.0,0
d74a8b02-d712-4df5-b21a-91890f17146e,2026-03-23,240,0.1059,4,10239.34,2559.835,0.0,0.0,0.0,0.0,1133,71.0,712.26,0.0,0.0,0
d768ded2-0e1f-4338-a373-8cb12093b6b9,2026-03-23,5,0.8625,37,88716.39,2397.74027,3.0,4875.15,8.0,11599.6,1287,13.9444,1726.29,7.823322,2.0,0
d7daaa71-d5b3-4958-ac9f-03d1c8077bf4,2026-03-23,36,0.1853,8,29375.38,3671.9225,0.0,0.0,3.0,8679.46,1295,40.8571,5096.18,-1.0,-1.0,0
d929f86f-98cb-4302-a254-db21f53e0255,2026-03-23,38,0.273,9,40444.92,4493.88,0.0,0.0,1.0,2483.9,989,30.75,2483.9,-1.0,-1.0,0
da7dbacc-46a8-44dc-b4c5-5e21bf437da6,2026-03-23,10,0.8491,36,76910.04,2136.39,4.0,4021.28,10.0,12940.62,1272,14.2286,1285.89,-0.514972,-0.2,0
dac7247b-1af7-458e-a5b0-4c00df11636c,2026-03-23,243,0.0936,3,976.3,325.433333,0.0,0.0,0.0,0.0,962,46.0,597.91,0.0,0.0,0
db49dbe2-b046-4b0c-8d11-6e496b852270,2026-03-23,22,1.3622,43,116060.9,2699.090698,2.0,4307.65,8.0,10631.96,947,12.7381,970.35,-0.238118,-0.5,0
dbc5aa6b-529c-4c91-8331-7ec33c8503bb,2026-03-23,17,0.9638,39,91535.32,2347.059487,2.0,2364.47,12.0,20382.23,1214,11.8158,1904.15,-0.795597,-0.7143,0
dc1aef37-ddb1-4abc-a40f-974a11372fc7,2026-03-23,181,0.1099,4,12179.98,3044.995,0.0,0.0,0.0,0.0,1092,74.6667,4214.99,0.0,0.0,1
dc32c9bc-f5b1-425c-b068-0f753d9baf2f,2026-03-23,17,0.5391,20,51083.3,2554.165,1.0,5969.41,9.0,21262.6,1113,25.8947,5969.41,4.236462,0.0,0
dcdc70f5-6a80-4b14-8487-b99c29cfcb2e,2026-03-23,47,0.45,12,43133.74,3594.478333,0.0,0.0,5.0,14426.96,800,29.8182,53.48,-1.0,-1.0,0
ddb8a068-3cf7-4f6c-b653-fdf0d420c391,2026-03-23,3,0.1732,5,16019.1,3203.82,1.0,2059.94,2.0,2207.63,866,66.5,2059.94,12.947728,0.0,1
debb1669-0087-4b21-a027-8766438b09f1,2026-03-23,12,0.3931,13,39145.73,3011.21,1.0,197.17,3.0,4137.91,992,42.75,197.17,0.0,0.0,0
df5f2a94-fa46-46dc-b4fc-0a08486e8118,2026-03-23,0,0.4067,13,23710.27,1823.866923,4.0,1662.73,5.0,5151.61,959,34.4167,356.13,0.0,0.0,1
df94c0e2-bf7b-4b60-9391-80972fa8058c,2026-03-23,444,0.0237,1,1388.35,1388.35,0.0,0.0,0.0,0.0,1266,0.0,1388.35,0.0,0.0,0
e040241c-efa6-453e-8e84-6caae95e5811,2026-03-23,0,0.2909,7,16972.91,2424.701429,1.0,1428.9,3.0,4066.08,722,72.5,1428.9,0.5,0.0,0
e05c9e8f-2852-4c9d-9c2a-756d89ba64a0,2026-03-23,4,1.2416,49,139176.69,2840.340612,6.0,13408.94,16.0,41864.56,1184,11.75,152.09,-0.074998,0.0,0
e0666bd9-81b4-4c0c-aa13-af3137aaca09,2026-03-23,170,0.0484,2,10253.31,5126.655,0.0,0.0,0.0,0.0,1239,161.0,9429.33,0.0,0.0,0
e223a14f-9752-4dfc-b998-04cfae44ca10,2026-03-23,4,1.0834,42,113092.46,2692.677619,8.0,14033.96,14.0,23604.33,1163,12.0244,4200.21,3.289868,3.0,0
e38ad693-f004-41e8-b1d0-401d7b684ecc,2026-03-23,17,0.0262,1,350.82,350.82,1.0,350.82,1.0,350.82,1144,0.0,350.82,0.0,0.0,0
e400fe49-64f8-4e45-8877-6c5fd0a7747d,2026-03-23,12,0.6928,30,78879.65,2629.321667,1.0,613.35,6.0,13576.47,1299,17.3103,613.35,-0.94193,-0.6667,0
e408e6a2-589e-4b0f-a98f-6a5e0f9e9e53,2026-03-23,1,0.3602,14,42840.74,3060.052857,1.0,1494.78,3.0,8634.68,1166,38.0769,1494.78,-0.790644,-0.5,0
e4636af2-ab68-4a83-a019-d77df1fa2bb5,2026-03-23,63,0.1925,6,7473.91,1245.651667,0.0,0.0,1.0,250.99,935,86.6,250.99,0.0,0.0,1
e4bb3060-0e47-44a3-8558-6f24ddbc49bb,2026-03-23,25,0.0953,4,15199.42,3799.855,1.0,552.53,1.0,552.53,1259,44.0,552.53,0.0,0.0,0
e51c365e-179f-4c2e-92f5-bc4c2fc6282a,2026-03-23,24,0.778,34,93123.04,2738.912941,2.0,5182.0,11.0,29034.97,1311,14.0303,1105.06,-0.446281,-0.3333,0
e61ddcc6-8917-49aa-b93d-ba7a21702a71,2026-03-23,74,0.1664,4,9461.94,2365.485,0.0,0.0,1.0,2881.75,721,136.3333,2881.75,0.0,0.0,1
e630e7cb-c24b-49e2-af83-702facb0c4b9,2026-03-23,6,0.3714,13,47936.77,3687.443846,2.0,3314.09,4.0,15768.59,1050,32.3333,539.95,3.358007,1.0,0
e63160b3-9636-4ddf-b7f6-a843aef7e599,2026-03-23,12,0.2053,7,31973.62,4567.66,1.0,1508.81,1.0,1508.81,1023,54.1667,1508.81,0.0,0.0,0
e74c4bf9-90b2-4723-8b21-9af623c5b124,2026-03-23,9,1.4674,36,109196.81,3033.244722,5.0,8331.78,12.0,33443.58,736,13.7714,720.44,0.233916,0.25,0
e818ffda-4cf8-4137-92f5-f73ec2be9aac,2026-03-23,8,0.5325,12,32498.52,2708.21,3.0,4510.53,5.0,13810.04,676,33.4545,2762.66,0.0,0.0,0
e85ec7b9-dc33-474f-b99d-d8ce41ac3c81,2026-03-23,42,0.2181,9,29836.48,3315.164444,0.0,0.0,3.0,2694.42,1238,44.5,1107.57,-1.0,-1.0,0
e9152f33-f58e-4690-a02f-18066572acda,2026-03-23,11,0.8041,26,59328.63,2281.870385,4.0,4552.25,11.0,18281.1,970,17.44,2038.47,-0.291236,-0.2,0
e9afc85a-81e7-4518-a4f2-c3650f0c8105,2026-03-23,21,0.4721,11,28274.62,2570.42,1.0,1634.37,6.0,18135.53,699,41.0,1634.37,-0.838663,-0.6667,0
eb632b3d-7715-4810-ac99-01c19831c220,2026-03-23,13,0.3564,12,33336.51,2778.0425,2.0,3874.5,3.0,9247.18,1010,49.2727,3737.45,0.0,0.0,0
ebbc4745-0985-45f9-b142-3002a577acc3,2026-03-23,29,0.2324,10,16693.55,1669.355,1.0,69.99,5.0,4704.27,1291,37.0,69.99,-0.980716,-0.6667,0
ebe34170-88a5-4097-a231-ec6187114560,2026-03-23,1,0.5761,14,35211.3,2515.092857,3.0,3696.3,8.0,13212.22,729,32.4615,411.14,-0.375147,-0.25,0
ec0b1685-64bd-41e0-8aa1-e25e3abe480b,2026-03-23,57,0.3258,12,33482.73,2790.2275,0.0,0.0,2.0,2726.45,1105,39.3636,248.7,-1.0,-1.0,0
ec140a91-94c2-46b5-90c6-215cbcc0402e,2026-03-23,48,0.1695,6,9021.3,1503.55,0.0,0.0,3.0,7211.54,1062,75.0,1082.78,-1.0,-1.0,0
ec6b856d-40f2-41ed-a20b-7af257224723,2026-03-23,92,0.1638,7,36038.23,5148.318571,0.0,0.0,0.0,0.0,1282,67.5,3152.68,0.0,0.0,0
ecee2fcb-7259-46bb-a6a3-c2683069ec25,2026-03-23,15,0.4611,16,46902.22,2931.38875,3.0,10628.6,7.0,22567.65,1041,16.4667,4656.46,0.699888,0.5,0
ed2171b1-c19b-4e0d-8734-299f1f997a16,2026-03-23,3,0.4744,17,48648.36,2861.668235,1.0,1394.04,4.0,5850.96,1075,22.6875,1394.04,-0.572525,-0.5,0
ed3be97a-9e98-4ace-ba11-f1c0e145bfd5,2026-03-23,115,0.1527,6,19601.95,3266.991667,0.0,0.0,0.0,0.0,1179,49.6,828.02,0.0,0.0,0
ed43e4c6-255f-4de8-9134-6d5542faa41b,2026-03-23,26,0.0526,2,5582.2,2791.1,1.0,3924.61,1.0,3924.61,1140,307.0,3924.61,0.0,0.0,1
eddc4ec7-f3d1-445e-8c5f-3f767fd5305e,2026-03-23,14,0.3027,9,37284.91,4142.767778,1.0,2571.79,2.0,6518.58,892,50.625,2571.79,0.0,0.0,0
edf4822d-49a2-4ae7-95c1-975b85069210,2026-03-23,54,0.3764,10,17748.52,1774.852,0.0,0.0,3.0,3107.2,797,54.3333,1112.43,-1.0,-1.0,0
efa9353f-2d88-426a-a592-e6a1f87c7b1b,2026-03-23,24,0.3885,9,29203.39,3244.821111,1.0,981.15,2.0,3078.84,695,55.375,981.15,-0.532271,0.0,0
efab3272-7cfc-44f1-b229-26bfde116eb8,2026-03-23,97,0.064,2,5105.67,2552.835,0.0,0.0,0.0,0.0,938,70.0,2485.73,0.0,0.0,0
f17f8b99-61d1-4e7b-a6d3-4d0334235cc5,2026-03-23,5,0.2581,9,35567.63,3951.958889,2.0,3465.68,3.0,6485.36,1046,54.875,3109.55,0.0,0.0,0
f201cdf9-cb7c-4b4b-8da0-68bccc439429,2026-03-23,1,1.1934,29,81422.48,2807.671724,2.0,4438.64,4.0,5893.12,729,18.4643,4113.69,0.0,0.0,0
f21b3e42-ab75-442f-8649-bca6bf44c9d8,2026-03-23,33,0.1306,4,11181.48,2795.37,0.0,0.0,1.0,2877.16,919,113.0,2877.16,-1.0,-1.0,0
f223cb41-eede-43d3-bafb-311ac6aab7d7,2026-03-23,4,0.2559,9,21326.98,2369.664444,2.0,3362.38,5.0,9000.23,1055,67.75,2801.98,-0.347164,0.0,1
f288b108-b674-41c7-91d6-0f5fdb761b37,2026-03-23,13,0.3071,13,34502.59,2654.045385,1.0,2241.58,9.0,27653.66,1270,34.1667,2241.58,3.465477,0.0,0
f2c6c870-59a5-4df4-8f5a-85d42b868208,2026-03-23,94,0.1826,6,12998.97,2166.495,0.0,0.0,0.0,0.0,986,59.6,1427.65,0.0,0.0,0
f311db56-da65-41a9-a889-888c821ca32c,2026-03-23,7,0.4082,12,24113.52,2009.46,1.0,476.3,5.0,8275.1,882,32.7273,476.3,-0.889802,-0.5,0
f3d3da1e-a146-45f1-bea7-4e9b3d5e991e,2026-03-23,8,0.5214,15,63385.19,4225.679333,1.0,6429.47,4.0,13510.96,863,37.5,6429.47,3.631015,0.0,0
f5905fb3-1b37-4afd-80b2-3e6bb136b5b1,2026-03-23,24,0.2087,9,30509.15,3389.905556,1.0,319.07,4.0,8211.01,1294,46.375,319.07,-0.941898,-0.5,0
f5f339bf-3ab5-4a2e-916f-2db044568f67,2026-03-23,6,0.794,28,88891.61,3174.700357,2.0,2112.85,10.0,41568.72,1058,19.8148,478.61,-0.828692,-0.3333,0
f5f5a8ec-4cbe-4541-a494-d455225a8197,2026-03-23,38,0.2503,7,14683.71,2097.672857,0.0,0.0,2.0,3527.8,839,70.1667,1050.05,-1.0,-1.0,0
f6176f19-c718-4746-9808-d110ecf53a50,2026-03-23,37,0.6505,17,45825.31,2695.606471,0.0,0.0,4.0,14516.39,784,28.9375,3729.73,-1.0,-1.0,0
f631940b-26c5-4144-a328-f2b93f3b2f7e,2026-03-23,36,0.2688,10,28597.53,2859.753,0.0,0.0,5.0,10743.5,1116,46.1111,2468.21,-1.0,-1.0,0
f6a6bafb-8098-4f2d-ae6d-689b77c84f2b,2026-03-23,12,0.5966,14,43912.75,3136.625,2.0,3598.92,2.0,3598.92,704,31.3846,3183.81,0.0,0.0,0
f6c06ee2-7826-4de2-af26-9b9143bd5efb,2026-03-23,59,0.2847,8,16067.0,2008.375,0.0,0.0,2.0,4241.73,843,43.4286,749.39,-1.0,-1.0,0
f7f8a1f5-9b44-44c8-815c-2d04067a6cff,2026-03-23,28,0.1207,4,11617.52,2904.38,2.0,3894.91,2.0,3894.91,994,84.6667,1692.56,0.0,0.0,0
f819f234-f7a8-41f3-8b26-732ac35c4d0b,2026-03-23,10,0.5091,13,21559.88,1658.452308,2.0,5764.72,6.0,13377.13,766,42.0,1817.93,0.098693,0.0,0
f8435633-4f8d-462d-872a-e6a541d39872,2026-03-23,41,0.3932,17,38628.61,2272.271176,0.0,0.0,5.0,8712.73,1297,27.625,608.37,-1.0,-1.0,0
f8a3ae68-a437-491d-b88b-abad9164379f,2026-03-23,17,1.391,37,103151.2,2787.87027,1.0,1978.87,10.0,24922.58,798,14.8611,1978.87,-0.854273,-0.8,0
f993e083-a536-4e9d-9432-b34fc52500a4,2026-03-23,53,0.0707,3,10485.23,3495.076667,0.0,0.0,1.0,1556.88,1273,113.5,1556.88,-1.0,-1.0,0
fb5d70c0-f7cf-4096-a606-58d8efdd864b,2026-03-23,53,0.0642,2,5057.82,2528.91,0.0,0.0,1.0,4559.9,934,305.0,4559.9,-1.0,-1.0,0
fc625523-78f4-4bf4-920a-ec3d6bf61de9,2026-03-23,1,0.4072,15,49575.35,3305.023333,4.0,2625.08,5.0,3632.32,1105,28.2143,550.59,0.0,0.0,0
fc90d768-4902-4267-aee4-185b5584cee7,2026-03-23,2,0.9922,34,67019.8,1971.170588,5.0,7119.4,11.0,14195.77,1028,12.9091,760.46,0.006081,-0.1667,0
fd071015-793c-469e-bc3a-2f94a20f8f62,2026-03-23,79,0.1364,5,19502.97,3900.594,0.0,0.0,1.0,116.39,1100,83.25,116.39,0.0,0.0,0
fdbf5f6b-5e04-401e-b01c-dadaea29b6bf,2026-03-23,13,0.21,7,10574.58,1510.654286,1.0,4085.6,1.0,4085.6,1000,57.3333,4085.6,0.0,0.0,0
feb9f5f4-bed9-4b39-bb94-062fa9706005,2026-03-23,1,0.98,31,104327.41,3365.400323,3.0,10673.24,10.0,27661.92,949,18.0,5152.04,-0.108321,-0.4,0
fec6b81b-c723-45e8-a11f-75a4cb6a1381,2026-03-23,23,0.9056,31,83630.53,2697.759032,1.0,2483.9,10.0,25475.49,1027,14.4667,2483.9,-0.710759,-0.75,0
ff29a3b3-fb27-44ad-8dcc-9551fb3c7420,2026-03-23,6,1.4176,37,127327.76,3441.290811,3.0,4163.42,7.0,12882.76,783,15.4444,1904.15,0.113497,2.0,0
ffb862d5-c41a-4b47-8ccf-b781447c9d8f,2026-03-23,0,0.377,14,24349.88,1739.277143,2.0,5102.11,5.0,8411.91,1114,31.6923,2943.45,0.0,0.0,0
ffc7534a-f026-4ccd-94d9-540e6abbb59f,2026-03-23,12,0.3221,8,30931.56,3866.445,2.0,4273.66,4.0,11124.33,745,41.4286,3109.55,-0.376169,0.0,0
fffb4a19-e27c-48c5-9b1d-d72cf9f00485,2026-03-23,31,0.2567,7,14785.83,2112.261429,0.0,0.0,3.0,3173.21,818,36.1667,1651.77,-1.0,-1.0,0
0011d3f4-9e5e-47b6-a93a-e2d8f694b972,2026-04-22,31,0.2389,7,11618.02,1659.717143,0.0,0.0,3.0,5749.52,879,34.6667,2797.29,-1.0,-1.0,0
008e597a-3a9f-4d40-9452-50852330ae26,2026-04-22,69,0.0704,2,2176.17,1088.085,0.0,0.0,1.0,896.87,852,247.0,896.87,0.0,0.0,1
00acfd4d-b8a4-441a-b965-3c900cea01a1,2026-04-22,54,0.4971,17,62221.85,3660.108824,0.0,0.0,2.0,4947.14,1026,28.1875,497.41,-1.0,-1.0,0
01a1b558-e312-42e2-ae36-718f30634861,2026-04-22,16,0.1542,5,14953.14,2990.628,2.0,2426.81,2.0,2426.81,973,96.0,98.58,0.0,0.0,1
027e2c71-76f6-44d8-b214-51097fc3e605,2026-04-22,1,1.6341,39,68665.52,1760.654359,8.0,11135.39,14.0,21664.39,716,14.1579,53.48,1.341759,7.0,0
02cb9a9f-5819-466a-91e5-0f9a44b9fa1f,2026-04-22,166,0.1158,3,10672.1,3557.366667,0.0,0.0,0.0,0.0,777,63.0,3782.67,0.0,0.0,1
033361ce-6653-4ee7-bee4-3fdbd06887c9,2026-04-22,31,0.3924,13,25636.55,1972.042308,0.0,0.0,3.0,7736.98,994,34.9167,2334.09,-1.0,-1.0,0
03d535e6-bab9-4699-93ff-729d55e623f0,2026-04-22,13,0.5131,17,35339.42,2078.789412,2.0,2462.77,4.0,8589.33,994,27.8125,1864.86,0.0,0.0,0
0443c1b9-9e56-4bed-b673-1441efe40f38,2026-04-22,10,0.3846,14,40606.66,2900.475714,3.0,9163.97,4.0,13249.57,1092,30.8462,6231.75,1.242992,2.0,0
050980d5-34a4-4416-b487-3ba57e340fdf,2026-04-22,47,0.1553,6,19215.73,3202.621667,0.0,0.0,3.0,8597.44,1159,60.6,3009.16,-1.0,-1.0,0
05f197bf-0bdd-44a5-84bb-1878a08666b6,2026-04-22,0,1.1111,46,90535.74,1968.168261,8.0,8385.06,12.0,15758.18,1242,11.5778,803.84,0.0,0.0,0
066b0bf5-5f5a-4c95-a709-b1fc1d059f94,2026-04-22,13,1.125,39,106002.56,2718.014359,3.0,5024.22,12.0,14633.5,1040,13.5526,2076.11,-0.131808,0.0,0
06771e16-c89d-4440-9d23-12b982301e00,2026-04-22,5,0.3853,14,45216.85,3229.775,3.0,6227.62,4.0,11490.01,1090,36.1538,2115.04,0.0,0.0,0
068558eb-c240-4257-b396-30612707de8b,2026-04-22,71,0.0787,3,4735.96,1578.653333,0.0,0.0,1.0,1440.87,1144,29.5,1440.87,0.0,0.0,0
0764549c-3b40-4380-90ba-91c25c507f32,2026-04-22,45,0.0478,2,4654.0,2327.0,0.0,0.0,1.0,1164.11,1254,97.0,1164.11,-1.0,-1.0,0
0833337f-d730-49c9-98d3-adc98d0ffdd5,2026-04-22,1,0.3538,14,31157.27,2225.519286,1.0,663.89,5.0,15987.48,1187,35.0,663.89,-0.929027,-0.6667,0
08667cf4-ac3a-45ee-a2ce-c49435d37bd6,2026-04-22,26,0.1271,3,2899.44,966.48,1.0,1079.9,1.0,1079.9,708,219.0,1079.9,0.0,0.0,0
0915900f-d22e-42b0-8e9e-810e55498a13,2026-04-22,5,1.0611,44,113621.09,2582.2975,4.0,8961.4,10.0,21670.03,1244,11.9535,4101.98,-0.140007,0.0,0
091ba1e5-58cf-4e6c-badc-17dbe89dea69,2026-04-22,0,1.201,48,125105.75,2606.369792,5.0,12772.56,11.0,29436.54,1199,12.7234,232.79,1.760077,4.0,0
097828d9-6691-4ec3-9ba8-624b866da2cf,2026-04-22,14,0.3357,8,15850.17,1981.27125,1.0,993.26,3.0,4664.69,715,54.0,993.26,-0.478658,0.0,0
099dc7e9-7010-498d-a042-18b5e023a832,2026-04-22,109,0.1136,3,6077.02,2025.673333,0.0,0.0,0.0,0.0,792,96.5,279.97,0.0,0.0,0
09c23830-7cee-4f7c-94cb-8d5486ccf53f,2026-04-22,43,0.1371,5,10256.78,2051.356,0.0,0.0,2.0,2702.82,1094,94.5,53.48,-1.0,-1.0,0
0b56c7b0-943b-425a-b6dc-6ab9f4e721ae,2026-04-22,14,0.1823,5,8446.76,1689.352,1.0,3150.16,2.0,4174.02,823,105.0,3150.16,2.076749,0.0,1
0b94772b-0571-4308-92cc-ac6baf2ac02b,2026-04-22,5,0.8071,29,88202.99,3041.482414,6.0,5735.27,10.0,12945.4,1078,19.2143,1175.83,3.484113,2.0,0
0c75c934-71c3-45ff-9de2-91babfa75c3f,2026-04-22,24,0.3651,12,31274.97,2606.2475,1.0,1403.26,2.0,1793.8,986,38.3636,1403.26,2.593127,0.0,0
0c9d8d71-baa9-4ddf-936f-0c9137dc6dc6,2026-04-22,13,0.1705,7,16082.36,2297.48,1.0,2833.01,3.0,8240.12,1232,71.8333,2833.01,19.474163,0.0,0
0d0e2d20-27bb-4c93-9f8f-b7710b37194a,2026-04-22,3,0.4992,20,79619.92,3980.996,1.0,4200.21,4.0,9519.07,1202,27.7368,4200.21,1.211871,-0.5,0
0d5cae3a-3f1a-4ef0-b794-ba9364aaff19,2026-04-22,6,0.2839,9,17343.47,1927.052222,2.0,3015.66,5.0,10226.39,951,47.625,1864.86,-0.390077,0.0,0
0e76c917-2eca-40e2-9cbd-346ac241a7fa,2026-04-22,64,0.2968,11,28073.55,2552.140909,0.0,0.0,2.0,3135.91,1112,27.5,970.35,0.0,0.0,0
0e79db9e-6873-435b-b29c-9f8be3977517,2026-04-22,241,0.0955,4,13203.99,3300.9975,0.0,0.0,0.0,0.0,1256,67.3333,5262.39,0.0,0.0,0
0e83066e-d18a-4165-9e12-fbcb5945fbb6,2026-04-22,20,0.2959,10,23649.52,2364.952,1.0,415.22,4.0,5315.38,1014,43.6667,415.22,0.0,0.0,0
108df563-ddcd-4802-83f7-6f5da40664d0,2026-04-22,12,0.4435,14,40082.62,2863.044286,1.0,3311.87,5.0,12814.22,947,29.1538,3311.87,0.649354,-0.5,0
10cb2e84-0bd1-4b29-8db3-06ae3488789d,2026-04-22,28,0.4621,12,35103.08,2925.256667,1.0,3248.34,3.0,7135.08,779,50.5455,3248.34,-0.164251,-0.5,0
10eff7e3-344e-4e74-9346-9551c1372c30,2026-04-22,5,0.1263,4,5538.63,1384.6575,2.0,4394.03,4.0,5538.63,950,20.3333,2334.09,13.658982,1.0,0
113fc32a-23b9-4b41-82f4-df6c2b1ae4ae,2026-04-22,124,0.2948,13,41701.67,3207.820769,0.0,0.0,0.0,0.0,1323,29.5,6155.87,0.0,0.0,0
118ee786-a564-468b-9121-6d099423827f,2026-04-22,1,0.1601,6,19033.77,3172.295,1.0,568.39,2.0,1598.8,1124,81.6,568.39,0.0,0.0,0
119de36d-41b2-4136-a3a2-0b81cfcdf6f9,2026-04-22,1,0.531,16,59151.32,3696.9575,3.0,5064.32,7.0,18339.96,904,33.3333,829.87,-0.132128,0.5,0
121edff8-dfb7-4758-a559-7855430672f3,2026-04-22,14,0.6267,15,45685.46,3045.697333,2.0,2517.36,5.0,10280.38,718,33.2143,135.85,-0.340354,0.0,0
12be2694-e03e-4703-878e-8ce9ad582cf1,2026-04-22,19,0.2349,10,23539.25,2353.925,2.0,2111.56,4.0,4447.43,1277,59.1111,1053.75,0.292075,1.0,0
12e7bad8-8e3d-4196-ba8d-b9d49a184b70,2026-04-22,80,0.1232,4,10276.12,2569.03,0.0,0.0,2.0,7909.97,974,55.3333,5032.81,0.0,0.0,0
13995ae9-c50f-4813-b0ba-6e044fe0b9ef,2026-04-22,87,0.4019,14,49249.89,3517.849286,0.0,0.0,1.0,2881.75,1045,34.3846,2881.75,0.0,0.0,0
13b4e054-f5c9-4aaa-adb2-89ae2ad3a8bb,2026-04-22,9,0.373,14,23560.88,1682.92,4.0,5931.52,9.0,10930.97,1126,35.6923,2325.92,5.112763,3.0,0
13d8502b-672a-495d-a3f4-30157008db99,2026-04-22,52,0.2906,8,23811.44,2976.43,0.0,0.0,3.0,7035.21,826,52.7143,5262.39,-1.0,-1.0,0
1445cd5d-91a8-417f-b07d-805a30ad7fb7,2026-04-22,16,0.5408,19,60694.86,3194.466316,4.0,8750.8,7.0,17601.95,1054,24.6667,2387.86,1.443238,3.0,0
1686f723-a337-4bf4-aedd-21d353bffde6,2026-04-22,10,0.1596,4,6883.74,1720.935,1.0,2241.58,1.0,2241.58,752,137.3333,2241.58,0.0,0.0,1
1762b46f-b7ef-481c-9e0b-7e6d2033bcf4,2026-04-22,3,2.0248,49,136642.96,2788.631837,3.0,7542.9,11.0,22356.65,726,12.4375,323.14,-0.270738,0.0,0
1790c003-10df-448c-b85d-1632f261eb08,2026-04-22,135,0.1527,4,13076.64,3269.16,0.0,0.0,0.0,0.0,786,112.6667,4800.21,0.0,0.0,1
17d5d2f7-ff1a-4530-9773-24b87d304797,2026-04-22,85,0.0724,3,9311.14,3103.713333,0.0,0.0,1.0,539.95,1243,46.5,539.95,0.0,0.0,0
1838dbf6-d8cf-43f5-bebd-974415618eb5,2026-04-22,36,0.0825,3,5980.11,1993.37,0.0,0.0,2.0,2447.66,1091,96.5,349.97,-1.0,-1.0,0
18f1b310-96f4-4c2e-b99b-5b091b3e0999,2026-04-22,7,0.3971,13,34028.48,2617.575385,2.0,2860.12,3.0,4288.24,982,25.8333,478.61,0.0,0.0,0
1948ea27-1b6a-4dd3-8c99-b399dcf88ed3,2026-04-22,38,0.6659,19,49555.85,2608.202632,0.0,0.0,3.0,7791.3,856,19.8333,5609.1,-1.0,-1.0,0
1a467aee-8d4c-4127-8afb-fde18c339771,2026-04-22,36,0.6997,24,60524.63,2521.859583,0.0,0.0,7.0,12626.33,1029,19.7826,662.17,-1.0,-1.0,0
1a980af4-4a6b-40eb-a9a0-f4ffc25c68aa,2026-04-22,62,0.4509,13,39257.65,3019.819231,0.0,0.0,4.0,6357.09,865,36.4167,3924.61,0.0,0.0,0
1b167ea1-66cf-416e-82fc-b6448dbddf75,2026-04-22,9,0.4541,15,42035.86,2802.390667,1.0,1766.23,4.0,9031.78,991,27.2857,1766.23,-0.756903,-0.6667,0
1b1ed7c2-6b3b-4ab2-9092-bb1c6ed900ba,2026-04-22,46,0.2533,7,17788.2,2541.171429,0.0,0.0,3.0,11439.54,829,61.8333,3290.95,-1.0,-1.0,0
1c22a6c4-3de0-4f96-b62a-3a6edbbaf732,2026-04-22,12,1.2624,51,102274.39,2005.380196,3.0,5730.36,16.0,20466.8,1212,10.8,528.76,-0.090023,-0.625,0
1fff1144-0a72-44bd-ae41-900fd84b9dec,2026-04-22,12,0.799,33,117318.82,3555.115758,3.0,2330.11,8.0,16149.59,1239,17.0625,760.46,-0.698888,0.5,0
20538050-69a2-4a47-9dd1-b9142fb76c57,2026-04-22,30,0.2239,8,14654.87,1831.85875,0.0,0.0,2.0,6113.87,1072,52.8571,2776.57,-1.0,-1.0,0
2068266d-f715-474b-b293-1caa9d9e7b74,2026-04-22,108,0.1224,4,2699.97,674.9925,0.0,0.0,0.0,0.0,980,66.0,989.44,0.0,0.0,0
20791844-68d1-4c47-8940-96e45daf918f,2026-04-22,0,1.0238,43,98872.42,2299.358605,2.0,1550.37,7.0,5108.13,1260,13.9524,497.92,0.513472,0.0,0
20862386-94e2-45f7-815a-43c7bc2f2b60,2026-04-22,143,0.1939,8,38232.08,4779.01,0.0,0.0,0.0,0.0,1238,27.5714,7771.19,0.0,0.0,1
21a51334-c936-4d66-b3de-22e7b162ade5,2026-04-22,113,0.2181,9,24697.06,2744.117778,0.0,0.0,0.0,0.0,1238,51.25,2798.6,0.0,0.0,0
21b8e2ff-2ce2-406c-82b9-dd2073e3fc63,2026-04-22,28,0.0999,4,17709.37,4427.3425,1.0,1689.7,1.0,1689.7,1201,79.0,1689.7,0.0,0.0,0
2259bbe9-5f76-414c-ac70-cb078652ec8b,2026-04-22,96,0.0632,2,5105.38,2552.69,0.0,0.0,0.0,0.0,949,350.0,2643.8,0.0,0.0,0
2277c61c-6a77-4651-9d4b-9cccf937b007,2026-04-22,135,0.1031,4,12143.59,3035.8975,0.0,0.0,0.0,0.0,1164,142.6667,4247.83,0.0,0.0,0
229edd85-4113-4b2a-be5b-1cc986fd5173,2026-04-22,6,1.4488,41,109015.36,2658.91122,5.0,17178.15,13.0,27880.38,849,11.5,5879.16,1.30164,0.25,0
22c9e11f-8a46-446c-a948-06b756976159,2026-04-22,5,0.4175,14,38150.54,2725.038571,2.0,3938.42,3.0,4890.5,1006,41.3846,1728.3,3.136648,1.0,0
246922da-92c5-4c2c-8cc0-47f2c50b9eea,2026-04-22,40,0.0309,1,2266.74,2266.74,0.0,0.0,1.0,2266.74,971,0.0,2266.74,-1.0,-1.0,0
2576b737-f022-4e9c-8640-a88226cea0ff,2026-04-22,11,1.3761,40,110237.04,2755.926,2.0,3226.15,10.0,19091.23,872,12.8718,1634.24,-0.579063,-0.3333,0
267963b4-ed35-41d7-b2ce-cc6088afbd06,2026-04-22,42,0.3043,10,30873.92,3087.392,0.0,0.0,3.0,9988.5,986,30.7778,1754.08,-1.0,-1.0,0
27121f78-6ac9-48b9-bd1d-14e1b17b0217,2026-04-22,1,0.5507,19,45763.63,2408.612105,3.0,3452.31,9.0,21609.17,1035,26.3889,1315.6,-0.76638,-0.4,0
272c06ef-927d-483b-b924-350e81ee8dfe,2026-04-22,19,0.314,13,30426.39,2340.491538,3.0,4973.39,6.0,11477.63,1242,33.75,602.88,0.0,0.0,0
27415395-c694-42d4-a2b5-04dfddb578f5,2026-04-22,18,0.3366,15,40223.06,2681.537333,1.0,4121.63,3.0,6150.19,1337,38.2857,4121.63,1.031801,-0.5,0
274dc0d8-8ff4-4a0e-a6cd-722b3eed949b,2026-04-22,305,0.0374,1,403.44,403.44,0.0,0.0,0.0,0.0,802,0.0,403.44,0.0,0.0,1
28db185a-0491-429f-bcbf-840c74d94b1e,2026-04-22,216,0.0683,2,1190.78,595.39,0.0,0.0,0.0,0.0,879,198.0,69.99,0.0,0.0,0
28e3eb2f-4e60-491c-8ecf-9260a4a4ced4,2026-04-22,12,0.9824,41,133554.69,3257.431463,4.0,10951.75,11.0,24950.16,1252,12.625,3419.92,2.01677,0.3333,0
28fe8878-f7c1-4a80-9dc8-ab4bf2bbd40a,2026-04-22,31,0.3103,9,20872.29,2319.143333,0.0,0.0,1.0,738.47,870,49.0,738.47,-1.0,-1.0,0
29da7f9b-7059-4c90-999f-3737f7557ee5,2026-04-22,74,0.1569,5,9849.1,1969.82,0.0,0.0,1.0,106.95,956,83.5,106.95,0.0,0.0,0
2b7d87b4-19c8-4ef8-88c3-9bc34019b9ea,2026-04-22,29,0.1283,5,12391.63,2478.326,1.0,1082.78,2.0,5029.57,1169,86.75,1082.78,-0.725656,0.0,0
2c1bec68-3786-4dae-bb18-e5be2c55ad92,2026-04-22,74,0.075,3,10164.74,3388.246667,0.0,0.0,1.0,5015.27,1200,188.0,5015.27,0.0,0.0,0
2c3ca1b8-7c76-4a4c-80bf-5314fb7f22ae,2026-04-22,25,0.4918,22,62593.64,2845.165455,1.0,2115.62,5.0,13062.55,1342,25.7619,2115.62,-0.338968,0.0,0
2c513a38-ffd7-477a-8bc7-7f96f8b9ca38,2026-04-22,17,0.1693,4,14901.06,3725.265,1.0,2943.45,1.0,2943.45,709,126.6667,2943.45,0.0,0.0,0
2d2d74d8-47ee-4fdd-a00f-61966c2b1b25,2026-04-22,41,0.0647,2,2525.49,1262.745,0.0,0.0,1.0,323.14,927,426.0,323.14,-1.0,-1.0,1
2e532847-959f-4087-bd6e-85a52170ee01,2026-04-22,41,0.332,11,16164.25,1469.477273,0.0,0.0,3.0,2182.98,994,33.2,331.09,-1.0,-1.0,0
2fcab125-0690-4478-91f9-6c3b3e5eada3,2026-04-22,63,0.1273,5,3995.63,799.126,0.0,0.0,1.0,1023.86,1178,86.5,1023.86,0.0,0.0,0
2fd49fb9-c8b2-4ec3-b38c-a061a73e1168,2026-04-22,8,0.4797,15,40197.39,2679.826,1.0,4449.73,5.0,12863.56,938,34.7143,4449.73,20.191209,0.0,0
2fdb2470-7bb8-4ff4-90ef-b13139714701,2026-04-22,0,0.6561,18,53128.96,2951.608889,1.0,4905.76,4.0,7144.88,823,31.1176,4905.76,3.214172,0.0,0
30234645-3e34-4245-a4e4-e0e65a95e222,2026-04-22,53,0.4604,12,19156.44,1596.37,0.0,0.0,1.0,2667.0,782,32.7273,2667.0,-1.0,-1.0,0
3137607b-7cb7-42f6-bf45-44b8618d38d2,2026-04-22,28,0.7808,19,45716.43,2406.127895,1.0,3150.16,4.0,11349.29,730,27.8889,3150.16,0.623216,0.0,0
3172cd4d-4c75-477f-b250-b797860fb889,2026-04-22,105,0.0694,2,6060.61,3030.305,0.0,0.0,0.0,0.0,865,39.0,2649.34,0.0,0.0,0
31e4bcb5-1a69-45eb-a2c7-5bfa73cdfca1,2026-04-22,1,1.023,43,105260.32,2447.914419,5.0,11658.54,12.0,25646.39,1261,11.0714,1586.28,0.295939,0.6667,0
32ab5f7d-2c86-49a3-b8c6-009538e6624d,2026-04-22,3,0.6767,21,55208.23,2628.963333,3.0,2892.69,7.0,18966.8,931,27.95,299.75,0.0,0.0,0
334ea671-bdee-4328-983b-35a799b372d6,2026-04-22,53,0.3376,15,47181.21,3145.414,0.0,0.0,5.0,13323.48,1333,33.1429,4668.17,-1.0,-1.0,0
3378475b-b350-4593-9546-01468d85dcd8,2026-04-22,48,0.4465,11,15174.8,1379.527273,0.0,0.0,1.0,1195.82,739,38.5,1195.82,-1.0,-1.0,0
33879d3b-ca28-410e-9d37-7a429d1c33aa,2026-04-22,13,0.338,12,24209.49,2017.4575,2.0,4673.39,4.0,7746.53,1065,53.0909,2133.6,0.0,0.0,0
33ee3ff1-854d-447c-b205-31e8f43b9b20,2026-04-22,12,0.2827,9,25905.64,2878.404444,1.0,1846.18,3.0,7804.13,955,60.5,1846.18,-0.420135,0.0,0
342211c4-67cb-41aa-92dd-fdfb475efd26,2026-04-22,37,0.141,4,10700.57,2675.1425,0.0,0.0,1.0,820.4,851,95.6667,820.4,-1.0,-1.0,1
34a16a66-821a-489f-8fc2-67d38c8256d4,2026-04-22,32,0.4229,15,53981.54,3598.769333,0.0,0.0,3.0,7207.03,1064,33.7143,3379.4,-1.0,-1.0,0
34a5889e-5833-48a0-a0ba-44d9c14b5e71,2026-04-22,55,0.1128,3,2825.67,941.89,0.0,0.0,1.0,533.4,798,156.0,533.4,-1.0,-1.0,0
34f539cb-584e-4259-ac9f-44e6d5484ebf,2026-04-22,5,1.7102,48,120803.07,2516.730625,3.0,3507.96,11.0,20254.95,842,11.5957,685.23,-0.692313,-0.25,0
34fc1ab3-f5c6-4545-9ba9-158e780f74bd,2026-04-22,48,0.4485,17,33723.73,1983.748824,0.0,0.0,4.0,11398.24,1137,27.9375,3729.73,-1.0,-1.0,0
36526e5e-f875-4c3e-a8d6-c50ede833ade,2026-04-22,0,0.702,19,58812.71,3095.405789,2.0,9062.34,5.0,13793.21,812,28.3333,4076.94,37.92925,1.0,0
376ee9f0-6491-4a85-888a-05e690a5e05f,2026-04-22,14,0.0959,3,6899.18,2299.726667,1.0,159.54,1.0,159.54,938,234.0,159.54,0.0,0.0,1
3773055e-a1f8-4fba-8846-a4b4eca5c2b7,2026-04-22,14,0.6459,18,41388.15,2299.341667,1.0,350.82,6.0,11106.6,836,25.6471,350.82,-0.966135,-0.6667,0
37d5df97-0c87-4376-9107-d798341f0602,2026-04-22,10,0.1159,5,18660.2,3732.04,1.0,2631.2,1.0,2631.2,1294,68.5,2631.2,0.0,0.0,1
3907704e-d22a-40f9-9591-9c06dfc1b6d2,2026-04-22,13,1.0856,41,84179.84,2053.166829,3.0,5498.3,9.0,15791.52,1133,13.625,1003.05,1.138152,0.5,0
399ee9ba-2674-41aa-a50a-7b370668b523,2026-04-22,5,0.3858,13,53916.87,4147.451538,2.0,8793.13,4.0,10816.33,1011,35.6667,6577.99,4.172247,1.0,0
3a2f88d5-e75e-4285-9b59-ed2b46276d42,2026-04-22,39,0.1632,7,25956.58,3708.082857,0.0,0.0,1.0,795.95,1287,56.0,795.95,-1.0,-1.0,0
3a4a12e8-a3c4-4fe3-a0bc-ed28dee70ff0,2026-04-22,56,0.3349,12,27999.0,2333.25,0.0,0.0,2.0,10767.75,1075,36.4545,5820.57,-1.0,-1.0,0
3a8f7a32-89b6-42d8-b99a-bc1041025065,2026-04-22,86,0.1219,5,11245.74,2249.148,0.0,0.0,1.0,1657.59,1231,117.0,1657.59,0.0,0.0,0
3b80de3a-118c-4393-9d4e-1994031e22b9,2026-04-22,11,0.4972,12,23902.23,1991.8525,1.0,844.85,4.0,11354.58,724,34.4545,844.85,0.0,0.0,0
3bd0dd5d-7d24-48da-856a-69e393e5e5b9,2026-04-22,33,0.3864,14,39287.43,2806.245,0.0,0.0,4.0,13093.49,1087,34.5385,3337.3,-1.0,-1.0,0
3cc7350b-72e0-4990-a2f4-79f0e19bfe72,2026-04-22,17,0.907,40,132540.74,3313.5185,1.0,2803.09,5.0,16416.17,1323,13.9487,2803.09,-0.385274,0.0,0
3ce5849f-19ca-4eca-8a46-e4a3b8828dc2,2026-04-22,2,0.2533,9,28251.07,3139.007778,1.0,376.49,3.0,7940.74,1066,62.25,376.49,-0.950228,-0.5,0
3d036612-3ff3-451e-a921-d163e55b4c30,2026-04-22,10,0.5744,22,54313.16,2468.78,2.0,2078.74,9.0,15474.15,1149,20.381,1324.34,-0.809598,-0.6667,0
3da770f9-a532-48df-a2e4-cf550c263161,2026-04-22,29,0.6138,16,53729.77,3358.110625,1.0,5609.1,3.0,11002.2,782,27.6,5609.1,0.040051,-0.5,0
3de6f533-5503-4109-875b-33f40109353f,2026-04-22,6,0.4501,17,50589.51,2975.853529,2.0,3341.9,4.0,7025.0,1133,33.5625,864.15,2.676619,1.0,0
3e80243e-ed4d-46b5-a4ec-9aa1107c32da,2026-04-22,8,0.7071,21,58520.1,2786.671429,3.0,7178.62,4.0,7341.1,891,26.0,3739.05,43.181561,2.0,0
3e8f3d31-4fdc-4858-8d58-87b8c70d1e61,2026-04-22,121,0.2497,7,28038.28,4005.468571,0.0,0.0,0.0,0.0,841,66.1667,3788.81,0.0,0.0,0
403ba4f6-3b05-4fb0-9c95-6068878e01b1,2026-04-22,1,1.0813,39,119388.23,3061.236667,5.0,5602.3,13.0,22460.37,1082,14.8947,331.09,-0.336945,0.6667,0
40abd3f4-34c6-407b-8dfe-8ff445cce235,2026-04-22,21,0.3064,13,23155.39,1781.183846,1.0,2100.11,1.0,2100.11,1273,47.0,2100.11,0.0,0.0,0
414fbbd6-b12f-45a2-85f2-fd8a574567fa,2026-04-22,57,0.0728,3,3564.21,1188.07,0.0,0.0,1.0,2539.79,1236,195.0,2539.79,-1.0,-1.0,0
41906a86-bd78-43ee-a9ab-5f93230c56a1,2026-04-22,34,0.5357,22,40536.01,1842.545909,0.0,0.0,4.0,6330.26,1232,26.619,1226.69,-1.0,-1.0,0
41cc51fc-74f3-43aa-b9e8-c4269becb375,2026-04-22,46,0.4729,18,53740.69,2985.593889,0.0,0.0,4.0,2671.18,1142,26.1765,539.95,-1.0,-1.0,0
420464c7-e05c-4002-9ab4-902acb471c60,2026-04-22,4,0.5896,17,36358.54,2138.737647,1.0,662.17,4.0,6834.49,865,34.75,662.17,-0.839818,-0.5,0
42b4250f-96b0-4ca7-b063-8722469fafa6,2026-04-22,91,0.1807,5,20579.57,4115.914,0.0,0.0,0.0,0.0,830,52.5,1657.59,0.0,0.0,1
43b1d0a0-404f-48c8-96ee-46291e3ceaa3,2026-04-22,31,0.6148,20,44267.74,2213.387,0.0,0.0,4.0,7019.67,976,26.7368,2943.45,-1.0,-1.0,0
44e18ff7-c6c4-4f05-810a-10acda026843,2026-04-22,0,0.9015,36,102337.08,2842.696667,4.0,5782.4,13.0,28797.79,1198,14.3429,127.83,-0.602231,-0.2,0
44e3f736-1e1f-478d-876f-f18c9b474ec7,2026-04-22,15,0.2904,13,33353.11,2565.623846,2.0,3630.35,5.0,5780.42,1343,44.5,1728.3,2.545748,1.0,0
44f08084-85aa-46b5-8832-5d1d2b8db2cc,2026-04-22,0,0.1842,7,6079.05,868.435714,1.0,276.74,4.0,4197.46,1140,73.5,276.74,-0.832717,-0.5,0
454e54ed-b5e4-4096-9693-090f3ddaa42e,2026-04-22,4,0.6283,16,39675.93,2479.745625,1.0,2539.79,5.0,6297.56,764,34.3333,2539.79,2.366636,0.0,0
456196a3-f5fd-4769-85c9-fe12f73de5b9,2026-04-22,11,1.2744,37,93625.02,2530.405946,1.0,3097.19,10.0,18604.15,871,13.9722,3097.19,-0.758858,-0.8571,0
45a709ac-78ec-4b7a-a43b-05abbd55bb3d,2026-04-22,57,0.0682,2,4155.48,2077.74,0.0,0.0,1.0,1533.37,880,39.0,1533.37,-1.0,-1.0,0
45b35575-e766-4b46-861c-910c86237813,2026-04-22,7,1.2268,44,118471.95,2692.544318,5.0,18655.56,11.0,26701.73,1076,11.907,1428.9,6.479487,1.5,0
45b88888-2215-4e91-9647-006d4a1e9e88,2026-04-22,27,0.309,10,31074.6,3107.46,1.0,4656.46,3.0,9266.59,971,39.1111,4656.46,6.787894,0.0,0
46131e6b-4c77-4840-8255-973dc2b72450,2026-04-22,4,0.2696,11,13944.34,1267.667273,2.0,675.45,3.0,1154.06,1224,45.8,298.96,0.411274,1.0,0
4625383b-ddb9-4a4e-8e05-f4c0efbb0b38,2026-04-22,50,0.1437,5,13064.82,2612.964,0.0,0.0,2.0,2854.3,1044,71.25,1864.86,-1.0,-1.0,0
46b19404-7f1c-4813-a3e9-8ad7066efbfb,2026-04-22,57,0.1626,4,14698.08,3674.52,0.0,0.0,1.0,2335.32,738,88.3333,2335.32,-1.0,-1.0,0
46ced229-ee4c-418c-badd-2f91fc1ab760,2026-04-22,11,0.3687,11,41229.96,3748.178182,1.0,1978.87,2.0,2550.24,895,43.6,1978.87,0.0,0.0,0
46df1799-2ada-4ee5-af3b-e819f704a921,2026-04-22,38,0.067,3,9903.03,3301.01,0.0,0.0,1.0,2210.12,1343,143.5,2210.12,-1.0,-1.0,0
475f907b-4322-4d29-8737-399bde16f1a0,2026-04-22,24,0.0731,3,3574.0,1191.333333,1.0,2622.11,2.0,3076.59,1232,36.5,2622.11,4.769473,0.0,0
4806ee4c-c13b-48d2-8521-c95b1a259fbf,2026-04-22,14,0.0815,2,4156.23,2078.115,1.0,3492.34,2.0,4156.23,736,48.0,3492.34,0.0,0.0,0
48689e01-09c4-46f3-9d8e-5d6c440e56cb,2026-04-22,52,0.2736,12,21479.92,1789.993333,0.0,0.0,3.0,4153.98,1316,37.4545,2059.94,-1.0,-1.0,0
48871682-8627-402c-b359-46e536c8c5f8,2026-04-22,13,0.5298,16,35376.39,2211.024375,2.0,2705.48,4.0,5918.98,906,33.6667,1655.43,1.505306,1.0,0
4985763f-1aec-4bc7-8147-1beeb7a2d9c0,2026-04-22,40,0.2693,12,30035.44,2502.953333,0.0,0.0,4.0,7197.83,1337,36.0909,1728.3,-1.0,-1.0,0
49d4f65c-a7f6-423f-97b2-75571396471e,2026-04-22,45,0.3358,9,33237.76,3693.084444,0.0,0.0,2.0,7154.86,804,61.25,2492.7,-1.0,-1.0,0
4b263a6a-fa62-4829-bdec-56be9866bdeb,2026-04-22,111,0.0554,2,12607.97,6303.985,0.0,0.0,0.0,0.0,1083,58.0,456.28,0.0,0.0,0
4db8450b-3473-4e34-abb8-61b270b04333,2026-04-22,2,0.4781,16,38550.74,2409.42125,2.0,5302.74,5.0,10105.57,1004,34.6667,1775.24,0.79547,0.0,0
4ed5562c-399a-4f63-8123-7496d2617ad8,2026-04-22,5,0.4974,16,41864.99,2616.561875,2.0,4166.53,6.0,12290.17,965,24.3333,2060.81,3.277927,0.0,0
4ee7f9a8-1985-4e04-82b5-332cbc70c187,2026-04-22,107,0.4777,15,22563.6,1504.24,0.0,0.0,0.0,0.0,942,28.7857,2400.36,0.0,0.0,0
4f4f2ef2-6350-45b8-af19-6bd90adfc454,2026-04-22,0,1.1549,44,150436.6,3419.013636,4.0,11676.05,8.0,17782.2,1143,10.0465,401.92,13.412386,1.0,0
505deb96-02b0-4484-ae43-533961fa661d,2026-04-22,16,0.7742,28,66103.72,2360.847143,1.0,566.6,11.0,29645.34,1085,17.2593,566.6,-0.975784,-0.875,0
5097dfe0-2eb9-4792-a52b-170cf10ad290,2026-04-22,0,0.2192,6,11372.27,1895.378333,1.0,1420.97,3.0,8757.44,821,88.2,1420.97,-0.488228,0.0,1
5173c47a-a140-490b-afc1-af84817a605e,2026-04-22,16,0.4721,20,57617.68,2880.884,2.0,7636.87,5.0,11507.53,1271,25.8947,3076.97,4.347499,1.0,0
51833259-a233-414c-85fb-6ed59e50dfed,2026-04-22,22,1.2712,35,118511.98,3386.056571,2.0,5822.62,7.0,12050.88,826,16.6176,4671.82,6.787791,0.0,0
528aa423-6b23-4a2a-8e8b-d2c5976a5484,2026-04-22,24,0.2623,8,22464.72,2808.09,1.0,2380.19,3.0,4964.67,915,42.8571,2380.19,0.0,0.0,1
529b58fc-1d6b-4a46-bcf3-bd50c058a284,2026-04-22,13,0.546,17,42495.29,2499.722941,3.0,9042.88,8.0,17250.57,934,27.9375,1246.35,7.548681,2.0,0
532c0027-0a87-4b04-8cd6-433b7eda14e0,2026-04-22,5,0.3261,11,26996.69,2454.244545,3.0,4279.12,5.0,5711.11,1012,45.4,295.39,1.988233,0.5,0
5379215b-cc4c-4e00-a6c5-27be458826a0,2026-04-22,97,0.0722,3,5300.73,1766.91,0.0,0.0,0.0,0.0,1246,193.5,1698.9,0.0,0.0,0
53cf422c-89ff-449d-9e2b-509585fbfa93,2026-04-22,67,0.1706,5,12630.79,2526.158,0.0,0.0,1.0,844.85,879,108.5,844.85,0.0,0.0,0
54739a70-fe3b-45f0-b6da-5eb96fddebc6,2026-04-22,8,1.5861,47,98813.02,2102.404681,5.0,4228.58,16.0,21959.43,889,11.3261,553.48,-0.730297,-0.2857,0
549276f5-7982-4ddd-9090-30fd37f31bf6,2026-04-22,43,0.4136,15,45695.6,3046.373333,0.0,0.0,3.0,5231.28,1088,28.5,3527.5,-1.0,-1.0,0
556c3740-52fd-4022-8755-b92b9fa5342d,2026-04-22,0,0.6383,28,59083.95,2110.141071,2.0,1875.24,7.0,8823.78,1316,21.5556,1136.77,-0.348232,1.0,0
5616033a-269f-49ef-83d8-504129f87568,2026-04-22,118,0.063,2,10396.04,5198.02,0.0,0.0,0.0,0.0,953,60.0,3846.19,0.0,0.0,0
5705b303-d99b-47e5-9620-2ac37d16bf70,2026-04-22,17,0.2893,7,8337.84,1191.12,1.0,424.73,4.0,4223.63,726,63.3333,424.73,-0.865122,-0.5,0
575ab059-021e-48cf-a1f6-39e5a9719349,2026-04-22,2,0.3598,13,30248.05,2326.773077,2.0,432.06,2.0,432.06,1084,40.0,279.97,0.0,0.0,0
5768b4fe-4e94-4a79-bf94-aec56843c229,2026-04-22,206,0.1161,3,4155.23,1385.076667,0.0,0.0,0.0,0.0,775,66.5,701.63,0.0,0.0,0
5772f550-5886-44ab-b618-cc525d22c053,2026-04-22,19,1.6572,39,99279.62,2545.631282,2.0,3909.54,6.0,7779.74,706,14.4737,524.42,0.074038,-0.3333,0
5828d313-995e-4774-b19c-e8ac7bc3daea,2026-04-22,93,0.0912,4,12514.87,3128.7175,0.0,0.0,0.0,0.0,1316,130.6667,4331.12,0.0,0.0,0
585a8991-c44f-4e18-b8e0-6283bf6f9aff,2026-04-22,48,0.3144,14,48507.43,3464.816429,0.0,0.0,1.0,1112.43,1336,39.7692,1112.43,-1.0,-1.0,0
58894319-515e-4488-9e5c-39efd9a4d7ad,2026-04-22,141,0.1187,3,9356.68,3118.893333,0.0,0.0,0.0,0.0,758,41.0,1881.96,0.0,0.0,0
59749859-a81e-48e6-bc39-a362a3eada9b,2026-04-22,31,0.5898,15,43526.19,2901.746,0.0,0.0,3.0,6848.48,763,23.7143,4415.57,-1.0,-1.0,0
5a2542d2-8392-4c53-bbf2-259d1b7de2ba,2026-04-22,20,0.7219,18,45333.34,2518.518889,1.0,2241.58,3.0,6095.59,748,23.9412,2241.58,-0.418377,-0.5,0
5a60bb30-d49d-430c-b819-619528fa0373,2026-04-22,13,0.5109,14,31128.67,2223.476429,3.0,5984.45,7.0,14401.51,822,39.7692,1902.05,0.654411,0.5,0
5b8f23c7-fa9a-4a08-9a59-251fb715af18,2026-04-22,79,0.1173,5,19510.3,3902.06,0.0,0.0,1.0,3281.59,1279,111.0,3281.59,0.0,0.0,1
5be61d8d-e5a3-403f-b61d-c9096e40b7fb,2026-04-22,29,0.3028,11,40778.11,3707.100909,1.0,1864.86,4.0,5561.56,1090,35.9,1864.86,-0.044979,0.0,0
5c9d29aa-2355-42b6-b1a3-3b942397745f,2026-04-22,86,0.1065,3,2092.97,697.656667,0.0,0.0,1.0,53.48,845,75.5,53.48,0.0,0.0,1
5cda614e-b389-4e48-8b36-5612a91c11ba,2026-04-22,0,0.3556,11,24119.79,2192.708182,4.0,7661.51,4.0,7661.51,928,25.8,492.92,0.0,0.0,0
5d474fc4-7a12-42c7-9f36-de03cfef0e40,2026-04-22,16,0.1172,4,8839.73,2209.9325,1.0,1003.05,1.0,1003.05,1024,56.6667,1003.05,0.0,0.0,0
5d5fa6d8-0ad7-4ade-be35-1c481b16b275,2026-04-22,14,0.8626,27,70325.07,2604.632222,3.0,5371.65,9.0,17938.14,939,19.8846,478.61,-0.509941,-0.25,0
600950e2-e195-4863-b978-6b55ea2f8a24,2026-04-22,19,0.5581,16,24369.72,1523.1075,2.0,831.74,6.0,5755.0,860,28.6667,621.76,-0.831059,-0.5,0
60ce8a0f-d7a4-4ed2-ac8e-6e0a87d50d90,2026-04-22,31,0.3243,14,49311.25,3522.232143,0.0,0.0,1.0,2762.66,1295,29.0,2762.66,-1.0,-1.0,0
60fc3a69-d7a0-4445-b08b-d165e0bc4928,2026-04-22,30,0.1426,6,14627.15,2437.858333,0.0,0.0,1.0,560.4,1262,85.2,560.4,-1.0,-1.0,1
614d73fd-8846-4895-a773-7898e1678216,2026-04-22,6,0.9861,33,82325.58,2494.714545,3.0,7830.95,13.0,26205.76,1004,16.4063,3076.97,-0.173844,-0.5,0
6160ef49-2fc6-47b6-b9f2-400cbd267250,2026-04-22,92,0.1252,3,6578.81,2192.936667,0.0,0.0,0.0,0.0,719,73.0,1689.7,0.0,0.0,0
61ca8ccc-59b9-4f6f-84a3-e49d67fbff34,2026-04-22,25,0.1521,5,15926.94,3185.388,1.0,781.07,1.0,781.07,986,95.75,781.07,0.0,0.0,1
61d5df45-2dc7-4d9a-a195-9acaf18018a4,2026-04-22,176,0.0227,1,5690.24,5690.24,0.0,0.0,0.0,0.0,1324,0.0,5690.24,0.0,0.0,1
6272b3b9-197b-4be0-bf82-5b6e74a51d18,2026-04-22,4,0.3686,15,46675.06,3111.670667,1.0,1728.3,5.0,8970.67,1221,33.9286,1728.3,4.408205,0.0,0
62795829-338f-4ef4-a58a-8b4df43e37ed,2026-04-22,190,0.1282,4,17371.24,4342.81,0.0,0.0,0.0,0.0,936,128.6667,3846.19,0.0,0.0,1
627dfaf1-6d87-43b0-9cba-68f9d7c5bf7f,2026-04-22,136,0.0793,2,14177.8,7088.9,0.0,0.0,0.0,0.0,757,57.0,3576.6,0.0,0.0,1
63482ea8-4c3c-4a09-bce4-da0866c26116,2026-04-22,12,0.2456,6,15910.57,2651.761667,2.0,4413.44,4.0,6770.22,733,36.6,299.75,0.872657,0.0,0
64e3a695-4ab9-479c-87df-f1660c87338c,2026-04-22,17,0.0905,3,10883.73,3627.91,1.0,299.75,1.0,299.75,995,110.5,299.75,0.0,0.0,0
655a8a99-8ea7-4fab-8686-b6e0a9369c3b,2026-04-22,20,0.3604,12,19309.07,1609.089167,2.0,4501.22,5.0,7758.64,999,28.4545,1121.82,15.834543,1.0,0
66581e52-4a91-4e5a-9db9-6ea7faad6977,2026-04-22,91,0.2431,7,17463.64,2494.805714,0.0,0.0,0.0,0.0,864,76.5,524.42,0.0,0.0,0
66aa9f2d-de6b-4def-8269-b6d0177dbf9a,2026-04-22,4,1.0788,47,134839.24,2868.92,4.0,14482.47,10.0,28204.92,1307,12.1522,2380.19,10.766808,3.0,0
66c93c21-5319-42bd-aee5-a4af817f02a3,2026-04-22,12,0.1794,5,16046.31,3209.262,1.0,2622.11,3.0,7977.95,836,81.0,2622.11,-0.51042,-0.5,1
6774c3a7-d951-43fa-9c75-eaca2ced5391,2026-04-22,5,0.9309,35,71151.21,2032.891714,4.0,5295.2,10.0,9571.24,1128,16.7059,1634.37,3.512006,0.3333,0
679c79cb-5d90-434a-a13e-d63368ba0b98,2026-04-22,75,0.0926,4,7397.05,1849.2625,0.0,0.0,1.0,2266.74,1296,136.6667,2266.74,0.0,0.0,1
67fc2766-666c-4de5-9a16-9a35603b9a46,2026-04-22,53,0.2517,6,27914.22,4652.37,0.0,0.0,1.0,3233.74,715,92.8,3233.74,-1.0,-1.0,0
6853ff18-9673-4369-b96a-eb7e1eb71169,2026-04-22,3,0.4619,19,50373.56,2651.24,3.0,7970.29,5.0,9611.78,1234,24.5556,1660.89,15.023582,2.0,0
6892976f-0a64-4372-bcd7-14d6113ea6e2,2026-04-22,79,0.3071,13,26729.05,2056.080769,0.0,0.0,1.0,3527.5,1270,33.4167,3527.5,0.0,0.0,0
69008e38-87df-4edc-8e0c-02e44a0802a3,2026-04-22,180,0.1394,4,5459.18,1364.795,0.0,0.0,0.0,0.0,861,80.3333,1486.59,0.0,0.0,0
69223a3a-0e99-457c-b139-53a914126da0,2026-04-22,3,0.0471,2,10862.41,5431.205,1.0,3091.22,1.0,3091.22,1275,531.0,3091.22,0.0,0.0,0
69b42ebe-0ce1-4f78-b8cd-1bb12a098250,2026-04-22,6,0.1788,8,20736.45,2592.05625,2.0,6281.63,5.0,14567.52,1342,43.4286,5262.39,-0.053133,0.0,0
6a03d7f7-9095-4c61-b549-95cd16aba353,2026-04-22,28,0.1676,7,13689.89,1955.698571,1.0,3857.68,4.0,6184.43,1253,50.0,3857.68,12.574299,0.0,0
6a7efc18-882b-4c4c-a75d-1b8aecdbf4a6,2026-04-22,75,0.3585,16,17247.44,1077.965,0.0,0.0,3.0,6108.41,1339,23.2667,2202.35,0.0,0.0,0
6b35501e-08f6-41b4-8699-30281befd8ec,2026-04-22,16,0.6439,17,64566.18,3798.010588,1.0,1600.24,5.0,14654.06,792,35.5625,1600.24,-0.800929,-0.6667,0
6bb31b8a-5c85-4549-9106-7183256248ff,2026-04-22,23,0.8276,28,57565.29,2055.903214,2.0,1950.56,8.0,16644.43,1015,18.1852,981.15,-0.760541,-0.5,0
6cad4c9f-a37c-452d-9e24-b927cd585be0,2026-04-22,14,0.1761,6,9673.23,1612.205,2.0,983.52,2.0,983.52,1022,97.2,159.54,0.0,0.0,0
6ccef97b-c165-4c24-aa1d-00119b8315f2,2026-04-22,131,0.2102,7,22352.26,3193.18,0.0,0.0,0.0,0.0,999,41.8333,643.01,0.0,0.0,0
6d07afb5-e45f-49c8-8fe6-ab313f89ab9c,2026-04-22,22,1.0648,40,103811.15,2595.27875,3.0,7312.0,13.0,26725.27,1127,10.641,5969.41,-0.546175,-0.5714,0
6dd97a45-7233-4f75-bf2b-a02f9e2403f5,2026-04-22,25,0.6728,17,59541.09,3502.417059,1.0,608.37,4.0,4577.16,758,33.625,608.37,-0.39328,-0.5,1
6e04016c-b9dc-4b48-ac9b-8e9eff3d52ef,2026-04-22,18,0.4016,17,42440.22,2496.483529,2.0,4348.24,7.0,19955.12,1270,18.625,1698.9,-0.626828,-0.5,0
6f363f3d-a553-4343-928a-865ef7efa488,2026-04-22,18,0.3603,11,45746.77,4158.797273,1.0,4775.53,4.0,9487.19,916,51.7,4775.53,0.168777,0.0,0
6f43c820-6bb0-443a-a276-f436ff5cc816,2026-04-22,27,0.4275,11,36719.28,3338.116364,2.0,3296.72,3.0,4942.2,772,46.4,2387.76,1.0035,1.0,0
6fb7d847-f44b-41dc-a325-7b26c61cbc96,2026-04-22,3,0.8631,37,102127.42,2760.200541,3.0,4058.28,8.0,15232.19,1286,14.8056,3057.71,-0.57519,0.0,0
7010920b-f9d5-4e97-9d6a-a57cfe832fad,2026-04-22,16,1.1157,36,95107.0,2641.861111,1.0,139.99,9.0,15936.19,968,14.2,139.99,-0.982242,-0.75,0
70803e0f-518e-4300-9d6d-cec5780970aa,2026-04-22,17,0.1427,6,17735.43,2955.905,2.0,5829.01,3.0,7064.98,1261,51.0,5289.06,3.716142,1.0,0
726b4f75-d374-4f7f-bf66-eff61209fe02,2026-04-22,89,0.13,4,4264.76,1066.19,0.0,0.0,1.0,2091.06,923,105.3333,2091.06,0.0,0.0,0
72f79579-0a70-4cc7-8b0e-7b204ff9f789,2026-04-22,29,0.1467,4,8885.91,2221.4775,1.0,719.55,2.0,4833.24,818,79.0,719.55,-0.825084,0.0,0
731fe7b0-483a-4068-a5c1-e8ce074a22e2,2026-04-22,360,0.0393,1,1858.31,1858.31,0.0,0.0,0.0,0.0,764,0.0,1858.31,0.0,0.0,0
73c3d633-4b34-49ad-a380-07fa31442bd6,2026-04-22,22,0.5802,17,31941.01,1878.882941,1.0,2073.14,5.0,8955.8,879,25.6875,2073.14,8.007386,0.0,0
744605d3-9330-457d-9c53-8b4b59950976,2026-04-22,7,1.3846,45,122823.02,2729.400444,5.0,10937.76,9.0,20634.75,975,12.25,255.65,1.078478,4.0,0
75e7956b-bba4-4d50-aa4d-f8061fa9b378,2026-04-22,22,0.1719,6,18398.51,3066.418333,1.0,1420.19,2.0,1928.15,1047,63.6,1420.19,1.79587,0.0,0
7613c703-00a5-4fcd-b61f-b4f85bd36ac2,2026-04-22,64,0.3274,14,27308.1,1950.578571,0.0,0.0,2.0,981.91,1283,30.2308,566.69,0.0,0.0,0
76c7e6e2-ab70-4430-9c0e-611b3e8e3f7d,2026-04-22,11,0.3151,14,47543.45,3395.960714,1.0,1864.86,5.0,10666.16,1333,33.9231,1864.86,-0.635883,-0.5,0
76fd4673-a6d4-4503-8346-4fa08b56a6d8,2026-04-22,76,0.1199,4,4002.93,1000.7325,0.0,0.0,1.0,1440.87,1001,45.0,1440.87,0.0,0.0,0
78106c04-2615-4323-b215-3172fb34fc72,2026-04-22,37,0.5917,20,79317.69,3965.8845,0.0,0.0,5.0,18234.14,1014,26.3158,1439.11,-1.0,-1.0,0
782ae5d7-a09e-4973-a2b3-29bacbb5efa9,2026-04-22,12,0.184,6,14049.43,2341.571667,1.0,2538.84,2.0,6634.26,978,58.2,2538.84,0.0,0.0,0
785c7075-fbd8-42f7-b26f-e1aadc18eebc,2026-04-22,176,0.0671,3,7579.21,2526.403333,0.0,0.0,0.0,0.0,1341,65.5,4690.22,0.0,0.0,1
79ce75bd-e156-4762-a109-91880fa27abc,2026-04-22,9,0.9917,44,114833.59,2609.854318,3.0,6283.77,10.0,18156.57,1331,11.1395,2243.64,-0.187256,0.0,0
7b3011de-1fd5-49d7-8cd0-565a3af5b5da,2026-04-22,6,1.1642,39,79021.09,2026.181795,4.0,9680.81,8.0,11271.97,1005,12.8158,2100.11,0.0,0.0,0
7b5dbebc-9a0e-4613-8844-f85ea0bc161d,2026-04-22,47,0.1662,6,23639.56,3939.926667,0.0,0.0,2.0,1331.66,1083,72.2,781.07,-1.0,-1.0,0
7bb9c97f-e27e-426f-b400-1ecf5e49b6f2,2026-04-22,51,0.2162,8,23893.81,2986.72625,0.0,0.0,2.0,6931.45,1110,38.7143,6429.47,-1.0,-1.0,0
7be8de25-a69e-4e0f-9ac9-cd6405a73f68,2026-04-22,143,0.1458,4,9418.38,2354.595,0.0,0.0,0.0,0.0,823,56.0,1792.52,0.0,0.0,0
7d31f2fa-4d24-4819-aa43-8ca6f961480f,2026-04-22,33,0.0757,2,4367.91,2183.955,0.0,0.0,1.0,533.4,793,521.0,533.4,-1.0,-1.0,0
7d5e174f-f3d2-488e-99b3-a0591b1a9319,2026-04-22,121,0.1645,6,20724.61,3454.101667,0.0,0.0,0.0,0.0,1094,63.4,713.82,0.0,0.0,0
7dc50afb-0eaa-4b38-8b2f-04eb2c57446e,2026-04-22,13,0.4193,11,27602.63,2509.33,3.0,11527.83,5.0,18030.3,787,55.3,2380.19,0.772839,0.5,0
7dd67799-87bf-4c47-944e-e495c976e50e,2026-04-22,40,0.2536,10,16550.46,1655.046,0.0,0.0,2.0,4933.49,1183,49.0,230.16,-1.0,-1.0,0
7e1ea714-6fe4-494e-9554-750dbe019c23,2026-04-22,22,0.1339,6,19507.34,3251.223333,1.0,712.26,2.0,849.31,1344,98.4,712.26,0.0,0.0,0
80425ba2-13bc-407f-9a1c-ff4f30480010,2026-04-22,1,0.6072,27,71274.73,2639.804815,3.0,7080.25,8.0,24386.12,1334,18.8462,2400.36,-0.063907,0.5,0
8081cb55-1e73-484f-b6fe-79fe7087f185,2026-04-22,33,0.082,3,5772.43,1924.143333,0.0,0.0,2.0,4583.5,1097,153.0,1292.55,-1.0,-1.0,0
809a4c1b-22b1-4046-b62e-5ca84f41ae56,2026-04-22,36,0.1538,4,6477.17,1619.2925,0.0,0.0,1.0,1144.08,780,128.6667,1144.08,-1.0,-1.0,0
81038b9d-eef0-443c-9635-a2e4c4df490f,2026-04-22,49,0.2505,8,27592.71,3449.08875,0.0,0.0,3.0,4185.91,958,73.0,1388.35,-1.0,-1.0,1
81aa5e22-d678-428b-b005-9b81178d3a85,2026-04-22,2,0.3827,13,30535.04,2348.849231,1.0,1692.56,2.0,6981.62,1019,42.0833,1692.56,0.0,0.0,0
82241b4b-7959-4079-9369-bbfcffcbc453,2026-04-22,2,1.0632,37,110487.46,2986.147568,5.0,9246.38,11.0,18847.64,1044,14.6944,599.51,1.61691,0.6667,0
824fbcc7-5420-4ca2-84b0-15b0b4a2292b,2026-04-22,17,0.3662,14,46785.76,3341.84,2.0,8235.81,5.0,17471.09,1147,31.6154,5969.41,1.080938,1.0,0
826855e8-3a9a-4032-ad5b-6ca64c822572,2026-04-22,8,0.334,11,31990.25,2908.204545,2.0,3080.22,4.0,7195.76,988,44.2,1849.43,-0.251564,0.0,0
82c5a7aa-2ec7-45dc-9d03-be3531473f2f,2026-04-22,48,0.2098,5,10808.35,2161.67,0.0,0.0,1.0,2381.51,715,102.25,2381.51,-1.0,-1.0,0
82d60e37-f049-4852-9464-c94b4e5c3244,2026-04-22,15,0.8551,24,45516.35,1896.514583,2.0,5310.42,6.0,12104.91,842,18.087,5182.59,-0.090731,0.0,0
83d0d0b7-7f58-49ea-8dc3-fee8c20efb50,2026-04-22,7,0.1542,4,17692.95,4423.2375,2.0,6221.34,2.0,6221.34,778,95.6667,952.6,0.0,0.0,0
83fe13f3-1026-46b2-9abd-d7277ea2f653,2026-04-22,8,0.1569,6,11350.75,1891.791667,1.0,3150.16,2.0,4446.39,1147,101.8,3150.16,1.430248,0.0,1
855f6897-60c0-42cc-aa5a-bbcf4dfcfd28,2026-04-22,36,0.373,16,33390.55,2086.909375,0.0,0.0,1.0,924.71,1287,26.8667,924.71,-1.0,-1.0,0
86208847-cfb3-449d-a634-075a2b7c33cc,2026-04-22,10,0.5541,14,24504.71,1750.336429,1.0,5537.86,5.0,12439.87,758,45.2308,5537.86,-0.041924,-0.6667,0
86ab916f-9734-41f0-b5c0-9bbc082b3251,2026-04-22,7,1.411,42,102768.06,2446.858571,6.0,8305.73,11.0,18275.33,893,14.0488,1162.96,0.332125,2.0,0
87b06d02-c4e0-4e44-a8d4-a21cdc592676,2026-04-22,40,0.6108,17,40029.08,2354.651765,0.0,0.0,2.0,536.03,835,27.875,376.49,-1.0,-1.0,1
8867ed0f-4c50-4aa9-8fb4-993893bd97df,2026-04-22,0,0.3807,10,17187.29,1718.729,2.0,1307.03,3.0,2151.88,788,50.4444,1167.04,0.547056,1.0,0
88f8cded-9e9f-4c71-9504-8cae260151bf,2026-04-22,26,0.3635,15,25411.27,1694.084667,1.0,1420.97,4.0,4283.4,1238,30.3571,1420.97,0.772623,-0.5,0
8aa74529-c59e-4daf-9b98-321ebfce7306,2026-04-22,16,1.7671,44,84133.01,1912.113864,3.0,3371.22,10.0,13898.98,747,12.3953,2387.76,-0.050387,-0.25,0
8b278dae-e043-44f3-a5f0-8466df24d3a2,2026-04-22,8,1.1139,45,97581.13,2168.469556,5.0,7347.91,16.0,38649.58,1212,12.1136,646.28,-0.400661,0.0,0
8bd2e91f-b7be-4b2c-95e8-9b9f6936c3fe,2026-04-22,70,0.3419,15,34014.64,2267.642667,0.0,0.0,1.0,3057.71,1316,31.8571,3057.71,0.0,0.0,0
8bf0cc1f-c9f7-4393-806f-86bce9acf23a,2026-04-22,86,0.0938,4,10964.19,2741.0475,0.0,0.0,1.0,2774.14,1279,147.3333,2774.14,0.0,0.0,0
8d58c937-6e14-4be1-98f6-33ea0a28136f,2026-04-22,77,0.1084,4,18143.26,4535.815,0.0,0.0,1.0,3729.73,1107,103.3333,3729.73,0.0,0.0,0
8d6d15dd-e8cf-4c06-aacd-238932fec46c,2026-04-22,17,0.3719,9,16767.4,1863.044444,2.0,1203.64,5.0,7293.31,726,33.75,1105.06,0.39286,1.0,0
8daa11dd-d410-44bf-a0de-622a9ca7c78d,2026-04-22,4,1.527,48,128471.37,2676.486875,5.0,5977.74,16.0,26423.2,943,10.2553,662.17,0.25791,0.25,0
8de2f61f-499f-4ce6-a7d6-a5e9b9219f67,2026-04-22,63,0.1319,5,22731.61,4546.322,0.0,0.0,1.0,3233.74,1137,76.5,3233.74,0.0,0.0,1
8f10e8bf-c7a4-4bd6-93ce-4de936a938ef,2026-04-22,5,1.427,43,121813.35,2832.868605,5.0,8672.28,19.0,38758.62,904,10.4048,497.92,-0.081552,-0.1667,0
9013910b-257e-462f-8142-555578e385a5,2026-04-22,58,0.5294,18,60075.13,3337.507222,0.0,0.0,2.0,2473.05,1020,26.1765,1655.93,-1.0,-1.0,0
90ef6a35-c0dc-4b20-aede-0d1b3e525838,2026-04-22,34,0.2693,10,38316.58,3831.658,0.0,0.0,3.0,6584.83,1114,50.8889,566.6,-1.0,-1.0,0
90fbdd18-8b49-4103-809e-87bf8eac3fc4,2026-04-22,11,0.0501,2,3584.89,1792.445,1.0,1424.51,2.0,3584.89,1197,36.0,1424.51,-0.340621,0.0,0
910bd8ae-df74-4feb-9e1a-4e8966115c12,2026-04-22,7,0.5061,18,54454.9,3025.272222,3.0,3538.3,8.0,20163.38,1067,30.4706,883.11,-0.366968,0.5,0
911f8116-248a-4e3d-afb4-62a632746852,2026-04-22,8,1.3905,47,91040.35,1937.028723,3.0,6737.96,8.0,13224.9,1014,11.5217,3379.4,0.781525,0.0,0
918ccc0d-7add-4cda-bb90-29b5623f6d86,2026-04-22,33,0.1404,5,6242.88,1248.576,0.0,0.0,1.0,797.69,1068,113.75,797.69,-1.0,-1.0,0
91f0a872-33ad-4dbe-9801-ac03b375f584,2026-04-22,0,0.6483,18,52107.14,2894.841111,1.0,4487.28,2.0,7976.16,833,32.0,4487.28,0.0,0.0,0
93700c9c-7e7e-4bad-b154-5e6644ddc5c9,2026-04-22,26,0.1253,3,6409.57,2136.523333,1.0,989.44,2.0,1557.83,718,117.0,989.44,0.0,0.0,1
93d32257-e39c-4554-a773-cc81769f2c6b,2026-04-22,22,0.0953,3,6840.48,2280.16,1.0,5032.81,1.0,5032.81,944,124.5,5032.81,0.0,0.0,0
953c5953-375c-42a1-89e5-7b370fa868be,2026-04-22,15,0.1346,5,4264.41,852.882,1.0,487.43,1.0,487.43,1114,80.75,487.43,0.0,0.0,0
957f9181-281b-4ff6-9370-462fb40cb6e5,2026-04-22,49,0.309,12,24685.38,2057.115,0.0,0.0,3.0,4085.29,1165,32.7273,106.95,-1.0,-1.0,0
97a7e174-c5da-4d97-b94b-09d5f4788809,2026-04-22,4,0.531,22,63564.81,2889.309545,3.0,6072.14,7.0,12442.01,1243,25.3333,4085.92,0.135827,0.0,0
97bc17e3-9ca0-45a3-a8dd-947696378bf7,2026-04-22,58,0.1705,5,19602.81,3920.562,0.0,0.0,2.0,5575.56,880,69.75,456.28,-1.0,-1.0,0
97c341f3-26c0-47ee-949b-ec2349709b82,2026-04-22,7,0.8326,30,94814.89,3160.496333,2.0,3181.53,7.0,13068.9,1081,19.7931,2351.66,0.093926,-0.3333,0
98156cab-3a92-4dfa-9d5a-4e1528c73b35,2026-04-22,3,0.1687,7,17760.79,2537.255714,2.0,4711.39,3.0,7872.64,1245,40.3333,1858.31,0.0,0.0,0
98c0d934-599f-43f0-b624-02fafa9a625d,2026-04-22,9,0.7631,19,26773.38,1409.125263,3.0,3138.46,8.0,10634.74,747,22.2778,1817.93,6.263609,2.0,0
9965e54c-1dd6-4d5f-b7e0-e984e9c7be9f,2026-04-22,13,0.0979,3,8584.03,2861.343333,1.0,2031.83,2.0,2881.28,919,69.5,2031.83,1.391936,0.0,1
9a48cdff-42f6-4b91-80ce-e531f3622d2b,2026-04-22,11,0.6584,16,44128.65,2758.040625,1.0,3173.44,6.0,15464.25,729,27.4,3173.44,-0.552899,-0.6667,0
9ada7a7c-35d9-4619-9117-c1d9c05f08e9,2026-04-22,12,0.0855,3,3454.9,1151.633333,1.0,2387.86,1.0,2387.86,1053,204.0,2387.86,0.0,0.0,1
9b131352-2e3f-4966-865e-a01b50bde6e5,2026-04-22,32,0.6635,28,70876.18,2531.292143,0.0,0.0,3.0,9366.43,1266,20.0,4943.45,-1.0,-1.0,0
9b4342ff-79f2-40db-9669-bbab65d50e2f,2026-04-22,30,0.4325,11,27963.13,2542.102727,0.0,0.0,5.0,16094.24,763,47.4,1195.82,-1.0,-1.0,0
9c60f8cc-bb5f-4a3b-9a8b-95367617a69c,2026-04-22,81,0.324,12,31876.04,2656.336667,0.0,0.0,1.0,3379.4,1111,19.2727,3379.4,0.0,0.0,0
9c75b413-efd7-4171-9aa3-e4f50c8b52ea,2026-04-22,20,0.3243,12,22374.6,1864.55,2.0,6111.24,6.0,11241.59,1110,36.3636,3729.73,1.700253,1.0,0
9ca4947f-fc58-4db9-a473-9d3bb229db60,2026-04-22,110,0.045,2,5108.54,2554.27,0.0,0.0,0.0,0.0,1333,135.0,4101.98,0.0,0.0,0
9cbf413a-a00b-482b-9441-e8fce7668a2e,2026-04-22,37,1.089,42,128190.02,3052.143333,0.0,0.0,10.0,23592.57,1157,11.3171,920.64,-1.0,-1.0,0
9de44d71-02d0-4684-a314-54f9abd3f2cd,2026-04-22,29,0.4956,17,29940.52,1761.207059,1.0,347.09,4.0,6311.15,1029,32.375,347.09,-0.922339,-0.5,0
9e39dc08-ef34-4791-8233-bb1831664c12,2026-04-22,23,0.1617,4,7342.97,1835.7425,1.0,621.76,1.0,621.76,742,75.0,621.76,0.0,0.0,1
9e3ba510-550f-49bf-a866-a3124ebe334a,2026-04-22,97,0.0901,4,9230.85,2307.7125,0.0,0.0,0.0,0.0,1332,119.3333,1849.43,0.0,0.0,0
9f79997b-8bf3-45ae-a535-abb872b46a2f,2026-04-22,14,0.2949,7,8380.07,1197.152857,1.0,1082.78,3.0,2613.87,712,49.5,1082.78,-0.223279,0.0,0
a029db9e-0867-4074-9876-83433dcbc19c,2026-04-22,28,0.0985,4,9904.65,2476.1625,1.0,3698.86,2.0,4516.04,1218,121.3333,3698.86,3.526371,0.0,0
a0323814-cd5e-4bbc-ae91-13b77ec723bb,2026-04-22,202,0.1763,6,7954.73,1325.788333,0.0,0.0,0.0,0.0,1021,40.2,338.84,0.0,0.0,0
a137cf0f-749a-402e-9913-60a7f4a47b92,2026-04-22,4,1.3056,45,120186.18,2670.804,6.0,13855.55,10.0,29212.79,1034,11.3182,1698.9,0.595802,2.0,0
a1c9af51-32b0-45ae-8e5e-1a83d44e0dd4,2026-04-22,63,0.1825,5,18663.6,3732.72,0.0,0.0,1.0,411.14,822,60.5,411.14,0.0,0.0,1
a20f7825-b033-409c-9c97-b044b61bae47,2026-04-22,18,0.7216,21,64977.08,3094.146667,1.0,2097.69,5.0,12786.73,873,24.4,2097.69,-0.803753,-0.75,0
a281fc1b-5e0e-400e-9760-0f4eecb192e1,2026-04-22,6,0.8548,21,49319.61,2348.552857,1.0,2059.94,2.0,5028.25,737,24.3,2059.94,-0.306023,0.0,0
a39d8cb3-e105-4215-9fc6-c0cb27d75ca0,2026-04-22,4,0.2469,8,11615.02,1451.8775,4.0,7077.87,6.0,10996.49,972,51.2857,1023.86,0.0,0.0,0
a458eb88-221d-40e0-8a04-289e42780afe,2026-04-22,13,0.1296,4,12901.24,3225.31,1.0,552.53,1.0,552.53,926,132.0,552.53,0.0,0.0,0
a48769af-aacd-4623-8e69-fc86e1d3745e,2026-04-22,56,0.2202,8,27745.7,3468.2125,0.0,0.0,2.0,3215.57,1090,53.0,124.35,-1.0,-1.0,1
a54b8eca-fc5f-46cd-9407-2f103beabcc7,2026-04-22,46,0.3103,13,38773.53,2982.579231,0.0,0.0,5.0,14668.74,1257,36.5833,3979.76,-1.0,-1.0,0
a578fb66-2e0c-4a26-8179-b1230347de46,2026-04-22,36,0.1471,5,10361.62,2072.324,0.0,0.0,3.0,6235.23,1020,77.25,298.96,-1.0,-1.0,0
a58bcff6-b44b-4728-ae19-c41e17805478,2026-04-22,21,0.2439,6,14053.62,2342.27,1.0,1107.57,2.0,1888.64,738,44.8,1107.57,0.418016,0.0,0
a618b414-7505-48a2-9047-6d0fbd16fb88,2026-04-22,24,0.4035,14,56331.32,4023.665714,1.0,4000.61,6.0,15325.59,1041,22.0,4000.61,-0.356276,-0.6667,0
a62bcc77-cf9c-44a3-920f-2e2e57c723dc,2026-04-22,45,0.5335,13,54991.28,4230.098462,0.0,0.0,3.0,5937.88,731,41.8333,817.18,-1.0,-1.0,0
a6818a6e-0465-4009-81b6-822245dae013,2026-04-22,11,0.3361,12,26895.23,2241.269167,2.0,1607.14,3.0,7169.31,1071,29.3636,1150.86,0.0,0.0,0
a69011f4-c3f9-4f91-92f2-3df9072b53e7,2026-04-22,48,1.6021,40,92369.94,2309.2485,0.0,0.0,5.0,13329.57,749,12.9744,1754.08,-1.0,-1.0,0
a7925872-0bc3-4eee-b74c-5086ea1e992d,2026-04-22,4,0.2644,9,22833.47,2537.052222,3.0,5517.88,3.0,5517.88,1021,58.5,800.12,0.0,0.0,0
a7c6d291-2d8a-45ea-8005-81ecfd3682df,2026-04-22,50,0.3636,14,43624.03,3116.002143,0.0,0.0,4.0,15682.14,1155,34.3077,331.09,-1.0,-1.0,0
a7dd5f9a-9fa6-4592-b920-cc610a4ca21b,2026-04-22,135,0.1302,5,15468.66,3093.732,0.0,0.0,0.0,0.0,1152,103.25,2295.08,0.0,0.0,0
a8091949-9c95-4f66-b956-b61849aa17d1,2026-04-22,0,0.3502,9,21620.06,2402.228889,1.0,714.21,4.0,4271.49,771,61.0,714.21,-0.558323,-0.5,0
a8592085-1f10-4731-b976-351290d3b914,2026-04-22,185,0.0774,2,1580.11,790.055,0.0,0.0,0.0,0.0,775,188.0,1026.63,0.0,0.0,0
a8a318fe-4ac5-43e5-819c-0493f94dfd8e,2026-04-22,31,0.3547,12,17972.84,1497.736667,0.0,0.0,2.0,2209.67,1015,39.2727,1634.24,-1.0,-1.0,0
a91e3f3f-94ea-410a-afcd-a9721a392b5a,2026-04-22,230,0.1182,4,10470.9,2617.725,0.0,0.0,0.0,0.0,1015,85.3333,599.51,0.0,0.0,0
a955f9af-0de0-488d-9638-13b909991020,2026-04-22,7,0.5313,13,44123.1,3394.084615,2.0,5184.9,3.0,9409.16,734,35.1667,1692.56,0.0,0.0,0
a9a14d19-86ba-40be-883c-0be4db2e7555,2026-04-22,8,1.2323,32,80461.79,2514.430938,6.0,9930.42,12.0,28266.42,779,17.9677,646.75,-0.269104,1.0,0
aa210298-0ad5-4fe1-9a49-04d9c35709c6,2026-04-22,5,0.3318,14,21899.99,1564.285,3.0,3619.76,6.0,5865.48,1266,41.6923,2492.7,0.715632,0.5,0
aacf38f5-5690-4d24-95d3-d4b2fa5166a8,2026-04-22,45,0.0849,3,15606.11,5202.036667,0.0,0.0,1.0,3485.11,1060,147.5,3485.11,-1.0,-1.0,1
aaec11b1-b19b-4ff9-bbf5-b6caa3fa11ee,2026-04-22,89,0.0805,2,2249.82,1124.91,0.0,0.0,1.0,1167.04,745,164.0,1167.04,0.0,0.0,0
ac9ed0cc-36d5-43e5-8b0f-11a8213d3173,2026-04-22,11,0.1909,7,20705.33,2957.904286,1.0,5537.86,3.0,11408.52,1100,39.5,5537.86,-0.056689,-0.5,0
acf31d10-d223-4df6-a143-e9ba0e8118f4,2026-04-22,145,0.1136,4,4407.45,1101.8625,0.0,0.0,0.0,0.0,1056,91.0,385.68,0.0,0.0,0
ad10f2bd-d571-4f42-aec5-a7a10eaa3ca9,2026-04-22,2,0.3368,15,28998.5,1933.233333,4.0,3143.89,6.0,4973.49,1336,32.0714,993.26,0.718348,1.0,0
ade55153-89f8-4d7a-9199-12bcf0e9f0ce,2026-04-22,62,0.1899,5,11159.08,2231.816,0.0,0.0,2.0,3700.81,790,78.0,3268.73,0.0,0.0,0
b067038f-9577-43c4-a072-0376499a6f51,2026-04-22,3,0.3479,13,43897.49,3376.73,1.0,1349.88,2.0,3622.29,1121,41.9167,1349.88,0.0,0.0,0
b0a7ac9f-5dc3-43d5-bf2f-2201d6f385b2,2026-04-22,19,0.438,16,20088.42,1255.52625,1.0,3173.44,5.0,7371.73,1096,29.4,3173.44,6.0782,-0.5,0
b0d043da-1294-4ab0-8fa2-ebb68dbb62a2,2026-04-22,47,0.2958,12,32549.74,2712.478333,0.0,0.0,1.0,2334.09,1217,36.3636,2334.09,-1.0,-1.0,0
b0d81eaf-60e0-4aa5-b3e9-64fdea18f5e9,2026-04-22,1,1.0095,32,85884.81,2683.900313,3.0,4564.09,17.0,36320.45,951,15.4516,1726.29,-0.783913,-0.625,0
b2109776-616b-488c-9721-f3f116afd30f,2026-04-22,50,0.4457,13,34479.14,2652.241538,0.0,0.0,2.0,3192.11,875,35.6667,1591.91,-1.0,-1.0,0
b21eb80b-84a0-490b-abcb-151568e54d64,2026-04-22,1,0.2975,12,37616.01,3134.6675,2.0,7531.6,2.0,7531.6,1210,43.2727,3200.48,0.0,0.0,0
b247c235-943b-4c46-91c2-168e86d26161,2026-04-22,6,0.8272,30,53960.38,1798.679333,2.0,783.33,9.0,20444.31,1088,16.0345,646.28,-0.947794,-0.6,0
b2c24112-6ed5-433e-ae6e-c541f21defe5,2026-04-22,2,0.2135,6,15271.64,2545.273333,2.0,5766.66,2.0,5766.66,843,82.6,5268.74,0.0,0.0,0
b2ef61f5-8a4e-44af-9b72-983eb8729127,2026-04-22,23,0.2246,10,15223.54,1522.354,1.0,797.69,4.0,6946.37,1336,44.3333,797.69,-0.857052,-0.5,0
b2f4f0f6-9d52-4439-b5fe-14ebe8887e7a,2026-04-22,187,0.0828,3,9876.46,3292.153333,0.0,0.0,0.0,0.0,1087,187.5,94.49,0.0,0.0,0
b35ff2cc-b3d7-4eee-bbe6-72dd663e82bf,2026-04-22,6,0.3129,8,22778.14,2847.2675,1.0,3097.19,2.0,3807.28,767,81.5714,3097.19,3.361687,0.0,0
b3bc0c36-2894-415e-8303-9ce0c524adf7,2026-04-22,116,0.1187,4,11372.81,2843.2025,0.0,0.0,0.0,0.0,1011,119.6667,2160.32,0.0,0.0,1
b4322a23-acd4-46a3-8620-5130bd7bc8c3,2026-04-22,33,0.1268,3,3850.45,1283.483333,0.0,0.0,2.0,1515.13,710,174.5,1120.79,-1.0,-1.0,0
b4a140af-8af0-4074-8c4e-f1e587fff314,2026-04-22,3,1.0296,36,114128.98,3170.249444,4.0,8125.27,12.0,27579.66,1049,15.6286,868.56,-0.582343,-0.5,0
b4dd90f1-04a6-4d42-ac0a-2702bbc8d0db,2026-04-22,2,0.3309,12,34227.81,2852.3175,1.0,1817.93,2.0,3664.11,1088,52.0,1817.93,0.0,0.0,0
b4ff4a71-e2cb-40a7-afaa-04a5be660e06,2026-04-22,29,0.394,15,29221.25,1948.083333,1.0,349.18,7.0,4946.19,1142,34.2857,349.18,-0.915639,-0.6667,0
b5597188-1096-40f6-bb3c-7eae56f49e62,2026-04-22,0,0.4265,15,43037.71,2869.180667,3.0,2595.41,3.0,2595.41,1055,39.7143,149.88,0.0,0.0,0
b5f40c8f-57dc-440a-9706-3cfe7972dde6,2026-04-22,17,0.2082,8,15749.94,1968.7425,1.0,1150.8,3.0,3326.64,1153,42.1429,1150.8,-0.155965,0.0,0
b6466b91-0c2a-4a1f-bf51-fd9f9de8b206,2026-04-22,84,0.1877,5,24700.39,4940.078,0.0,0.0,1.0,5015.27,799,89.25,5015.27,0.0,0.0,0
b6d1010f-48a8-4d83-a4bd-0a6c9a4521d9,2026-04-22,45,0.119,5,21998.48,4399.696,0.0,0.0,1.0,2097.69,1261,73.0,2097.69,-1.0,-1.0,1
b73d152b-3ccf-4708-8854-ab85e6abc82c,2026-04-22,56,0.1635,4,10397.2,2599.3,0.0,0.0,2.0,4433.85,734,107.6667,3365.46,-1.0,-1.0,0
b7a528c9-9989-42b3-86f1-dfe0266eb7da,2026-04-22,90,0.1101,4,3297.21,824.3025,0.0,0.0,0.0,0.0,1090,102.6667,646.75,0.0,0.0,0
b7d62bbb-f2b2-4bee-ac69-0e320b4b310f,2026-04-22,21,1.2477,46,130638.87,2839.975435,3.0,9685.93,10.0,25967.34,1106,12.1111,1004.8,-0.047084,-0.4,0
b812927c-5d6a-4cb6-9794-94ec8e44c0bd,2026-04-22,74,0.1397,5,10590.36,2118.072,0.0,0.0,1.0,2483.9,1074,100.25,2483.9,0.0,0.0,0
b81e352f-6da5-4d3a-94e7-a583c1e9213c,2026-04-22,66,0.0914,4,8600.47,2150.1175,0.0,0.0,1.0,3979.76,1313,78.3333,3979.76,0.0,0.0,1
b8302dbd-4877-438d-ac91-c2d5dbbadf09,2026-04-22,39,0.2732,11,18822.05,1711.095455,0.0,0.0,5.0,4746.1,1208,32.8,1737.12,-1.0,-1.0,0
b86f948a-d460-4c23-a79a-b2deafdc8880,2026-04-22,20,0.5,18,31989.7,1777.205556,1.0,1136.77,3.0,7113.37,1080,19.2353,1136.77,-0.737534,0.0,0
b88b94e7-2bbd-4939-98cc-217258c364d3,2026-04-22,28,0.6758,18,41430.76,2301.708889,2.0,3078.84,6.0,8802.3,799,27.1176,2451.36,-0.375589,0.0,0
b88bef53-7397-4409-b454-f68fa7827873,2026-04-22,65,0.3423,11,22327.34,2029.758182,0.0,0.0,1.0,1562.15,964,36.8,1562.15,0.0,0.0,0
b8bfbbb5-a5a0-4d3d-905f-57ced220ffd3,2026-04-22,66,0.4101,13,28339.05,2179.926923,0.0,0.0,1.0,553.48,951,36.9167,553.48,0.0,0.0,0
b9da00f9-dbef-4800-80fc-08f59dadef2a,2026-04-22,171,0.045,2,4395.04,2197.52,0.0,0.0,0.0,0.0,1333,18.0,3729.59,0.0,0.0,0
b9e85363-f343-4a9b-a6b9-588a5c0f9633,2026-04-22,244,0.071,3,5082.88,1694.293333,0.0,0.0,0.0,0.0,1267,92.0,2279.95,0.0,0.0,0
ba0a6120-4b67-4e2b-b2c4-9036a195b99a,2026-04-22,6,0.5565,23,54723.1,2379.265217,2.0,5441.97,3.0,7057.66,1240,21.3182,2160.38,0.0,0.0,0
bab05b4b-0196-4bb2-a10a-34baf0750132,2026-04-22,26,0.4156,16,41000.88,2562.555,1.0,232.79,6.0,14175.39,1155,32.6667,232.79,-0.980823,-0.6667,0
bac72dd3-4ee2-436a-b664-f187eea4daff,2026-04-22,40,0.1706,5,17937.28,3587.456,0.0,0.0,4.0,13280.82,879,60.25,3161.25,-1.0,-1.0,0
bac9f7f2-72b2-40d2-bb50-19838c2fde8a,2026-04-22,64,0.2906,9,23428.91,2603.212222,0.0,0.0,1.0,2492.7,929,26.375,2492.7,0.0,0.0,0
bc2eaeff-d2cb-413b-8716-a7fa6d9507c2,2026-04-22,12,1.2355,39,94759.77,2429.737692,4.0,7380.77,9.0,16887.6,947,15.0,1600.2,0.307884,0.3333,0
bc69f988-30c6-4bf2-b27f-beafca1b2282,2026-04-22,11,0.4317,18,35054.34,1947.463333,3.0,6124.51,8.0,14365.64,1251,33.6471,3113.75,0.385341,0.0,0
bcf78932-5b86-4918-b87a-32963317f18d,2026-04-22,22,0.0938,4,10241.58,2560.395,1.0,3739.05,1.0,3739.05,1280,146.0,3739.05,0.0,0.0,1
bd918df4-d5fc-4b8a-9889-b0f92e0c438b,2026-04-22,3,0.4127,16,25361.8,1585.1125,2.0,255.65,3.0,3439.46,1163,33.8,191.74,-0.919703,1.0,0
befa24a1-1459-4d2c-b2af-a4db90fa9666,2026-04-22,36,0.203,9,20160.2,2240.022222,0.0,0.0,4.0,6212.91,1330,58.625,1556.88,-1.0,-1.0,0
c07f630a-a6d1-41a2-9f27-8f85f52260c4,2026-04-22,12,1.0204,40,123504.38,3087.6095,4.0,7677.88,13.0,19566.27,1176,13.7692,1120.79,2.982943,0.3333,0
c0c6efdb-fc14-4d7c-98f5-7088ddeb019c,2026-04-22,69,0.1379,5,10755.89,2151.178,0.0,0.0,1.0,1586.28,1088,66.25,1586.28,0.0,0.0,1
c1a55833-8139-41dd-8bb5-59ab8a090d3b,2026-04-22,8,0.4163,16,37790.54,2361.90875,2.0,8243.26,7.0,18745.94,1153,27.8667,4121.63,5.669466,1.0,0
c1a9f9e4-02c9-4e11-9ae3-d7f5eec25bdf,2026-04-22,53,0.149,5,5570.41,1114.082,0.0,0.0,2.0,1625.51,1007,83.25,339.62,-1.0,-1.0,0
c1d6c130-eed3-43da-a713-c63009b0c952,2026-04-22,36,0.2594,9,14864.11,1651.567778,0.0,0.0,2.0,2731.24,1041,54.75,443.08,-1.0,-1.0,0
c29cb1e1-b422-45f3-829a-82a9e80f8c8f,2026-04-22,2,0.286,10,25910.53,2591.053,2.0,6753.79,4.0,10061.48,1049,42.2222,4851.74,1.041845,0.0,0
c34d6b05-2bac-4654-9150-9d59f1252d7b,2026-04-22,23,0.1136,5,19341.99,3868.398,1.0,566.69,2.0,1366.81,1320,80.25,566.69,0.0,0.0,0
c34e266e-6b0c-4505-b1cc-f98b610c4986,2026-04-22,41,0.1578,6,10652.08,1775.346667,0.0,0.0,2.0,4050.11,1141,92.2,3924.61,-1.0,-1.0,0
c35c38af-91d4-452f-aad6-1d136b5062f6,2026-04-22,7,0.0368,1,2241.58,2241.58,1.0,2241.58,1.0,2241.58,816,0.0,2241.58,0.0,0.0,1
c388d365-1253-45ed-934e-4731ee225fdb,2026-04-22,28,0.279,11,31906.14,2900.558182,1.0,424.73,2.0,1788.18,1183,28.4,424.73,-0.688489,0.0,0
c3bc5bb3-aee9-4150-b36a-c89a22162e7d,2026-04-22,24,1.3256,38,93963.15,2472.714474,1.0,1775.24,9.0,16508.88,860,13.7568,1775.24,-0.60121,-0.6667,0
c47da78e-a80f-46b0-b907-4867b0ac75da,2026-04-22,57,0.255,9,13502.9,1500.322222,0.0,0.0,2.0,3582.39,1059,57.625,421.14,-1.0,-1.0,0
c4abe8e7-17ea-4981-acd2-0e286bf0080b,2026-04-22,19,0.5091,14,34808.55,2486.325,3.0,7378.43,5.0,12555.88,825,28.6154,213.91,17.357957,2.0,0
c5f7e86b-b9fe-4062-bae1-fcb4707e393e,2026-04-22,33,0.3783,13,32524.64,2501.895385,0.0,0.0,5.0,9104.96,1031,23.1667,1164.11,-1.0,-1.0,0
c7af740f-1d7a-4321-9d3e-ec9107c05254,2026-04-22,17,0.3771,16,33060.81,2066.300625,1.0,3337.3,3.0,3997.35,1273,30.6,3337.3,15.377779,0.0,0
c7e971e5-62a6-49c9-a239-e17ea1f253a5,2026-04-22,8,0.4,17,47530.22,2795.895294,3.0,8620.92,5.0,15815.18,1275,32.5,2667.0,0.198305,0.5,0
c8466347-f65e-48a7-a013-64f958a93e60,2026-04-22,7,0.4795,14,52463.23,3747.373571,1.0,432.08,6.0,10371.65,876,37.3077,432.08,-0.950936,-0.75,0
c895adf4-11e4-460d-bad6-1bc4560990aa,2026-04-22,7,0.2593,7,11334.16,1619.165714,1.0,5969.41,1.0,5969.41,810,83.5,5969.41,0.0,0.0,0
c8a387fb-7265-43df-9af8-79f21e3f7a8b,2026-04-22,7,0.1472,6,9070.19,1511.698333,2.0,6583.33,2.0,6583.33,1223,95.0,4449.73,0.0,0.0,0
c9b37375-0f54-4110-983e-7b7635c1257f,2026-04-22,11,0.5753,14,45138.15,3224.153571,1.0,299.75,3.0,3513.33,730,33.5385,299.75,-0.803298,0.0,0
cb169247-90fc-4859-9c5d-36f94515f6a5,2026-04-22,0,0.1406,5,13961.65,2792.33,1.0,714.21,2.0,999.89,1067,135.25,714.21,0.0,0.0,0
cb4bc77a-ba12-4fd1-b1f2-811b234a5c61,2026-04-22,36,0.2362,7,24644.38,3520.625714,0.0,0.0,1.0,1698.9,889,48.6667,1698.9,-1.0,-1.0,0
cbf3e2e4-9c43-4976-afaa-bc231bff129c,2026-04-22,3,0.3563,15,49598.75,3306.583333,2.0,10809.39,4.0,12917.29,1263,37.6429,4231.4,0.0,0.0,0
cc681bd0-1bf2-4364-a2fe-b18907da68dd,2026-04-22,5,0.1277,5,14780.73,2956.146,1.0,1851.05,1.0,1851.05,1175,130.0,1851.05,0.0,0.0,0
cd796877-895f-4bcc-8fe0-0c8c6c4e68b0,2026-04-22,2,0.7107,19,44898.65,2363.086842,2.0,5078.3,5.0,9713.32,802,26.2222,2301.73,0.403194,0.0,0
cdc86dc6-c2f3-4988-94e7-c7b7f1a4a81b,2026-04-22,50,0.0956,3,6847.94,2282.646667,0.0,0.0,1.0,1324.34,941,156.0,1324.34,-1.0,-1.0,0
ce1c7e34-50d9-4f3b-ab54-cbb7cab9fa18,2026-04-22,7,0.5412,21,56261.26,2679.107619,1.0,1053.75,7.0,15878.8,1164,20.3,1053.75,-0.792871,-0.5,0
ced1be46-44d9-42f9-913f-bf359f04d616,2026-04-22,59,0.3454,14,33192.39,2370.885,0.0,0.0,1.0,2649.34,1216,33.0769,2649.34,-1.0,-1.0,0
cf567dce-5613-483a-b10d-b4947a588d18,2026-04-22,31,0.3072,12,29030.41,2419.200833,0.0,0.0,1.0,1101.18,1172,46.1818,1101.18,-1.0,-1.0,0
cfa38335-ed20-4254-b309-74d0dadee3bb,2026-04-22,36,0.3452,11,17945.31,1631.391818,0.0,0.0,2.0,2423.25,956,33.2,323.14,-1.0,-1.0,0
cfc90a2e-3eb4-476f-8b9b-493b93566dcb,2026-04-22,27,0.2305,8,21999.57,2749.94625,1.0,1952.69,1.0,1952.69,1041,52.7143,1952.69,0.0,0.0,0
cff873c2-039d-4260-8875-1ece53467a44,2026-04-22,100,0.1805,5,7680.79,1536.158,0.0,0.0,0.0,0.0,831,43.75,1226.69,0.0,0.0,1
d16a7971-11f5-4284-b4c4-063a25f1f892,2026-04-22,6,0.2473,10,24747.69,2474.769,2.0,2172.71,5.0,9190.58,1213,51.3333,1065.14,-0.611555,0.0,0
d16d5f0e-f1af-4ab1-8b14-12ce745ddd9b,2026-04-22,43,0.543,20,48181.5,2409.075,0.0,0.0,3.0,3142.83,1105,23.0526,306.67,-1.0,-1.0,0
d1907207-2f2d-4486-87e7-7b004fd2fab1,2026-04-22,20,0.3566,15,43686.89,2912.459333,1.0,2006.11,2.0,3732.4,1262,32.6429,2006.11,0.162093,0.0,0
d1a51fbe-4bb5-47d5-88f8-06f817caff3f,2026-04-22,16,0.182,6,21743.88,3623.98,1.0,339.62,3.0,3105.0,989,52.0,339.62,-0.877189,-0.5,0
d2b88436-ba26-4efa-bc74-287512167c81,2026-04-22,17,0.3003,10,29150.58,2915.058,1.0,356.13,3.0,5350.69,999,47.8889,356.13,-0.912833,0.0,0
d3291ebb-1cad-4398-80c7-e968f0d6b8e3,2026-04-22,7,0.3608,14,33356.71,2382.622143,3.0,6507.57,5.0,9626.55,1164,21.9231,1133.37,6.632797,2.0,0
d34c22d5-fa13-4eb6-a115-4306ab8f65d5,2026-04-22,6,0.2922,9,27654.91,3072.767778,1.0,349.18,4.0,4226.89,924,60.375,349.18,-0.843901,-0.5,0
d3af0e3f-6c8e-43fd-b62a-d477ca54c291,2026-04-22,209,0.2052,5,16766.14,3353.228,0.0,0.0,0.0,0.0,731,74.25,4671.82,0.0,0.0,1
d3ceae53-5516-4152-a247-d101c45a4912,2026-04-22,6,1.1132,40,111790.94,2794.7735,3.0,5639.62,13.0,31324.83,1078,14.0256,993.26,-0.775438,-0.6667,0
d3f21a44-d6a7-4183-9e3d-ca1e2f665ada,2026-04-22,5,0.5319,15,41720.56,2781.370667,3.0,10907.22,5.0,13105.36,846,29.7143,4224.26,4.89245,2.0,0
d5357dae-eafa-48fc-9a2b-b791e7c9e85e,2026-04-22,4,0.2629,9,12981.16,1442.351111,2.0,5165.76,4.0,8006.85,1027,55.25,1780.64,1.304517,1.0,0
d536df89-ae17-40cc-ae90-1ec234f2db3e,2026-04-22,45,0.3659,14,37619.23,2687.087857,0.0,0.0,3.0,8357.46,1148,22.5385,4623.57,-1.0,-1.0,0
d5bde5d5-ffb3-40af-bfb0-e1fbc0fc8ac6,2026-04-22,2,0.6129,18,52204.68,2900.26,3.0,1991.78,7.0,9799.05,881,27.5882,411.99,-0.693179,0.0,0
d6235160-cff1-499b-8088-b1ef010206d2,2026-04-22,45,0.1339,5,12005.98,2401.196,0.0,0.0,1.0,2076.11,1120,103.0,2076.11,-1.0,-1.0,0
d68104da-a018-4b47-aeb2-cb32a2380b79,2026-04-22,114,0.1532,5,15427.61,3085.522,0.0,0.0,0.0,0.0,979,60.25,8679.78,0.0,0.0,0
d6b350eb-48ff-4268-b8d2-d00fb5bd3417,2026-04-22,49,0.1754,6,27178.74,4529.79,0.0,0.0,1.0,1245.67,1026,72.6,1245.67,-1.0,-1.0,0
d6e6f2c0-9d75-46fe-a6d0-19f4998b8aa0,2026-04-22,9,0.4901,14,23760.71,1697.193571,1.0,663.89,4.0,9055.28,857,43.1538,663.89,-0.912594,-0.5,0
d74a8b02-d712-4df5-b21a-91890f17146e,2026-04-22,24,0.129,5,10830.11,2166.022,1.0,590.77,1.0,590.77,1163,114.75,590.77,0.0,0.0,0
d768ded2-0e1f-4338-a373-8cb12093b6b9,2026-04-22,1,0.9112,40,93261.56,2331.539,3.0,4545.17,7.0,9972.85,1317,13.7436,2107.5,-0.067686,0.0,0
d7daaa71-d5b3-4958-ac9f-03d1c8077bf4,2026-04-22,15,0.2038,9,33470.8,3718.977778,1.0,4095.42,3.0,10143.68,1325,42.125,4095.42,0.0,0.0,0
d929f86f-98cb-4302-a254-db21f53e0255,2026-04-22,15,0.3238,11,44693.38,4063.034545,2.0,4248.46,3.0,6732.36,1019,29.9,3602.18,0.0,0.0,0
da7dbacc-46a8-44dc-b4c5-5e21bf437da6,2026-04-22,1,0.8986,39,78782.1,2020.053846,3.0,1872.06,12.0,14184.16,1302,14.1316,248.7,-0.534462,-0.25,0
dac7247b-1af7-458e-a5b0-4c00df11636c,2026-04-22,273,0.0907,3,976.3,325.433333,0.0,0.0,0.0,0.0,992,46.0,597.91,0.0,0.0,0
db49dbe2-b046-4b0c-8d11-6e496b852270,2026-04-22,5,1.4125,46,120800.64,2626.10087,3.0,4739.74,9.0,14701.35,977,12.9333,597.91,0.100308,0.5,0
dbc5aa6b-529c-4c91-8331-7ec33c8503bb,2026-04-22,0,1.1093,46,105141.02,2285.674348,7.0,13605.7,16.0,27537.88,1244,11.0222,795.95,4.754228,2.5,0
dc1aef37-ddb1-4abc-a40f-974a11372fc7,2026-04-22,211,0.107,4,12179.98,3044.995,0.0,0.0,0.0,0.0,1122,74.6667,4214.99,0.0,0.0,1
dc32c9bc-f5b1-425c-b068-0f753d9baf2f,2026-04-22,47,0.5249,20,51083.3,2554.165,0.0,0.0,2.0,7109.38,1143,25.8947,5969.41,-1.0,-1.0,0
dcdc70f5-6a80-4b14-8487-b99c29cfcb2e,2026-04-22,13,0.4699,13,44140.3,3395.407692,1.0,1006.56,3.0,1384.99,830,32.6667,1006.56,0.0,0.0,0
ddb8a068-3cf7-4f6c-b653-fdf0d420c391,2026-04-22,33,0.1674,5,16019.1,3203.82,0.0,0.0,2.0,2207.63,896,66.5,2059.94,-1.0,-1.0,1
debb1669-0087-4b21-a027-8766438b09f1,2026-04-22,2,0.4403,15,40680.8,2712.053333,2.0,1535.07,3.0,1732.24,1022,39.5,106.95,6.785515,1.0,0
df5f2a94-fa46-46dc-b4fc-0a08486e8118,2026-04-22,30,0.3943,13,23710.27,1823.866923,0.0,0.0,4.0,1662.73,989,34.4167,356.13,-1.0,-1.0,1
df94c0e2-bf7b-4b60-9391-80972fa8058c,2026-04-22,474,0.0231,1,1388.35,1388.35,0.0,0.0,0.0,0.0,1296,0.0,1388.35,0.0,0.0,0
e040241c-efa6-453e-8e84-6caae95e5811,2026-04-22,11,0.3191,8,19307.0,2413.375,1.0,2334.09,3.0,4715.59,752,64.8571,2334.09,0.633487,0.0,0
e05c9e8f-2852-4c9d-9c2a-756d89ba64a0,2026-04-22,2,1.3344,54,150055.15,2778.799074,5.0,10878.46,17.0,38783.52,1214,11.2453,2649.34,-0.188716,-0.1667,0
e0666bd9-81b4-4c0c-aa13-af3137aaca09,2026-04-22,200,0.0473,2,10253.31,5126.655,0.0,0.0,0.0,0.0,1269,161.0,9429.33,0.0,0.0,0
e223a14f-9752-4dfc-b998-04cfae44ca10,2026-04-22,0,1.207,48,126128.84,2627.684167,6.0,13036.38,16.0,30341.76,1193,11.2128,5537.86,-0.071083,-0.25,0
e38ad693-f004-41e8-b1d0-401d7b684ecc,2026-04-22,47,0.0256,1,350.82,350.82,0.0,0.0,1.0,350.82,1174,0.0,350.82,-1.0,-1.0,0
e400fe49-64f8-4e45-8877-6c5fd0a7747d,2026-04-22,4,0.8352,37,89360.35,2415.144595,7.0,10480.7,11.0,21656.34,1329,15.0,478.61,16.087633,6.0,0
e408e6a2-589e-4b0f-a98f-6a5e0f9e9e53,2026-04-22,17,0.4013,16,46994.58,2937.16125,2.0,4153.84,5.0,12788.52,1196,33.9333,4085.92,1.778897,1.0,0
e4636af2-ab68-4a83-a019-d77df1fa2bb5,2026-04-22,93,0.1865,6,7473.91,1245.651667,0.0,0.0,0.0,0.0,965,86.6,250.99,0.0,0.0,1
e4bb3060-0e47-44a3-8558-6f24ddbc49bb,2026-04-22,55,0.0931,4,15199.42,3799.855,0.0,0.0,1.0,552.53,1289,44.0,552.53,-1.0,-1.0,0
e51c365e-179f-4c2e-92f5-bc4c2fc6282a,2026-04-22,5,0.9396,42,116580.24,2775.72,8.0,23457.2,13.0,37997.74,1341,12.4878,4415.57,3.526669,3.0,0
e61ddcc6-8917-49aa-b93d-ba7a21702a71,2026-04-22,104,0.1598,4,9461.94,2365.485,0.0,0.0,0.0,0.0,751,136.3333,2881.75,0.0,0.0,0
e630e7cb-c24b-49e2-af83-702facb0c4b9,2026-04-22,10,0.3889,14,50734.06,3623.861429,1.0,2797.29,4.0,6871.84,1080,31.8462,2797.29,-0.15594,-0.5,0
e63160b3-9636-4ddf-b7f6-a843aef7e599,2026-04-22,42,0.1994,7,31973.62,4567.66,0.0,0.0,1.0,1508.81,1053,54.1667,1508.81,-1.0,-1.0,0
e74c4bf9-90b2-4723-8b21-9af623c5b124,2026-04-22,1,1.5274,39,116636.16,2990.670769,3.0,7439.35,12.0,22523.44,766,13.6842,849.45,-0.107112,-0.4,0
e818ffda-4cf8-4137-92f5-f73ec2be9aac,2026-04-22,6,0.5949,14,33859.23,2418.516429,2.0,1360.71,5.0,5871.24,706,30.7692,255.65,-0.698326,-0.3333,0
e85ec7b9-dc33-474f-b99d-d8ce41ac3c81,2026-04-22,24,0.2366,10,30040.25,3004.025,1.0,203.77,2.0,1311.34,1268,44.8889,203.77,0.0,0.0,0
e9152f33-f58e-4690-a02f-18066572acda,2026-04-22,3,0.93,31,73259.29,2363.202903,5.0,13930.66,14.0,24905.71,1000,15.8,883.11,2.06017,0.25,0
e9afc85a-81e7-4518-a4f2-c3650f0c8105,2026-04-22,19,0.4938,12,29072.31,2422.6925,1.0,797.69,5.0,12562.24,729,40.1818,797.69,-0.511928,0.0,0
eb632b3d-7715-4810-ac99-01c19831c220,2026-04-22,43,0.3462,12,33336.51,2778.0425,0.0,0.0,2.0,3874.5,1040,49.2727,3737.45,-1.0,-1.0,0
ebbc4745-0985-45f9-b142-3002a577acc3,2026-04-22,27,0.2498,11,18655.85,1695.986364,1.0,1962.3,5.0,5661.77,1321,36.5,1962.3,27.036862,0.0,0
ebe34170-88a5-4097-a231-ec6187114560,2026-04-22,16,0.5929,15,37217.41,2481.160667,1.0,2006.11,8.0,11617.88,759,31.2143,2006.11,-0.457265,-0.6667,0
ec0b1685-64bd-41e0-8aa1-e25e3abe480b,2026-04-22,3,0.4229,16,48999.21,3062.450625,4.0,15516.48,5.0,15765.18,1135,34.4667,3702.09,0.0,0.0,0
ec140a91-94c2-46b5-90c6-215cbcc0402e,2026-04-22,78,0.1648,6,9021.3,1503.55,0.0,0.0,1.0,1082.78,1092,75.0,1082.78,0.0,0.0,0
ec6b856d-40f2-41ed-a20b-7af257224723,2026-04-22,0,0.1829,8,39109.8,4888.725,1.0,3071.57,1.0,3071.57,1312,75.2857,3071.57,0.0,0.0,0
ecee2fcb-7259-46bb-a6a3-c2683069ec25,2026-04-22,13,0.4762,17,50914.44,2994.967059,1.0,4012.22,6.0,20893.35,1071,17.4375,4012.22,-0.622507,-0.6667,0
ed2171b1-c19b-4e0d-8734-299f1f997a16,2026-04-22,14,0.4887,18,50936.52,2829.806667,1.0,2288.16,4.0,6943.3,1105,22.4706,2288.16,0.641388,0.0,0
ed3be97a-9e98-4ace-ba11-f1c0e145bfd5,2026-04-22,145,0.1489,6,19601.95,3266.991667,0.0,0.0,0.0,0.0,1209,49.6,828.02,0.0,0.0,0
ed43e4c6-255f-4de8-9134-6d5542faa41b,2026-04-22,56,0.0513,2,5582.2,2791.1,0.0,0.0,1.0,3924.61,1170,307.0,3924.61,-1.0,-1.0,1
eddc4ec7-f3d1-445e-8c5f-3f767fd5305e,2026-04-22,19,0.3254,10,37570.59,3757.059,1.0,285.68,2.0,2857.47,922,47.7778,285.68,-0.888918,0.0,0
edf4822d-49a2-4ae7-95c1-975b85069210,2026-04-22,7,0.4716,13,23767.01,1828.231538,3.0,6018.49,4.0,7130.92,827,47.1667,2107.5,0.0,0.0,0
efa9353f-2d88-426a-a592-e6a1f87c7b1b,2026-04-22,54,0.3724,9,29203.39,3244.821111,0.0,0.0,2.0,3078.84,725,55.375,981.15,-1.0,-1.0,0
efab3272-7cfc-44f1-b229-26bfde116eb8,2026-04-22,127,0.062,2,5105.67,2552.835,0.0,0.0,0.0,0.0,968,70.0,2485.73,0.0,0.0,0
f17f8b99-61d1-4e7b-a6d3-4d0334235cc5,2026-04-22,6,0.3067,11,41365.47,3760.497273,2.0,5797.84,4.0,9263.52,1076,46.8,1651.77,0.67293,0.0,0
f201cdf9-cb7c-4b4b-8da0-68bccc439429,2026-04-22,9,1.2648,32,85255.04,2664.22,3.0,3832.56,5.0,8271.2,759,17.3871,864.15,-0.136546,0.5,0
f21b3e42-ab75-442f-8649-bca6bf44c9d8,2026-04-22,63,0.1264,4,11181.48,2795.37,0.0,0.0,1.0,2877.16,949,113.0,2877.16,0.0,0.0,0
f223cb41-eede-43d3-bafb-311ac6aab7d7,2026-04-22,34,0.2488,9,21326.98,2369.664444,0.0,0.0,4.0,8512.8,1085,67.75,2801.98,-1.0,-1.0,1
f288b108-b674-41c7-91d6-0f5fdb761b37,2026-04-22,24,0.3231,14,39598.77,2828.483571,1.0,5096.18,3.0,7839.74,1300,33.0,5096.18,1.273477,0.0,0
f2c6c870-59a5-4df4-8f5a-85d42b868208,2026-04-22,124,0.1772,6,12998.97,2166.495,0.0,0.0,0.0,0.0,1016,59.6,1427.65,0.0,0.0,0
f311db56-da65-41a9-a889-888c821ca32c,2026-04-22,37,0.3947,12,24113.52,2009.46,0.0,0.0,3.0,4798.53,912,32.7273,476.3,-1.0,-1.0,0
f3d3da1e-a146-45f1-bea7-4e9b3d5e991e,2026-04-22,38,0.5039,15,63385.19,4225.679333,0.0,0.0,2.0,7817.82,893,37.5,6429.47,-1.0,-1.0,0
f5905fb3-1b37-4afd-80b2-3e6bb136b5b1,2026-04-22,3,0.2492,11,36002.96,3272.996364,2.0,5493.81,5.0,11304.46,1324,42.2,3804.11,16.218197,1.0,0
f5f339bf-3ab5-4a2e-916f-2db044568f67,2026-04-22,5,1.0202,37,106741.97,2884.918108,9.0,17850.36,14.0,32296.83,1088,15.7222,571.37,7.448475,3.5,0
f5f5a8ec-4cbe-4541-a494-d455225a8197,2026-04-22,68,0.2417,7,14683.71,2097.672857,0.0,0.0,1.0,1050.05,869,70.1667,1050.05,0.0,0.0,0
f6176f19-c718-4746-9808-d110ecf53a50,2026-04-22,23,0.6634,18,46253.84,2569.657778,1.0,428.53,2.0,4158.26,814,29.8235,428.53,0.0,0.0,0
f631940b-26c5-4144-a328-f2b93f3b2f7e,2026-04-22,66,0.2618,10,28597.53,2859.753,0.0,0.0,3.0,8155.95,1146,46.1111,2468.21,0.0,0.0,0
f6a6bafb-8098-4f2d-ae6d-689b77c84f2b,2026-04-22,42,0.5722,14,43912.75,3136.625,0.0,0.0,2.0,3598.92,734,31.3846,3183.81,-1.0,-1.0,0
f6c06ee2-7826-4de2-af26-9b9143bd5efb,2026-04-22,0,0.3436,10,21469.93,2146.993,2.0,5402.93,3.0,6152.32,873,43.6667,2091.06,0.0,0.0,0
f7f8a1f5-9b44-44c8-815c-2d04067a6cff,2026-04-22,58,0.1172,4,11617.52,2904.38,0.0,0.0,2.0,3894.91,1024,84.6667,1692.56,-1.0,-1.0,0
f819f234-f7a8-41f3-8b26-732ac35c4d0b,2026-04-22,6,0.603,16,32917.23,2057.326875,3.0,11357.35,7.0,22368.96,796,35.8667,4623.57,0.970148,0.5,0
f8435633-4f8d-462d-872a-e6a541d39872,2026-04-22,5,0.4748,21,43713.77,2081.608095,4.0,5085.16,5.0,5693.53,1327,25.4,778.44,0.0,0.0,0
f8a3ae68-a437-491d-b88b-abad9164379f,2026-04-22,2,1.4855,41,118087.88,2880.192195,4.0,14936.68,10.0,30494.83,828,14.5,4214.99,6.548086,3.0,0
f993e083-a536-4e9d-9432-b34fc52500a4,2026-04-22,83,0.0691,3,10485.23,3495.076667,0.0,0.0,1.0,1556.88,1303,113.5,1556.88,0.0,0.0,0
fb5d70c0-f7cf-4096-a606-58d8efdd864b,2026-04-22,83,0.0622,2,5057.82,2528.91,0.0,0.0,1.0,4559.9,964,305.0,4559.9,0.0,0.0,0
fc625523-78f4-4bf4-920a-ec3d6bf61de9,2026-04-22,8,0.4229,16,52109.9,3256.86875,1.0,2534.55,5.0,5159.63,1135,27.8667,2534.55,-0.034487,-0.75,0
fc90d768-4902-4267-aee4-185b5584cee7,2026-04-22,6,1.0208,36,72116.24,2003.228889,2.0,5096.44,13.0,19292.21,1058,12.9143,4662.16,-0.284148,-0.6,0
fd071015-793c-469e-bc3a-2f94a20f8f62,2026-04-22,23,0.1593,6,20352.42,3392.07,1.0,849.45,1.0,849.45,1130,83.8,849.45,0.0,0.0,0
fdbf5f6b-5e04-401e-b01c-dadaea29b6bf,2026-04-22,3,0.233,8,11402.55,1425.31875,1.0,827.97,2.0,4913.57,1030,54.8571,827.97,-0.797344,0.0,0
feb9f5f4-bed9-4b39-bb94-062fa9706005,2026-04-22,31,0.9499,31,104327.41,3365.400323,0.0,0.0,8.0,22643.06,979,18.0,5152.04,-1.0,-1.0,0
fec6b81b-c723-45e8-a11f-75a4cb6a1381,2026-04-22,1,0.9366,33,88771.3,2690.039394,2.0,5140.77,7.0,16212.33,1057,15.1875,5015.27,1.069636,1.0,0
ff29a3b3-fb27-44ad-8dcc-9551fb3c7420,2026-04-22,4,1.5498,42,136420.83,3248.115,5.0,9093.07,9.0,16995.54,813,14.3415,1846.18,1.184039,0.6667,0
ffb862d5-c41a-4b47-8ccf-b781447c9d8f,2026-04-22,11,0.4196,16,28365.98,1772.87375,2.0,4016.1,4.0,9118.21,1144,28.7333,2911.04,-0.212855,0.0,0
ffc7534a-f026-4ccd-94d9-540e6abbb59f,2026-04-22,28,0.3484,9,31559.04,3506.56,1.0,627.48,5.0,11751.81,775,38.0,627.48,-0.853175,-0.5,0
fffb4a19-e27c-48c5-9b1d-d72cf9f00485,2026-04-22,10,0.283,8,15613.8,1951.725,1.0,827.97,3.0,3726.09,848,38.2857,827.97,0.0,0.0,0
