business_id,date,daily_sales_amount,daily_order_count,sales_lag_1,sales_lag_7,sales_lag_14,sales_lag_30,rolling_7_day_sales,rolling_14_day_sales,rolling_30_day_sales,rolling_7_day_orders,rolling_30_day_orders,day_of_week,day_of_month,month,days_since_series_start
9ae1ca9a-c01b-423f-8f5c-7af4a702a6f1,2024-09-29,1428.9,1,3675.72,5143.57,2123.63,951.03,3352.365714285714,2203.8849999999998,1834.7693333333334,1.2857142857142858,0.9666666666666667,6,29,9,30
9ae1ca9a-c01b-423f-8f5c-7af4a702a6f1,2024-09-30,613.35,1,1428.9,3182.61,2947.14,0.0,2821.6985714285715,2154.261428571429,1850.6983333333333,1.2857142857142858,0.9666666666666667,0,30,9,31
9ae1ca9a-c01b-423f-8f5c-7af4a702a6f1,2024-10-01,0.0,0,613.35,0.0,1915.14,4754.49,2454.661428571428,1987.5621428571428,1871.1433333333334,1.1428571428571428,1.0,1,1,10,32
9ae1ca9a-c01b-423f-8f5c-7af4a702a6f1,2024-10-02,7722.38,1,0.0,3698.86,401.92,3076.97,2454.661428571428,1850.7664285714286,1712.6603333333335,1.1428571428571428,0.9,2,2,10,33
9ae1ca9a-c01b-423f-8f5c-7af4a702a6f1,2024-10-03,22991.89,4,7722.38,4428.5,0.0,0.0,3029.4500000000003,2373.656428571429,1867.5073333333335,1.1428571428571428,0.9,3,3,10,34
9ae1ca9a-c01b-423f-8f5c-7af4a702a6f1,2024-10-04,6501.41,2,22991.89,3337.3,0.0,0.0,5681.362857142857,4015.934285714286,2633.9036666666666,1.4285714285714286,1.0333333333333334,4,4,10,35
9ae1ca9a-c01b-423f-8f5c-7af4a702a6f1,2024-10-05,0.0,0,6501.41,3675.72,0.0,0.0,6133.3785714285705,4480.3207142857145,2850.6173333333336,1.5714285714285714,1.1,5,5,10,36
9ae1ca9a-c01b-423f-8f5c-7af4a702a6f1,2024-10-06,10723.53,4,0.0,1428.9,5143.57,434.28,5608.275714285715,4480.3207142857145,2850.6173333333336,1.2857142857142858,1.1,6,6,10,37
9ae1ca9a-c01b-423f-8f5c-7af4a702a6f1,2024-10-07,10176.57,2,10723.53,613.35,3182.61,1139.97,6936.080000000001,4878.8892857142855,3193.5923333333335,1.7142857142857142,1.2,0,7,10,38
9ae1ca9a-c01b-423f-8f5c-7af4a702a6f1,2024-10-08,9577.46,3,10176.57,0.0,0.0,0.0,8302.254285714287,5378.457857142857,3494.8123333333333,1.8571428571428572,1.2333333333333334,1,8,10,39
9ae1ca9a-c01b-423f-8f5c-7af4a702a6f1,2024-10-09,5514.08,2,9577.46,7722.38,3698.86,0.0,9670.462857142858,6062.562142857142,3814.061,2.2857142857142856,1.3333333333333333,2,9,10,40
9ae1ca9a-c01b-423f-8f5c-7af4a702a6f1,2024-10-10,6480.98,1,5514.08,22991.89,4428.5,0.0,9354.99142857143,6192.220714285714,3997.8636666666666,2.4285714285714284,1.4,3,10,10,41
9ae1ca9a-c01b-423f-8f5c-7af4a702a6f1,2024-10-11,16314.5,2,6480.98,6501.41,3337.3,0.0,6996.29,6338.8264285714295,4213.896333333333,2.0,1.4333333333333333,4,11,10,42
9ae1ca9a-c01b-423f-8f5c-7af4a702a6f1,2024-10-12,0.0,0,16314.5,0.0,3675.72,5423.22,8398.16,7265.769285714285,4757.713000000001,2.0,1.5,5,12,10,43
9ae1ca9a-c01b-423f-8f5c-7af4a702a6f1,2024-10-13,169.42,1,0.0,10723.53,1428.9,1285.89,8398.16,7003.217857142857,4576.938999999999,2.0,1.4333333333333333,6,13,10,44
9ae1ca9a-c01b-423f-8f5c-7af4a702a6f1,2024-10-14,4062.37,1,169.42,10176.57,613.35,7122.84,6890.429999999999,6913.255,4539.723333333332,1.5714285714285714,1.4333333333333333,0,14,10,45
9ae1ca9a-c01b-423f-8f5c-7af4a702a6f1,2024-10-15,6322.33,4,4062.37,9577.46,0.0,2123.63,6016.972857142857,7159.613571428571,4437.707666666667,1.4285714285714286,1.3666666666666667,1,15,10,46
9ae1ca9a-c01b-423f-8f5c-7af4a702a6f1,2024-10-16,8769.77,2,6322.33,5514.08,7722.38,2947.14,5551.954285714286,7611.208571428571,4577.664333333333,1.5714285714285714,1.4666666666666666,2,16,10,47
9ae1ca9a-c01b-423f-8f5c-7af4a702a6f1,2024-10-17,3365.15,1,8769.77,6480.98,22991.89,1915.14,6017.052857142858,7686.022142857143,4771.7519999999995,1.5714285714285714,1.4666666666666666,3,17,10,48
9ae1ca9a-c01b-423f-8f5c-7af4a702a6f1,2024-10-18,2835.15,1,3365.15,16314.5,6501.41,401.92,5571.934285714286,6284.112142857142,4820.085666666667,1.5714285714285714,1.4,4,18,10,49
9ae1ca9a-c01b-423f-8f5c-7af4a702a6f1,2024-10-19,19892.76,3,2835.15,0.0,0.0,0.0,3646.312857142857,6022.236428571428,4901.193333333333,1.4285714285714286,1.4,5,19,10,50
9ae1ca9a-c01b-423f-8f5c-7af4a702a6f1,2024-10-20,21511.5,5,19892.76,169.42,10723.53,0.0,6488.135714285714,7443.147857142858,5564.285333333333,1.8571428571428572,1.5,6,20,10,51
9ae1ca9a-c01b-423f-8f5c-7af4a702a6f1,2024-10-21,10798.38,2,21511.5,4062.37,10176.57,0.0,9537.004285714285,8213.717142857144,6281.335333333333,2.4285714285714284,1.6666666666666667,0,21,10,52
9ae1ca9a-c01b-423f-8f5c-7af4a702a6f1,2024-10-22,18312.2,3,10798.38,6322.33,9577.46,5143.57,10499.291428571427,8258.132142857143,6641.281333333332,2.5714285714285716,1.7333333333333334,1,22,10,53
9ae1ca9a-c01b-423f-8f5c-7af4a702a6f1,2024-10-23,10382.2,2,18312.2,8769.77,5514.08,3182.61,12212.130000000001,8882.042142857143,7080.2356666666665,2.4285714285714284,1.8,2,23,10,54
9ae1ca9a-c01b-423f-8f5c-7af4a702a6f1,2024-10-24,0.0,0,10382.2,3365.15,6480.98,0.0,12442.477142857144,9229.765000000001,7320.222,2.4285714285714284,1.8,3,24,10,55
9ae1ca9a-c01b-423f-8f5c-7af4a702a6f1,2024-10-25,17064.79,5,0.0,2835.15,16314.5,3698.86,11961.74142857143,8766.837857142858,7320.222,2.2857142857142856,1.8,4,25,10,56
9ae1ca9a-c01b-423f-8f5c-7af4a702a6f1,2024-10-26,15981.21,6,17064.79,19892.76,0.0,4428.5,13994.547142857144,8820.43,7765.753,2.857142857142857,1.9333333333333333,5,26,10,57
9ae1ca9a-c01b-423f-8f5c-7af4a702a6f1,2024-10-27,0.0,0,15981.21,21511.5,169.42,3337.3,13435.754285714287,9961.944999999998,8150.843333333334,3.2857142857142856,2.066666666666667,6,27,10,58
9ae1ca9a-c01b-423f-8f5c-7af4a702a6f1,2024-10-28,10498.93,3,0.0,10798.38,4062.37,3675.72,10362.682857142858,9949.843571428572,8039.6,2.5714285714285716,2.033333333333333,0,28,10,59
9ae1ca9a-c01b-423f-8f5c-7af4a702a6f1,2024-10-29,0.0,0,10498.93,18312.2,6322.33,1428.9,10319.904285714287,10409.597857142859,8267.040333333332,2.7142857142857144,2.066666666666667,1,29,10,60
9ae1ca9a-c01b-423f-8f5c-7af4a702a6f1,2024-10-30,4559.12,4,0.0,10382.2,8769.77,613.35,7703.875714285715,9958.002857142857,8219.410333333333,2.2857142857142856,2.033333333333333,2,30,10,61
9ae1ca9a-c01b-423f-8f5c-7af4a702a6f1,2024-10-31,5987.93,3,4559.12,0.0,3365.15,0.0,6872.007142857144,9657.242142857143,8350.936,2.5714285714285716,2.1333333333333333,3,31,10,62
9ae1ca9a-c01b-423f-8f5c-7af4a702a6f1,2024-11-01,9665.85,3,5987.93,17064.79,2835.15,7722.38,7727.425714285715,9844.583571428573,8550.533666666666,3.0,2.2333333333333334,4,1,11,63
9ae1ca9a-c01b-423f-8f5c-7af4a702a6f1,2024-11-02,24331.44,3,9665.85,15981.21,19892.76,22991.89,6670.4342857142865,10332.490714285714,8615.315999999999,2.7142857142857144,2.3,5,2,11,64
9ae1ca9a-c01b-423f-8f5c-7af4a702a6f1,2024-11-03,25661.4,5,24331.44,0.0,21511.5,6501.41,7863.324285714286,10649.539285714287,8659.967666666667,2.2857142857142856,2.2666666666666666,6,3,11,65
9ae1ca9a-c01b-423f-8f5c-7af4a702a6f1,2024-11-04,9352.87,2,25661.4,10498.93,10798.38,0.0,11529.238571428572,10945.960714285715,9298.634,3.0,2.3666666666666667,0,4,11,66
9ae1ca9a-c01b-423f-8f5c-7af4a702a6f1,2024-11-05,1110.7,1,9352.87,0.0,18312.2,10723.53,11365.515714285715,10842.710000000001,9610.396333333334,2.857142857142857,2.433333333333333,1,5,11,67
9ae1ca9a-c01b-423f-8f5c-7af4a702a6f1,2024-11-06,0.0,0,1110.7,4559.12,10382.2,10176.57,11524.187142857145,9614.031428571428,9289.96866666667,3.0,2.3333333333333335,2,6,11,68
9ae1ca9a-c01b-423f-8f5c-7af4a702a6f1,2024-11-07,6181.49,3,0.0,5987.93,0.0,9577.46,10872.884285714286,8872.445714285715,8950.749666666668,2.4285714285714284,2.2666666666666666,3,7,11,69
9ae1ca9a-c01b-423f-8f5c-7af4a702a6f1,2024-11-08,20725.26,7,6181.49,9665.85,17064.79,5514.08,10900.535714285714,9313.980714285713,8837.550666666668,2.4285714285714284,2.2666666666666666,4,8,11,70
9ae1ca9a-c01b-423f-8f5c-7af4a702a6f1,2024-11-09,10097.98,3,20725.26,24331.44,15981.21,6480.98,12480.451428571429,9575.442857142858,9344.59,3.0,2.433333333333333,5,9,11,71
9ae1ca9a-c01b-423f-8f5c-7af4a702a6f1,2024-11-10,21797.42,6,10097.98,25661.4,0.0,16314.5,10447.1,9155.212142857143,9465.156666666666,3.0,2.5,6,10,11,72
9ae1ca9a-c01b-423f-8f5c-7af4a702a6f1,2024-11-11,13991.17,3,21797.42,9352.87,10498.93,0.0,9895.102857142858,10712.170714285714,9647.920666666667,3.142857142857143,2.6333333333333333,0,11,11,73
9ae1ca9a-c01b-423f-8f5c-7af4a702a6f1,2024-11-12,15457.96,3,13991.17,1110.7,0.0,169.42,10557.717142857144,10961.61642857143,10114.293,3.2857142857142856,2.7333333333333334,1,12,11,74
9ae1ca9a-c01b-423f-8f5c-7af4a702a6f1,2024-11-13,2541.16,3,15457.96,0.0,4559.12,4062.37,12607.325714285715,12065.756428571429,10623.910999999998,3.5714285714285716,2.8,2,13,11,75
9ae1ca9a-c01b-423f-8f5c-7af4a702a6f1,2024-11-14,5853.68,1,2541.16,6181.49,5987.93,6322.33,12970.348571428573,11921.61642857143,10573.204,4.0,2.8666666666666667,3,14,11,76
9ae1ca9a-c01b-423f-8f5c-7af4a702a6f1,2024-11-15,16850.73,3,5853.68,20725.26,9665.85,8769.77,12923.51857142857,11912.027142857141,10557.582333333332,3.7142857142857144,2.7666666666666666,4,15,11,77
9ae1ca9a-c01b-423f-8f5c-7af4a702a6f1,2024-11-16,5089.45,2,16850.73,10097.98,24331.44,3365.15,12370.014285714287,12425.232857142857,10826.947666666667,3.142857142857143,2.8,5,16,11,78
9ae1ca9a-c01b-423f-8f5c-7af4a702a6f1,2024-11-17,9043.89,4,5089.45,21797.42,25661.4,2835.15,11654.509999999998,11050.805000000002,10884.424333333332,3.0,2.8333333333333335,6,17,11,79
9ae1ca9a-c01b-423f-8f5c-7af4a702a6f1,2024-11-18,8573.16,2,9043.89,13991.17,9352.87,19892.76,9832.577142857142,9863.84,11091.382333333335,2.7142857142857144,2.933333333333333,0,18,11,80
9ae1ca9a-c01b-423f-8f5c-7af4a702a6f1,2024-11-19,22633.95,3,8573.16,15457.96,1110.7,21511.5,9058.575714285715,9808.146428571428,10714.062333333333,2.5714285714285716,2.9,1,19,11,81
9ae1ca9a-c01b-423f-8f5c-7af4a702a6f1,2024-11-20,1254.03,3,22633.95,2541.16,0.0,10798.38,10083.717142857144,11345.521428571428,10751.477333333334,2.5714285714285716,2.8333333333333335,2,20,11,82
9ae1ca9a-c01b-423f-8f5c-7af4a702a6f1,2024-11-21,22894.07,6,1254.03,5853.68,6181.49,18312.2,9899.841428571428,11435.095,10433.332333333334,2.5714285714285716,2.8666666666666667,3,21,11,83
9ae1ca9a-c01b-423f-8f5c-7af4a702a6f1,2024-11-22,3051.54,2,22894.07,16850.73,20725.26,10382.2,12334.182857142858,12628.850714285714,10586.061333333335,3.2857142857142856,2.966666666666667,4,22,11,84
9ae1ca9a-c01b-423f-8f5c-7af4a702a6f1,2024-11-23,5035.13,1,3051.54,5089.45,10097.98,0.0,10362.869999999999,11366.442142857142,10341.706,3.142857142857143,2.966666666666667,5,23,11,85
9ae1ca9a-c01b-423f-8f5c-7af4a702a6f1,2024-11-24,25727.15,4,5035.13,9043.89,21797.42,17064.79,10355.11,11004.81,10509.543666666666,3.0,3.0,6,24,11,86
9ae1ca9a-c01b-423f-8f5c-7af4a702a6f1,2024-11-25,15685.35,4,25727.15,8573.16,13991.17,15981.21,12738.432857142858,11285.505000000001,10798.289,3.0,2.966666666666667,0,25,11,87
9ae1ca9a-c01b-423f-8f5c-7af4a702a6f1,2024-11-26,1535.4,1,15685.35,22633.95,15457.96,0.0,13754.460000000001,11406.517857142859,10788.427,3.2857142857142856,2.9,1,26,11,88
9ae1ca9a-c01b-423f-8f5c-7af4a702a6f1,2024-11-27,9891.85,3,1535.4,1254.03,2541.16,10498.93,10740.38142857143,10412.049285714285,10839.607,3.0,2.933333333333333,2,27,11,89
9ae1ca9a-c01b-423f-8f5c-7af4a702a6f1,2024-11-28,20309.1,6,9891.85,22894.07,5853.68,0.0,11974.355714285715,10937.098571428573,10819.371000000001,3.0,2.933333333333333,3,28,11,90
9ae1ca9a-c01b-423f-8f5c-7af4a702a6f1,2024-11-29,4507.62,4,20309.1,3051.54,16850.73,4559.12,11605.074285714285,11969.628571428571,11496.340999999999,3.0,3.1333333333333333,4,29,11,91
9ae1ca9a-c01b-423f-8f5c-7af4a702a6f1,2024-11-30,19026.16,4,4507.62,5035.13,5089.45,5987.93,11813.085714285715,11087.977857142858,11494.624333333333,3.2857142857142856,3.1333333333333333,5,30,11,92
9ae1ca9a-c01b-423f-8f5c-7af4a702a6f1,2024-12-01,719.41,2,19026.16,25727.15,9043.89,9665.85,13811.804285714286,12083.457142857142,11929.232,3.7142857142857144,3.1666666666666665,6,1,12,93
9ae1ca9a-c01b-423f-8f5c-7af4a702a6f1,2024-12-02,20369.4,5,719.41,15685.35,8573.16,24331.44,10239.27,11488.851428571428,11631.017333333331,3.4285714285714284,3.1333333333333333,0,2,12,94
9ae1ca9a-c01b-423f-8f5c-7af4a702a6f1,2024-12-03,17885.16,7,20369.4,1535.4,22633.95,25661.4,10908.42,12331.44,11498.949333333332,3.5714285714285716,3.2,1,3,12,95
9ae1ca9a-c01b-423f-8f5c-7af4a702a6f1,2024-12-04,29260.32,4,17885.16,9891.85,1254.03,9352.87,13244.099999999997,11992.240714285714,11239.741333333333,4.428571428571429,3.2666666666666666,2,4,12,96
9ae1ca9a-c01b-423f-8f5c-7af4a702a6f1,2024-12-05,15272.23,3,29260.32,20309.1,22894.07,1110.7,16011.024285714286,13992.69,11903.323,4.571428571428571,3.3333333333333335,3,5,12,97
9ae1ca9a-c01b-423f-8f5c-7af4a702a6f1,2024-12-06,10517.04,4,15272.23,4507.62,3051.54,0.0,15291.471428571429,13448.272857142858,12375.374,4.142857142857143,3.4,4,6,12,98
9ae1ca9a-c01b-423f-8f5c-7af4a702a6f1,2024-12-07,27992.5,5,10517.04,19026.16,5035.13,6181.49,16149.960000000001,13981.522857142856,12725.942000000001,4.142857142857143,3.533333333333333,5,7,12,99
9ae1ca9a-c01b-423f-8f5c-7af4a702a6f1,2024-12-08,31019.15,9,27992.5,719.41,25727.15,20725.26,17430.865714285716,15621.335000000001,13452.975666666667,4.285714285714286,3.6,6,8,12,100
9ae1ca9a-c01b-423f-8f5c-7af4a702a6f1,2024-12-09,19723.38,3,31019.15,20369.4,15685.35,10097.98,21759.4,15999.335000000001,13796.105333333333,5.285714285714286,3.6666666666666665,0,9,12,101
9ae1ca9a-c01b-423f-8f5c-7af4a702a6f1,2024-12-10,19721.53,5,19723.38,17885.16,1535.4,21797.42,21667.111428571432,16287.765714285712,14116.952,5.0,3.6666666666666665,1,10,12,102
9ae1ca9a-c01b-423f-8f5c-7af4a702a6f1,2024-12-11,24344.41,3,19721.53,29260.32,9891.85,13991.17,21929.450000000004,17586.774999999998,14047.755666666666,4.714285714285714,3.6333333333333333,2,11,12,103
9ae1ca9a-c01b-423f-8f5c-7af4a702a6f1,2024-12-12,4161.04,3,24344.41,15272.23,20309.1,15457.96,21227.17714285714,18619.100714285712,14392.863666666666,4.571428571428571,3.6333333333333333,3,12,12,104
9ae1ca9a-c01b-423f-8f5c-7af4a702a6f1,2024-12-13,10070.78,3,4161.04,10517.04,4507.62,2541.16,19639.864285714284,17465.667857142857,14016.299666666668,4.571428571428571,3.6333333333333333,4,13,12,105
9ae1ca9a-c01b-423f-8f5c-7af4a702a6f1,2024-12-14,10802.27,2,10070.78,27992.5,19026.16,5853.68,19576.11285714286,17863.036428571428,14267.287,4.428571428571429,3.6333333333333333,5,14,12,106
9ae1ca9a-c01b-423f-8f5c-7af4a702a6f1,2024-12-15,10397.64,4,10802.27,31019.15,719.41,16850.73,17120.365714285716,17275.615714285716,14432.24,4.0,3.6666666666666665,6,15,12,107
9ae1ca9a-c01b-423f-8f5c-7af4a702a6f1,2024-12-16,32785.23,6,10397.64,19723.38,20369.4,5089.45,14174.435714285715,17966.917857142857,14217.137,3.2857142857142856,3.7,0,16,12,108
9ae1ca9a-c01b-423f-8f5c-7af4a702a6f1,2024-12-17,38067.53,10,32785.23,19721.53,17885.16,9043.89,16040.414285714285,18853.762857142858,15140.329666666667,3.7142857142857144,3.8333333333333335,1,17,12,109
9ae1ca9a-c01b-423f-8f5c-7af4a702a6f1,2024-12-18,1957.01,2,38067.53,24344.41,29260.32,8573.16,18661.27142857143,20295.360714285714,16107.784333333335,4.428571428571429,4.033333333333333,2,18,12,110
9ae1ca9a-c01b-423f-8f5c-7af4a702a6f1,2024-12-19,19307.26,6,1957.01,4161.04,15272.23,22633.95,15463.07142857143,18345.124285714286,15887.246000000001,4.285714285714286,4.033333333333333,3,19,12,111
9ae1ca9a-c01b-423f-8f5c-7af4a702a6f1,2024-12-20,34901.64,10,19307.26,10070.78,10517.04,1254.03,17626.817142857144,18633.340714285714,15776.356333333333,4.714285714285714,4.133333333333334,4,20,12,112
9ae1ca9a-c01b-423f-8f5c-7af4a702a6f1,2024-12-21,15624.43,5,34901.64,10802.27,27992.5,22894.07,21174.08285714286,20375.097857142857,16897.943333333333,5.714285714285714,4.366666666666666,5,21,12,113
9ae1ca9a-c01b-423f-8f5c-7af4a702a6f1,2024-12-22,31947.0,10,15624.43,10397.64,31019.15,3051.54,21862.962857142855,19491.664285714283,16655.622,6.142857142857143,4.333333333333333,6,22,12,114
9ae1ca9a-c01b-423f-8f5c-7af4a702a6f1,2024-12-23,7262.12,5,31947.0,32785.23,19723.38,5035.13,24941.442857142858,19557.939285714285,17618.804,7.0,4.6,0,23,12,115
9ae1ca9a-c01b-423f-8f5c-7af4a702a6f1,2024-12-24,8151.15,3,7262.12,38067.53,19721.53,25727.15,21295.284285714286,18667.849285714285,17693.037,6.857142857142857,4.733333333333333,1,24,12,116
9ae1ca9a-c01b-423f-8f5c-7af4a702a6f1,2024-12-25,10322.52,2,8151.15,1957.01,24344.41,15685.35,17021.515714285713,17841.39357142857,17107.17033333333,5.857142857142857,4.7,2,25,12,117
9ae1ca9a-c01b-423f-8f5c-7af4a702a6f1,2024-12-26,25516.99,11,10322.52,19307.26,4161.04,1535.4,18216.588571428572,16839.829999999998,16928.409333333333,5.857142857142857,4.633333333333334,3,26,12,118
9ae1ca9a-c01b-423f-8f5c-7af4a702a6f1,2024-12-27,36468.78,10,25516.99,34901.64,10070.78,9891.85,19103.692857142858,18365.255,17727.795666666665,6.571428571428571,4.966666666666667,4,27,12,119
9ae1ca9a-c01b-423f-8f5c-7af4a702a6f1,2024-12-28,12497.53,6,36468.78,15624.43,10802.27,20309.1,19327.57,20250.82642857143,18613.693333333336,6.571428571428571,5.2,5,28,12,120
9ae1ca9a-c01b-423f-8f5c-7af4a702a6f1,2024-12-29,17018.88,3,12497.53,31947.0,10397.64,4507.62,18880.870000000003,20371.91642857143,18353.307666666668,6.714285714285714,5.2,6,29,12,121
9ae1ca9a-c01b-423f-8f5c-7af4a702a6f1,2024-12-30,39770.02,9,17018.88,7262.12,32785.23,19026.16,16748.28142857143,20844.862142857146,18770.349666666665,5.714285714285714,5.166666666666667,0,30,12,122
9ae1ca9a-c01b-423f-8f5c-7af4a702a6f1,2024-12-31,17705.17,6,39770.02,8151.15,38067.53,719.41,21392.26714285714,21343.77571428571,19461.811666666665,6.285714285714286,5.333333333333333,1,31,12,123
9ae1ca9a-c01b-423f-8f5c-7af4a702a6f1,2025-01-01,6305.58,3,17705.17,10322.52,1957.01,20369.4,22757.127142857145,19889.321428571428,20028.003666666667,6.714285714285714,5.466666666666667,2,1,1,124
9ae1ca9a-c01b-423f-8f5c-7af4a702a6f1,2025-01-02,21247.19,9,6305.58,25516.99,19307.26,17885.16,22183.278571428567,20199.933571428573,19559.20966666667,6.857142857142857,5.4,3,2,1,125
9ae1ca9a-c01b-423f-8f5c-7af4a702a6f1,2025-01-03,6786.26,5,21247.19,36468.78,34901.64,29260.32,21573.307142857142,20338.5,19671.277333333335,6.571428571428571,5.466666666666667,4,3,1,126
9ae1ca9a-c01b-423f-8f5c-7af4a702a6f1,2025-01-04,2246.31,3,6786.26,12497.53,15624.43,15272.23,17332.94714285714,18330.258571428574,18922.141999999996,5.857142857142857,5.5,5,4,1,127
9ae1ca9a-c01b-423f-8f5c-7af4a702a6f1,2025-01-05,9532.14,7,2246.31,17018.88,31947.0,10517.04,15868.487142857144,17374.678571428572,18487.944666666666,5.428571428571429,5.5,6,5,1,128
9ae1ca9a-c01b-423f-8f5c-7af4a702a6f1,2025-01-06,8405.81,5,9532.14,39770.02,7262.12,27992.5,14798.952857142855,15773.617142857142,18455.11466666667,6.0,5.6,0,6,1,129
9ae1ca9a-c01b-423f-8f5c-7af4a702a6f1,2025-01-07,149.88,1,8405.81,17705.17,8151.15,31019.15,10318.351428571428,15855.309285714286,17802.225,5.428571428571429,5.6,1,7,1,130
9ae1ca9a-c01b-423f-8f5c-7af4a702a6f1,2025-01-08,1851.05,1,149.88,6305.58,10322.52,19723.38,7810.452857142857,15283.789999999999,16773.249333333333,4.714285714285714,5.333333333333333,2,8,1,131
9ae1ca9a-c01b-423f-8f5c-7af4a702a6f1,2025-01-09,12549.51,6,1851.05,21247.19,25516.99,19721.53,7174.091428571427,14678.685,16177.505000000001,4.428571428571429,5.266666666666667,3,9,1,132
9ae1ca9a-c01b-423f-8f5c-7af4a702a6f1,2025-01-10,11528.03,4,12549.51,6786.26,36468.78,24344.41,5931.565714285714,13752.436428571427,15938.437666666667,4.0,5.3,4,10,1,133
9ae1ca9a-c01b-423f-8f5c-7af4a702a6f1,2025-01-11,16897.44,6,11528.03,2246.31,12497.53,4161.04,6608.961428571428,11970.954285714284,15511.225,3.857142857142857,5.333333333333333,5,11,1,134
9ae1ca9a-c01b-423f-8f5c-7af4a702a6f1,2025-01-12,22014.19,5,16897.44,9532.14,17018.88,10070.78,8701.98,12285.233571428571,15935.771666666666,4.285714285714286,5.433333333333334,6,12,1,135
9ae1ca9a-c01b-423f-8f5c-7af4a702a6f1,2025-01-13,3512.5,5,22014.19,8405.81,39770.02,10802.27,10485.130000000001,12642.041428571427,16333.885333333334,4.0,5.5,0,13,1,136
9ae1ca9a-c01b-423f-8f5c-7af4a702a6f1,2025-01-14,3924.1,2,3512.5,149.88,17705.17,10397.64,9786.085714285715,10052.218571428572,16090.893,4.0,5.6,1,14,1,137
9ae1ca9a-c01b-423f-8f5c-7af4a702a6f1,2025-01-15,8874.34,3,3924.1,1851.05,6305.58,32785.23,10325.259999999998,9067.856428571427,15875.108333333332,4.142857142857143,5.533333333333333,2,15,1,138
9ae1ca9a-c01b-423f-8f5c-7af4a702a6f1,2025-01-16,7849.52,4,8874.34,12549.51,21247.19,38067.53,11328.587142857143,9251.339285714286,15078.078666666666,4.428571428571429,5.433333333333334,3,16,1,139
9ae1ca9a-c01b-423f-8f5c-7af4a702a6f1,2025-01-17,20774.93,10,7849.52,11528.03,6786.26,1957.01,10657.16,8294.362857142858,14070.811666666666,4.142857142857143,5.233333333333333,4,17,1,140
9ae1ca9a-c01b-423f-8f5c-7af4a702a6f1,2025-01-18,17707.52,6,20774.93,16897.44,2246.31,19307.26,11978.145714285714,9293.55357142857,14698.075666666668,5.0,5.5,5,18,1,141
9ae1ca9a-c01b-423f-8f5c-7af4a702a6f1,2025-01-19,8504.49,3,17707.52,22014.19,9532.14,34901.64,12093.871428571429,10397.925714285713,14644.751,5.0,5.5,6,19,1,142
9ae1ca9a-c01b-423f-8f5c-7af4a702a6f1,2025-01-20,16301.44,7,8504.49,3512.5,8405.81,15624.43,10163.914285714285,10324.522142857142,13764.846,4.714285714285714,5.266666666666667,0,20,1,143
9ae1ca9a-c01b-423f-8f5c-7af4a702a6f1,2025-01-21,8323.02,5,16301.44,3924.1,149.88,31947.0,11990.905714285715,10888.495714285715,13787.413,5.0,5.333333333333333,1,21,1,144
9ae1ca9a-c01b-423f-8f5c-7af4a702a6f1,2025-01-22,4127.39,3,8323.02,8874.34,1851.05,7262.12,12619.322857142859,11472.29142857143,12999.946999999998,5.428571428571429,5.166666666666667,2,22,1,145
9ae1ca9a-c01b-423f-8f5c-7af4a702a6f1,2025-01-23,9365.32,3,4127.39,7849.52,12549.51,8151.15,11941.187142857143,11634.887142857142,12895.456,5.428571428571429,5.1,3,23,1,146
9ae1ca9a-c01b-423f-8f5c-7af4a702a6f1,2025-01-24,5797.5,4,9365.32,20774.93,11528.03,10322.52,12157.730000000001,11407.445000000002,12935.928333333333,5.285714285714286,5.1,4,24,1,147
9ae1ca9a-c01b-423f-8f5c-7af4a702a6f1,2025-01-25,8040.9,4,5797.5,17707.52,16897.44,25516.99,10018.097142857141,10998.121428571429,12785.094333333334,4.428571428571429,5.166666666666667,5,25,1,148
9ae1ca9a-c01b-423f-8f5c-7af4a702a6f1,2025-01-26,4691.67,3,8040.9,8504.49,22014.19,36468.78,8637.151428571427,10365.511428571428,12202.557999999999,4.142857142857143,4.933333333333334,6,26,1,149
9ae1ca9a-c01b-423f-8f5c-7af4a702a6f1,2025-01-27,20488.7,9,4691.67,16301.44,3512.5,12497.53,8092.462857142857,9128.188571428573,11143.321,4.142857142857143,4.7,0,27,1,150
9ae1ca9a-c01b-423f-8f5c-7af4a702a6f1,2025-01-28,14431.27,7,20488.7,8323.02,3924.1,17018.88,8690.642857142857,10340.774285714286,11409.693333333333,4.428571428571429,4.8,1,28,1,151
9ae1ca9a-c01b-423f-8f5c-7af4a702a6f1,2025-01-29,9264.79,7,14431.27,4127.39,8874.34,39770.02,9563.25,11091.28642857143,11323.439666666667,4.714285714285714,4.933333333333334,2,29,1,152
9ae1ca9a-c01b-423f-8f5c-7af4a702a6f1,2025-01-30,11139.97,6,9264.79,9365.32,7849.52,17705.17,10297.164285714285,11119.175714285715,10306.598666666667,5.285714285714286,4.866666666666666,3,30,1,153
9ae1ca9a-c01b-423f-8f5c-7af4a702a6f1,2025-01-31,25362.82,10,11139.97,5797.5,20774.93,6305.58,10550.685714285715,11354.207857142857,10087.758666666667,5.714285714285714,4.866666666666666,4,31,1,154
9ae1ca9a-c01b-423f-8f5c-7af4a702a6f1,2025-02-01,13552.11,8,25362.82,8040.9,17707.52,21247.19,13345.731428571427,11681.914285714285,10723.0,6.571428571428571,5.1,5,1,2,155
9ae1ca9a-c01b-423f-8f5c-7af4a702a6f1,2025-02-02,7558.6,5,13552.11,4691.67,8504.49,6786.26,14133.047142857145,11385.099285714286,10466.497333333333,7.142857142857143,5.066666666666666,6,2,2,156
9ae1ca9a-c01b-423f-8f5c-7af4a702a6f1,2025-02-03,4984.27,5,7558.6,20488.7,16301.44,2246.31,14542.608571428571,11317.535714285716,10492.242,7.428571428571429,5.066666666666666,0,3,2,157
9ae1ca9a-c01b-423f-8f5c-7af4a702a6f1,2025-02-04,23954.9,11,4984.27,14431.27,8323.02,9532.14,12327.69,10509.16642857143,10583.507333333333,6.857142857142857,5.133333333333334,1,4,2,158
9ae1ca9a-c01b-423f-8f5c-7af4a702a6f1,2025-02-05,24522.14,9,23954.9,9264.79,4127.39,8405.81,13688.20857142857,11625.729285714286,11064.266,7.428571428571429,5.266666666666667,2,5,2,159
9ae1ca9a-c01b-423f-8f5c-7af4a702a6f1,2025-02-06,23754.6,10,24522.14,11139.97,9365.32,149.88,15867.83,13082.497142857144,11601.477,7.714285714285714,5.4,3,6,2,160
9ae1ca9a-c01b-423f-8f5c-7af4a702a6f1,2025-02-07,6599.19,3,23754.6,25362.82,5797.5,1851.05,17669.920000000002,14110.302857142857,12388.301,8.285714285714286,5.7,4,7,2,161
9ae1ca9a-c01b-423f-8f5c-7af4a702a6f1,2025-02-08,6854.72,7,6599.19,13552.11,8040.9,12549.51,14989.401428571427,14167.566428571428,12546.572333333334,7.285714285714286,5.766666666666667,5,8,2,162
9ae1ca9a-c01b-423f-8f5c-7af4a702a6f1,2025-02-09,12462.97,7,6854.72,7558.6,4691.67,11528.03,14032.63142857143,14082.839285714286,12356.746000000001,7.142857142857143,5.8,6,9,2,163
9ae1ca9a-c01b-423f-8f5c-7af4a702a6f1,2025-02-10,2222.24,3,12462.97,4984.27,20488.7,16897.44,14733.255714285715,14637.932142857142,12387.910666666667,7.428571428571429,5.9,0,10,2,164
9ae1ca9a-c01b-423f-8f5c-7af4a702a6f1,2025-02-11,5736.03,5,2222.24,23954.9,14431.27,22014.19,14338.679999999998,13333.185000000001,11898.737333333333,7.142857142857143,5.8,1,11,2,165
9ae1ca9a-c01b-423f-8f5c-7af4a702a6f1,2025-02-12,9482.6,5,5736.03,24522.14,9264.79,3512.5,11735.984285714283,12712.096428571429,11356.132000000001,6.285714285714286,5.8,2,12,2,166
9ae1ca9a-c01b-423f-8f5c-7af4a702a6f1,2025-02-13,19959.59,10,9482.6,23754.6,11139.97,3924.1,9587.478571428572,12727.654285714283,11555.135333333334,5.714285714285714,5.8,3,13,2,167
9ae1ca9a-c01b-423f-8f5c-7af4a702a6f1,2025-02-14,18517.61,11,19959.59,6599.19,25362.82,8874.34,9045.334285714285,13357.627142857145,12089.651666666668,5.714285714285714,6.066666666666666,4,14,2,168
9ae1ca9a-c01b-423f-8f5c-7af4a702a6f1,2025-02-15,11129.38,7,18517.61,6854.72,13552.11,7849.52,10747.965714285714,12868.683571428572,12411.094000000001,6.857142857142857,6.333333333333333,5,15,2,169
9ae1ca9a-c01b-423f-8f5c-7af4a702a6f1,2025-02-16,14073.9,5,11129.38,12462.97,7558.6,20774.93,11358.631428571429,12695.631428571429,12520.422666666667,6.857142857142857,6.433333333333334,6,16,2,170
9ae1ca9a-c01b-423f-8f5c-7af4a702a6f1,2025-02-17,4583.37,4,14073.9,2222.24,4984.27,17707.52,11588.764285714284,13161.009999999998,12297.055,6.571428571428571,6.266666666666667,0,17,2,171
9ae1ca9a-c01b-423f-8f5c-7af4a702a6f1,2025-02-18,15566.34,9,4583.37,5736.03,23954.9,8504.49,11926.068571428574,13132.374285714284,11859.583333333334,6.714285714285714,6.2,1,18,2,172
9ae1ca9a-c01b-423f-8f5c-7af4a702a6f1,2025-02-19,14279.73,5,15566.34,9482.6,24522.14,16301.44,13330.398571428572,12533.191428571428,12094.978333333333,7.285714285714286,6.4,2,19,2,173
9ae1ca9a-c01b-423f-8f5c-7af4a702a6f1,2025-02-20,13172.27,6,14279.73,19959.59,23754.6,8323.02,14015.702857142856,11801.590714285714,12027.588,7.285714285714286,6.333333333333333,3,20,2,174
9ae1ca9a-c01b-423f-8f5c-7af4a702a6f1,2025-02-21,15824.56,9,13172.27,18517.61,6599.19,4127.39,13046.085714285715,11045.709999999997,12189.229666666668,6.714285714285714,6.366666666666666,4,21,2,175
9ae1ca9a-c01b-423f-8f5c-7af4a702a6f1,2025-02-22,15303.36,5,15824.56,11129.38,6854.72,9365.32,12661.364285714286,11704.664999999999,12579.135333333334,6.428571428571429,6.566666666666666,5,22,2,176
9ae1ca9a-c01b-423f-8f5c-7af4a702a6f1,2025-02-23,19275.72,10,15303.36,14073.9,12462.97,5797.5,13257.647142857142,12308.139285714287,12777.07,6.142857142857143,6.633333333333334,6,23,2,177
9ae1ca9a-c01b-423f-8f5c-7af4a702a6f1,2025-02-24,21749.64,11,19275.72,4583.37,2222.24,8040.9,14000.764285714287,12794.764285714287,13226.344000000001,6.857142857142857,6.833333333333333,0,24,2,178
9ae1ca9a-c01b-423f-8f5c-7af4a702a6f1,2025-02-25,9786.24,7,21749.64,15566.34,5736.03,4691.67,16453.088571428572,14189.57857142857,13683.302,7.857142857142857,7.066666666666666,1,25,2,179
9ae1ca9a-c01b-423f-8f5c-7af4a702a6f1,2025-02-26,11996.38,7,9786.24,14279.73,9482.6,20488.7,15627.36,14478.879285714285,13853.121000000001,7.571428571428571,7.2,2,26,2,180
9ae1ca9a-c01b-423f-8f5c-7af4a702a6f1,2025-02-27,21556.71,9,11996.38,13172.27,19959.59,14431.27,15301.167142857143,14658.435000000001,13570.043666666666,7.857142857142857,7.133333333333334,3,27,2,181
9ae1ca9a-c01b-423f-8f5c-7af4a702a6f1,2025-02-28,16932.68,7,21556.71,15824.56,18517.61,9264.79,16498.944285714286,14772.515,13807.558333333332,8.285714285714286,7.2,4,28,2,182
9ae1ca9a-c01b-423f-8f5c-7af4a702a6f1,2025-03-01,26667.23,10,16932.68,15303.36,11129.38,11139.97,16657.24714285714,14659.305714285714,14063.154666666667,8.0,7.2,5,1,3,183
9ae1ca9a-c01b-423f-8f5c-7af4a702a6f1,2025-03-02,6751.93,3,26667.23,19275.72,14073.9,25362.82,18280.657142857144,15769.152142857143,14580.730000000001,8.714285714285714,7.333333333333333,6,2,3,184
9ae1ca9a-c01b-423f-8f5c-7af4a702a6f1,2025-03-03,20542.8,9,6751.93,21749.64,4583.37,13552.11,16491.544285714284,15246.154285714287,13960.367,7.714285714285714,7.1,0,3,3,185
9ae1ca9a-c01b-423f-8f5c-7af4a702a6f1,2025-03-04,17699.81,7,20542.8,9786.24,15566.34,7558.6,16319.138571428572,16386.11357142857,14193.390000000001,7.428571428571429,7.133333333333334,1,4,3,186
9ae1ca9a-c01b-423f-8f5c-7af4a702a6f1,2025-03-05,10468.99,5,17699.81,11996.38,14279.73,4984.27,17449.64857142857,16538.504285714287,14531.430333333332,7.428571428571429,7.2,2,5,3,187
9ae1ca9a-c01b-423f-8f5c-7af4a702a6f1,2025-03-06,5378.34,5,10468.99,21556.71,13172.27,23954.9,17231.45,16266.308571428572,14714.254333333334,7.142857142857143,7.2,3,6,3,188
9ae1ca9a-c01b-423f-8f5c-7af4a702a6f1,2025-03-07,14712.62,11,5378.34,16932.68,15824.56,24522.14,14920.254285714285,15709.599285714286,14095.035666666667,6.571428571428571,7.0,4,7,3,189
9ae1ca9a-c01b-423f-8f5c-7af4a702a6f1,2025-03-08,14985.46,7,14712.62,26667.23,15303.36,23754.6,14603.102857142858,15630.175000000001,13768.051666666666,7.142857142857143,7.066666666666666,5,8,3,190
9ae1ca9a-c01b-423f-8f5c-7af4a702a6f1,2025-03-09,18860.81,10,14985.46,6751.93,19275.72,6599.19,12934.278571428571,15607.467857142856,13475.747000000001,6.714285714285714,6.966666666666667,6,9,3,191
9ae1ca9a-c01b-423f-8f5c-7af4a702a6f1,2025-03-10,20436.54,13,18860.81,20542.8,21749.64,6854.72,14664.118571428571,15577.83142857143,13884.467666666667,7.714285714285714,7.2,0,10,3,192
9ae1ca9a-c01b-423f-8f5c-7af4a702a6f1,2025-03-11,23104.83,10,20436.54,17699.81,9786.24,12462.97,14648.938571428573,15484.03857142857,14337.195,8.285714285714286,7.4,1,11,3,193
9ae1ca9a-c01b-423f-8f5c-7af4a702a6f1,2025-03-12,19969.84,9,23104.83,10468.99,11996.38,2222.24,15421.084285714285,16435.36642857143,14691.923666666667,8.714285714285714,7.5,2,12,3,194
9ae1ca9a-c01b-423f-8f5c-7af4a702a6f1,2025-03-13,8881.1,7,19969.84,5378.34,21556.71,5736.03,16778.34857142857,17004.899285714284,15283.510333333334,9.285714285714286,7.7,3,13,3,195
9ae1ca9a-c01b-423f-8f5c-7af4a702a6f1,2025-03-14,1075.01,2,8881.1,14712.62,16932.68,9482.6,17278.742857142857,16099.498571428572,15388.346,9.571428571428571,7.766666666666667,4,14,3,196
9ae1ca9a-c01b-423f-8f5c-7af4a702a6f1,2025-03-15,5006.28,4,1075.01,14985.46,26667.23,19959.59,15330.51285714286,14966.807857142858,15108.093,8.285714285714286,7.666666666666667,5,15,3,197
9ae1ca9a-c01b-423f-8f5c-7af4a702a6f1,2025-03-16,17841.38,6,5006.28,18860.81,6751.93,18517.61,13904.915714285715,13419.597142857141,14609.649333333333,7.857142857142857,7.466666666666667,6,16,3,198
9ae1ca9a-c01b-423f-8f5c-7af4a702a6f1,2025-03-17,6095.62,4,17841.38,20436.54,20542.8,11129.38,13759.282857142858,14211.700714285715,14587.108333333334,7.285714285714286,7.3,0,17,3,199
9ae1ca9a-c01b-423f-8f5c-7af4a702a6f1,2025-03-18,19302.64,10,6095.62,23104.83,17699.81,14073.9,11710.58,13179.759285714286,14419.316333333332,6.0,7.2,1,18,3,200
9ae1ca9a-c01b-423f-8f5c-7af4a702a6f1,2025-03-19,9224.09,6,19302.64,19969.84,10468.99,4583.37,11167.41,13294.247142857144,14593.607666666667,6.0,7.366666666666666,2,19,3,201
9ae1ca9a-c01b-423f-8f5c-7af4a702a6f1,2025-03-20,18035.23,8,9224.09,8881.1,5378.34,15566.34,9632.302857142857,13205.325714285715,14748.298333333332,5.571428571428571,7.433333333333334,3,20,3,202
9ae1ca9a-c01b-423f-8f5c-7af4a702a6f1,2025-03-21,15404.82,9,18035.23,1075.01,14712.62,14279.73,10940.035714285714,14109.389285714287,14830.594666666668,5.714285714285714,7.4,4,21,3,203
9ae1ca9a-c01b-423f-8f5c-7af4a702a6f1,2025-03-22,13597.44,10,15404.82,5006.28,14985.46,13172.27,12987.151428571427,14158.832142857142,14868.097666666667,6.714285714285714,7.533333333333333,5,22,3,204
9ae1ca9a-c01b-423f-8f5c-7af4a702a6f1,2025-03-23,23663.42,10,13597.44,17841.38,18860.81,15824.56,14214.460000000001,14059.687857142857,14882.27,7.571428571428571,7.666666666666667,6,23,3,205
9ae1ca9a-c01b-423f-8f5c-7af4a702a6f1,2025-03-24,12595.54,7,23663.42,6095.62,20436.54,15303.36,15046.179999999998,14402.73142857143,15143.565333333334,8.142857142857142,7.7,0,24,3,206
9ae1ca9a-c01b-423f-8f5c-7af4a702a6f1,2025-03-25,20264.61,11,12595.54,19302.64,23104.83,19275.72,15974.74,13842.66,15053.304666666667,8.571428571428571,7.766666666666667,1,25,3,207
9ae1ca9a-c01b-423f-8f5c-7af4a702a6f1,2025-03-26,13898.15,7,20264.61,9224.09,19969.84,21749.64,16112.164285714285,13639.787142857142,15086.267666666668,8.714285714285714,7.8,2,26,3,208
9ae1ca9a-c01b-423f-8f5c-7af4a702a6f1,2025-03-27,10483.42,6,13898.15,18035.23,8881.1,9786.24,16779.887142857144,13206.095,14824.551333333333,8.857142857142858,7.666666666666667,3,27,3,209
9ae1ca9a-c01b-423f-8f5c-7af4a702a6f1,2025-03-28,25512.08,16,10483.42,15404.82,1075.01,11996.38,15701.057142857142,13320.546428571428,14847.790666666666,8.571428571428571,7.633333333333334,4,28,3,210
9ae1ca9a-c01b-423f-8f5c-7af4a702a6f1,2025-03-29,22496.54,11,25512.08,13597.44,5006.28,21556.71,17144.95142857143,15066.051428571429,15298.314,9.571428571428571,7.933333333333334,5,29,3,211
9ae1ca9a-c01b-423f-8f5c-7af4a702a6f1,2025-03-30,14151.42,9,22496.54,23663.42,17841.38,16932.68,18416.25142857143,16315.355714285715,15329.641666666666,9.714285714285714,8.0,6,30,3,212
9ae1ca9a-c01b-423f-8f5c-7af4a702a6f1,2025-03-31,29473.15,12,14151.42,12595.54,6095.62,26667.23,17057.394285714287,16051.787142857143,15236.932999999999,9.571428571428571,8.066666666666666,0,31,3,213
9ae1ca9a-c01b-423f-8f5c-7af4a702a6f1,2025-04-01,13382.47,8,29473.15,20264.61,19302.64,6751.93,19468.481428571427,17721.610714285714,15330.463666666667,10.285714285714286,8.133333333333333,1,1,4,214
9ae1ca9a-c01b-423f-8f5c-7af4a702a6f1,2025-04-02,5540.47,4,13382.47,13898.15,9224.09,20542.8,18485.318571428572,17298.74142857143,15551.481666666667,9.857142857142858,8.3,2,2,4,215
9ae1ca9a-c01b-423f-8f5c-7af4a702a6f1,2025-04-03,21119.39,9,5540.47,10483.42,18035.23,17699.81,17291.364285714288,17035.625714285714,15051.404,9.428571428571429,8.133333333333333,3,3,4,216
9ae1ca9a-c01b-423f-8f5c-7af4a702a6f1,2025-04-04,20486.78,11,21119.39,25512.08,15404.82,10468.99,18810.78857142857,17255.922857142858,15165.390000000001,9.857142857142858,8.2,4,4,4,217
9ae1ca9a-c01b-423f-8f5c-7af4a702a6f1,2025-04-05,20017.2,10,20486.78,22496.54,13597.44,5378.34,18092.88857142857,17618.920000000002,15499.316333333334,9.142857142857142,8.4,5,5,4,218
9ae1ca9a-c01b-423f-8f5c-7af4a702a6f1,2025-04-06,12714.65,7,20017.2,14151.42,23663.42,14712.62,17738.69714285714,18077.47428571429,15987.278333333332,9.0,8.566666666666666,6,6,4,219
9ae1ca9a-c01b-423f-8f5c-7af4a702a6f1,2025-04-07,10750.39,6,12714.65,29473.15,12595.54,14985.46,17533.444285714282,17295.419285714284,15920.679333333333,8.714285714285714,8.433333333333334,0,7,4,220
9ae1ca9a-c01b-423f-8f5c-7af4a702a6f1,2025-04-08,11911.79,6,10750.39,13382.47,20264.61,18860.81,14858.764285714284,17163.62285714286,15779.510333333334,7.857142857142857,8.4,1,8,4,221
9ae1ca9a-c01b-423f-8f5c-7af4a702a6f1,2025-04-09,11252.57,7,11911.79,5540.47,13898.15,20436.54,14648.667142857143,16566.992857142857,15547.876333333332,7.571428571428571,8.266666666666667,2,9,4,222
9ae1ca9a-c01b-423f-8f5c-7af4a702a6f1,2025-04-10,25795.02,13,11252.57,21119.39,10483.42,23104.83,15464.681428571426,16378.022857142858,15241.744,8.0,8.066666666666666,3,10,4,223
9ae1ca9a-c01b-423f-8f5c-7af4a702a6f1,2025-04-11,19917.24,10,25795.02,20486.78,25512.08,19969.84,16132.628571428571,17471.70857142857,15331.417,8.571428571428571,8.166666666666666,4,11,4,224
9ae1ca9a-c01b-423f-8f5c-7af4a702a6f1,2025-04-12,11700.72,10,19917.24,20017.2,22496.54,8881.1,16051.265714285715,17072.077142857142,15329.663666666667,8.428571428571429,8.2,5,12,4,225
9ae1ca9a-c01b-423f-8f5c-7af4a702a6f1,2025-04-13,15524.46,9,11700.72,12714.65,14151.42,1075.01,14863.197142857143,16300.947142857143,15423.651,8.428571428571429,8.3,6,13,4,226
9ae1ca9a-c01b-423f-8f5c-7af4a702a6f1,2025-04-14,23385.64,14,15524.46,10750.39,29473.15,5006.28,15264.598571428573,16399.02142857143,15905.299333333332,8.714285714285714,8.533333333333333,0,14,4,227
9ae1ca9a-c01b-423f-8f5c-7af4a702a6f1,2025-04-15,20878.74,11,23385.64,11911.79,13382.47,17841.38,17069.634285714284,15964.199285714285,16517.944666666666,9.857142857142858,8.866666666666667,1,15,4,228
9ae1ca9a-c01b-423f-8f5c-7af4a702a6f1,2025-04-16,9752.77,5,20878.74,11252.57,5540.47,6095.62,18350.62714285714,16499.647142857142,16619.19,10.571428571428571,9.033333333333333,2,16,4,229
9ae1ca9a-c01b-423f-8f5c-7af4a702a6f1,2025-04-17,27968.96,11,9752.77,25795.02,21119.39,19302.64,18136.37,16800.52571428571,16741.094999999998,10.285714285714286,9.066666666666666,3,17,4,230
9ae1ca9a-c01b-423f-8f5c-7af4a702a6f1,2025-04-18,18368.42,5,27968.96,19917.24,20486.78,9224.09,18446.932857142856,17289.780714285713,17029.97233333333,10.0,9.1,4,18,4,231
9ae1ca9a-c01b-423f-8f5c-7af4a702a6f1,2025-04-19,13818.46,8,18368.42,11700.72,20017.2,18035.23,18225.672857142858,17138.469285714287,17334.783333333333,9.285714285714286,9.066666666666666,5,19,4,232
9ae1ca9a-c01b-423f-8f5c-7af4a702a6f1,2025-04-20,22777.32,15,13818.46,15524.46,12714.65,15404.82,18528.20714285714,16695.702142857142,17194.22433333333,9.0,9.066666666666666,6,20,4,233
9ae1ca9a-c01b-423f-8f5c-7af4a702a6f1,2025-04-21,21148.56,12,22777.32,23385.64,10750.39,13597.44,19564.329999999998,17414.464285714286,17439.97433333333,9.857142857142858,9.266666666666667,0,21,4,234
9ae1ca9a-c01b-423f-8f5c-7af4a702a6f1,2025-04-22,22419.62,11,21148.56,20878.74,11911.79,23663.42,19244.747142857144,18157.190714285716,17691.678333333333,9.571428571428571,9.333333333333334,1,22,4,235
9ae1ca9a-c01b-423f-8f5c-7af4a702a6f1,2025-04-23,18571.53,10,22419.62,9752.77,11252.57,12595.54,19464.872857142855,18907.75,17650.218333333334,9.571428571428571,9.366666666666667,2,23,4,236
9ae1ca9a-c01b-423f-8f5c-7af4a702a6f1,2025-04-24,18186.68,11,18571.53,27968.96,25795.02,20264.61,20724.695714285714,19430.532857142854,17849.418,10.285714285714286,9.466666666666667,3,24,4,237
9ae1ca9a-c01b-423f-8f5c-7af4a702a6f1,2025-04-25,15357.51,8,18186.68,18368.42,19917.24,13898.15,19327.227142857144,18887.079999999998,17780.153666666665,10.285714285714286,9.466666666666667,4,25,4,238
9ae1ca9a-c01b-423f-8f5c-7af4a702a6f1,2025-04-26,17478.86,8,15357.51,13818.46,11700.72,10483.42,18897.097142857143,18561.385,17828.799,10.714285714285714,9.5,5,26,4,239
9ae1ca9a-c01b-423f-8f5c-7af4a702a6f1,2025-04-27,20417.86,10,17478.86,22777.32,15524.46,25512.08,19420.01142857143,18974.109285714283,18061.98033333333,10.714285714285714,9.566666666666666,6,27,4,240
9ae1ca9a-c01b-423f-8f5c-7af4a702a6f1,2025-04-28,21285.55,8,20417.86,21148.56,23385.64,22496.54,19082.945714285714,19323.637857142858,17892.173,10.0,9.366666666666667,0,28,4,241
9ae1ca9a-c01b-423f-8f5c-7af4a702a6f1,2025-04-29,16432.21,8,21285.55,22419.62,20878.74,14151.42,19102.515714285717,19173.63142857143,17851.806666666664,9.428571428571429,9.266666666666667,1,29,4,242
9ae1ca9a-c01b-423f-8f5c-7af4a702a6f1,2025-04-30,12289.91,7,16432.21,18571.53,9752.77,29473.15,18247.17142857143,18856.022142857142,17927.833,9.0,9.233333333333333,2,30,4,243
9ae1ca9a-c01b-423f-8f5c-7af4a702a6f1,2025-05-01,15893.81,6,12289.91,18186.68,27968.96,13382.47,17349.797142857144,19037.24642857143,17355.058333333334,8.571428571428571,9.066666666666666,3,1,5,244
9ae1ca9a-c01b-423f-8f5c-7af4a702a6f1,2025-05-02,19433.32,4,15893.81,15357.51,18368.42,5540.47,17022.244285714285,18174.735714285714,17438.769666666667,7.857142857142857,9.0,4,2,5,245
9ae1ca9a-c01b-423f-8f5c-7af4a702a6f1,2025-05-03,5883.07,4,19433.32,17478.86,13818.46,21119.39,17604.50285714286,18250.8,17901.86466666667,7.285714285714286,9.0,5,3,5,246
9ae1ca9a-c01b-423f-8f5c-7af4a702a6f1,2025-05-04,19097.57,7,5883.07,20417.86,22777.32,20486.78,15947.96142857143,17683.98642857143,17393.987333333334,6.714285714285714,8.833333333333334,6,4,5,247
9ae1ca9a-c01b-423f-8f5c-7af4a702a6f1,2025-05-05,36787.63,8,19097.57,21285.55,21148.56,20017.2,15759.348571428569,17421.147142857142,17347.680333333334,6.285714285714286,8.7,0,5,5,248
9ae1ca9a-c01b-423f-8f5c-7af4a702a6f1,2025-05-06,19466.23,11,36787.63,16432.21,22419.62,12714.65,17973.931428571428,18538.22357142857,17906.694666666666,6.285714285714286,8.633333333333333,1,6,5,249
9ae1ca9a-c01b-423f-8f5c-7af4a702a6f1,2025-05-07,35395.13,8,19466.23,12289.91,18571.53,10750.39,18407.362857142856,18327.26714285714,18131.747333333336,6.714285714285714,8.766666666666667,2,7,5,250
9ae1ca9a-c01b-423f-8f5c-7af4a702a6f1,2025-05-08,44148.3,10,35395.13,15893.81,18186.68,11911.79,21708.108571428573,19528.952857142856,18953.238666666664,6.857142857142857,8.833333333333334,3,8,5,251
9ae1ca9a-c01b-423f-8f5c-7af4a702a6f1,2025-05-09,15771.68,9,44148.3,19433.32,15357.51,11252.57,25744.464285714286,21383.354285714286,20027.788999999997,7.428571428571429,8.966666666666667,4,9,5,252
9ae1ca9a-c01b-423f-8f5c-7af4a702a6f1,2025-05-10,27539.82,10,15771.68,5883.07,17478.86,25795.02,25221.372857142855,21412.937857142857,20178.426,8.142857142857142,9.033333333333333,5,10,5,253
9ae1ca9a-c01b-423f-8f5c-7af4a702a6f1,2025-05-11,14087.22,7,27539.82,19097.57,20417.86,19917.24,28315.194285714282,22131.57785714286,20236.586,9.0,8.933333333333334,6,11,5,254
9ae1ca9a-c01b-423f-8f5c-7af4a702a6f1,2025-05-12,21010.13,6,14087.22,36787.63,21285.55,11700.72,27599.429999999997,21679.389285714282,20042.251999999997,9.0,8.833333333333334,0,12,5,255
9ae1ca9a-c01b-423f-8f5c-7af4a702a6f1,2025-05-13,40586.6,11,21010.13,19466.23,16432.21,15524.46,25345.50142857143,21659.716428571428,20352.565666666665,8.714285714285714,8.7,1,13,5,256
9ae1ca9a-c01b-423f-8f5c-7af4a702a6f1,2025-05-14,35939.04,13,40586.6,35395.13,12289.91,23385.64,28362.697142857145,23385.030000000002,21187.97033333334,8.714285714285714,8.766666666666667,2,14,5,257
9ae1ca9a-c01b-423f-8f5c-7af4a702a6f1,2025-05-15,39742.26,13,35939.04,44148.3,15893.81,20878.74,28440.39857142857,25074.25357142857,21606.417,9.428571428571429,8.733333333333333,3,15,5,258
9ae1ca9a-c01b-423f-8f5c-7af4a702a6f1,2025-05-16,56347.69,14,39742.26,15771.68,19433.32,9752.77,27810.964285714286,26777.714285714286,22235.201,9.857142857142858,8.8,4,16,5,259
9ae1ca9a-c01b-423f-8f5c-7af4a702a6f1,2025-05-17,19115.49,5,56347.69,27539.82,5883.07,27968.96,33607.537142857145,29414.454999999998,23788.365,10.571428571428571,9.1,5,17,5,260
9ae1ca9a-c01b-423f-8f5c-7af4a702a6f1,2025-05-18,48709.44,17,19115.49,14087.22,19097.57,18368.42,32404.06142857143,30359.62785714286,23493.249333333333,9.857142857142858,8.9,6,18,5,261
9ae1ca9a-c01b-423f-8f5c-7af4a702a6f1,2025-05-19,45987.08,12,48709.44,21010.13,36787.63,13818.46,37350.09285714286,32474.76142857143,24504.616666666665,11.285714285714286,9.3,0,19,5,262
9ae1ca9a-c01b-423f-8f5c-7af4a702a6f1,2025-05-20,36832.92,9,45987.08,40586.6,19466.23,22777.32,40918.22857142857,33131.865000000005,25576.904000000002,12.142857142857142,9.433333333333334,1,20,5,263
9ae1ca9a-c01b-423f-8f5c-7af4a702a6f1,2025-05-21,22924.31,10,36832.92,35939.04,35395.13,21148.56,40381.98857142858,34372.34285714286,26045.424,11.857142857142858,9.233333333333333,2,21,5,264
9ae1ca9a-c01b-423f-8f5c-7af4a702a6f1,2025-05-22,55702.23,13,22924.31,39742.26,44148.3,22419.62,38522.741428571426,33481.57,26104.61566666667,11.428571428571429,9.166666666666666,3,22,5,265
9ae1ca9a-c01b-423f-8f5c-7af4a702a6f1,2025-05-23,38610.24,9,55702.23,56347.69,15771.68,18571.53,40802.73714285715,34306.85071428572,27214.036000000004,11.428571428571429,9.233333333333333,4,23,5,266
9ae1ca9a-c01b-423f-8f5c-7af4a702a6f1,2025-05-24,43352.65,14,38610.24,19115.49,27539.82,18186.68,38268.815714285716,35938.17642857143,27881.993000000002,10.714285714285714,9.2,5,24,5,267
9ae1ca9a-c01b-423f-8f5c-7af4a702a6f1,2025-05-25,11699.39,7,43352.65,48709.44,14087.22,15357.51,41731.26714285714,37067.66428571429,28720.858666666667,12.0,9.3,6,25,5,268
9ae1ca9a-c01b-423f-8f5c-7af4a702a6f1,2025-05-26,46458.63,8,11699.39,45987.08,21010.13,17478.86,36444.11714285715,36897.105,28598.921333333335,10.571428571428571,9.266666666666667,0,26,5,269
9ae1ca9a-c01b-423f-8f5c-7af4a702a6f1,2025-05-27,29668.96,9,46458.63,36832.92,40586.6,20417.86,36511.48142857143,38714.854999999996,29564.913666666667,10.0,9.266666666666667,1,27,5,270
9ae1ca9a-c01b-423f-8f5c-7af4a702a6f1,2025-05-28,41279.05,11,29668.96,22924.31,35939.04,21285.55,35488.05857142858,37935.02357142857,29873.283666666666,10.0,9.233333333333333,2,28,5,271
9ae1ca9a-c01b-423f-8f5c-7af4a702a6f1,2025-05-29,20245.72,8,41279.05,55702.23,39742.26,16432.21,38110.16428571429,38316.45285714285,30539.733666666667,10.142857142857142,9.333333333333334,3,29,5,272
9ae1ca9a-c01b-423f-8f5c-7af4a702a6f1,2025-05-30,6038.74,7,20245.72,38610.24,56347.69,12289.91,33044.94857142858,36923.84285714286,30666.85066666667,9.428571428571429,9.333333333333334,4,30,5,273
9ae1ca9a-c01b-423f-8f5c-7af4a702a6f1,2025-05-31,46664.04,18,6038.74,43352.65,19115.49,15893.81,28391.87714285714,33330.34642857143,30458.478333333333,9.142857142857142,9.333333333333334,5,31,5,274
9ae1ca9a-c01b-423f-8f5c-7af4a702a6f1,2025-06-01,49608.35,15,46664.04,11699.39,48709.44,19433.32,28864.932857142856,35298.1,31484.15266666667,9.714285714285714,9.733333333333333,6,1,6,275
9ae1ca9a-c01b-423f-8f5c-7af4a702a6f1,2025-06-02,54275.64,11,49608.35,46458.63,45987.08,5883.07,34280.49857142857,35362.307857142856,32489.987,10.857142857142858,10.1,0,2,6,276
9ae1ca9a-c01b-423f-8f5c-7af4a702a6f1,2025-06-03,16685.57,5,54275.64,29668.96,36832.92,19097.57,35397.21428571428,35954.34785714286,34103.07266666667,11.285714285714286,10.333333333333334,1,3,6,277
9ae1ca9a-c01b-423f-8f5c-7af4a702a6f1,2025-06-04,37713.19,10,16685.57,41279.05,22924.31,36787.63,33542.444285714286,34515.25142857143,34022.672666666665,10.714285714285714,10.266666666666667,2,4,6,278
9ae1ca9a-c01b-423f-8f5c-7af4a702a6f1,2025-06-05,27575.46,10,37713.19,20245.72,55702.23,19466.23,33033.03571428572,35571.6,34053.52466666667,10.571428571428571,10.333333333333334,3,5,6,279
9ae1ca9a-c01b-423f-8f5c-7af4a702a6f1,2025-06-06,25914.75,10,27575.46,6038.74,38610.24,35395.13,34080.14142857143,33562.545,34323.83233333333,10.857142857142858,10.3,4,6,6,280
9ae1ca9a-c01b-423f-8f5c-7af4a702a6f1,2025-06-07,10546.01,6,25914.75,46664.04,43352.65,44148.3,36919.57142857143,32655.72428571428,34007.81966666667,11.285714285714286,10.366666666666667,5,7,6,281
9ae1ca9a-c01b-423f-8f5c-7af4a702a6f1,2025-06-08,26622.92,10,10546.01,49608.35,11699.39,15771.68,31759.852857142858,30312.39285714286,32887.74333333333,9.571428571428571,10.233333333333333,6,8,6,282
9ae1ca9a-c01b-423f-8f5c-7af4a702a6f1,2025-06-09,38280.2,7,26622.92,54275.64,46458.63,27539.82,28476.219999999998,31378.359285714287,33249.45133333334,8.857142857142858,10.266666666666667,0,9,6,283
9ae1ca9a-c01b-423f-8f5c-7af4a702a6f1,2025-06-10,56549.22,21,38280.2,16685.57,29668.96,14087.22,26191.157142857144,30794.18571428571,33607.464,8.285714285714286,10.166666666666666,1,10,6,284
9ae1ca9a-c01b-423f-8f5c-7af4a702a6f1,2025-06-11,21853.84,8,56549.22,37713.19,41279.05,21010.13,31885.964285714286,32714.204285714288,35022.86400000001,10.571428571428571,10.633333333333333,2,11,6,285
9ae1ca9a-c01b-423f-8f5c-7af4a702a6f1,2025-06-12,42899.11,11,21853.84,27575.46,20245.72,40586.6,29620.342857142856,31326.689285714285,35050.98766666667,10.285714285714286,10.7,3,12,6,286
9ae1ca9a-c01b-423f-8f5c-7af4a702a6f1,2025-06-13,35165.18,13,42899.11,25914.75,6038.74,35939.04,31809.43571428571,32944.78857142857,35128.07133333333,10.428571428571429,10.7,4,13,6,287
9ae1ca9a-c01b-423f-8f5c-7af4a702a6f1,2025-06-14,52433.55,14,35165.18,10546.01,46664.04,39742.26,33130.92571428572,35025.24857142857,35102.276,10.857142857142858,10.7,5,14,6,288
9ae1ca9a-c01b-423f-8f5c-7af4a702a6f1,2025-06-15,38955.49,10,52433.55,26622.92,49608.35,56347.69,39114.86,35437.35642857143,35525.319,12.0,10.733333333333333,6,15,6,289
9ae1ca9a-c01b-423f-8f5c-7af4a702a6f1,2025-06-16,67296.81,12,38955.49,38280.2,54275.64,19115.49,40876.65571428572,34676.43785714286,34945.579,12.0,10.6,0,16,6,290
9ae1ca9a-c01b-423f-8f5c-7af4a702a6f1,2025-06-17,37834.12,13,67296.81,56549.22,16685.57,48709.44,45021.885714285716,35606.521428571425,36551.623,12.714285714285714,10.833333333333334,1,17,6,291
9ae1ca9a-c01b-423f-8f5c-7af4a702a6f1,2025-06-18,24198.11,10,37834.12,21853.84,37713.19,45987.08,42348.299999999996,37117.13214285714,36189.11233333334,11.571428571428571,10.7,2,18,6,292
9ae1ca9a-c01b-423f-8f5c-7af4a702a6f1,2025-06-19,38074.49,14,24198.11,42899.11,27575.46,36832.92,42683.19571428571,36151.76928571428,35462.81333333333,11.857142857142858,10.633333333333333,3,19,6,293
9ae1ca9a-c01b-423f-8f5c-7af4a702a6f1,2025-06-20,55195.97,16,38074.49,35165.18,25914.75,22924.31,41993.96428571428,36901.700000000004,35504.199,12.285714285714286,10.8,4,20,6,294
9ae1ca9a-c01b-423f-8f5c-7af4a702a6f1,2025-06-21,32432.33,12,55195.97,52433.55,10546.01,55702.23,44855.50571428571,38993.21571428572,36579.920999999995,12.714285714285714,11.0,5,21,6,295
9ae1ca9a-c01b-423f-8f5c-7af4a702a6f1,2025-06-22,46842.01,12,32432.33,38955.49,26622.92,38610.24,41998.188571428575,40556.52428571428,35804.257666666665,12.428571428571429,10.966666666666667,6,22,6,296
9ae1ca9a-c01b-423f-8f5c-7af4a702a6f1,2025-06-23,25592.02,10,46842.01,67296.81,38280.2,43352.65,43124.83428571429,42000.744999999995,36078.65,12.714285714285714,11.066666666666666,0,23,6,297
9ae1ca9a-c01b-423f-8f5c-7af4a702a6f1,2025-06-24,28954.43,10,25592.02,37834.12,56549.22,11699.39,37167.00714285715,41094.44642857143,35486.62899999999,12.428571428571429,10.933333333333334,1,24,6,298
9ae1ca9a-c01b-423f-8f5c-7af4a702a6f1,2025-06-25,58354.59,19,28954.43,24198.11,21853.84,46458.63,35898.479999999996,39123.39,36061.797000000006,12.0,11.033333333333333,2,25,6,299
9ae1ca9a-c01b-423f-8f5c-7af4a702a6f1,2025-06-26,20835.22,7,58354.59,38074.49,42899.11,29668.96,40777.97714285715,41730.58642857143,36458.329,13.285714285714286,11.4,3,26,6,300
9ae1ca9a-c01b-423f-8f5c-7af4a702a6f1,2025-06-27,27627.25,6,20835.22,55195.97,35165.18,41279.05,38315.224285714285,40154.59428571429,36163.871,12.285714285714286,11.333333333333334,4,27,6,301
9ae1ca9a-c01b-423f-8f5c-7af4a702a6f1,2025-06-28,61560.18,16,27627.25,32432.33,52433.55,20245.72,34376.83571428571,39616.17071428571,35708.811,10.857142857142858,11.166666666666666,5,28,6,302
9ae1ca9a-c01b-423f-8f5c-7af4a702a6f1,2025-06-29,48336.61,11,61560.18,46842.01,38955.49,6038.74,38537.95714285714,40268.072857142855,37085.95966666667,11.428571428571429,11.433333333333334,6,29,6,303
9ae1ca9a-c01b-423f-8f5c-7af4a702a6f1,2025-06-30,40609.67,12,48336.61,25592.02,67296.81,46664.04,38751.47142857143,40938.15285714286,38495.888666666666,11.285714285714286,11.566666666666666,0,30,6,304
9ae1ca9a-c01b-423f-8f5c-7af4a702a6f1,2025-07-01,35828.28,14,40609.67,28954.43,37834.12,49608.35,40896.85,39031.92857142857,38294.07633333334,11.571428571428571,11.366666666666667,1,1,7,305
9ae1ca9a-c01b-423f-8f5c-7af4a702a6f1,2025-07-02,26644.67,10,35828.28,58354.59,24198.11,54275.64,41878.82857142857,38888.654285714285,37834.74066666667,12.142857142857142,11.333333333333334,2,2,7,306
9ae1ca9a-c01b-423f-8f5c-7af4a702a6f1,2025-07-03,24802.21,13,26644.67,20835.22,38074.49,16685.57,37348.84,39063.40857142857,36913.708333333336,10.857142857142858,11.3,3,3,7,307
9ae1ca9a-c01b-423f-8f5c-7af4a702a6f1,2025-07-04,42439.2,18,24802.21,27627.25,55195.97,37713.19,37915.55285714286,38115.38857142858,37184.263,11.714285714285714,11.566666666666666,4,4,7,308
9ae1ca9a-c01b-423f-8f5c-7af4a702a6f1,2025-07-05,20982.09,12,42439.2,61560.18,32432.33,27575.46,40031.545714285705,37204.190714285716,37341.79666666666,13.428571428571429,11.833333333333334,5,5,7,309
9ae1ca9a-c01b-423f-8f5c-7af4a702a6f1,2025-07-06,29001.18,9,20982.09,48336.61,46842.01,25914.75,34234.67571428571,36386.31642857143,37122.01766666667,12.857142857142858,11.9,6,6,7,310
9ae1ca9a-c01b-423f-8f5c-7af4a702a6f1,2025-07-07,19273.66,13,29001.18,40609.67,25592.02,10546.01,31472.471428571425,35111.97142857143,37224.89866666667,12.571428571428571,11.866666666666667,0,7,7,311
9ae1ca9a-c01b-423f-8f5c-7af4a702a6f1,2025-07-08,19783.1,12,19273.66,35828.28,28954.43,26622.92,28424.469999999998,34660.659999999996,37515.82033333333,12.714285714285714,12.1,1,8,7,312
9ae1ca9a-c01b-423f-8f5c-7af4a702a6f1,2025-07-09,28977.95,12,19783.1,26644.67,58354.59,38280.2,26132.301428571427,34005.565,37287.82633333334,12.428571428571429,12.166666666666666,2,9,7,313
9ae1ca9a-c01b-423f-8f5c-7af4a702a6f1,2025-07-10,22962.16,11,28977.95,24802.21,20835.22,56549.22,26465.627142857145,31907.233571428573,36977.75133333333,12.714285714285714,12.333333333333334,3,10,7,314
9ae1ca9a-c01b-423f-8f5c-7af4a702a6f1,2025-07-11,20425.14,11,22962.16,42439.2,27627.25,21853.84,26202.762857142854,32059.157857142858,35858.18266666667,12.428571428571429,12.0,4,11,7,315
9ae1ca9a-c01b-423f-8f5c-7af4a702a6f1,2025-07-12,29222.92,12,20425.14,20982.09,61560.18,42899.11,23057.897142857142,31544.721428571425,35810.55933333333,11.428571428571429,12.1,5,12,7,316
9ae1ca9a-c01b-423f-8f5c-7af4a702a6f1,2025-07-13,14825.09,10,29222.92,29001.18,48336.61,35165.18,24235.15857142857,29234.91714285714,35354.68633333333,11.428571428571429,12.133333333333333,6,13,7,317
9ae1ca9a-c01b-423f-8f5c-7af4a702a6f1,2025-07-14,24303.76,12,14825.09,19273.66,40609.67,52433.55,22210.00285714286,26841.237142857142,34676.683333333334,11.571428571428571,12.033333333333333,0,14,7,318
9ae1ca9a-c01b-423f-8f5c-7af4a702a6f1,2025-07-15,42017.78,17,24303.76,19783.1,35828.28,38955.49,22928.588571428572,25676.529285714285,33739.02366666667,11.428571428571429,11.966666666666667,1,15,7,319
9ae1ca9a-c01b-423f-8f5c-7af4a702a6f1,2025-07-16,17040.07,8,42017.78,28977.95,26644.67,67296.81,26104.971428571425,26118.636428571426,33841.1,12.142857142857142,12.2,2,16,7,320
9ae1ca9a-c01b-423f-8f5c-7af4a702a6f1,2025-07-17,26816.76,12,17040.07,22962.16,24802.21,37834.12,24399.559999999998,25432.59357142857,32165.875333333333,11.571428571428571,12.066666666666666,3,17,7,321
9ae1ca9a-c01b-423f-8f5c-7af4a702a6f1,2025-07-18,14553.85,10,26816.76,20425.14,42439.2,24198.11,24950.217142857146,25576.489999999998,31798.63,11.714285714285714,12.033333333333333,4,18,7,322
9ae1ca9a-c01b-423f-8f5c-7af4a702a6f1,2025-07-19,27467.31,15,14553.85,29222.92,20982.09,38074.49,24111.461428571427,23584.679285714286,31477.154666666665,11.571428571428571,12.033333333333333,5,19,7,323
9ae1ca9a-c01b-423f-8f5c-7af4a702a6f1,2025-07-20,12636.84,8,27467.31,14825.09,29001.18,55195.97,23860.66,24047.909285714286,31123.582,12.0,12.066666666666666,6,20,7,324
9ae1ca9a-c01b-423f-8f5c-7af4a702a6f1,2025-07-21,42871.85,24,12636.84,24303.76,19273.66,32432.33,23548.052857142855,22879.027857142857,29704.944333333333,11.714285714285714,11.8,0,21,7,325
9ae1ca9a-c01b-423f-8f5c-7af4a702a6f1,2025-07-22,39736.4,17,42871.85,42017.78,19783.1,46842.01,26200.637142857147,24564.61285714286,30052.928333333333,13.428571428571429,12.2,1,22,7,326
9ae1ca9a-c01b-423f-8f5c-7af4a702a6f1,2025-07-23,8286.39,5,39736.4,17040.07,28977.95,25592.02,25874.725714285716,25989.84857142857,29816.074666666667,13.428571428571429,12.366666666666667,2,23,7,327
9ae1ca9a-c01b-423f-8f5c-7af4a702a6f1,2025-07-24,18724.21,13,8286.39,26816.76,22962.16,28954.43,24624.2,24511.879999999997,29239.220333333335,13.0,12.2,3,24,7,328
9ae1ca9a-c01b-423f-8f5c-7af4a702a6f1,2025-07-25,33881.74,20,18724.21,14553.85,20425.14,58354.59,23468.121428571427,24209.169285714284,28898.213,13.142857142857142,12.3,4,25,7,329
9ae1ca9a-c01b-423f-8f5c-7af4a702a6f1,2025-07-26,25227.28,17,33881.74,27467.31,29222.92,20835.22,26229.248571428576,25170.355,28082.45133333333,14.571428571428571,12.333333333333334,5,26,7,330
9ae1ca9a-c01b-423f-8f5c-7af4a702a6f1,2025-07-27,21652.98,11,25227.28,12636.84,14825.09,27627.25,25909.244285714285,24884.952142857142,28228.853333333333,14.857142857142858,12.666666666666666,6,27,7,331
9ae1ca9a-c01b-423f-8f5c-7af4a702a6f1,2025-07-28,27532.69,15,21652.98,42871.85,24303.76,61560.18,27197.264285714282,25372.65857142857,28029.711,15.285714285714286,12.833333333333334,0,28,7,332
9ae1ca9a-c01b-423f-8f5c-7af4a702a6f1,2025-07-29,32786.28,13,27532.69,39736.4,42017.78,48336.61,25005.955714285716,25603.29642857143,26895.461333333333,14.0,12.8,1,29,7,333
9ae1ca9a-c01b-423f-8f5c-7af4a702a6f1,2025-07-30,22995.66,13,32786.28,8286.39,17040.07,40609.67,24013.081428571426,24943.903571428567,26377.116999999995,13.428571428571429,12.866666666666667,2,30,7,334
9ae1ca9a-c01b-423f-8f5c-7af4a702a6f1,2025-07-31,41240.96,15,22995.66,18724.21,26816.76,35828.28,26114.405714285713,25369.302857142855,25789.983333333334,14.571428571428571,12.9,3,31,7,335
9ae1ca9a-c01b-423f-8f5c-7af4a702a6f1,2025-08-01,15367.53,8,41240.96,33881.74,14553.85,26644.67,29331.08428571429,26399.602857142854,25970.406,14.857142857142858,12.933333333333334,4,1,8,336
9ae1ca9a-c01b-423f-8f5c-7af4a702a6f1,2025-08-02,18423.66,10,15367.53,25227.28,27467.31,24802.21,26686.197142857145,26457.722857142857,25594.50133333333,13.142857142857142,12.866666666666667,5,2,8,337
9ae1ca9a-c01b-423f-8f5c-7af4a702a6f1,2025-08-03,28101.41,10,18423.66,21652.98,12636.84,42439.2,25714.25142857143,25811.747857142855,25381.882999999998,12.142857142857142,12.766666666666667,6,3,8,338
9ae1ca9a-c01b-423f-8f5c-7af4a702a6f1,2025-08-04,18431.36,11,28101.41,27532.69,42871.85,20982.09,26635.455714285716,26916.359999999997,24903.95666666667,12.0,12.5,0,4,8,339
9ae1ca9a-c01b-423f-8f5c-7af4a702a6f1,2025-08-05,34065.74,15,18431.36,32786.28,39736.4,29001.18,25335.265714285717,25170.610714285714,24818.932333333334,11.428571428571429,12.466666666666667,1,5,8,340
9ae1ca9a-c01b-423f-8f5c-7af4a702a6f1,2025-08-06,19532.24,11,34065.74,22995.66,8286.39,19273.66,25518.045714285716,24765.563571428567,24987.751,11.714285714285714,12.666666666666666,2,6,8,341
9ae1ca9a-c01b-423f-8f5c-7af4a702a6f1,2025-08-07,18963.21,13,19532.24,41240.96,18724.21,19783.1,25023.27142857143,25568.838571428572,24996.370333333332,11.428571428571429,12.6,3,7,8,342
9ae1ca9a-c01b-423f-8f5c-7af4a702a6f1,2025-08-08,41284.16,14,18963.21,15367.53,33881.74,28977.95,21840.735714285718,25585.91,24969.040666666664,11.142857142857142,12.633333333333333,4,8,8,343
9ae1ca9a-c01b-423f-8f5c-7af4a702a6f1,2025-08-09,23681.95,10,41284.16,18423.66,25227.28,22962.16,25543.111428571425,26114.65428571429,25379.247666666666,12.0,12.7,5,9,8,344
9ae1ca9a-c01b-423f-8f5c-7af4a702a6f1,2025-08-10,17986.09,9,23681.95,28101.41,21652.98,20425.14,26294.295714285716,26004.27357142857,25403.240666666665,12.0,12.666666666666666,6,10,8,345
9ae1ca9a-c01b-423f-8f5c-7af4a702a6f1,2025-08-11,14217.39,13,17986.09,18431.36,27532.69,29222.92,24849.25,25742.352857142858,25321.939000000002,11.857142857142858,12.6,0,11,8,346
9ae1ca9a-c01b-423f-8f5c-7af4a702a6f1,2025-08-12,16019.31,11,14217.39,34065.74,32786.28,14825.09,24247.254285714287,24791.260000000002,24821.754666666668,12.142857142857142,12.633333333333333,1,12,8,347
9ae1ca9a-c01b-423f-8f5c-7af4a702a6f1,2025-08-13,11912.56,10,16019.31,19532.24,22995.66,24303.76,21669.192857142858,23593.61928571429,24861.561999999998,11.571428571428571,12.666666666666666,2,13,8,348
9ae1ca9a-c01b-423f-8f5c-7af4a702a6f1,2025-08-14,23156.61,12,11912.56,18963.21,41240.96,42017.78,20580.667142857146,22801.969285714287,24448.522,11.428571428571429,12.6,3,14,8,349
9ae1ca9a-c01b-423f-8f5c-7af4a702a6f1,2025-08-15,23320.42,14,23156.61,41284.16,15367.53,17040.07,21179.72428571429,21510.23,23819.816333333332,11.285714285714286,12.433333333333334,4,15,8,350
9ae1ca9a-c01b-423f-8f5c-7af4a702a6f1,2025-08-16,19978.91,8,23320.42,23681.95,18423.66,26816.76,18613.475714285716,22078.29357142857,24029.161333333333,11.285714285714286,12.633333333333333,5,16,8,351
9ae1ca9a-c01b-423f-8f5c-7af4a702a6f1,2025-08-17,32749.88,18,19978.91,17986.09,28101.41,14553.85,18084.47,22189.382857142857,23801.233,11.0,12.5,6,17,8,352
9ae1ca9a-c01b-423f-8f5c-7af4a702a6f1,2025-08-18,14746.71,11,32749.88,14217.39,18431.36,27467.31,20193.58285714286,22521.41642857143,24407.767333333333,12.285714285714286,12.766666666666667,0,18,8,353
9ae1ca9a-c01b-423f-8f5c-7af4a702a6f1,2025-08-19,13555.58,10,14746.71,16019.31,34065.74,12636.84,20269.2,22258.227142857144,23983.74733333333,12.0,12.633333333333333,1,19,8,354
9ae1ca9a-c01b-423f-8f5c-7af4a702a6f1,2025-08-20,28833.19,14,13555.58,11912.56,19532.24,42871.85,19917.23857142857,20793.215714285714,24014.372,11.857142857142858,12.7,2,20,8,355
9ae1ca9a-c01b-423f-8f5c-7af4a702a6f1,2025-08-21,20294.43,12,28833.19,23156.61,18963.21,39736.4,22334.471428571425,21457.56928571429,23546.416666666668,12.428571428571429,12.366666666666667,3,21,8,356
9ae1ca9a-c01b-423f-8f5c-7af4a702a6f1,2025-08-22,15905.12,11,20294.43,23320.42,41284.16,8286.39,21925.588571428572,21552.65642857143,22898.351000000002,12.428571428571429,12.2,4,22,8,357
9ae1ca9a-c01b-423f-8f5c-7af4a702a6f1,2025-08-23,46956.96,16,15905.12,19978.91,23681.95,18724.21,20866.260000000002,19739.867857142857,23152.308666666668,12.0,12.4,5,23,8,358
9ae1ca9a-c01b-423f-8f5c-7af4a702a6f1,2025-08-24,34551.54,16,46956.96,32749.88,17986.09,33881.74,24720.26714285714,21402.36857142857,24093.400333333335,13.142857142857142,12.5,6,24,8,359
9ae1ca9a-c01b-423f-8f5c-7af4a702a6f1,2025-08-25,14980.31,11,34551.54,14746.71,14217.39,25227.28,24977.647142857142,22585.615,24115.727000000003,12.857142857142858,12.366666666666667,0,25,8,360
9ae1ca9a-c01b-423f-8f5c-7af4a702a6f1,2025-08-26,9711.73,12,14980.31,13555.58,16019.31,21652.98,25011.018571428573,22640.109285714287,23774.161333333333,12.857142857142858,12.166666666666666,1,26,8,361
9ae1ca9a-c01b-423f-8f5c-7af4a702a6f1,2025-08-27,48073.63,23,9711.73,28833.19,11912.56,27532.69,24461.897142857142,22189.567857142858,23376.119666666666,13.142857142857142,12.2,2,27,8,362
9ae1ca9a-c01b-423f-8f5c-7af4a702a6f1,2025-08-28,17158.05,12,48073.63,20294.43,23156.61,32786.28,27210.53142857143,24772.50142857143,24060.817666666662,14.428571428571429,12.466666666666667,3,28,8,363
9ae1ca9a-c01b-423f-8f5c-7af4a702a6f1,2025-08-29,7796.18,6,17158.05,15905.12,23320.42,22995.66,26762.477142857144,24344.032857142858,23539.876666666667,14.428571428571429,12.433333333333334,4,29,8,364
9ae1ca9a-c01b-423f-8f5c-7af4a702a6f1,2025-08-30,54299.72,18,7796.18,46956.96,19978.91,41240.96,25604.057142857142,23235.15857142857,23033.227333333336,13.714285714285714,12.2,5,30,8,365
9ae1ca9a-c01b-423f-8f5c-7af4a702a6f1,2025-08-31,38772.93,16,54299.72,34551.54,32749.88,15367.53,26653.022857142856,25686.645,23468.519333333337,14.0,12.3,6,31,8,366
9ae1ca9a-c01b-423f-8f5c-7af4a702a6f1,2025-09-01,26027.15,14,38772.93,14980.31,14746.71,18423.66,27256.07857142857,26116.86285714286,24248.699333333334,14.0,12.566666666666666,0,1,9,367
9ae1ca9a-c01b-423f-8f5c-7af4a702a6f1,2025-09-02,12519.6,12,26027.15,9711.73,13555.58,28101.41,28834.198571428573,26922.608571428573,24502.148999999998,14.428571428571429,12.7,1,2,9,368
9ae1ca9a-c01b-423f-8f5c-7af4a702a6f1,2025-09-03,21317.9,13,12519.6,48073.63,28833.19,18431.36,29235.32285714286,26848.610000000004,23982.75533333333,14.428571428571429,12.766666666666667,2,3,9,369
9ae1ca9a-c01b-423f-8f5c-7af4a702a6f1,2025-09-04,29783.44,15,21317.9,17158.05,20294.43,34065.74,25413.07571428572,26311.803571428572,24078.97333333333,13.0,12.833333333333334,3,4,9,370
9ae1ca9a-c01b-423f-8f5c-7af4a702a6f1,2025-09-05,28405.61,16,29783.44,7796.18,15905.12,19532.24,27216.702857142856,26989.589999999997,23936.23,13.428571428571429,12.833333333333334,4,5,9,371
9ae1ca9a-c01b-423f-8f5c-7af4a702a6f1,2025-09-06,16131.2,10,28405.61,54299.72,46956.96,18963.21,30160.907142857144,27882.48214285714,24232.009000000002,14.857142857142858,13.0,5,6,9,372
9ae1ca9a-c01b-423f-8f5c-7af4a702a6f1,2025-09-07,18444.57,9,16131.2,38772.93,34551.54,41284.16,24708.26142857143,25680.64214285714,24137.608666666667,13.714285714285714,12.9,6,7,9,373
9ae1ca9a-c01b-423f-8f5c-7af4a702a6f1,2025-09-08,52833.06,21,18444.57,26027.15,14980.31,23681.95,21804.21,24530.144285714283,23376.289,12.714285714285714,12.733333333333333,0,8,9,374
9ae1ca9a-c01b-423f-8f5c-7af4a702a6f1,2025-09-09,38560.18,23,52833.06,12519.6,9711.73,17986.09,25633.625714285714,27233.91214285714,24347.99266666667,13.714285714285714,13.1,1,9,9,375
9ae1ca9a-c01b-423f-8f5c-7af4a702a6f1,2025-09-10,34236.89,16,38560.18,21317.9,48073.63,14217.39,29353.70857142857,29294.515714285713,25033.795666666665,15.285714285714286,13.566666666666666,2,10,9,376
9ae1ca9a-c01b-423f-8f5c-7af4a702a6f1,2025-09-11,39679.7,25,34236.89,29783.44,17158.05,16019.31,31199.278571428575,28306.17714285714,25701.112333333334,15.714285714285714,13.666666666666666,3,11,9,377
9ae1ca9a-c01b-423f-8f5c-7af4a702a6f1,2025-09-12,27998.74,14,39679.7,28405.61,7796.18,11912.56,32613.03,29914.86642857143,26489.792,17.142857142857142,14.133333333333333,4,12,9,378
9ae1ca9a-c01b-423f-8f5c-7af4a702a6f1,2025-09-13,24897.82,15,27998.74,16131.2,54299.72,23156.61,32554.905714285713,31357.90642857143,27025.998,16.857142857142858,14.266666666666667,5,13,9,379
9ae1ca9a-c01b-423f-8f5c-7af4a702a6f1,2025-09-14,21873.68,14,24897.82,18444.57,38772.93,23320.42,33807.28,29257.770714285714,27084.038333333334,17.571428571428573,14.366666666666667,6,14,9,380
9ae1ca9a-c01b-423f-8f5c-7af4a702a6f1,2025-09-15,40882.73,18,21873.68,52833.06,26027.15,19978.91,34297.15285714286,28050.681428571428,27035.81366666667,18.285714285714285,14.366666666666667,0,15,9,381
9ae1ca9a-c01b-423f-8f5c-7af4a702a6f1,2025-09-16,43151.9,20,40882.73,38560.18,12519.6,32749.88,32589.962857142855,29111.794285714284,27732.607666666667,17.857142857142858,14.7,1,16,9,382
9ae1ca9a-c01b-423f-8f5c-7af4a702a6f1,2025-09-17,16018.55,12,43151.9,34236.89,21317.9,14746.71,33245.922857142854,31299.815714285713,28079.341666666667,17.428571428571427,14.766666666666667,2,17,9,383
9ae1ca9a-c01b-423f-8f5c-7af4a702a6f1,2025-09-18,27124.11,13,16018.55,39679.7,29783.44,13555.58,30643.302857142862,30921.290714285715,28121.736333333338,16.857142857142858,14.8,3,18,9,384
9ae1ca9a-c01b-423f-8f5c-7af4a702a6f1,2025-09-19,28491.02,14,27124.11,27998.74,28405.61,28833.19,28849.647142857142,30731.338571428576,28574.020666666667,15.142857142857142,14.9,4,19,9,385
9ae1ca9a-c01b-423f-8f5c-7af4a702a6f1,2025-09-20,40633.96,14,28491.02,24897.82,16131.2,20294.43,28919.972857142857,30737.439285714285,28562.615,15.142857142857142,14.9,5,20,9,386
9ae1ca9a-c01b-423f-8f5c-7af4a702a6f1,2025-09-21,34274.72,21,40633.96,21873.68,18444.57,15905.12,31167.992857142857,32487.636428571426,29240.59933333333,15.0,14.966666666666667,6,21,9,387
9ae1ca9a-c01b-423f-8f5c-7af4a702a6f1,2025-09-22,30940.13,18,34274.72,40882.73,52833.06,46956.96,32939.57,33618.36142857143,29852.91933333333,16.0,15.3,0,22,9,388
9ae1ca9a-c01b-423f-8f5c-7af4a702a6f1,2025-09-23,34758.36,16,30940.13,43151.9,38560.18,34551.54,31519.198571428573,32054.580714285716,29319.025,16.0,15.366666666666667,1,23,9,389
9ae1ca9a-c01b-423f-8f5c-7af4a702a6f1,2025-09-24,21920.85,13,34758.36,16018.55,34236.89,14980.31,30320.12142857143,31783.02214285714,29325.918999999998,15.428571428571429,15.366666666666667,2,24,9,390
9ae1ca9a-c01b-423f-8f5c-7af4a702a6f1,2025-09-25,40186.62,19,21920.85,27124.11,39679.7,9711.73,31163.307142857142,30903.305,29557.270333333334,15.571428571428571,15.433333333333334,3,25,9,391
9ae1ca9a-c01b-423f-8f5c-7af4a702a6f1,2025-09-26,27858.69,18,40186.62,28491.02,27998.74,48073.63,33029.38,30939.51357142857,30573.1,16.428571428571427,15.666666666666666,4,26,9,392
9ae1ca9a-c01b-423f-8f5c-7af4a702a6f1,2025-09-27,24982.17,13,27858.69,40633.96,24897.82,17158.05,32939.04714285715,30929.510000000002,29899.268666666667,17.0,15.5,5,27,9,393
9ae1ca9a-c01b-423f-8f5c-7af4a702a6f1,2025-09-28,52736.98,22,24982.17,34274.72,21873.68,7796.18,30703.07714285714,30935.535,30160.072666666667,16.857142857142858,15.533333333333333,6,28,9,394
9ae1ca9a-c01b-423f-8f5c-7af4a702a6f1,2025-09-29,25234.16,12,52736.98,30940.13,40882.73,54299.72,33340.54285714286,33140.05642857143,31658.09933333333,17.0,16.066666666666666,0,29,9,395
9ae1ca9a-c01b-423f-8f5c-7af4a702a6f1,2025-09-30,22264.08,12,25234.16,34758.36,43151.9,38772.93,32525.404285714285,32022.30142857143,30689.24733333333,16.142857142857142,15.866666666666667,1,30,9,396
9ae1ca9a-c01b-423f-8f5c-7af4a702a6f1,2025-10-01,70118.02,15,22264.08,21920.85,16018.55,26027.15,30740.507142857143,30530.31428571429,30138.952333333335,15.571428571428571,15.733333333333333,2,1,10,397
9ae1ca9a-c01b-423f-8f5c-7af4a702a6f1,2025-10-02,44503.89,11,70118.02,40186.62,27124.11,12519.6,37625.81714285714,34394.56214285714,31608.648,15.857142857142858,15.766666666666667,3,2,10,398
9ae1ca9a-c01b-423f-8f5c-7af4a702a6f1,2025-10-03,68057.33,16,44503.89,27858.69,28491.02,21317.9,38242.57,35635.975,32674.791000000005,14.714285714285714,15.733333333333333,4,3,10,399
9ae1ca9a-c01b-423f-8f5c-7af4a702a6f1,2025-10-04,62414.89,16,68057.33,24982.17,40633.96,29783.44,43985.23285714286,38462.14,34232.772000000004,14.428571428571429,15.833333333333334,5,4,10,400
9ae1ca9a-c01b-423f-8f5c-7af4a702a6f1,2025-10-05,54730.78,13,62414.89,52736.98,34274.72,28405.61,49332.76428571429,40017.92071428571,35320.486999999994,14.857142857142858,15.866666666666667,6,5,10,401
9ae1ca9a-c01b-423f-8f5c-7af4a702a6f1,2025-10-06,47524.76,13,54730.78,25234.16,30940.13,16131.2,49617.59285714285,41479.067857142865,36197.992666666665,13.571428571428571,15.766666666666667,0,6,10,402
9ae1ca9a-c01b-423f-8f5c-7af4a702a6f1,2025-10-07,89856.08,21,47524.76,22264.08,34758.36,18444.57,52801.96428571428,42663.68428571429,37244.44466666667,13.714285714285714,15.866666666666667,1,7,10,403
9ae1ca9a-c01b-423f-8f5c-7af4a702a6f1,2025-10-08,77686.49,21,89856.08,70118.02,21920.85,52833.06,62457.96428571428,46599.235714285714,39624.82833333334,15.0,16.266666666666666,2,8,10,404
9ae1ca9a-c01b-423f-8f5c-7af4a702a6f1,2025-10-09,94826.87,18,77686.49,44503.89,40186.62,38560.18,63539.17428571428,50582.49571428572,40453.276,15.857142857142858,16.266666666666666,3,9,10,405
9ae1ca9a-c01b-423f-8f5c-7af4a702a6f1,2025-10-10,72135.3,18,94826.87,68057.33,27858.69,34236.89,70728.17142857143,54485.37071428572,42328.83233333333,16.857142857142858,16.1,4,10,10,406
9ae1ca9a-c01b-423f-8f5c-7af4a702a6f1,2025-10-11,93160.5,18,72135.3,62414.89,24982.17,39679.7,71310.73857142858,57647.985714285714,43592.11266666667,17.142857142857142,16.166666666666668,5,11,10,407
9ae1ca9a-c01b-423f-8f5c-7af4a702a6f1,2025-10-12,57279.44,16,93160.5,54730.78,52736.98,27998.74,75702.96857142857,62517.866428571426,45374.806000000004,17.428571428571427,15.933333333333334,6,12,10,408
9ae1ca9a-c01b-423f-8f5c-7af4a702a6f1,2025-10-13,71581.44,15,57279.44,47524.76,25234.16,24897.82,76067.06285714287,62842.32785714285,46350.82933333333,17.857142857142858,16.0,0,13,10,409
9ae1ca9a-c01b-423f-8f5c-7af4a702a6f1,2025-10-14,77649.51,19,71581.44,89856.08,22264.08,21873.68,79503.73142857142,66152.84785714287,47906.95,18.142857142857142,16.0,1,14,10,410
9ae1ca9a-c01b-423f-8f5c-7af4a702a6f1,2025-10-15,74443.51,22,77649.51,77686.49,70118.02,40882.73,77759.93571428572,70108.95,49766.14433333333,17.857142857142858,16.166666666666668,2,15,10,411
9ae1ca9a-c01b-423f-8f5c-7af4a702a6f1,2025-10-16,31141.57,15,74443.51,94826.87,44503.89,43151.9,77296.65285714286,70417.91357142858,50884.83699999999,18.0,16.3,3,16,10,412
9ae1ca9a-c01b-423f-8f5c-7af4a702a6f1,2025-10-17,83001.28,16,31141.57,72135.3,68057.33,16018.55,68198.75285714286,69463.46214285714,50484.492666666665,17.571428571428573,16.133333333333333,4,17,10,413
9ae1ca9a-c01b-423f-8f5c-7af4a702a6f1,2025-10-18,65625.69,13,83001.28,93160.5,62414.89,27124.11,69751.03571428571,70530.88714285714,52717.25033333334,17.285714285714285,16.266666666666666,5,18,10,414
9ae1ca9a-c01b-423f-8f5c-7af4a702a6f1,2025-10-19,34671.44,10,65625.69,57279.44,54730.78,28491.02,65817.49142857142,70760.23,54000.636333333336,16.571428571428573,16.266666666666666,6,19,10,415
9ae1ca9a-c01b-423f-8f5c-7af4a702a6f1,2025-10-20,73823.08,17,34671.44,71581.44,47524.76,40633.96,62587.77714285715,69327.42,54206.65033333333,15.714285714285714,16.133333333333333,0,20,10,416
9ae1ca9a-c01b-423f-8f5c-7af4a702a6f1,2025-10-21,68773.32,16,73823.08,77649.51,89856.08,34274.72,62908.01142857142,71205.87142857142,55312.954333333335,16.0,16.233333333333334,1,21,10,417
9ae1ca9a-c01b-423f-8f5c-7af4a702a6f1,2025-10-22,57006.5,20,68773.32,74443.51,77686.49,30940.13,61639.98428571429,69699.96,56462.907666666666,15.571428571428571,16.066666666666666,2,22,10,418
9ae1ca9a-c01b-423f-8f5c-7af4a702a6f1,2025-10-23,77695.07,18,57006.5,31141.57,94826.87,34758.36,59148.98285714286,68222.81785714286,57331.78666666667,15.285714285714286,16.133333333333333,3,23,10,419
9ae1ca9a-c01b-423f-8f5c-7af4a702a6f1,2025-10-24,62355.76,20,77695.07,83001.28,72135.3,21920.85,65799.48285714285,66999.11785714286,58763.01033333333,15.714285714285714,16.2,4,24,10,420
9ae1ca9a-c01b-423f-8f5c-7af4a702a6f1,2025-10-25,52778.39,13,62355.76,65625.69,93160.5,40186.62,62850.12285714286,66300.57928571428,60110.84066666667,16.285714285714285,16.433333333333334,5,25,10,421
9ae1ca9a-c01b-423f-8f5c-7af4a702a6f1,2025-10-26,39792.91,13,52778.39,34671.44,57279.44,27858.69,61014.79428571429,63416.142857142855,60530.566333333336,16.285714285714285,16.233333333333334,6,26,10,422
9ae1ca9a-c01b-423f-8f5c-7af4a702a6f1,2025-10-27,67440.37,13,39792.91,73823.08,71581.44,24982.17,61746.432857142856,62167.105,60928.37366666667,16.714285714285715,16.066666666666666,0,27,10,423
9ae1ca9a-c01b-423f-8f5c-7af4a702a6f1,2025-10-28,55783.04,14,67440.37,68773.32,77649.51,52736.98,60834.617142857154,61871.31428571429,62343.647000000004,16.142857142857142,16.066666666666666,1,28,10,424
9ae1ca9a-c01b-423f-8f5c-7af4a702a6f1,2025-10-29,58154.94,17,55783.04,57006.5,74443.51,25234.16,58978.86285714286,60309.42357142857,62445.18233333334,15.857142857142858,15.8,2,29,10,425
9ae1ca9a-c01b-423f-8f5c-7af4a702a6f1,2025-10-30,38247.75,9,58154.94,77695.07,31141.57,22264.08,59142.92571428572,59145.95428571429,63542.541666666664,15.428571428571429,15.966666666666667,3,30,10,426
9ae1ca9a-c01b-423f-8f5c-7af4a702a6f1,2025-10-31,59230.66,17,38247.75,62355.76,83001.28,70118.02,53507.59428571429,59653.53857142857,64075.33066666667,14.142857142857142,15.866666666666667,4,31,10,427
9ae1ca9a-c01b-423f-8f5c-7af4a702a6f1,2025-11-01,73450.67,18,59230.66,52778.39,65625.69,44503.89,53061.15142857143,57955.637142857144,63712.41866666667,13.714285714285714,15.933333333333334,5,1,11,428
9ae1ca9a-c01b-423f-8f5c-7af4a702a6f1,2025-11-02,51724.34,16,73450.67,39792.91,34671.44,68057.33,56014.33428571428,58514.56428571429,64677.31133333334,14.428571428571429,16.166666666666668,6,2,11,429
9ae1ca9a-c01b-423f-8f5c-7af4a702a6f1,2025-11-03,64153.98,17,51724.34,67440.37,73823.08,62414.89,57718.82428571429,59732.62857142858,64132.878333333334,14.857142857142858,16.166666666666668,0,3,11,430
9ae1ca9a-c01b-423f-8f5c-7af4a702a6f1,2025-11-04,68439.54,13,64153.98,55783.04,68773.32,54730.78,57249.340000000004,59041.978571428575,64190.848,15.428571428571429,16.2,1,4,11,431
9ae1ca9a-c01b-423f-8f5c-7af4a702a6f1,2025-11-05,65227.76,15,68439.54,58154.94,57006.5,47524.76,59057.41142857143,59018.13714285714,64647.806666666664,15.285714285714286,16.2,2,5,11,432
9ae1ca9a-c01b-423f-8f5c-7af4a702a6f1,2025-11-06,68042.2,16,65227.76,38247.75,77695.07,89856.08,60067.81428571428,59605.369999999995,65237.90666666666,15.0,16.266666666666666,3,6,11,433
9ae1ca9a-c01b-423f-8f5c-7af4a702a6f1,2025-11-07,50972.25,13,68042.2,59230.66,62355.76,77686.49,64324.16428571428,58915.87928571429,64510.77733333334,16.0,16.1,4,7,11,434
9ae1ca9a-c01b-423f-8f5c-7af4a702a6f1,2025-11-08,49341.76,13,50972.25,73450.67,52778.39,94826.87,63144.39142857143,58102.77142857143,63620.30266666666,15.428571428571429,15.833333333333334,5,8,11,435
9ae1ca9a-c01b-423f-8f5c-7af4a702a6f1,2025-11-09,44278.97,14,49341.76,51724.34,39792.91,72135.3,59700.26142857142,57857.297857142854,62104.132333333335,14.714285714285714,15.666666666666666,6,9,11,436
9ae1ca9a-c01b-423f-8f5c-7af4a702a6f1,2025-11-10,71525.61,17,44278.97,64153.98,67440.37,93160.5,58636.63714285714,58177.73071428571,61175.587999999996,14.428571428571429,15.533333333333333,0,10,11,437
9ae1ca9a-c01b-423f-8f5c-7af4a702a6f1,2025-11-11,56014.6,13,71525.61,68439.54,55783.04,57279.44,59689.72714285714,58469.53357142857,60454.425,14.428571428571429,15.5,1,11,11,438
9ae1ca9a-c01b-423f-8f5c-7af4a702a6f1,2025-11-12,47263.76,16,56014.6,65227.76,58154.94,71581.44,57914.73571428571,58486.07357142858,60412.263666666666,14.428571428571429,15.4,2,12,11,439
9ae1ca9a-c01b-423f-8f5c-7af4a702a6f1,2025-11-13,95872.94,20,47263.76,68042.2,38247.75,77649.51,55348.450000000004,57708.13214285714,59601.674333333336,14.571428571428571,15.433333333333334,3,13,11,440
9ae1ca9a-c01b-423f-8f5c-7af4a702a6f1,2025-11-14,50653.75,12,95872.94,50972.25,59230.66,74443.51,59324.270000000004,61824.21714285714,60209.122,15.142857142857142,15.466666666666667,4,14,11,441
9ae1ca9a-c01b-423f-8f5c-7af4a702a6f1,2025-11-15,64879.85,16,50653.75,49341.76,73450.67,31141.57,59278.770000000004,61211.58071428571,59416.130000000005,15.0,15.133333333333333,5,15,11,442
9ae1ca9a-c01b-423f-8f5c-7af4a702a6f1,2025-11-16,57161.85,14,64879.85,44278.97,51724.34,83001.28,61498.49714285714,60599.37928571429,60540.73933333333,15.428571428571429,15.166666666666666,6,16,11,443
9ae1ca9a-c01b-423f-8f5c-7af4a702a6f1,2025-11-17,38380.15,13,57161.85,71525.61,64153.98,65625.69,63338.90857142857,60987.77285714285,59679.425,15.428571428571429,15.1,0,17,11,444
9ae1ca9a-c01b-423f-8f5c-7af4a702a6f1,2025-11-18,41896.97,18,38380.15,56014.6,68439.54,34671.44,58603.84285714286,59146.784999999996,58771.240333333335,14.857142857142858,15.1,1,18,11,445
9ae1ca9a-c01b-423f-8f5c-7af4a702a6f1,2025-11-19,57397.98,18,41896.97,47263.76,65227.76,73823.08,56587.03857142857,57250.887142857144,59012.09133333333,15.571428571428571,15.366666666666667,2,19,11,446
9ae1ca9a-c01b-423f-8f5c-7af4a702a6f1,2025-11-20,59366.99,16,57397.98,95872.94,68042.2,68773.32,58034.78428571428,56691.61714285715,58464.588,15.857142857142858,15.4,3,20,11,447
9ae1ca9a-c01b-423f-8f5c-7af4a702a6f1,2025-11-21,74926.33,19,59366.99,50653.75,50972.25,57006.5,52819.648571428566,56071.95928571428,58151.04366666667,15.285714285714286,15.4,4,21,11,448
9ae1ca9a-c01b-423f-8f5c-7af4a702a6f1,2025-11-22,48999.79,12,74926.33,64879.85,49341.76,77695.07,56287.159999999996,57782.965000000004,58748.37133333333,16.285714285714285,15.366666666666667,5,22,11,449
9ae1ca9a-c01b-423f-8f5c-7af4a702a6f1,2025-11-23,83303.99,19,48999.79,57161.85,44278.97,62355.76,54018.58,57758.53857142857,57791.861999999994,15.714285714285714,15.166666666666666,6,23,11,450
9ae1ca9a-c01b-423f-8f5c-7af4a702a6f1,2025-11-24,54608.03,14,83303.99,38380.15,71525.61,52778.39,57753.17142857142,60546.03999999999,58490.13633333333,16.428571428571427,15.133333333333333,0,24,11,451
9ae1ca9a-c01b-423f-8f5c-7af4a702a6f1,2025-11-25,100893.25,23,54608.03,41896.97,56014.6,39792.91,60071.44,59337.64142857143,58551.12433333333,16.571428571428573,15.166666666666666,1,25,11,452
9ae1ca9a-c01b-423f-8f5c-7af4a702a6f1,2025-11-26,78643.94,21,100893.25,57397.98,47263.76,67440.37,68499.48,62543.25928571429,60587.80233333333,17.285714285714285,15.5,2,26,11,453
9ae1ca9a-c01b-423f-8f5c-7af4a702a6f1,2025-11-27,119302.96,21,78643.94,59366.99,95872.94,55783.04,71534.61714285714,64784.70071428572,60961.25466666666,17.714285714285715,15.766666666666667,3,27,11,454
9ae1ca9a-c01b-423f-8f5c-7af4a702a6f1,2025-11-28,75289.48,23,119302.96,74926.33,50653.75,58154.94,80096.89857142858,66458.27357142858,63078.58533333333,18.428571428571427,16.0,4,28,11,455
9ae1ca9a-c01b-423f-8f5c-7af4a702a6f1,2025-11-29,103371.23,23,75289.48,48999.79,64879.85,38247.75,80148.77714285713,68217.96857142857,63649.73666666667,19.0,16.2,5,29,11,456
9ae1ca9a-c01b-423f-8f5c-7af4a702a6f1,2025-11-30,116922.12,25,103371.23,83303.99,57161.85,59230.66,87916.12571428572,70967.35285714285,65820.51933333333,20.571428571428573,16.666666666666668,6,30,11,457
9ae1ca9a-c01b-423f-8f5c-7af4a702a6f1,2025-12-01,83489.5,22,116922.12,54608.03,38380.15,73450.67,92718.71571428572,75235.94357142856,67743.568,21.428571428571427,16.933333333333334,0,1,12,458
9ae1ca9a-c01b-423f-8f5c-7af4a702a6f1,2025-12-02,47817.61,12,83489.5,100893.25,41896.97,51724.34,96844.64,78458.04000000001,68078.19566666667,22.571428571428573,17.066666666666666,1,2,12,459
9ae1ca9a-c01b-423f-8f5c-7af4a702a6f1,2025-12-03,29882.33,10,47817.61,78643.94,57397.98,64153.98,89262.4057142857,78880.94285714286,67947.97133333333,21.0,16.933333333333334,2,3,12,460
9ae1ca9a-c01b-423f-8f5c-7af4a702a6f1,2025-12-04,71770.16,19,29882.33,119302.96,59366.99,68439.54,82296.46142857142,76915.53928571429,66805.583,19.428571428571427,16.7,3,4,12,461
9ae1ca9a-c01b-423f-8f5c-7af4a702a6f1,2025-12-05,80460.62,22,71770.16,75289.48,74926.33,65227.76,75506.06142857143,77801.48,66916.60366666668,19.142857142857142,16.9,4,5,12,462
9ae1ca9a-c01b-423f-8f5c-7af4a702a6f1,2025-12-06,119294.64,25,80460.62,103371.23,48999.79,68042.2,76244.7957142857,78196.78642857143,67424.36566666666,19.0,17.133333333333333,5,6,12,463
9ae1ca9a-c01b-423f-8f5c-7af4a702a6f1,2025-12-07,71841.48,15,119294.64,116922.12,83303.99,50972.25,78519.56857142856,83217.84714285715,69132.78033333334,19.285714285714285,17.433333333333334,6,7,12,464
9ae1ca9a-c01b-423f-8f5c-7af4a702a6f1,2025-12-08,76694.92,22,71841.48,83489.5,54608.03,49341.76,72079.47714285714,82399.09642857143,69828.42133333333,17.857142857142858,17.5,0,8,12,465
9ae1ca9a-c01b-423f-8f5c-7af4a702a6f1,2025-12-09,62917.81,23,76694.92,47817.61,100893.25,44278.97,71108.82285714286,83976.73142857142,70740.19333333333,17.857142857142858,17.8,1,9,12,466
9ae1ca9a-c01b-423f-8f5c-7af4a702a6f1,2025-12-10,52144.44,14,62917.81,29882.33,78643.94,71525.61,73265.99428571429,81264.2,71361.488,19.428571428571427,18.1,2,10,12,467
9ae1ca9a-c01b-423f-8f5c-7af4a702a6f1,2025-12-11,92291.11,18,52144.44,71770.16,119302.96,56014.6,76446.29571428572,79371.37857142858,70715.449,20.0,18.0,3,11,12,468
9ae1ca9a-c01b-423f-8f5c-7af4a702a6f1,2025-12-12,85591.81,17,92291.11,80460.62,75289.48,47263.76,79377.86,77441.96071428571,71924.666,19.857142857142858,18.166666666666668,4,12,12,469
9ae1ca9a-c01b-423f-8f5c-7af4a702a6f1,2025-12-13,83881.28,24,85591.81,119294.64,103371.23,95872.94,80110.88714285714,78177.84142857142,73202.26766666667,19.142857142857142,18.2,5,13,12,470
9ae1ca9a-c01b-423f-8f5c-7af4a702a6f1,2025-12-14,53285.95,15,83881.28,71841.48,116922.12,50653.75,75051.83571428571,76785.70214285715,72802.54566666667,19.0,18.333333333333332,6,14,12,471
9ae1ca9a-c01b-423f-8f5c-7af4a702a6f1,2025-12-15,37470.02,13,53285.95,76694.92,83489.5,64879.85,72401.0457142857,72240.26142857144,72890.28566666666,19.0,18.433333333333334,0,15,12,472
9ae1ca9a-c01b-423f-8f5c-7af4a702a6f1,2025-12-16,55321.03,12,37470.02,62917.81,47817.61,57161.85,66797.48857142856,68953.15571428572,71976.62466666666,17.714285714285715,18.333333333333332,1,16,12,473
9ae1ca9a-c01b-423f-8f5c-7af4a702a6f1,2025-12-17,39368.02,15,55321.03,52144.44,29882.33,38380.15,65712.2342857143,69489.11428571428,71915.26400000001,16.142857142857142,18.266666666666666,2,17,12,474
9ae1ca9a-c01b-423f-8f5c-7af4a702a6f1,2025-12-18,74844.2,15,39368.02,92291.11,71770.16,41896.97,63887.03142857143,70166.66357142857,71948.193,16.285714285714285,18.333333333333332,3,18,12,475
9ae1ca9a-c01b-423f-8f5c-7af4a702a6f1,2025-12-19,42462.8,20,74844.2,85591.81,80460.62,57397.98,61394.61571428571,70386.23785714286,73046.434,15.857142857142858,18.233333333333334,4,19,12,476
9ae1ca9a-c01b-423f-8f5c-7af4a702a6f1,2025-12-20,80050.28,18,42462.8,83881.28,119294.64,59366.99,55233.32857142857,67672.10785714285,72548.59466666667,16.285714285714285,18.3,5,20,12,477
9ae1ca9a-c01b-423f-8f5c-7af4a702a6f1,2025-12-21,49918.56,11,80050.28,53285.95,71841.48,74926.33,54686.04285714286,64868.93928571429,73238.03766666666,15.428571428571429,18.366666666666667,6,21,12,478
9ae1ca9a-c01b-423f-8f5c-7af4a702a6f1,2025-12-22,73055.0,17,49918.56,37470.02,76694.92,48999.79,54204.98714285714,63303.01642857143,72404.44533333332,14.857142857142858,18.1,0,22,12,479
9ae1ca9a-c01b-423f-8f5c-7af4a702a6f1,2025-12-23,91282.75,16,73055.0,55321.03,62917.81,83303.99,59288.555714285714,63043.02214285714,73206.28566666666,15.428571428571429,18.266666666666666,1,23,12,480
9ae1ca9a-c01b-423f-8f5c-7af4a702a6f1,2025-12-24,68470.34,16,91282.75,39368.02,52144.44,54608.03,64425.944285714286,65069.08928571428,73472.24433333334,16.0,18.166666666666668,2,24,12,481
9ae1ca9a-c01b-423f-8f5c-7af4a702a6f1,2025-12-25,100256.13,27,68470.34,74844.2,92291.11,100893.25,68583.41857142857,66235.225,73934.32133333333,16.142857142857142,18.233333333333334,3,25,12,482
9ae1ca9a-c01b-423f-8f5c-7af4a702a6f1,2025-12-26,50643.87,18,100256.13,42462.8,85591.81,78643.94,72213.69428571429,66804.155,73913.08399999999,17.857142857142858,18.366666666666667,4,26,12,483
9ae1ca9a-c01b-423f-8f5c-7af4a702a6f1,2025-12-27,94939.79,20,50643.87,80050.28,83881.28,119302.96,73382.41857142857,64307.87357142857,72979.74833333332,17.571428571428573,18.266666666666666,5,27,12,484
9ae1ca9a-c01b-423f-8f5c-7af4a702a6f1,2025-12-28,46326.05,18,94939.79,49918.56,53285.95,75289.48,75509.49142857142,65097.76714285714,72167.64266666668,17.857142857142858,18.233333333333334,6,28,12,485
9ae1ca9a-c01b-423f-8f5c-7af4a702a6f1,2025-12-29,42981.71,14,46326.05,73055.0,37470.02,103371.23,74996.2757142857,64600.631428571425,71202.195,18.857142857142858,18.066666666666666,0,29,12,486
9ae1ca9a-c01b-423f-8f5c-7af4a702a6f1,2025-12-30,110697.77,24,42981.71,91282.75,55321.03,116922.12,70700.09142857142,64994.32357142856,69189.211,18.428571428571427,17.766666666666666,1,30,12,487
9ae1ca9a-c01b-423f-8f5c-7af4a702a6f1,2025-12-31,109339.45,28,110697.77,68470.34,39368.02,83489.5,73473.66571428571,68949.80500000001,68981.73266666666,19.571428571428573,17.733333333333334,2,31,12,488
9ae1ca9a-c01b-423f-8f5c-7af4a702a6f1,2026-01-01,31319.88,22,109339.45,100256.13,74844.2,47817.61,79312.11,73947.76428571428,69843.39766666667,21.285714285714285,17.933333333333334,3,1,1,489
9ae1ca9a-c01b-423f-8f5c-7af4a702a6f1,2026-01-02,57733.93,28,31319.88,50643.87,42462.8,29882.33,69464.07428571429,70838.88428571429,69293.47333333333,20.571428571428573,18.266666666666666,4,2,1,490
9ae1ca9a-c01b-423f-8f5c-7af4a702a6f1,2026-01-03,37431.88,22,57733.93,94939.79,80050.28,71770.16,70476.94,71929.67928571429,70221.86,22.0,18.866666666666667,5,3,1,491
9ae1ca9a-c01b-423f-8f5c-7af4a702a6f1,2026-01-04,41927.51,19,37431.88,46326.05,49918.56,80460.62,62261.524285714295,68885.50785714286,69077.25066666666,22.285714285714285,18.966666666666665,6,4,1,492
9ae1ca9a-c01b-423f-8f5c-7af4a702a6f1,2026-01-05,27356.71,19,41927.51,42981.71,73055.0,119294.64,61633.16142857143,68314.71857142857,67792.81366666667,22.428571428571427,18.866666666666667,0,5,1,493
9ae1ca9a-c01b-423f-8f5c-7af4a702a6f1,2026-01-06,38357.63,19,27356.71,110697.77,91282.75,71841.48,59401.01857142857,65050.555,64728.216,23.142857142857142,18.666666666666668,1,6,1,494
9ae1ca9a-c01b-423f-8f5c-7af4a702a6f1,2026-01-07,38271.97,22,38357.63,109339.45,68470.34,76694.92,49066.712857142855,61270.18928571429,63612.087666666666,22.428571428571427,18.8,2,7,1,495
9ae1ca9a-c01b-423f-8f5c-7af4a702a6f1,2026-01-08,23651.77,12,38271.97,31319.88,100256.13,62917.81,38914.21571428572,59113.16285714285,62331.32266666667,21.571428571428573,18.8,3,8,1,496
9ae1ca9a-c01b-423f-8f5c-7af4a702a6f1,2026-01-09,45934.93,16,23651.77,57733.93,50643.87,52144.44,37818.77142857143,53641.422857142854,61022.454666666665,20.142857142857142,18.433333333333334,4,9,1,497
9ae1ca9a-c01b-423f-8f5c-7af4a702a6f1,2026-01-10,61036.58,28,45934.93,37431.88,94939.79,92291.11,36133.200000000004,53305.07,60815.471,18.428571428571427,18.5,5,10,1,498
9ae1ca9a-c01b-423f-8f5c-7af4a702a6f1,2026-01-11,27684.85,17,61036.58,41927.51,46326.05,85591.81,39505.299999999996,50883.412142857145,59773.65333333333,19.285714285714285,18.833333333333332,6,11,1,499
9ae1ca9a-c01b-423f-8f5c-7af4a702a6f1,2026-01-12,40473.38,21,27684.85,27356.71,42981.71,83881.28,37470.63428571429,49551.89785714285,57843.42133333334,19.0,18.833333333333332,0,12,1,500
9ae1ca9a-c01b-423f-8f5c-7af4a702a6f1,2026-01-13,31453.23,15,40473.38,38357.63,110697.77,53285.95,39344.444285714286,49372.73142857143,56396.49133333333,19.285714285714285,18.733333333333334,1,13,1,501
9ae1ca9a-c01b-423f-8f5c-7af4a702a6f1,2026-01-14,30858.29,19,31453.23,38271.97,109339.45,37470.02,38358.101428571434,43712.40714285714,55668.734000000004,18.714285714285715,18.733333333333334,2,14,1,502
9ae1ca9a-c01b-423f-8f5c-7af4a702a6f1,2026-01-15,34384.73,20,30858.29,23651.77,31319.88,55321.03,37299.00428571428,38106.60999999999,55448.343,18.285714285714285,18.933333333333334,3,15,1,503
9ae1ca9a-c01b-423f-8f5c-7af4a702a6f1,2026-01-16,40385.31,19,34384.73,45934.93,57733.93,39368.02,38832.28428571428,38325.52785714286,54750.46633333333,19.428571428571427,19.2,4,16,1,504
9ae1ca9a-c01b-423f-8f5c-7af4a702a6f1,2026-01-17,34236.89,19,40385.31,61036.58,37431.88,74844.2,38039.48142857143,37086.34071428571,54784.376000000004,19.857142857142858,19.333333333333332,5,17,1,505
9ae1ca9a-c01b-423f-8f5c-7af4a702a6f1,2026-01-18,37402.7,22,34236.89,27684.85,41927.51,42462.8,34210.95428571429,36858.12714285714,53430.799,18.571428571428573,19.466666666666665,6,18,1,506
9ae1ca9a-c01b-423f-8f5c-7af4a702a6f1,2026-01-19,61874.01,28,37402.7,40473.38,27356.71,80050.28,35599.218571428566,36534.92642857143,53262.12899999999,19.285714285714285,19.533333333333335,0,19,1,507
9ae1ca9a-c01b-423f-8f5c-7af4a702a6f1,2026-01-20,42526.51,20,61874.01,31453.23,38357.63,49918.56,38656.451428571425,39000.447857142855,52656.25333333333,20.285714285714285,19.866666666666667,1,20,1,508
9ae1ca9a-c01b-423f-8f5c-7af4a702a6f1,2026-01-21,30249.61,25,42526.51,30858.29,38271.97,73055.0,40238.34857142857,39298.225,52409.85166666666,21.0,20.166666666666668,2,21,1,509
9ae1ca9a-c01b-423f-8f5c-7af4a702a6f1,2026-01-22,36040.76,19,30249.61,34384.73,23651.77,91282.75,40151.39428571429,38725.19928571429,50983.00533333333,21.857142857142858,20.433333333333334,3,22,1,510
9ae1ca9a-c01b-423f-8f5c-7af4a702a6f1,2026-01-23,36113.03,15,36040.76,40385.31,45934.93,68470.34,40387.97000000001,39610.12714285714,49141.60566666666,21.714285714285715,20.533333333333335,4,23,1,511
9ae1ca9a-c01b-423f-8f5c-7af4a702a6f1,2026-01-24,23449.87,16,36113.03,34236.89,61036.58,100256.13,39777.64428571429,38908.56285714286,48063.02866666667,21.142857142857142,20.5,5,24,1,512
9ae1ca9a-c01b-423f-8f5c-7af4a702a6f1,2026-01-25,37235.83,23,23449.87,37402.7,27684.85,50643.87,38236.64142857143,36223.797857142854,45502.81999999999,20.714285714285715,20.133333333333333,6,25,1,513
9ae1ca9a-c01b-423f-8f5c-7af4a702a6f1,2026-01-26,33933.6,21,37235.83,61874.01,40473.38,94939.79,38212.80285714286,36906.010714285716,45055.88533333333,20.857142857142858,20.3,0,26,1,514
9ae1ca9a-c01b-423f-8f5c-7af4a702a6f1,2026-01-27,45445.65,22,33933.6,42526.51,31453.23,46326.05,34221.315714285716,36438.883571428574,43022.34566666667,19.857142857142858,20.333333333333332,1,27,1,515
9ae1ca9a-c01b-423f-8f5c-7af4a702a6f1,2026-01-28,24561.47,12,45445.65,30249.61,30858.29,42981.71,34638.33571428571,37438.34214285714,42992.998999999996,20.142857142857142,20.466666666666665,2,28,1,516
9ae1ca9a-c01b-423f-8f5c-7af4a702a6f1,2026-01-29,44561.3,24,24561.47,36040.76,34384.73,110697.77,33825.74428571428,36988.569285714286,42378.991,18.285714285714285,20.4,3,29,1,517
9ae1ca9a-c01b-423f-8f5c-7af4a702a6f1,2026-01-30,45437.17,25,44561.3,36113.03,40385.31,109339.45,35042.96428571428,37715.467142857146,40174.442,19.0,20.4,4,30,1,518
9ae1ca9a-c01b-423f-8f5c-7af4a702a6f1,2026-01-31,42101.37,20,45437.17,23449.87,34236.89,31319.88,36374.98428571429,38076.31428571429,38044.366,20.428571428571427,20.3,5,31,1,519
9ae1ca9a-c01b-423f-8f5c-7af4a702a6f1,2026-02-01,67270.66,24,42101.37,37235.83,37402.7,57733.93,39039.48428571429,38638.06285714286,38403.748999999996,21.0,20.233333333333334,6,1,2,520
9ae1ca9a-c01b-423f-8f5c-7af4a702a6f1,2026-02-02,46960.22,19,67270.66,33933.6,61874.01,37431.88,43330.17428571428,40771.48857142857,38721.64,21.142857142857142,20.1,0,2,2,521
9ae1ca9a-c01b-423f-8f5c-7af4a702a6f1,2026-02-03,22764.46,17,46960.22,45445.65,42526.51,41927.51,45191.12,39706.21785714286,39039.25133333333,20.857142857142858,20.0,1,3,2,522
9ae1ca9a-c01b-423f-8f5c-7af4a702a6f1,2026-02-04,36697.2,20,22764.46,24561.47,30249.61,27356.71,41950.950000000004,38294.642857142855,38400.483,20.142857142857142,19.933333333333334,2,4,2,523
9ae1ca9a-c01b-423f-8f5c-7af4a702a6f1,2026-02-05,47087.07,26,36697.2,44561.3,36040.76,38357.63,43684.625714285714,38755.185,38711.83266666667,21.285714285714285,19.966666666666665,3,5,2,524
9ae1ca9a-c01b-423f-8f5c-7af4a702a6f1,2026-02-06,41642.23,23,47087.07,45437.17,36113.03,38271.97,44045.45,39544.20714285714,39002.814,21.571428571428573,20.2,4,6,2,525
9ae1ca9a-c01b-423f-8f5c-7af4a702a6f1,2026-02-07,61132.07,28,41642.23,42101.37,23449.87,23651.77,43503.315714285716,39939.15,39115.155999999995,21.285714285714285,20.233333333333334,5,7,2,526
9ae1ca9a-c01b-423f-8f5c-7af4a702a6f1,2026-02-08,39939.35,21,61132.07,67270.66,37235.83,45934.93,46221.98714285715,42630.735714285714,40364.49933333333,22.428571428571427,20.766666666666666,6,8,2,527
9ae1ca9a-c01b-423f-8f5c-7af4a702a6f1,2026-02-09,55091.22,28,39939.35,46960.22,33933.6,61036.58,42317.514285714286,42823.84428571428,40164.646666666675,22.0,20.933333333333334,0,9,2,528
9ae1ca9a-c01b-423f-8f5c-7af4a702a6f1,2026-02-10,50975.25,29,55091.22,22764.46,45445.65,27684.85,43479.08571428571,44335.102857142854,39966.468,23.285714285714285,20.933333333333334,1,10,2,529
9ae1ca9a-c01b-423f-8f5c-7af4a702a6f1,2026-02-11,50341.15,23,50975.25,36697.2,24561.47,40473.38,47509.19857142856,44730.07428571429,40742.814666666665,25.0,21.333333333333332,2,11,2,530
9ae1ca9a-c01b-423f-8f5c-7af4a702a6f1,2026-02-12,20417.18,10,50341.15,47087.07,44561.3,31453.23,49458.33428571429,46571.479999999996,41071.740333333335,25.428571428571427,21.4,3,12,2,531
9ae1ca9a-c01b-423f-8f5c-7af4a702a6f1,2026-02-13,51284.64,25,20417.18,41642.23,45437.17,30858.29,45648.35,44846.90000000001,40703.872,23.142857142857142,21.233333333333334,4,13,2,532
9ae1ca9a-c01b-423f-8f5c-7af4a702a6f1,2026-02-14,39597.21,20,51284.64,61132.07,42101.37,34384.73,47025.83714285714,45264.576428571425,41384.75033333334,23.428571428571427,21.433333333333334,5,14,2,533
9ae1ca9a-c01b-423f-8f5c-7af4a702a6f1,2026-02-15,33712.51,20,39597.21,39939.35,67270.66,40385.31,43949.42857142857,45085.70785714286,41558.49966666666,22.285714285714285,21.433333333333334,6,15,2,534
9ae1ca9a-c01b-423f-8f5c-7af4a702a6f1,2026-02-16,42891.27,20,33712.51,55091.22,46960.22,34236.89,43059.88,42688.69714285714,41336.073,22.142857142857142,21.466666666666665,0,16,2,535
9ae1ca9a-c01b-423f-8f5c-7af4a702a6f1,2026-02-17,64098.24,29,42891.27,50975.25,22764.46,37402.7,41317.02999999999,42398.05785714286,41624.55233333333,21.0,21.5,1,17,2,536
9ae1ca9a-c01b-423f-8f5c-7af4a702a6f1,2026-02-18,43745.87,18,64098.24,50341.15,36697.2,61874.01,43191.74285714286,45350.47071428572,42514.40366666667,21.0,21.733333333333334,2,18,2,537
9ae1ca9a-c01b-423f-8f5c-7af4a702a6f1,2026-02-19,45155.56,19,43745.87,20417.18,47087.07,42526.51,42249.56,45853.94714285714,41910.13233333334,20.285714285714285,21.4,3,19,2,538
9ae1ca9a-c01b-423f-8f5c-7af4a702a6f1,2026-02-20,35527.92,17,45155.56,51284.64,41642.23,30249.61,45783.614285714284,45715.982142857145,41997.76733333334,21.571428571428573,21.366666666666667,4,20,2,539
9ae1ca9a-c01b-423f-8f5c-7af4a702a6f1,2026-02-21,10407.62,9,35527.92,39597.21,61132.07,36040.76,43532.65428571428,45279.24571428572,42173.711,20.428571428571427,21.1,5,21,2,540
9ae1ca9a-c01b-423f-8f5c-7af4a702a6f1,2026-02-22,42311.56,22,10407.62,33712.51,39939.35,36113.03,39362.71285714286,41656.07071428571,41319.273,18.857142857142858,20.766666666666666,6,22,2,541
9ae1ca9a-c01b-423f-8f5c-7af4a702a6f1,2026-02-23,43650.76,23,42311.56,42891.27,55091.22,23449.87,40591.148571428566,41825.514285714286,41525.890666666666,19.142857142857142,21.0,0,23,2,542
9ae1ca9a-c01b-423f-8f5c-7af4a702a6f1,2026-02-24,24443.62,18,43650.76,64098.24,50975.25,37235.83,40699.647142857146,41008.33857142857,42199.25366666667,19.571428571428573,21.233333333333334,1,24,2,543
9ae1ca9a-c01b-423f-8f5c-7af4a702a6f1,2026-02-25,61433.35,23,24443.62,43745.87,50341.15,33933.6,35034.70142857143,39113.22214285714,41772.846666666665,18.0,21.066666666666666,2,25,2,544
9ae1ca9a-c01b-423f-8f5c-7af4a702a6f1,2026-02-26,52247.9,23,61433.35,45155.56,20417.18,45445.65,37561.48428571429,39905.522142857146,42689.505,18.714285714285715,21.133333333333333,3,26,2,545
9ae1ca9a-c01b-423f-8f5c-7af4a702a6f1,2026-02-27,44058.2,25,52247.9,35527.92,51284.64,24561.47,38574.67571428571,42179.145,42916.246666666666,19.285714285714285,21.166666666666668,4,27,2,546
9ae1ca9a-c01b-423f-8f5c-7af4a702a6f1,2026-02-28,57749.62,32,44058.2,10407.62,39597.21,44561.3,39793.287142857145,41662.97071428572,43566.13766666667,20.428571428571427,21.6,5,28,2,547
9ae1ca9a-c01b-423f-8f5c-7af4a702a6f1,2026-03-01,56131.96,25,57749.62,42311.56,33712.51,45437.17,46556.43,42959.57142857143,44005.74833333333,23.714285714285715,21.866666666666667,6,1,3,548
9ae1ca9a-c01b-423f-8f5c-7af4a702a6f1,2026-03-02,49502.95,20,56131.96,43650.76,42891.27,42101.37,48530.77285714286,44560.96071428571,44362.24133333333,24.142857142857142,21.866666666666667,0,2,3,549
9ae1ca9a-c01b-423f-8f5c-7af4a702a6f1,2026-03-03,43856.63,23,49502.95,24443.62,64098.24,67270.66,49366.799999999996,45033.22357142856,44608.96066666666,23.714285714285715,21.866666666666667,1,3,3,550
9ae1ca9a-c01b-423f-8f5c-7af4a702a6f1,2026-03-04,48742.22,23,43856.63,61433.35,43745.87,46960.22,52140.08714285714,43587.394285714276,43828.493,24.428571428571427,21.833333333333332,2,4,3,551
9ae1ca9a-c01b-423f-8f5c-7af4a702a6f1,2026-03-05,40651.07,20,48742.22,52247.9,45155.56,22764.46,50327.06857142858,43944.27642857143,43887.893000000004,24.428571428571427,21.966666666666665,3,5,3,552
9ae1ca9a-c01b-423f-8f5c-7af4a702a6f1,2026-03-06,61922.67,29,40651.07,44058.2,35527.92,36697.2,48670.37857142858,43622.52714285714,44484.113333333335,24.0,22.066666666666666,4,6,3,553
9ae1ca9a-c01b-423f-8f5c-7af4a702a6f1,2026-03-07,55618.73,23,61922.67,57749.62,10407.62,47087.07,51222.44571428571,45507.866428571426,45324.96233333333,24.571428571428573,22.366666666666667,5,7,3,554
9ae1ca9a-c01b-423f-8f5c-7af4a702a6f1,2026-03-08,40049.64,19,55618.73,56131.96,42311.56,41642.23,50918.032857142854,48737.23142857143,45609.351,23.285714285714285,22.266666666666666,6,8,3,555
9ae1ca9a-c01b-423f-8f5c-7af4a702a6f1,2026-03-09,28504.9,13,40049.64,49502.95,43650.76,61132.07,48620.55857142857,48575.66571428572,45556.26466666667,22.428571428571427,22.133333333333333,0,9,3,556
9ae1ca9a-c01b-423f-8f5c-7af4a702a6f1,2026-03-10,86981.53,36,28504.9,43856.63,24443.62,39939.35,45620.83714285715,47493.81857142858,44468.69233333333,21.428571428571427,21.633333333333333,1,10,3,557
9ae1ca9a-c01b-423f-8f5c-7af4a702a6f1,2026-03-11,64443.73,29,86981.53,48742.22,61433.35,55091.22,51781.537142857145,51960.81214285714,46036.765,23.285714285714285,22.133333333333333,2,11,3,558
9ae1ca9a-c01b-423f-8f5c-7af4a702a6f1,2026-03-12,18557.21,12,64443.73,40651.07,52247.9,50975.25,54024.60999999999,52175.83928571428,46348.51533333333,24.142857142857142,22.166666666666668,3,12,3,559
9ae1ca9a-c01b-423f-8f5c-7af4a702a6f1,2026-03-13,59171.74,32,18557.21,61922.67,44058.2,50341.15,50868.34428571428,49769.361428571436,45267.914,23.0,21.6,4,13,3,560
9ae1ca9a-c01b-423f-8f5c-7af4a702a6f1,2026-03-14,46494.14,22,59171.74,55618.73,57749.62,20417.18,50475.35428571428,50848.9,45562.267,23.428571428571427,21.9,5,14,3,561
9ae1ca9a-c01b-423f-8f5c-7af4a702a6f1,2026-03-15,41966.1,23,46494.14,40049.64,56131.96,51284.64,49171.84142857143,50044.93714285714,46431.498999999996,23.285714285714285,22.3,6,15,3,562
9ae1ca9a-c01b-423f-8f5c-7af4a702a6f1,2026-03-16,24216.88,15,41966.1,28504.9,49502.95,39597.21,49445.62142857142,49033.090000000004,46120.881,23.857142857142858,22.233333333333334,0,16,3,563
9ae1ca9a-c01b-423f-8f5c-7af4a702a6f1,2026-03-17,46338.59,32,24216.88,86981.53,43856.63,33712.51,48833.04714285714,47226.942142857144,45608.20333333334,24.142857142857142,22.066666666666666,1,17,3,564
9ae1ca9a-c01b-423f-8f5c-7af4a702a6f1,2026-03-18,22917.75,12,46338.59,64443.73,48742.22,42891.27,43026.91285714286,47404.225,46029.07266666667,23.571428571428573,22.466666666666665,2,18,3,565
9ae1ca9a-c01b-423f-8f5c-7af4a702a6f1,2026-03-19,36990.04,22,22917.75,18557.21,40651.07,64098.24,37094.63,45559.619999999995,45363.28866666667,21.142857142857142,22.2,3,19,3,566
9ae1ca9a-c01b-423f-8f5c-7af4a702a6f1,2026-03-20,36282.63,23,36990.04,59171.74,61922.67,43745.87,39727.89142857143,45298.11785714286,44459.682,22.571428571428573,21.966666666666665,4,20,3,567
9ae1ca9a-c01b-423f-8f5c-7af4a702a6f1,2026-03-21,42516.77,16,36282.63,46494.14,55618.73,45155.56,36458.01857142857,43466.686428571425,44210.90733333333,21.285714285714285,22.133333333333333,5,21,3,568
9ae1ca9a-c01b-423f-8f5c-7af4a702a6f1,2026-03-22,48136.79,25,42516.77,41966.1,40049.64,35527.92,35889.822857142855,42530.83214285714,44122.947666666674,20.428571428571427,22.033333333333335,6,22,3,569
9ae1ca9a-c01b-423f-8f5c-7af4a702a6f1,2026-03-23,30962.5,16,48136.79,24216.88,28504.9,10407.62,36771.35,43108.48571428571,44543.243333333325,20.714285714285715,22.3,0,23,3,570
9ae1ca9a-c01b-423f-8f5c-7af4a702a6f1,2026-03-24,45823.41,28,30962.5,46338.59,86981.53,42311.56,37735.01,43284.028571428564,45228.405999999995,20.857142857142858,22.533333333333335,1,24,3,571
9ae1ca9a-c01b-423f-8f5c-7af4a702a6f1,2026-03-25,49688.56,22,45823.41,22917.75,64443.73,43650.76,37661.41285714286,40344.16285714286,45345.46766666667,20.285714285714285,22.733333333333334,2,25,3,572
9ae1ca9a-c01b-423f-8f5c-7af4a702a6f1,2026-03-26,71273.14,27,49688.56,36990.04,18557.21,24443.62,41485.81428571428,39290.22214285714,45546.727666666666,21.714285714285715,22.7,3,26,3,573
9ae1ca9a-c01b-423f-8f5c-7af4a702a6f1,2026-03-27,34814.23,18,71273.14,36282.63,59171.74,61433.35,46383.4,43055.64571428572,47107.71166666667,22.428571428571427,23.0,4,27,3,574
9ae1ca9a-c01b-423f-8f5c-7af4a702a6f1,2026-03-28,28169.31,15,34814.23,42516.77,46494.14,52247.9,46173.62857142858,41315.82357142858,46220.407666666666,21.714285714285715,22.833333333333332,5,28,3,575
9ae1ca9a-c01b-423f-8f5c-7af4a702a6f1,2026-03-29,42730.43,22,28169.31,48136.79,41966.1,44058.2,44123.991428571426,40006.90714285715,45417.78800000001,21.571428571428573,22.566666666666666,6,29,3,576
9ae1ca9a-c01b-423f-8f5c-7af4a702a6f1,2026-03-30,32931.35,22,42730.43,30962.5,24216.88,57749.62,43351.654285714285,40061.50214285714,45373.528999999995,21.142857142857142,22.466666666666665,0,30,3,577
9ae1ca9a-c01b-423f-8f5c-7af4a702a6f1,2026-03-31,60566.59,22,32931.35,45823.41,46338.59,56131.96,43632.91857142857,40683.96428571428,44546.253333333334,22.0,22.133333333333333,1,31,3,578
9ae1ca9a-c01b-423f-8f5c-7af4a702a6f1,2026-04-01,61800.41,26,60566.59,49688.56,22917.75,49502.95,45739.08714285714,41700.25,44694.07433333333,21.142857142857142,22.033333333333335,2,1,4,579
9ae1ca9a-c01b-423f-8f5c-7af4a702a6f1,2026-04-02,33614.36,20,61800.41,71273.14,36990.04,43856.63,47469.351428571434,44477.58285714286,45103.989666666675,21.714285714285715,22.233333333333334,3,2,4,580
9ae1ca9a-c01b-423f-8f5c-7af4a702a6f1,2026-04-03,29467.64,19,33614.36,34814.23,36282.63,48742.22,42089.525714285715,44236.462857142855,44762.58066666666,20.714285714285715,22.133333333333333,4,3,4,581
9ae1ca9a-c01b-423f-8f5c-7af4a702a6f1,2026-04-04,25917.08,15,29467.64,28169.31,42516.77,40651.07,41325.72714285715,43749.67785714286,44120.09466666667,20.857142857142858,22.0,5,4,4,582
9ae1ca9a-c01b-423f-8f5c-7af4a702a6f1,2026-04-05,63800.33,26,25917.08,42730.43,48136.79,61922.67,41003.979999999996,42563.98571428571,43628.96166666666,20.857142857142858,21.833333333333332,6,5,4,583
9ae1ca9a-c01b-423f-8f5c-7af4a702a6f1,2026-04-06,41226.64,24,63800.33,32931.35,30962.5,55618.73,44013.96571428572,43682.810000000005,43691.55033333333,21.428571428571427,21.733333333333334,0,6,4,584
9ae1ca9a-c01b-423f-8f5c-7af4a702a6f1,2026-04-07,38601.01,14,41226.64,60566.59,45823.41,40049.64,45199.00714285714,44415.962857142855,43211.814,21.714285714285715,21.766666666666666,1,7,4,585
9ae1ca9a-c01b-423f-8f5c-7af4a702a6f1,2026-04-08,21375.71,17,38601.01,61800.41,49688.56,28504.9,42061.067142857144,43900.07714285714,43163.52633333333,20.571428571428573,21.6,2,8,4,586
9ae1ca9a-c01b-423f-8f5c-7af4a702a6f1,2026-04-09,44834.77,27,21375.71,33614.36,71273.14,86981.53,36286.11,41877.730714285724,42925.88666666667,19.285714285714285,21.733333333333334,3,9,4,587
9ae1ca9a-c01b-423f-8f5c-7af4a702a6f1,2026-04-10,30419.82,16,44834.77,29467.64,34814.23,64443.73,37889.025714285715,39989.275714285715,41520.99466666666,20.285714285714285,21.433333333333334,4,10,4,588
9ae1ca9a-c01b-423f-8f5c-7af4a702a6f1,2026-04-11,64500.48,29,30419.82,25917.08,28169.31,18557.21,38025.05142857142,39675.389285714286,40386.86433333333,19.857142857142858,21.0,5,11,4,589
9ae1ca9a-c01b-423f-8f5c-7af4a702a6f1,2026-04-12,52029.83,23,64500.48,63800.33,42730.43,59171.74,43536.96571428572,42270.47285714286,41918.306666666664,21.857142857142858,21.566666666666666,6,12,4,590
9ae1ca9a-c01b-423f-8f5c-7af4a702a6f1,2026-04-13,26885.78,18,52029.83,41226.64,32931.35,46494.14,41855.46571428572,42934.71571428572,41680.243,21.428571428571427,21.266666666666666,0,13,4,591
9ae1ca9a-c01b-423f-8f5c-7af4a702a6f1,2026-04-14,45109.06,21,26885.78,38601.01,60566.59,41966.1,39806.77142857143,42502.88928571429,41026.631,20.571428571428573,21.133333333333333,1,14,4,592
9ae1ca9a-c01b-423f-8f5c-7af4a702a6f1,2026-04-15,45023.47,23,45109.06,21375.71,61800.41,24216.88,40736.49285714285,41398.77999999999,41131.39633333334,21.571428571428573,21.066666666666666,2,15,4,593
9ae1ca9a-c01b-423f-8f5c-7af4a702a6f1,2026-04-16,54106.0,24,45023.47,44834.77,33614.36,46338.59,44114.74428571429,40200.427142857145,41824.94933333333,22.428571428571427,21.333333333333332,3,16,4,594
9ae1ca9a-c01b-423f-8f5c-7af4a702a6f1,2026-04-17,42815.32,23,54106.0,30419.82,29467.64,22917.75,45439.205714285716,41664.11571428571,42083.863000000005,22.0,21.066666666666666,4,17,4,595
9ae1ca9a-c01b-423f-8f5c-7af4a702a6f1,2026-04-18,26513.96,17,42815.32,64500.48,25917.08,36990.04,47209.991428571426,42617.521428571425,42747.115333333335,23.0,21.433333333333334,5,18,4,596
9ae1ca9a-c01b-423f-8f5c-7af4a702a6f1,2026-04-19,39565.5,18,26513.96,52029.83,63800.33,36282.63,41783.34571428572,42660.15571428572,42397.91266666667,21.285714285714285,21.266666666666666,6,19,4,597
9ae1ca9a-c01b-423f-8f5c-7af4a702a6f1,2026-04-20,44723.38,18,39565.5,26885.78,41226.64,42516.77,40002.72714285714,40929.09642857143,42507.34166666667,20.571428571428573,21.1,0,20,4,598
9ae1ca9a-c01b-423f-8f5c-7af4a702a6f1,2026-04-21,27474.9,16,44723.38,45109.06,38601.01,48136.79,42550.955714285716,41178.86357142858,42580.89533333333,20.571428571428573,21.166666666666668,1,21,4,599
9ae1ca9a-c01b-423f-8f5c-7af4a702a6f1,2026-04-22,33103.46,20,27474.9,45023.47,21375.71,30962.5,40031.79,40384.14142857143,41892.165666666675,19.857142857142858,20.866666666666667,2,22,4,600
9ae1ca9a-c01b-423f-8f5c-7af4a702a6f1,2026-04-23,47328.73,19,33103.46,54106.0,44834.77,45823.41,38328.93142857143,41221.837857142855,41963.531,19.428571428571427,21.0,3,23,4,601
9ae1ca9a-c01b-423f-8f5c-7af4a702a6f1,2026-04-24,57497.79,26,47328.73,42815.32,30419.82,49688.56,37360.75,41399.977857142854,42013.708333333336,18.714285714285715,20.7,4,24,4,602
9ae1ca9a-c01b-423f-8f5c-7af4a702a6f1,2026-04-25,46242.99,26,57497.79,26513.96,64500.48,71273.14,39458.24571428571,43334.118571428575,42274.015999999996,19.142857142857142,20.833333333333332,5,25,4,603
9ae1ca9a-c01b-423f-8f5c-7af4a702a6f1,2026-04-26,48483.85,20,46242.99,39565.5,52029.83,34814.23,42276.67857142857,42030.012142857144,41439.67766666667,20.428571428571427,20.8,6,26,4,604
9ae1ca9a-c01b-423f-8f5c-7af4a702a6f1,2026-04-27,38284.74,19,48483.85,44723.38,26885.78,28169.31,43550.72857142857,41776.72785714286,41895.331666666665,20.714285714285715,20.866666666666667,0,27,4,605
9ae1ca9a-c01b-423f-8f5c-7af4a702a6f1,2026-04-28,37024.24,19,38284.74,27474.9,45109.06,42730.43,42630.922857142854,42590.93928571429,42232.51266666666,20.857142857142858,21.0,1,28,4,606
9ae1ca9a-c01b-423f-8f5c-7af4a702a6f1,2026-04-29,44108.62,20,37024.24,33103.46,45023.47,32931.35,43995.114285714284,42013.45214285714,42042.306333333334,21.285714285714285,20.9,2,29,4,607
9ae1ca9a-c01b-423f-8f5c-7af4a702a6f1,2026-04-30,46562.7,23,44108.62,47328.73,54106.0,60566.59,45567.280000000006,41948.10571428571,42414.882,21.285714285714285,20.833333333333332,3,30,4,608
9ae1ca9a-c01b-423f-8f5c-7af4a702a6f1,2026-05-01,92174.1,22,46562.7,57497.79,42815.32,61800.41,45457.847142857136,41409.29857142857,41948.085666666666,21.857142857142858,20.866666666666667,4,1,5,609
9ae1ca9a-c01b-423f-8f5c-7af4a702a6f1,2026-05-02,93082.11,27,92174.1,46242.99,26513.96,33614.36,50411.60571428571,44934.92571428572,42960.542,21.285714285714285,20.733333333333334,5,2,5,610
9ae1ca9a-c01b-423f-8f5c-7af4a702a6f1,2026-05-03,40386.89,17,93082.11,48483.85,39565.5,29467.64,57102.90857142857,49689.79357142857,44942.80033333333,21.428571428571427,20.966666666666665,6,3,5,611
9ae1ca9a-c01b-423f-8f5c-7af4a702a6f1,2026-05-04,54172.38,17,40386.89,38284.74,44723.38,25917.08,55946.200000000004,49748.46428571428,45306.77533333333,21.0,20.9,0,4,5,612
9ae1ca9a-c01b-423f-8f5c-7af4a702a6f1,2026-05-05,96463.68,28,54172.38,37024.24,27474.9,63800.33,58215.86285714286,50423.392857142855,46248.61866666667,20.714285714285715,20.966666666666665,1,5,5,613
9ae1ca9a-c01b-423f-8f5c-7af4a702a6f1,2026-05-06,102891.98,25,96463.68,44108.62,33103.46,41226.64,66707.21142857142,55351.16285714286,47337.397,22.0,21.033333333333335,2,6,5,614
9ae1ca9a-c01b-423f-8f5c-7af4a702a6f1,2026-05-07,77988.47,26,102891.98,46562.7,47328.73,38601.01,75104.83428571429,60336.057142857135,49392.90833333333,22.714285714285715,21.066666666666666,3,7,5,615
9ae1ca9a-c01b-423f-8f5c-7af4a702a6f1,2026-05-08,88684.58,26,77988.47,92174.1,57497.79,21375.71,79594.23,62526.03857142857,50705.82366666667,23.142857142857142,21.466666666666665,4,8,5,616
9ae1ca9a-c01b-423f-8f5c-7af4a702a6f1,2026-05-09,76058.76,25,88684.58,93082.11,46242.99,44834.77,79095.72714285714,64753.66642857143,52949.452666666664,23.714285714285715,21.766666666666666,5,9,5,617
9ae1ca9a-c01b-423f-8f5c-7af4a702a6f1,2026-05-10,75481.75,21,76058.76,40386.89,48483.85,30419.82,76663.81999999999,66883.36428571428,53990.25233333334,23.428571428571427,21.7,6,10,5,618
9ae1ca9a-c01b-423f-8f5c-7af4a702a6f1,2026-05-11,56144.98,17,75481.75,54172.38,38284.74,64500.48,81677.37142857142,68811.78571428571,55492.316666666666,24.0,21.866666666666667,0,11,5,619
9ae1ca9a-c01b-423f-8f5c-7af4a702a6f1,2026-05-12,58260.35,18,56144.98,96463.68,37024.24,52029.83,81959.17142857143,70087.51714285715,55213.8,24.0,21.466666666666665,1,12,5,620
9ae1ca9a-c01b-423f-8f5c-7af4a702a6f1,2026-05-13,57781.95,20,58260.35,102891.98,44108.62,26885.78,76501.55285714286,71604.38214285714,55421.484000000004,22.571428571428573,21.3,2,13,5,621
9ae1ca9a-c01b-423f-8f5c-7af4a702a6f1,2026-05-14,105389.08,31,57781.95,77988.47,46562.7,45109.06,70057.26285714286,72581.04857142858,56451.35633333333,21.857142857142858,21.366666666666667,3,14,5,622
9ae1ca9a-c01b-423f-8f5c-7af4a702a6f1,2026-05-15,64009.2,24,105389.08,88684.58,92174.1,45023.47,73971.6357142857,76782.93285714286,58460.69033333333,22.571428571428573,21.7,4,15,5,623
9ae1ca9a-c01b-423f-8f5c-7af4a702a6f1,2026-05-16,79495.73,24,64009.2,76058.76,93082.11,54106.0,70446.58142857143,74771.15428571428,59093.547999999995,22.285714285714285,21.733333333333334,5,16,5,624
9ae1ca9a-c01b-423f-8f5c-7af4a702a6f1,2026-05-17,56061.98,20,79495.73,75481.75,40386.89,42815.32,70937.57714285715,73800.69857142857,59939.87233333333,22.142857142857142,21.733333333333334,6,17,5,625
9ae1ca9a-c01b-423f-8f5c-7af4a702a6f1,2026-05-18,67288.93,20,56061.98,56144.98,54172.38,26513.96,68163.32428571429,74920.34785714284,60381.42766666667,22.0,21.633333333333333,0,18,5,626
9ae1ca9a-c01b-423f-8f5c-7af4a702a6f1,2026-05-19,97357.27,28,67288.93,58260.35,96463.68,39565.5,69755.31714285714,75857.24428571427,61740.59333333333,22.428571428571427,21.733333333333334,1,19,5,627
9ae1ca9a-c01b-423f-8f5c-7af4a702a6f1,2026-05-20,76662.86,26,97357.27,57781.95,102891.98,44723.38,75340.59142857142,75921.07214285714,63666.98566666666,23.857142857142858,22.066666666666666,2,20,5,628
9ae1ca9a-c01b-423f-8f5c-7af4a702a6f1,2026-05-21,57479.65,20,76662.86,105389.08,77988.47,27474.9,78037.8642857143,74047.56357142857,64731.635,24.714285714285715,22.333333333333332,3,21,5,629
9ae1ca9a-c01b-423f-8f5c-7af4a702a6f1,2026-05-22,73410.76,23,57479.65,64009.2,88684.58,33103.46,71193.66,72582.64785714286,65731.79333333332,23.142857142857142,22.466666666666665,4,22,5,630
9ae1ca9a-c01b-423f-8f5c-7af4a702a6f1,2026-05-23,127254.77,35,73410.76,79495.73,76058.76,47328.73,72536.74,71491.66071428571,67075.37,23.0,22.566666666666666,5,23,5,631
9ae1ca9a-c01b-423f-8f5c-7af4a702a6f1,2026-05-24,66573.77,22,127254.77,56061.98,75481.75,57497.79,79359.46,75148.51857142858,69739.57133333333,24.571428571428573,23.1,6,24,5,632
9ae1ca9a-c01b-423f-8f5c-7af4a702a6f1,2026-05-25,100963.03,32,66573.77,67288.93,56144.98,46242.99,80861.14428571428,74512.2342857143,70042.104,24.857142857142858,22.966666666666665,0,25,5,633
9ae1ca9a-c01b-423f-8f5c-7af4a702a6f1,2026-05-26,84686.5,31,100963.03,97357.27,58260.35,48483.85,85671.73,77713.52357142858,71866.10533333334,26.571428571428573,23.166666666666668,1,26,5,634
9ae1ca9a-c01b-423f-8f5c-7af4a702a6f1,2026-05-27,107029.32,31,84686.5,76662.86,57781.95,38284.74,83861.62,79601.10571428572,73072.86033333332,27.0,23.533333333333335,2,27,5,635
9ae1ca9a-c01b-423f-8f5c-7af4a702a6f1,2026-05-28,79436.21,22,107029.32,57479.65,105389.08,37024.24,88199.68571428572,83118.77500000001,75364.34633333333,27.714285714285715,23.933333333333334,3,28,5,636
9ae1ca9a-c01b-423f-8f5c-7af4a702a6f1,2026-05-29,107397.47,38,79436.21,73410.76,64009.2,44108.62,91336.33714285714,81264.99857142857,76778.07866666667,28.0,24.033333333333335,4,29,5,637
9ae1ca9a-c01b-423f-8f5c-7af4a702a6f1,2026-05-30,76703.99,22,107397.47,127254.77,79495.73,46562.7,96191.58142857142,84364.16071428571,78887.70700000001,30.142857142857142,24.633333333333333,5,30,5,638
9ae1ca9a-c01b-423f-8f5c-7af4a702a6f1,2026-05-31,69550.56,26,76703.99,66573.77,56061.98,92174.1,88970.04142857144,84164.75071428572,79892.41666666667,28.285714285714285,24.6,6,31,5,639
9ae1ca9a-c01b-423f-8f5c-7af4a702a6f1,2026-06-01,53657.12,20,69550.56,100963.03,67288.93,93082.11,89395.29714285713,85128.22071428572,79138.29866666667,28.857142857142858,24.733333333333334,0,1,6,640
9ae1ca9a-c01b-423f-8f5c-7af4a702a6f1,2026-06-02,51303.95,15,53657.12,84686.5,97357.27,40386.89,82637.31000000001,84154.52,77824.13233333334,27.142857142857142,24.5,1,2,6,641
9ae1ca9a-c01b-423f-8f5c-7af4a702a6f1,2026-06-03,79106.37,28,51303.95,107029.32,76662.86,54172.38,77868.37428571428,80864.99714285714,78188.03433333333,24.857142857142858,24.433333333333334,2,3,6,642
9ae1ca9a-c01b-423f-8f5c-7af4a702a6f1,2026-06-04,37238.11,13,79106.37,79436.21,57479.65,96463.68,73879.38142857143,81039.53357142858,79019.16733333333,24.428571428571427,24.8,3,4,6,643
9ae1ca9a-c01b-423f-8f5c-7af4a702a6f1,2026-06-05,99061.05,25,37238.11,107397.47,73410.76,102891.98,67851.08142857143,79593.70928571429,77044.98166666666,23.142857142857142,24.3,4,5,6,644
9ae1ca9a-c01b-423f-8f5c-7af4a702a6f1,2026-06-06,80531.8,23,99061.05,76703.99,127254.77,77988.47,66660.16428571429,81425.87285714285,76917.284,21.285714285714285,24.3,5,6,6,645
9ae1ca9a-c01b-423f-8f5c-7af4a702a6f1,2026-06-07,73901.8,19,80531.8,69550.56,66573.77,88684.58,67206.99428571429,78088.51785714286,77002.06166666668,21.428571428571427,24.2,6,7,6,646
9ae1ca9a-c01b-423f-8f5c-7af4a702a6f1,2026-06-08,67546.59,27,73901.8,53657.12,100963.03,76058.76,67828.6,78611.94857142857,76509.30233333334,20.428571428571427,23.966666666666665,0,8,6,647
9ae1ca9a-c01b-423f-8f5c-7af4a702a6f1,2026-06-09,90194.75,28,67546.59,51303.95,84686.5,75481.75,69812.81000000001,76225.05999999998,76225.56333333332,21.428571428571427,24.033333333333335,1,9,6,648
9ae1ca9a-c01b-423f-8f5c-7af4a702a6f1,2026-06-10,81639.04,21,90194.75,79106.37,107029.32,56144.98,75368.63857142857,76618.50642857142,76715.99666666666,23.285714285714285,24.266666666666666,2,10,6,649
9ae1ca9a-c01b-423f-8f5c-7af4a702a6f1,2026-06-11,91933.13,30,81639.04,37238.11,79436.21,58260.35,75730.44857142857,74804.91500000001,77565.79866666667,22.285714285714285,24.4,3,11,6,650
9ae1ca9a-c01b-423f-8f5c-7af4a702a6f1,2026-06-12,78082.42,32,91933.13,99061.05,107397.47,57781.95,83544.02285714286,75697.55214285714,78688.22466666668,24.714285714285715,24.8,4,12,6,651
9ae1ca9a-c01b-423f-8f5c-7af4a702a6f1,2026-06-13,66091.98,29,78082.42,80531.8,76703.99,105389.08,80547.07571428572,73603.62,79364.90699999999,25.714285714285715,25.2,5,13,6,652
9ae1ca9a-c01b-423f-8f5c-7af4a702a6f1,2026-06-14,92500.45,23,66091.98,73901.8,69550.56,64009.2,78484.24428571427,72845.61928571427,78055.00366666666,26.571428571428573,25.133333333333333,6,14,6,653
9ae1ca9a-c01b-423f-8f5c-7af4a702a6f1,2026-06-15,111369.87,33,92500.45,67546.59,53657.12,79495.73,81141.19428571429,74484.89714285715,79004.71200000001,27.142857142857142,25.1,0,15,6,654
9ae1ca9a-c01b-423f-8f5c-7af4a702a6f1,2026-06-16,86353.54,24,111369.87,90194.75,51303.95,56061.98,87401.66285714286,78607.23642857143,80067.18333333333,28.0,25.4,1,16,6,655
9ae1ca9a-c01b-423f-8f5c-7af4a702a6f1,2026-06-17,75654.42,19,86353.54,81639.04,79106.37,67288.93,86852.91857142858,81110.77857142859,81076.90199999999,27.428571428571427,25.533333333333335,2,17,6,656
9ae1ca9a-c01b-423f-8f5c-7af4a702a6f1,2026-06-18,68646.05,27,75654.42,91933.13,37238.11,97357.27,85997.97285714284,80864.21071428571,81355.75166666668,27.142857142857142,25.5,3,18,6,657
9ae1ca9a-c01b-423f-8f5c-7af4a702a6f1,2026-06-19,99108.37,32,68646.05,78082.42,99061.05,76662.86,82671.24714285714,83107.63500000001,80398.711,26.714285714285715,25.466666666666665,4,19,6,658
9ae1ca9a-c01b-423f-8f5c-7af4a702a6f1,2026-06-20,67595.27,20,99108.37,66091.98,80531.8,57479.65,85674.95428571428,83111.015,81146.89466666667,26.714285714285715,25.666666666666668,5,20,6,659
9ae1ca9a-c01b-423f-8f5c-7af4a702a6f1,2026-06-21,91564.33,24,67595.27,92500.45,73901.8,73410.76,85889.70999999999,82186.97714285714,81484.082,25.428571428571427,25.666666666666668,6,21,6,660
9ae1ca9a-c01b-423f-8f5c-7af4a702a6f1,2026-06-22,41147.5,12,91564.33,111369.87,67546.59,127254.77,85755.97857142857,83448.58642857142,82089.20100000002,25.571428571428573,25.7,0,22,6,661
9ae1ca9a-c01b-423f-8f5c-7af4a702a6f1,2026-06-23,100908.25,28,41147.5,86353.54,90194.75,66573.77,75724.21142857142,81562.93714285715,79218.95866666667,22.571428571428573,24.933333333333334,1,23,6,662
9ae1ca9a-c01b-423f-8f5c-7af4a702a6f1,2026-06-24,106249.29,29,100908.25,75654.42,81639.04,100963.03,77803.45571428572,82328.18714285715,80363.44133333334,23.142857142857142,25.133333333333333,2,24,6,663
9ae1ca9a-c01b-423f-8f5c-7af4a702a6f1,2026-06-25,122260.58,28,106249.29,68646.05,91933.13,84686.5,82174.15142857142,84086.06214285715,80539.65,24.571428571428573,25.033333333333335,3,25,6,664
9ae1ca9a-c01b-423f-8f5c-7af4a702a6f1,2026-06-26,61010.15,26,122260.58,99108.37,78082.42,107029.32,89833.37,86252.30857142856,81792.11933333332,24.714285714285715,24.933333333333334,4,26,6,665
9ae1ca9a-c01b-423f-8f5c-7af4a702a6f1,2026-06-27,103918.59,32,61010.15,67595.27,66091.98,79436.21,84390.76714285715,85032.86071428572,80258.14700000001,23.857142857142858,24.766666666666666,5,27,6,666
9ae1ca9a-c01b-423f-8f5c-7af4a702a6f1,2026-06-28,76226.97,30,103918.59,91564.33,92500.45,107397.47,89579.81285714285,87734.76142857144,81074.22633333334,25.571428571428573,25.1,6,28,6,667
9ae1ca9a-c01b-423f-8f5c-7af4a702a6f1,2026-06-29,161766.54,44,76226.97,41147.5,111369.87,76703.99,87388.76142857144,86572.37000000001,80035.20966666665,26.428571428571427,24.833333333333332,0,29,6,668
9ae1ca9a-c01b-423f-8f5c-7af4a702a6f1,2026-06-30,101162.09,29,161766.54,100908.25,86353.54,69550.56,104620.05285714286,90172.13214285715,82870.628,31.0,25.566666666666666,1,30,6,669
9ae1ca9a-c01b-423f-8f5c-7af4a702a6f1,2026-07-01,53530.51,26,101162.09,106249.29,75654.42,53657.12,104656.31571428571,91229.8857142857,83924.34566666668,31.142857142857142,25.666666666666668,2,1,7,670
9ae1ca9a-c01b-423f-8f5c-7af4a702a6f1,2026-07-02,63415.94,28,53530.51,122260.58,68646.05,51303.95,97125.06142857143,89649.60642857142,83920.12533333333,30.714285714285715,25.866666666666667,3,2,7,671
9ae1ca9a-c01b-423f-8f5c-7af4a702a6f1,2026-07-03,40073.21,25,63415.94,61010.15,99108.37,79106.37,88718.68428571429,89276.02714285713,84323.85833333334,30.714285714285715,26.3,4,3,7,672
9ae1ca9a-c01b-423f-8f5c-7af4a702a6f1,2026-07-04,61607.06,33,40073.21,103918.59,67595.27,37238.11,85727.69285714286,85059.23000000001,83022.753,30.571428571428573,26.2,5,4,7,673
9ae1ca9a-c01b-423f-8f5c-7af4a702a6f1,2026-07-05,48697.31,24,61607.06,76226.97,91564.33,99061.05,79683.18857142857,84631.50071428572,83835.05133333334,30.714285714285715,26.866666666666667,6,5,7,674
9ae1ca9a-c01b-423f-8f5c-7af4a702a6f1,2026-07-06,39397.17,24,48697.31,161766.54,41147.5,80531.8,75750.38,81569.57071428571,82156.26,29.857142857142858,26.833333333333332,0,6,7,675
9ae1ca9a-c01b-423f-8f5c-7af4a702a6f1,2026-07-07,51239.78,20,39397.17,101162.09,100908.25,73901.8,58269.04142857143,81444.54714285713,80785.10566666667,27.0,26.866666666666667,1,7,7,676
9ae1ca9a-c01b-423f-8f5c-7af4a702a6f1,2026-07-08,36990.56,27,51239.78,53530.51,106249.29,67546.59,51137.282857142854,77896.79928571428,80029.705,25.714285714285715,26.9,2,8,7,677
9ae1ca9a-c01b-423f-8f5c-7af4a702a6f1,2026-07-09,53568.68,27,36990.56,63415.94,122260.58,90194.75,48774.432857142856,72949.74714285714,79011.17066666667,25.857142857142858,26.9,3,9,7,678
9ae1ca9a-c01b-423f-8f5c-7af4a702a6f1,2026-07-10,48834.43,29,53568.68,40073.21,61010.15,81639.04,47367.68142857142,68043.18285714285,77790.30166666667,25.714285714285715,26.866666666666667,4,10,7,679
9ae1ca9a-c01b-423f-8f5c-7af4a702a6f1,2026-07-11,33088.18,18,48834.43,61607.06,103918.59,91933.13,48619.28428571428,67173.48857142856,76696.81466666666,26.285714285714285,27.133333333333333,5,11,7,680
9ae1ca9a-c01b-423f-8f5c-7af4a702a6f1,2026-07-12,55916.8,23,33088.18,48697.31,76226.97,78082.42,44545.158571428576,62114.173571428575,74735.31633333334,24.142857142857142,26.733333333333334,6,12,7,681
9ae1ca9a-c01b-423f-8f5c-7af4a702a6f1,2026-07-13,70504.78,35,55916.8,39397.17,161766.54,66091.98,45576.51428571429,60663.44714285714,73996.46233333334,24.0,26.433333333333334,0,13,7,682
9ae1ca9a-c01b-423f-8f5c-7af4a702a6f1,2026-07-14,63429.68,31,70504.78,51239.78,101162.09,92500.45,50020.458571428564,54144.75,74143.55566666667,25.571428571428573,26.633333333333333,1,14,7,683
9ae1ca9a-c01b-423f-8f5c-7af4a702a6f1,2026-07-15,43307.55,23,63429.68,36990.56,53530.51,111369.87,51761.872857142866,51449.57785714286,73174.53,27.142857142857142,26.9,2,15,7,684
9ae1ca9a-c01b-423f-8f5c-7af4a702a6f1,2026-07-16,48352.28,21,43307.55,53568.68,63415.94,86353.54,52664.3,50719.366428571426,70905.78600000001,26.571428571428573,26.566666666666666,3,16,7,685
9ae1ca9a-c01b-423f-8f5c-7af4a702a6f1,2026-07-17,56436.21,30,48352.28,48834.43,40073.21,75654.42,51919.1,49643.39071428571,69639.07733333333,25.714285714285715,26.466666666666665,4,17,7,686
9ae1ca9a-c01b-423f-8f5c-7af4a702a6f1,2026-07-18,63811.7,34,56436.21,33088.18,61607.06,68646.05,53005.06857142858,50812.17642857142,68998.47033333333,25.857142857142858,26.833333333333332,5,18,7,687
9ae1ca9a-c01b-423f-8f5c-7af4a702a6f1,2026-07-19,58166.26,28,63811.7,55916.8,48697.31,99108.37,57394.142857142855,50969.650714285715,68837.32533333333,28.142857142857142,27.066666666666666,6,19,7,688
9ae1ca9a-c01b-423f-8f5c-7af4a702a6f1,2026-07-20,54917.92,24,58166.26,70504.78,39397.17,67595.27,57715.49428571429,51646.00428571429,67472.58833333333,28.857142857142858,26.933333333333334,0,20,7,689
9ae1ca9a-c01b-423f-8f5c-7af4a702a6f1,2026-07-21,54545.91,30,54917.92,63429.68,51239.78,91564.33,55488.8,52754.62928571428,67050.01,27.285714285714285,27.066666666666666,1,21,7,690
9ae1ca9a-c01b-423f-8f5c-7af4a702a6f1,2026-07-22,66191.65,31,54545.91,43307.55,36990.56,41147.5,54219.689999999995,52990.781428571434,65816.06266666666,27.142857142857142,27.266666666666666,2,22,7,691
9ae1ca9a-c01b-423f-8f5c-7af4a702a6f1,2026-07-23,36737.66,25,66191.65,48352.28,53568.68,100908.25,57488.84714285714,55076.57357142858,66650.86766666667,28.285714285714285,27.9,3,23,7,692
9ae1ca9a-c01b-423f-8f5c-7af4a702a6f1,2026-07-24,52319.06,26,36737.66,56436.21,48834.43,106249.29,55829.61571428572,53874.35785714286,64511.848,28.857142857142858,27.8,4,24,7,693
9ae1ca9a-c01b-423f-8f5c-7af4a702a6f1,2026-07-25,39539.1,24,52319.06,63811.7,33088.18,122260.58,55241.45142857143,54123.26,62714.17366666666,28.285714285714285,27.7,5,25,7,694
9ae1ca9a-c01b-423f-8f5c-7af4a702a6f1,2026-07-26,25975.05,19,39539.1,58166.26,55916.8,61010.15,51773.93714285714,54584.03999999999,59956.791,26.857142857142858,27.566666666666666,6,26,7,695
9ae1ca9a-c01b-423f-8f5c-7af4a702a6f1,2026-07-27,63119.87,26,25975.05,54917.92,70504.78,103918.59,47175.19285714285,52445.34357142857,58788.954333333335,25.571428571428573,27.333333333333332,0,27,7,696
9ae1ca9a-c01b-423f-8f5c-7af4a702a6f1,2026-07-28,67088.08,31,63119.87,54545.91,63429.68,76226.97,48346.9,51917.85,57428.996999999996,25.857142857142858,27.133333333333333,1,28,7,697
9ae1ca9a-c01b-423f-8f5c-7af4a702a6f1,2026-07-29,40336.89,21,67088.08,66191.65,43307.55,161766.54,50138.63857142858,52179.16428571428,57124.367333333335,26.0,27.166666666666668,2,29,7,698
9ae1ca9a-c01b-423f-8f5c-7af4a702a6f1,2026-07-30,50678.88,28,40336.89,36737.66,48352.28,101162.09,46445.101428571434,51966.974285714285,53076.71233333333,24.571428571428573,26.4,3,30,7,699
9ae1ca9a-c01b-423f-8f5c-7af4a702a6f1,2026-07-31,43108.98,22,50678.88,52319.06,56436.21,53530.51,48436.704285714295,52133.159999999996,51393.93866666667,25.0,26.366666666666667,4,31,7,700
9ae1ca9a-c01b-423f-8f5c-7af4a702a6f1,2026-08-01,62289.33,33,43108.98,39539.1,63811.7,63415.94,47120.97857142857,51181.215000000004,51046.55433333334,24.428571428571427,26.233333333333334,5,1,8,701
9ae1ca9a-c01b-423f-8f5c-7af4a702a6f1,2026-08-02,56577.51,30,62289.33,25975.05,58166.26,40073.21,50371.01142857143,51072.474285714285,51009.00066666667,25.714285714285715,26.4,6,2,8,702
9ae1ca9a-c01b-423f-8f5c-7af4a702a6f1,2026-08-03,41479.06,18,56577.51,63119.87,54917.92,61607.06,54742.791428571436,50958.99214285715,51559.144,27.285714285714285,26.566666666666666,0,3,8,703
9ae1ca9a-c01b-423f-8f5c-7af4a702a6f1,2026-08-04,24492.14,16,41479.06,67088.08,54545.91,48697.31,51651.24714285715,49999.07357142858,50888.210666666666,26.142857142857142,26.066666666666666,1,4,8,704
9ae1ca9a-c01b-423f-8f5c-7af4a702a6f1,2026-08-05,55393.86,25,24492.14,40336.89,66191.65,39397.17,45566.112857142856,47852.375714285714,50081.37166666667,24.0,25.8,2,5,8,705
9ae1ca9a-c01b-423f-8f5c-7af4a702a6f1,2026-08-06,53342.01,38,55393.86,50678.88,36737.66,51239.78,47717.10857142857,47081.104999999996,50614.594666666664,24.571428571428573,25.833333333333332,3,6,8,706
9ae1ca9a-c01b-423f-8f5c-7af4a702a6f1,2026-08-07,40997.66,23,53342.01,43108.98,52319.06,36990.56,48097.555714285714,48267.130000000005,50684.669,26.0,26.433333333333334,4,7,8,707
9ae1ca9a-c01b-423f-8f5c-7af4a702a6f1,2026-08-08,53412.29,32,40997.66,62289.33,39539.1,53568.68,47795.938571428575,47458.45857142857,50818.23900000001,26.142857142857142,26.3,5,8,8,708
9ae1ca9a-c01b-423f-8f5c-7af4a702a6f1,2026-08-09,62615.63,30,53412.29,56577.51,25975.05,48834.43,46527.78999999999,48449.400714285715,50813.026,26.0,26.466666666666665,6,9,8,709
9ae1ca9a-c01b-423f-8f5c-7af4a702a6f1,2026-08-10,71207.3,40,62615.63,41479.06,63119.87,33088.18,47390.37857142857,51066.585,51272.399333333335,26.0,26.5,0,10,8,710
9ae1ca9a-c01b-423f-8f5c-7af4a702a6f1,2026-08-11,65395.28,27,71207.3,24492.14,67088.08,55916.8,51637.270000000004,51644.258571428574,52543.03666666667,29.142857142857142,27.233333333333334,1,11,8,711
9ae1ca9a-c01b-423f-8f5c-7af4a702a6f1,2026-08-12,55370.7,33,65395.28,55393.86,40336.89,70504.78,57480.57571428572,51523.34428571429,52858.986000000004,30.714285714285715,27.366666666666667,2,12,8,712
9ae1ca9a-c01b-423f-8f5c-7af4a702a6f1,2026-08-13,51701.7,26,55370.7,53342.01,50678.88,63429.68,57477.26714285714,52597.18785714286,52354.51666666667,31.857142857142858,27.3,3,13,8,713
9ae1ca9a-c01b-423f-8f5c-7af4a702a6f1,2026-08-14,57305.24,30,51701.7,40997.66,43108.98,43307.55,57242.93714285713,52670.24642857142,51963.584,30.142857142857142,27.133333333333333,4,14,8,714
