business_id,date,cash_inflow,cash_outflow,net_cash_flow,cash_inflow_rolling_7,cash_inflow_rolling_30,cash_outflow_rolling_7,cash_outflow_rolling_30,net_cash_flow_rolling_7,net_cash_flow_rolling_30,net_cash_flow_lag_1,net_cash_flow_lag_7,day_of_week,day_of_month,month,days_since_series_start
9ae1ca9a-c01b-423f-8f5c-7af4a702a6f1,2024-09-14,0.0,65458.18,-65458.18,0.0,0.0,69573.43714285715,57276.96833333334,-69573.43714285715,-57276.96833333334,-68135.84,-103758.66,5,14,9,30
9ae1ca9a-c01b-423f-8f5c-7af4a702a6f1,2024-09-15,0.0,44780.08,-44780.08,0.0,0.0,64101.94,57800.27166666666,-64101.94,-57800.27166666666,-65458.18,-76447.56,6,15,9,31
9ae1ca9a-c01b-423f-8f5c-7af4a702a6f1,2024-09-16,0.0,13277.48,-13277.48,0.0,0.0,59578.01428571429,57894.861333333334,-59578.01428571429,-57894.861333333334,-44780.08,-33922.08,0,16,9,32
9ae1ca9a-c01b-423f-8f5c-7af4a702a6f1,2024-09-17,434.28,107723.93,-107289.65,0.0,0.0,56628.78571428572,56550.36166666667,-56628.78571428572,-56550.36166666667,-13277.48,-99850.6,1,17,9,33
9ae1ca9a-c01b-423f-8f5c-7af4a702a6f1,2024-09-18,0.0,105750.76,-105750.76,62.04,14.475999999999999,57753.54714285714,57598.03233333333,-57691.50714285714,-57583.556333333334,-107289.65,-33857.38,2,18,9,34
9ae1ca9a-c01b-423f-8f5c-7af4a702a6f1,2024-09-19,0.0,37860.53,-37860.53,62.04,14.475999999999999,68024.03,60722.698333333334,-67961.98999999999,-60708.22233333333,-105750.76,-71041.94,3,19,9,35
9ae1ca9a-c01b-423f-8f5c-7af4a702a6f1,2024-09-20,0.0,101919.4,-101919.4,62.04,14.475999999999999,63283.82857142858,59773.603,-63221.78857142857,-59759.127,-37860.53,-68135.84,4,20,9,36
9ae1ca9a-c01b-423f-8f5c-7af4a702a6f1,2024-09-21,0.0,76404.01,-76404.01,62.04,14.475999999999999,68110.05142857143,60188.74633333333,-68048.01142857142,-60174.27033333333,-101919.4,-65458.18,5,21,9,37
9ae1ca9a-c01b-423f-8f5c-7af4a702a6f1,2024-09-22,0.0,106962.11,-106962.11,62.04,14.475999999999999,69673.74142857143,62467.03599999999,-69611.70142857142,-62452.55999999999,-76404.01,-44780.08,6,22,9,38
9ae1ca9a-c01b-423f-8f5c-7af4a702a6f1,2024-09-23,0.0,40409.35,-40409.35,62.04,14.475999999999999,78556.88857142857,65423.319,-78494.84857142856,-65408.843,-106962.11,-13277.48,0,23,9,39
9ae1ca9a-c01b-423f-8f5c-7af4a702a6f1,2024-09-24,0.0,0.0,0.0,62.04,14.475999999999999,82432.87,66588.03199999999,-82370.82999999999,-66573.556,-40409.35,-107289.65,1,24,9,40
9ae1ca9a-c01b-423f-8f5c-7af4a702a6f1,2024-09-25,0.0,1314.55,-1314.55,0.0,14.475999999999999,67043.73714285714,65610.988,-67043.73714285714,-65596.512,0.0,-105750.76,2,25,9,41
9ae1ca9a-c01b-423f-8f5c-7af4a702a6f1,2024-09-26,0.0,112949.02,-112949.02,0.0,14.475999999999999,52124.27857142857,64353.38566666666,-52124.27857142857,-64338.90966666666,-1314.55,-37860.53,3,26,9,42
9ae1ca9a-c01b-423f-8f5c-7af4a702a6f1,2024-09-27,0.0,94835.67,-94835.67,0.0,14.475999999999999,62851.205714285716,65793.25433333333,-62851.205714285716,-65778.77833333334,-112949.02,-101919.4,4,27,9,43
9ae1ca9a-c01b-423f-8f5c-7af4a702a6f1,2024-09-28,0.0,24450.26,-24450.26,0.0,14.475999999999999,61839.24428571428,63521.959333333325,-61839.24428571429,-63507.48333333333,-94835.67,-76404.01,5,28,9,44
9ae1ca9a-c01b-423f-8f5c-7af4a702a6f1,2024-09-29,0.0,0.0,0.0,0.0,14.475999999999999,54417.27999999999,62061.90666666666,-54417.280000000006,-62047.43066666667,-24450.26,-106962.11,6,29,9,45
9ae1ca9a-c01b-423f-8f5c-7af4a702a6f1,2024-09-30,0.0,114693.99,-114693.99,0.0,14.475999999999999,39136.97857142857,60005.528999999995,-39136.97857142857,-59991.05299999999,0.0,-40409.35,0,30,9,46
9ae1ca9a-c01b-423f-8f5c-7af4a702a6f1,2024-10-01,0.0,41929.45,-41929.45,0.0,14.475999999999999,49749.07,62780.383333333324,-49749.07,-62765.90733333334,-114693.99,0.0,1,1,10,47
9ae1ca9a-c01b-423f-8f5c-7af4a702a6f1,2024-10-02,1940.69,109503.09,-107562.4,0.0,14.475999999999999,55738.991428571426,61366.14266666667,-55738.991428571426,-61351.666666666664,-41929.45,-1314.55,2,2,10,48
9ae1ca9a-c01b-423f-8f5c-7af4a702a6f1,2024-10-03,0.0,5192.3,-5192.3,277.24142857142857,79.16566666666668,71194.49714285714,63647.27766666666,-70917.25571428571,-63568.111999999994,-107562.4,-112949.02,3,3,10,49
9ae1ca9a-c01b-423f-8f5c-7af4a702a6f1,2024-10-04,0.0,133651.02,-133651.02,277.24142857142857,79.16566666666668,55800.67999999999,63430.602666666666,-55523.43857142857,-63351.437000000005,-5192.3,-94835.67,4,4,10,50
9ae1ca9a-c01b-423f-8f5c-7af4a702a6f1,2024-10-05,0.0,29056.0,-29056.0,277.24142857142857,79.16566666666668,61345.729999999996,66610.18433333334,-61068.48857142857,-66531.01866666667,-133651.02,-24450.26,5,5,10,51
9ae1ca9a-c01b-423f-8f5c-7af4a702a6f1,2024-10-06,0.0,77923.51,-77923.51,277.24142857142857,79.16566666666668,62003.69285714285,65892.21833333334,-61726.451428571425,-65813.05266666667,-29056.0,0.0,6,6,10,52
9ae1ca9a-c01b-423f-8f5c-7af4a702a6f1,2024-10-07,1558.39,48885.3,-47326.91,277.24142857142857,79.16566666666668,73135.62285714285,64435.291666666664,-72858.38142857143,-64356.126000000004,-77923.51,-114693.99,0,7,10,53
9ae1ca9a-c01b-423f-8f5c-7af4a702a6f1,2024-10-08,476.04,9609.47,-9133.43,499.86857142857144,131.112,63734.381428571425,62606.17966666667,-63234.51285714285,-62475.06766666667,-47326.91,-41929.45,1,8,10,54
9ae1ca9a-c01b-423f-8f5c-7af4a702a6f1,2024-10-09,349.18,29665.67,-29316.49,567.8742857142857,146.98000000000002,59117.24142857142,60378.24333333333,-58549.36714285713,-60231.26333333333,-9133.43,-107562.4,2,9,10,55
9ae1ca9a-c01b-423f-8f5c-7af4a702a6f1,2024-10-10,0.0,108142.91,-108142.91,340.5157142857143,158.61933333333334,47711.89571428572,60236.363,-47371.380000000005,-60077.74366666666,-29316.49,-5192.3,3,10,10,56
9ae1ca9a-c01b-423f-8f5c-7af4a702a6f1,2024-10-11,0.0,81953.83,-81953.83,340.5157142857143,158.61933333333334,62419.125714285714,60512.77333333333,-62078.61,-60354.154,-108142.91,-133651.02,4,11,10,57
9ae1ca9a-c01b-423f-8f5c-7af4a702a6f1,2024-10-12,0.0,10782.8,-10782.8,340.5157142857143,158.61933333333334,55033.81285714286,62115.98833333333,-54693.29714285715,-61957.36899999999,-81953.83,-29056.0,5,12,10,58
9ae1ca9a-c01b-423f-8f5c-7af4a702a6f1,2024-10-13,4661.13,179028.98,-174367.85,340.5157142857143,158.61933333333334,52423.35571428571,60107.350333333336,-52082.840000000004,-59948.731,-10782.8,-77923.51,6,13,10,59
9ae1ca9a-c01b-423f-8f5c-7af4a702a6f1,2024-10-14,0.0,47301.63,-47301.63,1006.3914285714285,313.9903333333333,66866.99428571427,63803.78833333333,-65860.60285714285,-63489.797999999995,-174367.85,-47326.91,0,14,10,60
9ae1ca9a-c01b-423f-8f5c-7af4a702a6f1,2024-10-15,0.0,87578.68,-87578.68,783.7642857142857,313.9903333333333,66640.75571428571,63198.56999999999,-65856.99142857143,-62884.579666666665,-47301.63,-9133.43,1,15,10,61
9ae1ca9a-c01b-423f-8f5c-7af4a702a6f1,2024-10-16,0.0,139260.09,-139260.09,715.7585714285715,313.9903333333333,77779.21428571429,64625.189999999995,-77063.45571428572,-64311.19966666667,-87578.68,-29316.49,2,16,10,62
9ae1ca9a-c01b-423f-8f5c-7af4a702a6f1,2024-10-17,2415.01,64548.11,-62133.1,665.8757142857145,313.9903333333333,93435.55999999998,68824.61033333333,-92769.68428571429,-68510.62,-139260.09,-108142.91,3,17,10,63
9ae1ca9a-c01b-423f-8f5c-7af4a702a6f1,2024-10-18,2097.69,130671.4,-128573.71,1010.877142857143,380.01466666666664,87207.73142857142,67385.41633333333,-86196.8542857143,-67005.40166666667,-62133.1,-81953.83,4,18,10,64
9ae1ca9a-c01b-423f-8f5c-7af4a702a6f1,2024-10-19,0.0,55879.0,-55879.0,1310.5471428571432,449.93766666666664,94167.38428571427,68216.10433333334,-92856.83714285714,-67766.16666666667,-128573.71,-10782.8,5,19,10,65
9ae1ca9a-c01b-423f-8f5c-7af4a702a6f1,2024-10-20,2193.37,49685.32,-47491.95,1310.5471428571432,449.93766666666664,100609.69857142855,68816.72,-99299.15142857144,-68366.78233333334,-55879.0,-174367.85,6,20,10,66
9ae1ca9a-c01b-423f-8f5c-7af4a702a6f1,2024-10-21,0.0,32401.77,-32401.77,958.01,523.05,82132.03285714285,67075.584,-81174.02285714285,-66552.534,-47491.95,-47301.63,0,21,10,67
9ae1ca9a-c01b-423f-8f5c-7af4a702a6f1,2024-10-22,3040.85,65498.14,-62457.29,958.01,523.05,80003.48142857142,65608.84266666666,-79045.47142857143,-65085.79266666667,-32401.77,-87578.68,1,22,10,68
9ae1ca9a-c01b-423f-8f5c-7af4a702a6f1,2024-10-23,0.0,109605.84,-109605.84,1392.4171428571428,624.4116666666666,76849.11857142858,64226.71033333333,-75456.70142857141,-63602.29866666666,-62457.29,-139260.09,2,23,10,69
9ae1ca9a-c01b-423f-8f5c-7af4a702a6f1,2024-10-24,0.0,48851.86,-48851.86,1392.4171428571428,624.4116666666666,72612.79714285713,66533.26,-71220.37999999999,-65908.84833333334,-109605.84,-62133.1,3,24,10,70
9ae1ca9a-c01b-423f-8f5c-7af4a702a6f1,2024-10-25,0.0,8953.71,-8953.71,1047.4157142857143,624.4116666666666,70370.47571428571,68161.65533333334,-69323.06000000001,-67537.24366666666,-48851.86,-128573.71,4,25,10,71
9ae1ca9a-c01b-423f-8f5c-7af4a702a6f1,2024-10-26,8885.98,111961.95,-103075.97,747.7457142857141,624.4116666666666,52982.23428571428,68416.29400000001,-52234.48857142857,-67791.88233333333,-8953.71,-55879.0,5,26,10,72
9ae1ca9a-c01b-423f-8f5c-7af4a702a6f1,2024-10-27,0.0,85534.6,-85534.6,2017.1714285714284,920.611,60994.08428571428,68383.39166666666,-58976.91285714286,-67462.78066666666,-103075.97,-47491.95,6,27,10,73
9ae1ca9a-c01b-423f-8f5c-7af4a702a6f1,2024-10-28,4432.29,76893.89,-72461.6,1703.8328571428572,920.611,66115.41,68073.356,-64411.57714285714,-67152.74500000001,-85534.6,-32401.77,0,28,10,74
9ae1ca9a-c01b-423f-8f5c-7af4a702a6f1,2024-10-29,1625.03,5179.33,-3554.3,2337.0171428571425,1068.354,72471.42714285714,69821.477,-70134.41,-68753.123,-72461.6,-62457.29,1,29,10,75
9ae1ca9a-c01b-423f-8f5c-7af4a702a6f1,2024-10-30,0.0,204731.3,-204731.3,2134.7571428571428,1122.5216666666668,63854.45428571429,69994.12133333334,-61719.69714285714,-68871.59966666666,-3554.3,-109605.84,2,30,10,76
9ae1ca9a-c01b-423f-8f5c-7af4a702a6f1,2024-10-31,4353.8,66389.96,-62036.16,2134.7571428571428,1122.5216666666668,77443.8057142857,72995.365,-75309.04857142856,-71872.84333333334,-204731.3,-48851.86,3,31,10,77
9ae1ca9a-c01b-423f-8f5c-7af4a702a6f1,2024-11-01,5712.39,10391.5,-4679.11,2756.7285714285713,1267.6483333333333,79949.24857142857,73810.71533333333,-77192.52,-72543.067,-62036.16,-8953.71,4,1,11,78
9ae1ca9a-c01b-423f-8f5c-7af4a702a6f1,2024-11-02,2123.63,104518.2,-102394.57,3572.7842857142855,1393.3716666666664,80154.64714285715,70506.99566666667,-76581.86285714284,-69113.624,-4679.11,-103075.97,5,2,11,79
9ae1ca9a-c01b-423f-8f5c-7af4a702a6f1,2024-11-03,0.0,49032.3,-49032.3,2606.7342857142858,1464.1593333333333,79091.25428571428,73817.859,-76484.52,-72353.69966666665,-102394.57,-85534.6,6,3,11,80
9ae1ca9a-c01b-423f-8f5c-7af4a702a6f1,2024-11-04,0.0,95192.65,-95192.65,2606.7342857142858,1464.1593333333333,73876.64,70997.235,-71269.9057142857,-69533.07566666667,-49032.3,-72461.6,0,4,11,81
9ae1ca9a-c01b-423f-8f5c-7af4a702a6f1,2024-11-05,5437.82,133335.37,-127897.55,1973.5499999999997,1464.1593333333333,76490.74857142857,73201.79,-74517.19857142857,-71737.63066666666,-95192.65,-3554.3,1,5,11,82
9ae1ca9a-c01b-423f-8f5c-7af4a702a6f1,2024-11-06,2170.36,98367.16,-96196.8,2518.2342857142858,1645.4199999999998,94798.75428571428,75048.852,-92280.52,-73403.432,-127897.55,-204731.3,2,6,11,83
9ae1ca9a-c01b-423f-8f5c-7af4a702a6f1,2024-11-07,4925.4,57510.71,-52585.31,2828.285714285714,1665.819,79603.87714285715,76698.24733333333,-76775.59142857142,-75032.42833333332,-96196.8,-62036.16,3,7,11,84
9ae1ca9a-c01b-423f-8f5c-7af4a702a6f1,2024-11-08,3626.41,65420.99,-61794.58,2909.942857142857,1814.1309999999999,78335.41285714286,78294.95533333333,-75425.47,-76480.82433333334,-52585.31,-4679.11,4,8,11,85
9ae1ca9a-c01b-423f-8f5c-7af4a702a6f1,2024-11-09,942.78,117929.87,-116987.09,2611.945714285714,1923.3719999999998,86196.76857142858,79486.79933333333,-83584.82285714286,-77563.42733333333,-61794.58,-102394.57,5,9,11,86
9ae1ca9a-c01b-423f-8f5c-7af4a702a6f1,2024-11-10,0.0,25241.24,-25241.24,2443.2528571428566,1954.7979999999998,88112.72142857143,79813.03133333333,-85669.46857142857,-77858.23333333334,-116987.09,-49032.3,6,10,11,87
9ae1ca9a-c01b-423f-8f5c-7af4a702a6f1,2024-11-11,0.0,31449.74,-31449.74,2443.2528571428566,1954.7979999999998,84713.99857142857,77922.61166666666,-82270.74571428572,-75967.81366666667,-25241.24,-95192.65,0,11,11,88
9ae1ca9a-c01b-423f-8f5c-7af4a702a6f1,2024-11-12,0.0,110417.24,-110417.24,2443.2528571428566,1954.7979999999998,75607.86857142857,78611.50966666666,-73164.61571428571,-76656.71166666666,-31449.74,-127897.55,1,12,11,89
9ae1ca9a-c01b-423f-8f5c-7af4a702a6f1,2024-11-13,9927.95,51556.52,-41628.57,1666.4214285714284,1799.427,72333.85,76324.45166666666,-70667.42857142857,-74525.02466666668,-110417.24,-96196.8,2,13,11,90
9ae1ca9a-c01b-423f-8f5c-7af4a702a6f1,2024-11-14,8220.98,56287.8,-48066.82,2774.6485714285714,2130.3586666666665,65646.61571428573,76466.28133333333,-62871.96714285714,-74335.92266666665,-41628.57,-52585.31,3,14,11,91
9ae1ca9a-c01b-423f-8f5c-7af4a702a6f1,2024-11-15,4102.5,95052.71,-90950.21,3245.4457142857145,2404.391333333333,65471.91428571429,75423.25200000001,-62226.468571428566,-73018.86066666667,-48066.82,-61794.58,4,15,11,92
9ae1ca9a-c01b-423f-8f5c-7af4a702a6f1,2024-11-16,10869.13,113310.24,-102441.11,3313.4585714285713,2541.141333333333,69705.01714285715,73949.67266666665,-66391.55857142857,-71408.53133333333,-90950.21,-116987.09,5,16,11,93
9ae1ca9a-c01b-423f-8f5c-7af4a702a6f1,2024-11-17,2477.25,138021.64,-135544.39,4731.5085714285715,2822.9453333333336,69045.07,75575.077,-64313.561428571425,-72752.13166666667,-102441.11,-25241.24,6,17,11,94
9ae1ca9a-c01b-423f-8f5c-7af4a702a6f1,2024-11-18,874.26,160010.5,-159136.24,5085.401428571428,2835.597333333333,85156.55571428573,75820.085,-80071.15428571429,-72984.48766666667,-135544.39,-31449.74,0,18,11,95
9ae1ca9a-c01b-423f-8f5c-7af4a702a6f1,2024-11-19,7694.83,90739.9,-83045.07,5210.295714285714,2864.739333333333,103522.37857142859,79291.13500000001,-98312.08285714287,-76426.39566666666,-159136.24,-110417.24,1,19,11,96
9ae1ca9a-c01b-423f-8f5c-7af4a702a6f1,2024-11-20,0.0,78762.67,-78762.67,6309.557142857143,3048.1213333333335,100711.33,80659.621,-94401.77285714286,-77611.49966666666,-83045.07,-41628.57,2,20,11,97
9ae1ca9a-c01b-423f-8f5c-7af4a702a6f1,2024-11-21,0.0,40188.44,-40188.44,4891.278571428571,3048.1213333333335,104597.92285714287,82204.98433333334,-99706.64428571428,-79156.86299999998,-78762.67,-48066.82,3,21,11,98
9ae1ca9a-c01b-423f-8f5c-7af4a702a6f1,2024-11-22,0.0,43207.58,-43207.58,3716.8528571428574,2946.7596666666664,102298.01428571428,81361.32766666666,-98581.16142857143,-78414.568,-40188.44,-90950.21,4,22,11,99
9ae1ca9a-c01b-423f-8f5c-7af4a702a6f1,2024-11-23,5520.24,44488.25,-38968.01,3130.781428571429,2946.7596666666664,94891.56714285715,79148.05233333334,-91760.78571428571,-76201.29266666666,-43207.58,-102441.11,5,23,11,100
9ae1ca9a-c01b-423f-8f5c-7af4a702a6f1,2024-11-24,9555.75,47766.9,-38211.15,2366.654285714286,3130.7676666666666,85059.8542857143,79002.59866666667,-82693.19999999998,-75871.831,-38968.01,-135544.39,6,24,11,101
9ae1ca9a-c01b-423f-8f5c-7af4a702a6f1,2024-11-25,1480.1,92022.98,-90542.88,3377.8685714285716,3449.2926666666667,72166.31999999999,80296.37166666666,-68788.45142857144,-76847.079,-38211.15,-159136.24,0,25,11,102
9ae1ca9a-c01b-423f-8f5c-7af4a702a6f1,2024-11-26,3067.75,30898.4,-27830.65,3464.417142857143,3202.4300000000003,62453.81714285714,79631.73933333335,-58989.40000000001,-76429.30933333332,-90542.88,-83045.07,1,26,11,103
9ae1ca9a-c01b-423f-8f5c-7af4a702a6f1,2024-11-27,8825.59,216953.74,-208128.15,2803.405714285714,3304.6883333333335,53905.03142857143,77810.53266666667,-51101.625714285714,-74505.84433333333,-27830.65,-78762.67,2,27,11,104
9ae1ca9a-c01b-423f-8f5c-7af4a702a6f1,2024-11-28,0.0,48917.69,-48917.69,4064.2042857142856,3451.1316666666667,73646.61285714286,82479.19433333333,-69582.40857142858,-79028.06266666668,-208128.15,-40188.44,3,28,11,105
9ae1ca9a-c01b-423f-8f5c-7af4a702a6f1,2024-11-29,821.91,100645.51,-99823.6,4064.2042857142856,3396.964,74893.64857142857,83937.13966666667,-70829.44428571429,-80540.17566666666,-48917.69,-43207.58,4,29,11,106
9ae1ca9a-c01b-423f-8f5c-7af4a702a6f1,2024-11-30,7479.01,142019.49,-134540.48,4181.62,3424.361,83099.06714285714,80467.61333333333,-78917.44714285714,-77043.25233333334,-99823.6,-38968.01,5,30,11,107
9ae1ca9a-c01b-423f-8f5c-7af4a702a6f1,2024-12-01,0.0,34755.36,-34755.36,4461.444285714286,3528.5346666666665,97032.10142857142,82988.59766666667,-92570.65714285713,-79460.06300000001,-134540.48,-38211.15,6,1,12,108
9ae1ca9a-c01b-423f-8f5c-7af4a702a6f1,2024-12-02,1026.63,98100.07,-97073.44,3096.337142857143,3338.1216666666664,95173.30999999998,83800.72633333334,-92076.97285714284,-80462.60466666667,-34755.36,-90542.88,0,2,12,109
9ae1ca9a-c01b-423f-8f5c-7af4a702a6f1,2024-12-03,23094.65,64664.13,-41569.48,3031.555714285714,3301.5550000000003,96041.46571428572,83586.78866666667,-93009.91,-80285.23366666668,-97073.44,-27830.65,1,3,12,110
9ae1ca9a-c01b-423f-8f5c-7af4a702a6f1,2024-12-04,0.0,48671.59,-48671.59,5892.541428571429,4071.3766666666666,100865.14142857143,84107.84966666668,-94972.59999999999,-80036.473,-41569.48,-208128.15,2,4,12,111
9ae1ca9a-c01b-423f-8f5c-7af4a702a6f1,2024-12-05,4269.45,60384.16,-56114.71,4631.742857142857,4071.3766666666666,76824.83428571429,82557.14766666667,-72193.09142857144,-78485.771,-48671.59,-48917.69,3,5,12,112
9ae1ca9a-c01b-423f-8f5c-7af4a702a6f1,2024-12-06,6664.18,144589.52,-137925.34,5241.664285714286,4032.4309999999996,78462.90142857144,80125.44066666668,-73221.23714285715,-76093.00966666666,-56114.71,-99823.6,4,6,12,113
9ae1ca9a-c01b-423f-8f5c-7af4a702a6f1,2024-12-07,0.0,9858.89,-9858.89,6076.274285714286,4182.225,84740.61714285714,81666.186,-78664.34285714287,-77483.961,-137925.34,-134540.48,5,7,12,114
9ae1ca9a-c01b-423f-8f5c-7af4a702a6f1,2024-12-08,0.0,45124.59,-45124.59,5007.844285714286,4018.045,65860.53142857143,80077.792,-60852.687142857154,-76059.74699999999,-9858.89,-34755.36,6,8,12,115
9ae1ca9a-c01b-423f-8f5c-7af4a702a6f1,2024-12-09,0.0,206256.83,-206256.83,5007.844285714286,3897.1646666666666,67341.85,79401.24533333333,-62334.00571428571,-75504.08066666666,-45124.59,-97073.44,0,9,12,116
9ae1ca9a-c01b-423f-8f5c-7af4a702a6f1,2024-12-10,6156.92,104356.78,-98199.86,4861.182857142857,3865.7386666666666,82792.81571428571,82345.47733333334,-77931.63285714285,-78479.73866666667,-206256.83,-41569.48,1,10,12,117
9ae1ca9a-c01b-423f-8f5c-7af4a702a6f1,2024-12-11,6689.92,64394.24,-57704.32,2441.5071428571428,4070.9693333333335,88463.19428571429,84982.662,-86021.68714285715,-80911.69266666667,-98199.86,-48671.59,2,11,12,118
9ae1ca9a-c01b-423f-8f5c-7af4a702a6f1,2024-12-12,4461.28,19714.39,-15253.11,3397.21,4293.966666666666,90709.28714285714,86080.812,-87312.07714285715,-81786.84533333333,-57704.32,-56114.71,3,12,12,119
9ae1ca9a-c01b-423f-8f5c-7af4a702a6f1,2024-12-13,4406.23,17495.17,-13088.94,3424.6142857142854,4442.676,84899.31999999999,83057.38366666666,-81474.70571428571,-78614.70766666668,-15253.11,-137925.34,4,13,12,120
9ae1ca9a-c01b-423f-8f5c-7af4a702a6f1,2024-12-14,283.47,51849.28,-51565.81,3102.0499999999997,4258.618666666666,66742.98428571428,81922.00533333332,-63640.934285714284,-77663.38666666667,-13088.94,-9858.89,5,14,12,121
9ae1ca9a-c01b-423f-8f5c-7af4a702a6f1,2024-12-15,5037.48,175163.98,-170126.5,3142.5457142857144,3994.0349999999994,72741.61142857143,81774.05466666668,-69599.06571428571,-77780.01966666667,-51565.81,-45124.59,6,15,12,122
9ae1ca9a-c01b-423f-8f5c-7af4a702a6f1,2024-12-16,8123.04,125446.68,-117323.64,3862.1857142857143,4025.201,91318.66714285713,84444.43033333334,-87456.48142857142,-80419.22933333335,-170126.5,-206256.83,0,16,12,123
9ae1ca9a-c01b-423f-8f5c-7af4a702a6f1,2024-12-17,15391.3,36525.59,-21134.29,5022.62,3933.6646666666666,79774.36,84848.97833333333,-74751.74,-80915.31366666665,-117323.64,-98199.86,1,17,12,124
9ae1ca9a-c01b-423f-8f5c-7af4a702a6f1,2024-12-18,0.0,140693.62,-140693.62,6341.817142857143,4364.133,70084.18999999999,81465.77666666666,-63742.372857142866,-77101.64366666667,-21134.29,-57704.32,2,18,12,125
9ae1ca9a-c01b-423f-8f5c-7af4a702a6f1,2024-12-19,2831.52,127508.6,-124677.08,5386.114285714286,4334.991,80984.10142857142,80821.88066666666,-75597.98714285715,-76486.88966666667,-140693.62,-15253.11,3,19,12,126
9ae1ca9a-c01b-423f-8f5c-7af4a702a6f1,2024-12-20,0.0,50961.9,-50961.9,5153.291428571429,4172.880666666667,96383.27428571427,82047.50399999999,-91229.98285714285,-77874.62333333334,-124677.08,-13088.94,4,20,12,127
9ae1ca9a-c01b-423f-8f5c-7af4a702a6f1,2024-12-21,3800.66,163415.79,-159615.13,4523.83,4172.880666666667,101164.23571428572,81120.81166666668,-96640.4057142857,-76947.93100000001,-50961.9,-51565.81,5,21,12,128
9ae1ca9a-c01b-423f-8f5c-7af4a702a6f1,2024-12-22,18390.65,189513.16,-171122.51,5026.285714285715,4299.569333333334,117102.30857142857,85228.39,-112076.02285714286,-80928.82066666667,-159615.13,-170126.5,6,22,12,129
9ae1ca9a-c01b-423f-8f5c-7af4a702a6f1,2024-12-23,10070.26,46454.75,-36384.49,6933.881428571428,4912.591,119152.19142857144,90105.24266666666,-112218.31000000001,-85192.65166666667,-171122.51,-117323.64,0,23,12,130
9ae1ca9a-c01b-423f-8f5c-7af4a702a6f1,2024-12-24,10386.55,236493.3,-226106.75,7212.055714285714,5064.258333333333,107867.62999999999,90170.79266666666,-100655.57428571429,-85106.53433333333,-36384.49,-21134.29,1,24,12,131
9ae1ca9a-c01b-423f-8f5c-7af4a702a6f1,2024-12-25,0.0,2728.15,-2728.15,6497.091428571429,5091.951666666666,136434.4457142857,96461.67266666667,-129937.35428571429,-91369.72099999999,-226106.75,-140693.62,2,25,12,132
9ae1ca9a-c01b-423f-8f5c-7af4a702a6f1,2024-12-26,2243.29,103994.62,-101751.33,6497.091428571429,5042.615000000001,116725.09285714287,93485.17833333333,-110228.00142857143,-88442.56333333332,-2728.15,-124677.08,3,26,12,133
9ae1ca9a-c01b-423f-8f5c-7af4a702a6f1,2024-12-27,0.0,21919.25,-21919.25,6413.058571428571,5015.133000000001,113365.95285714287,95921.71900000001,-106952.89428571428,-90906.586,-101751.33,-50961.9,4,27,12,134
9ae1ca9a-c01b-423f-8f5c-7af4a702a6f1,2024-12-28,3069.29,70016.68,-66947.39,6413.058571428571,4720.946666666668,109217.00285714286,89420.56933333333,-102803.94428571429,-84699.62266666666,-21919.25,-159615.13,5,28,12,135
9ae1ca9a-c01b-423f-8f5c-7af4a702a6f1,2024-12-29,2667.8,12485.72,-9817.92,6308.577142857143,4823.256333333334,95874.27285714285,90123.86899999999,-89565.69571428571,-85300.61266666667,-66947.39,-171122.51,6,29,12,136
9ae1ca9a-c01b-423f-8f5c-7af4a702a6f1,2024-12-30,11962.0,91417.74,-79455.74,4062.4557142857143,4884.786000000001,70584.63857142857,87185.20933333335,-66522.18285714285,-82300.42333333334,-9817.92,-36384.49,0,30,12,137
9ae1ca9a-c01b-423f-8f5c-7af4a702a6f1,2024-12-31,18740.74,117524.38,-98783.64,4332.704285714286,5034.219,77007.92285714285,85498.48433333333,-72675.21857142857,-80464.26533333333,-79455.74,-226106.75,1,31,12,138
9ae1ca9a-c01b-423f-8f5c-7af4a702a6f1,2025-01-01,20456.14,26079.27,-5623.13,5526.159999999999,5658.910333333333,60012.362857142856,88257.45166666668,-54486.20285714285,-82598.54133333333,-98783.64,-2728.15,2,1,1,139
9ae1ca9a-c01b-423f-8f5c-7af4a702a6f1,2025-01-02,9898.65,72007.47,-62108.82,8448.465714285714,6306.560666666667,63348.23714285714,85856.75833333332,-54899.771428571425,-79550.19766666667,-5623.13,-101751.33,3,2,1,140
9ae1ca9a-c01b-423f-8f5c-7af4a702a6f1,2025-01-03,11128.39,5426.76,5701.63,9542.08857142857,5866.694,58778.64428571429,86101.53633333332,-49236.555714285714,-80234.84233333333,-62108.82,-21919.25,4,3,1,141
9ae1ca9a-c01b-423f-8f5c-7af4a702a6f1,2025-01-04,20362.47,48983.4,-28620.93,11131.858571428571,6237.640333333333,56422.57428571429,84660.042,-45290.71571428572,-78422.40166666667,5701.63,-66947.39,5,4,1,142
9ae1ca9a-c01b-423f-8f5c-7af4a702a6f1,2025-01-05,20566.24,125965.67,-105399.43,13602.312857142857,6774.074333333333,53417.82,84280.01666666666,-39815.50714285714,-77505.94233333334,-28620.93,-9817.92,6,5,1,143
9ae1ca9a-c01b-423f-8f5c-7af4a702a6f1,2025-01-06,8163.15,17171.43,-9008.28,16159.232857142857,7237.476333333334,69629.24142857143,83659.22166666666,-53470.008571428574,-76421.74533333333,-105399.43,-79455.74,0,6,1,144
9ae1ca9a-c01b-423f-8f5c-7af4a702a6f1,2025-01-07,5261.99,38331.25,-33069.26,15616.539999999999,7509.5813333333335,59022.625714285714,83902.973,-43406.08571428571,-76393.39166666666,-9008.28,-98783.64,1,7,1,145
9ae1ca9a-c01b-423f-8f5c-7af4a702a6f1,2025-01-08,4193.38,110472.83,-106279.45,13691.004285714285,7684.981,47709.32142857143,83676.52833333334,-34018.317142857144,-75991.54733333334,-33069.26,-5623.13,2,8,1,146
9ae1ca9a-c01b-423f-8f5c-7af4a702a6f1,2025-01-09,10001.04,49886.54,-39885.5,11367.752857142856,7824.760333333334,59765.544285714284,80483.72833333332,-48397.791428571436,-72658.96800000001,-106279.45,-62108.82,3,9,1,147
9ae1ca9a-c01b-423f-8f5c-7af4a702a6f1,2025-01-10,10898.43,56044.99,-45146.56,11382.380000000001,7952.897666666667,56605.411428571424,78668.05366666666,-45223.03142857143,-70715.156,-39885.5,5701.63,4,10,1,148
9ae1ca9a-c01b-423f-8f5c-7af4a702a6f1,2025-01-11,8503.0,100561.83,-92058.83,11349.528571428573,8093.181333333333,63836.58714285714,78389.74533333333,-52487.05857142858,-70296.564,-45146.56,-28620.93,5,11,1,149
9ae1ca9a-c01b-423f-8f5c-7af4a702a6f1,2025-01-12,2798.74,21157.05,-18358.31,9655.318571428574,8227.905333333334,71204.93428571428,81084.66,-61549.61571428571,-72856.75466666667,-92058.83,-105399.43,6,12,1,150
9ae1ca9a-c01b-423f-8f5c-7af4a702a6f1,2025-01-13,10289.16,137760.27,-127471.11,7117.104285714285,8174.322333333333,56232.27428571428,81206.72266666667,-49115.17,-73032.40033333334,-18358.31,-9008.28,0,13,1,151
9ae1ca9a-c01b-423f-8f5c-7af4a702a6f1,2025-01-14,455.26,140492.01,-140036.75,7420.820000000001,8507.845333333333,73459.25142857143,84070.42233333334,-66038.43142857144,-75562.577,-127471.11,-33069.26,1,14,1,152
9ae1ca9a-c01b-423f-8f5c-7af4a702a6f1,2025-01-15,4945.48,142173.53,-137228.05,6734.144285714285,8355.104666666668,88053.64571428571,82914.69,-81319.50142857143,-74559.58533333334,-140036.75,-106279.45,2,15,1,153
9ae1ca9a-c01b-423f-8f5c-7af4a702a6f1,2025-01-16,0.0,10675.76,-10675.76,6841.587142857143,8249.186,92582.31714285714,83472.25166666666,-85740.73,-75223.06566666666,-137228.05,-39885.5,3,16,1,154
9ae1ca9a-c01b-423f-8f5c-7af4a702a6f1,2025-01-17,1546.53,80086.55,-78540.02,5412.867142857142,7736.1426666666675,86980.77714285713,82610.59066666666,-81567.91,-74874.448,-10675.76,-45146.56,4,17,1,155
9ae1ca9a-c01b-423f-8f5c-7af4a702a6f1,2025-01-18,9055.08,200415.97,-191360.89,4076.8814285714284,7787.693666666668,90415.28571428571,80590.355,-86338.40428571428,-72802.66133333334,-78540.02,-92058.83,5,18,1,156
9ae1ca9a-c01b-423f-8f5c-7af4a702a6f1,2025-01-19,2274.18,80126.81,-77852.63,4155.75,7995.145666666666,104680.16285714286,83020.60066666667,-100524.41285714286,-75025.455,-191360.89,-18358.31,6,19,1,157
9ae1ca9a-c01b-423f-8f5c-7af4a702a6f1,2025-01-20,6305.36,49669.72,-43364.36,4080.8128571428574,8070.951666666666,113104.41428571427,83992.76433333333,-109023.60142857142,-75921.81266666666,-77852.63,-127471.11,0,20,1,158
9ae1ca9a-c01b-423f-8f5c-7af4a702a6f1,2025-01-21,5288.9,34996.24,-29707.34,3511.6985714285715,8154.441666666667,100520.05,80201.22866666666,-97008.35142857142,-72046.78700000001,-43364.36,-140036.75,1,21,1,159
9ae1ca9a-c01b-423f-8f5c-7af4a702a6f1,2025-01-22,7360.69,97501.78,-90141.09,4202.2185714285715,7717.716666666666,85449.22571428573,75050.66466666666,-81247.00714285714,-67332.948,-29707.34,-137228.05,2,22,1,160
9ae1ca9a-c01b-423f-8f5c-7af4a702a6f1,2025-01-23,0.0,119499.73,-119499.73,4547.248571428571,7627.397666666667,79067.54714285715,76752.23233333333,-74520.29857142858,-69124.83466666666,-90141.09,-10675.76,3,23,1,161
9ae1ca9a-c01b-423f-8f5c-7af4a702a6f1,2025-01-24,1553.82,100198.95,-98645.13,4547.248571428571,7281.1793333333335,94613.82857142857,72852.44666666667,-90066.58,-65571.26733333334,-119499.73,-78540.02,4,24,1,162
9ae1ca9a-c01b-423f-8f5c-7af4a702a6f1,2025-01-25,3059.65,37713.83,-34654.18,4548.29,7332.973333333333,97487.02857142857,76101.47333333334,-92938.73857142858,-68768.5,-98645.13,-191360.89,5,25,1,163
9ae1ca9a-c01b-423f-8f5c-7af4a702a6f1,2025-01-26,2866.9,42692.76,-39825.86,3691.7999999999997,7360.185333333333,74243.86571428571,73892.11366666667,-70552.06571428572,-66531.92833333333,-34654.18,-77852.63,6,26,1,164
9ae1ca9a-c01b-423f-8f5c-7af4a702a6f1,2025-01-27,14836.33,41031.68,-26195.35,3776.4742857142855,7455.748666666666,68896.14428571428,74584.564,-65119.67,-67128.81533333333,-39825.86,-43364.36,0,27,1,165
9ae1ca9a-c01b-423f-8f5c-7af4a702a6f1,2025-01-28,9976.45,76346.85,-66370.4,4995.184285714285,7847.983333333334,67662.13857142857,73618.39733333333,-62666.95428571429,-65770.414,-26195.35,-29707.34,1,28,1,166
9ae1ca9a-c01b-423f-8f5c-7af4a702a6f1,2025-01-29,26711.97,83792.34,-57080.37,5664.834285714285,8091.605,73569.36857142857,75747.10166666667,-67904.53428571428,-67655.49666666667,-66370.4,-90141.09,2,29,1,167
9ae1ca9a-c01b-423f-8f5c-7af4a702a6f1,2025-01-30,3108.89,123651.81,-120542.92,8429.302857142857,8583.270666666667,71610.87714285715,75492.92166666666,-63181.57428571429,-66909.651,-57080.37,-119499.73,3,30,1,168
9ae1ca9a-c01b-423f-8f5c-7af4a702a6f1,2025-01-31,4483.61,28226.66,-23743.05,8873.43,8062.209000000001,72204.03142857143,75697.16933333334,-63330.601428571434,-67634.96033333334,-120542.92,-98645.13,4,31,1,169
9ae1ca9a-c01b-423f-8f5c-7af4a702a6f1,2025-02-01,4079.71,58844.28,-54764.57,9291.971428571429,7529.791333333333,61922.275714285715,75768.74900000001,-52630.30428571428,-68238.95766666667,-23743.05,-34654.18,5,1,2,170
9ae1ca9a-c01b-423f-8f5c-7af4a702a6f1,2025-02-02,2241.55,112600.81,-110359.26,9437.694285714286,7335.826666666666,64940.91142857143,75329.976,-55503.21714285714,-67994.14933333333,-54764.57,-39825.86,6,2,2,171
9ae1ca9a-c01b-423f-8f5c-7af4a702a6f1,2025-02-03,7417.7,84921.74,-77504.04,9348.358571428571,7039.598666666668,74927.7757142857,78902.44433333333,-65579.41714285714,-71862.84566666666,-110359.26,-26195.35,0,3,2,172
9ae1ca9a-c01b-423f-8f5c-7af4a702a6f1,2025-02-04,0.0,215252.7,-215252.7,8288.554285714286,6608.106333333333,81197.78428571428,80100.389,-72909.23,-73492.28266666667,-77504.04,-66370.4,1,4,2,173
9ae1ca9a-c01b-423f-8f5c-7af4a702a6f1,2025-02-05,14626.27,140638.14,-126011.87,6863.347142857143,5922.565,101041.47714285715,83076.62333333334,-94178.12999999999,-77154.05833333333,-215252.7,-57080.37,2,5,2,174
9ae1ca9a-c01b-423f-8f5c-7af4a702a6f1,2025-02-06,20610.67,124749.82,-104139.15,5136.818571428571,6138.002333333334,109162.30571428573,87192.18033333334,-104025.48714285714,-81054.17800000001,-126011.87,-120542.92,3,6,2,175
9ae1ca9a-c01b-423f-8f5c-7af4a702a6f1,2025-02-07,8133.22,84983.2,-76849.98,7637.072857142856,6649.625,109319.16428571429,90072.79933333333,-101682.09142857142,-83423.17433333333,-104139.15,-23743.05,4,7,2,176
9ae1ca9a-c01b-423f-8f5c-7af4a702a6f1,2025-02-08,11442.99,106955.16,-95512.17,8158.445714285714,6780.9529999999995,117427.24142857142,89223.145,-109268.7957142857,-82442.192,-76849.98,-54764.57,5,8,2,177
9ae1ca9a-c01b-423f-8f5c-7af4a702a6f1,2025-02-09,17114.31,101466.86,-84352.55,9210.342857142856,6829.017999999999,124300.2242857143,91125.43233333333,-115089.88142857143,-84296.41433333332,-95512.17,-110359.26,6,9,2,178
9ae1ca9a-c01b-423f-8f5c-7af4a702a6f1,2025-02-10,8104.3,186333.8,-178229.5,11335.022857142858,7036.213999999999,122709.66,92639.49466666668,-111374.63714285716,-85603.28066666667,-84352.55,-77504.04,0,10,2,179
9ae1ca9a-c01b-423f-8f5c-7af4a702a6f1,2025-02-11,12455.31,36449.91,-23994.6,11433.108571428571,7022.924,137197.09714285715,95498.56033333334,-125763.98857142856,-88475.63633333333,-178229.5,-215252.7,1,11,2,180
9ae1ca9a-c01b-423f-8f5c-7af4a702a6f1,2025-02-12,21589.49,60768.24,-39178.75,13212.438571428573,7344.809666666667,111653.84142857141,96008.32233333333,-98441.40285714286,-88663.51266666666,-23994.6,-126011.87,2,12,2,181
9ae1ca9a-c01b-423f-8f5c-7af4a702a6f1,2025-02-13,994.55,56049.72,-55055.17,14207.184285714286,7721.4873333333335,100243.85571428573,93441.92133333333,-86036.67142857143,-85720.434,-39178.75,-104139.15,3,13,2,182
9ae1ca9a-c01b-423f-8f5c-7af4a702a6f1,2025-02-14,9291.44,63129.35,-53837.91,11404.881428571429,7739.4636666666665,90429.55571428571,90627.17833333333,-79024.67428571428,-82887.71466666667,-55055.17,-76849.98,4,14,2,183
9ae1ca9a-c01b-423f-8f5c-7af4a702a6f1,2025-02-15,11329.47,74456.05,-63126.58,11570.341428571428,7884.329,87307.57714285715,87992.37233333335,-75737.23571428572,-80108.04333333332,-53837.91,-95512.17,5,15,2,184
9ae1ca9a-c01b-423f-8f5c-7af4a702a6f1,2025-02-16,0.0,275773.2,-275773.2,11554.124285714288,8261.978,82664.84714285715,90118.382,-71110.72285714286,-81856.40400000001,-63126.58,-84352.55,6,16,2,185
9ae1ca9a-c01b-423f-8f5c-7af4a702a6f1,2025-02-17,8576.81,192793.83,-184217.02,9109.222857142857,8210.427,107565.75285714286,96641.27033333335,-98456.53,-88430.84333333334,-275773.2,-178229.5,0,17,2,186
9ae1ca9a-c01b-423f-8f5c-7af4a702a6f1,2025-02-18,421.14,93744.52,-93323.38,9176.724285714286,8194.484666666667,108488.61428571427,96387.199,-99311.89,-88192.71433333334,-184217.02,-23994.6,1,18,2,187
9ae1ca9a-c01b-423f-8f5c-7af4a702a6f1,2025-02-19,9010.11,49061.88,-40051.77,7457.557142857143,8132.716666666666,116673.55857142856,96841.12266666666,-109216.00142857143,-88708.406,-93323.38,-39178.75,2,19,2,188
9ae1ca9a-c01b-423f-8f5c-7af4a702a6f1,2025-02-20,0.0,70258.68,-70258.68,5660.502857142857,8222.875,115001.22142857141,96820.86133333335,-109340.71857142857,-88597.98633333333,-40051.77,-55055.17,3,20,2,189
9ae1ca9a-c01b-423f-8f5c-7af4a702a6f1,2025-02-21,3345.4,75709.95,-72364.55,5518.424285714284,8046.578333333334,117031.07285714286,97996.276,-111512.64857142858,-89949.69766666666,-70258.68,-53837.91,4,21,2,190
9ae1ca9a-c01b-423f-8f5c-7af4a702a6f1,2025-02-22,6735.41,187687.87,-180952.46,4668.99,7912.735333333333,118828.30142857143,97269.88166666667,-114159.31142857143,-89357.14633333334,-72364.55,-63126.58,5,22,2,191
9ae1ca9a-c01b-423f-8f5c-7af4a702a6f1,2025-02-23,149.38,72960.15,-72810.77,4012.695714285714,8137.249,135004.2757142857,99542.81966666668,-130991.58,-91405.57066666667,-180952.46,-275773.2,6,23,2,192
9ae1ca9a-c01b-423f-8f5c-7af4a702a6f1,2025-02-24,3519.2,65761.97,-62242.77,4034.035714285714,8090.434333333334,106030.98285714285,98634.85966666667,-101996.94714285714,-90544.42533333335,-72810.77,-184217.02,0,24,2,193
9ae1ca9a-c01b-423f-8f5c-7af4a702a6f1,2025-02-25,3253.09,50425.08,-47171.99,3311.52,8105.752666666666,87883.57428571429,99569.79766666665,-84572.05428571429,-91464.045,-62242.77,-93323.38,1,25,2,194
9ae1ca9a-c01b-423f-8f5c-7af4a702a6f1,2025-02-26,6986.41,170997.54,-164011.13,3716.084285714285,8118.625666666666,81695.08285714286,99827.54166666667,-77978.99857142857,-91708.916,-47171.99,-40051.77,2,26,2,195
9ae1ca9a-c01b-423f-8f5c-7af4a702a6f1,2025-02-27,6768.06,105981.5,-99213.44,3426.9842857142858,7856.961666666667,99114.46285714286,104159.737,-95687.47857142857,-96302.77533333334,-164011.13,-70258.68,3,27,2,196
9ae1ca9a-c01b-423f-8f5c-7af4a702a6f1,2025-02-28,608.37,103760.79,-103152.42,4393.849999999999,7750.015333333333,104217.72285714287,105147.55866666666,-99823.87285714285,-97397.54333333335,-99213.44,-72364.55,4,28,2,197
9ae1ca9a-c01b-423f-8f5c-7af4a702a6f1,2025-03-01,2532.68,147968.8,-145436.12,4002.8457142857146,6879.895333333333,108224.98571428572,105813.17366666667,-104222.14,-98933.27833333334,-103152.42,-180952.46,5,1,3,198
9ae1ca9a-c01b-423f-8f5c-7af4a702a6f1,2025-03-02,4301.31,118235.42,-113934.11,3402.4557142857143,6860.6883333333335,102550.83285714286,106623.73999999999,-99148.37714285716,-99763.05166666668,-145436.12,-72810.77,6,2,3,199
9ae1ca9a-c01b-423f-8f5c-7af4a702a6f1,2025-03-03,778.44,85822.15,-85043.71,3995.5885714285714,6854.611666666667,109018.72857142857,109624.03199999999,-105023.14000000001,-102769.42033333333,-113934.11,-62242.77,0,3,3,200
9ae1ca9a-c01b-423f-8f5c-7af4a702a6f1,2025-03-04,8075.31,54382.96,-46307.65,3604.051428571428,6744.569333333334,111884.46857142856,110523.29433333334,-108280.41714285714,-103778.725,-85043.71,-47171.99,1,4,3,201
9ae1ca9a-c01b-423f-8f5c-7af4a702a6f1,2025-03-05,8494.45,138922.03,-130427.58,4292.94,6939.028,112449.88,108582.69933333334,-108156.94000000002,-101643.67133333333,-46307.65,-164011.13,2,5,3,202
9ae1ca9a-c01b-423f-8f5c-7af4a702a6f1,2025-03-06,3981.6,53806.96,-49825.36,4508.374285714285,6974.919666666667,107867.66428571427,110382.709,-103359.29000000001,-103407.78933333333,-130427.58,-99213.44,3,6,3,203
9ae1ca9a-c01b-423f-8f5c-7af4a702a6f1,2025-03-07,5489.23,104529.27,-99040.04,4110.308571428572,7107.639666666667,100414.15857142858,105001.18433333332,-96303.84999999999,-97893.54466666667,-49825.36,-103152.42,4,7,3,204
9ae1ca9a-c01b-423f-8f5c-7af4a702a6f1,2025-03-08,2855.08,15657.3,-12802.22,4807.574285714285,6803.071666666667,100523.94142857143,103797.55533333332,-95716.36714285715,-96994.48366666665,-99040.04,-145436.12,5,8,3,205
9ae1ca9a-c01b-423f-8f5c-7af4a702a6f1,2025-03-09,10024.23,58827.58,-48803.35,4853.631428571428,6211.218666666667,81622.29857142856,100161.138,-76768.66714285713,-93949.91933333334,-12802.22,-113934.11,6,9,3,206
9ae1ca9a-c01b-423f-8f5c-7af4a702a6f1,2025-03-10,2774.7,145739.21,-142964.51,5671.191428571428,6274.252333333334,73135.46428571429,99289.284,-67464.27285714286,-93015.03166666668,-48803.35,-85043.71,0,10,3,207
9ae1ca9a-c01b-423f-8f5c-7af4a702a6f1,2025-03-11,10234.04,122743.74,-112509.7,5956.371428571429,5985.309333333334,81695.04428571429,100582.08566666668,-75738.67285714285,-94596.77633333333,-142964.51,-46307.65,1,11,3,208
9ae1ca9a-c01b-423f-8f5c-7af4a702a6f1,2025-03-12,8397.43,200604.2,-192206.77,6264.761428571429,5755.967,91460.87000000001,101291.31499999999,-85196.10857142857,-95535.348,-112509.7,-130427.58,2,12,3,209
9ae1ca9a-c01b-423f-8f5c-7af4a702a6f1,2025-03-13,1887.31,321846.69,-319959.38,6250.901428571429,5765.738,100272.60857142857,101766.99500000001,-94021.70714285714,-96001.25700000001,-192206.77,-49825.36,3,13,3,210
9ae1ca9a-c01b-423f-8f5c-7af4a702a6f1,2025-03-14,4875.03,20558.61,-15683.58,5951.717142857143,5413.471333333334,138563.99857142856,111280.22099999999,-132612.2814285714,-105866.74966666667,-319959.38,-99040.04,4,14,3,211
9ae1ca9a-c01b-423f-8f5c-7af4a702a6f1,2025-03-15,4980.65,90300.4,-85319.75,5863.974285714286,4856.322666666668,126568.19000000002,109939.9,-120704.21571428572,-105083.57733333335,-15683.58,-12802.22,5,15,3,212
9ae1ca9a-c01b-423f-8f5c-7af4a702a6f1,2025-03-16,7932.26,58749.59,-50817.33,6167.627142857143,4989.192666666667,137231.49,111081.58933333332,-131063.86285714286,-106092.39666666668,-85319.75,-48803.35,6,16,3,213
9ae1ca9a-c01b-423f-8f5c-7af4a702a6f1,2025-03-17,6848.57,51313.99,-44465.42,5868.774285714287,4943.886666666666,137220.3485714286,110935.59733333332,-131351.57428571428,-105991.71066666668,-50817.33,-142964.51,0,17,3,214
9ae1ca9a-c01b-423f-8f5c-7af4a702a6f1,2025-03-18,8441.13,136928.17,-128487.04,6450.755714285714,4794.523333333333,123731.03142857143,110164.19533333332,-117280.27571428572,-105369.672,-44465.42,-112509.7,1,18,3,215
9ae1ca9a-c01b-423f-8f5c-7af4a702a6f1,2025-03-19,2169.09,156759.1,-154590.01,6194.625714285714,5075.894333333333,125757.37857142856,105536.02766666665,-119562.75285714286,-100460.13333333333,-128487.04,-192206.77,2,19,3,216
9ae1ca9a-c01b-423f-8f5c-7af4a702a6f1,2025-03-20,7614.89,96828.89,-89214.0,5304.862857142857,4862.303666666666,119493.79285714286,104334.87000000001,-114188.93000000001,-99472.56633333332,-154590.01,-319959.38,3,20,3,217
9ae1ca9a-c01b-423f-8f5c-7af4a702a6f1,2025-03-21,9881.68,27243.98,-17362.3,6123.088571428571,5102.095333333334,87348.39285714286,104437.68233333335,-81225.30428571429,-99335.587,-89214.0,-15683.58,4,21,3,218
9ae1ca9a-c01b-423f-8f5c-7af4a702a6f1,2025-03-22,9504.15,6354.33,3149.82,6838.324285714285,5131.147666666667,88303.44571428571,103710.419,-81465.12142857144,-98579.27133333334,-17362.3,-85319.75,5,22,3,219
9ae1ca9a-c01b-423f-8f5c-7af4a702a6f1,2025-03-23,4252.7,87717.44,-83464.74,7484.538571428572,5447.952666666666,76311.15000000001,101580.274,-68826.61142857143,-96132.32133333334,3149.82,-50817.33,6,23,3,220
9ae1ca9a-c01b-423f-8f5c-7af4a702a6f1,2025-03-24,5411.87,123805.35,-118393.48,6958.887142857143,5478.196,80449.41428571429,101980.52366666666,-73490.52714285713,-96502.32766666666,-83464.74,-44465.42,0,24,3,221
9ae1ca9a-c01b-423f-8f5c-7af4a702a6f1,2025-03-25,6542.81,60246.5,-53703.69,6753.644285714286,5434.0779999999995,90805.32285714286,99851.10633333333,-84051.67857142857,-94417.02833333334,-118393.48,-128487.04,1,25,3,222
9ae1ca9a-c01b-423f-8f5c-7af4a702a6f1,2025-03-26,6762.07,38802.36,-32040.29,6482.455714285715,5647.192333333333,79850.79857142856,99427.318,-73368.34285714287,-93780.12566666667,-53703.69,-154590.01,2,26,3,223
9ae1ca9a-c01b-423f-8f5c-7af4a702a6f1,2025-03-27,12011.21,62909.24,-50898.03,7138.595714285714,5755.2880000000005,62999.83571428572,98528.66433333333,-55861.24,-92773.37633333333,-32040.29,-89214.0,3,27,3,224
9ae1ca9a-c01b-423f-8f5c-7af4a702a6f1,2025-03-28,3226.74,101308.06,-98081.32,7766.641428571428,6047.225333333334,58154.17142857143,98944.80300000001,-50387.530000000006,-92897.57766666666,-50898.03,-17362.3,4,28,3,225
9ae1ca9a-c01b-423f-8f5c-7af4a702a6f1,2025-03-29,4715.3,51604.83,-46889.53,6815.935714285713,5921.903,68734.75428571428,96621.82033333332,-61918.81857142857,-90699.91733333333,-98081.32,3149.82,5,29,3,226
9ae1ca9a-c01b-423f-8f5c-7af4a702a6f1,2025-03-30,5211.75,137523.44,-132311.69,6131.814285714286,5853.477666666668,75199.11142857143,94809.26466666667,-69067.29714285715,-88955.787,-46889.53,-83464.74,6,30,3,227
9ae1ca9a-c01b-423f-8f5c-7af4a702a6f1,2025-03-31,4726.52,91150.64,-86424.12,6268.821428571428,6006.9236666666675,82314.25428571428,95934.68633333333,-76045.43285714286,-89927.76266666666,-132311.69,-118393.48,0,31,3,228
9ae1ca9a-c01b-423f-8f5c-7af4a702a6f1,2025-04-01,7945.07,43165.82,-35220.75,6170.914285714285,6080.051666666666,77649.2957142857,94040.74766666668,-71478.38142857143,-87960.696,-86424.12,-53703.69,1,1,4,229
9ae1ca9a-c01b-423f-8f5c-7af4a702a6f1,2025-04-02,17242.83,25574.2,-8331.37,6371.237142857142,6201.510333333334,75209.19857142857,91538.42766666666,-68837.96142857142,-85336.91733333333,-35220.75,-32040.29,2,2,4,230
9ae1ca9a-c01b-423f-8f5c-7af4a702a6f1,2025-04-03,6819.59,136122.78,-129303.19,7868.488571428571,6750.323333333333,73319.46142857142,89530.16266666666,-65450.97285714286,-82779.83933333334,-8331.37,-50898.03,3,3,4,231
9ae1ca9a-c01b-423f-8f5c-7af4a702a6f1,2025-04-04,1187.24,13597.3,-12410.06,7126.828571428572,6708.465999999999,83778.53857142858,92254.82333333333,-76651.70999999999,-85546.35733333333,-129303.19,-98081.32,4,4,4,232
9ae1ca9a-c01b-423f-8f5c-7af4a702a6f1,2025-04-05,12117.36,137442.66,-125325.3,6835.471428571429,6464.892333333334,71248.43000000001,88077.33233333334,-64412.95857142857,-81612.44,-12410.06,-46889.53,5,5,4,233
9ae1ca9a-c01b-423f-8f5c-7af4a702a6f1,2025-04-06,14827.31,63970.85,-49143.54,7892.908571428571,6736.084333333333,83510.97714285714,90865.18900000001,-75618.06857142856,-84129.10466666667,-125325.3,-132311.69,6,6,4,234
9ae1ca9a-c01b-423f-8f5c-7af4a702a6f1,2025-04-07,13502.83,220124.07,-206621.24,9266.56,7047.353666666666,73003.46428571429,89513.24166666667,-63736.904285714285,-82465.888,-49143.54,-86424.12,0,7,4,235
9ae1ca9a-c01b-423f-8f5c-7af4a702a6f1,2025-04-08,10865.49,87640.44,-76774.95,10520.318571428574,7402.278666666667,91428.23999999999,96328.80066666666,-80907.92142857143,-88926.52199999998,-206621.24,-35220.75,1,8,4,236
9ae1ca9a-c01b-423f-8f5c-7af4a702a6f1,2025-04-09,3337.06,174641.03,-171303.97,10937.521428571428,7430.3206666666665,97781.75714285715,97289.22933333334,-86844.23571428572,-89858.90866666666,-76774.95,-8331.37,2,9,4,237
9ae1ca9a-c01b-423f-8f5c-7af4a702a6f1,2025-04-10,9485.73,29591.56,-20105.83,8950.982857142857,7449.066000000001,119077.01857142858,98252.62333333332,-110126.03571428571,-90803.55733333335,-171303.97,-129303.19,3,10,4,238
9ae1ca9a-c01b-423f-8f5c-7af4a702a6f1,2025-04-11,9829.12,52898.04,-43068.92,9331.859999999999,7424.122333333334,103858.27285714286,95147.55066666666,-94526.41285714286,-87723.42833333332,-20105.83,-12410.06,4,11,4,239
9ae1ca9a-c01b-423f-8f5c-7af4a702a6f1,2025-04-12,7153.15,57037.23,-49884.08,10566.414285714285,7471.845333333333,109472.66428571429,90224.012,-98906.25,-82752.16666666667,-43068.92,-125325.3,5,12,4,240
9ae1ca9a-c01b-423f-8f5c-7af4a702a6f1,2025-04-13,9045.65,9231.93,-186.28,9857.24142857143,7647.373333333333,97986.17428571428,81397.03,-88128.93285714285,-73749.65666666666,-49884.08,-49143.54,6,13,4,241
9ae1ca9a-c01b-423f-8f5c-7af4a702a6f1,2025-04-14,9890.31,128639.91,-118749.6,9031.289999999999,7786.393999999999,90166.32857142857,81019.474,-81135.03857142858,-73233.08,-186.28,-206621.24,0,14,4,242
9ae1ca9a-c01b-423f-8f5c-7af4a702a6f1,2025-04-15,3866.47,27476.8,-23610.33,8515.215714285714,7950.0493333333325,77097.16285714286,82297.45766666668,-68581.94714285716,-74347.40833333334,-118749.6,-76774.95,1,15,4,243
9ae1ca9a-c01b-423f-8f5c-7af4a702a6f1,2025-04-16,1392.68,57545.57,-56152.89,7515.355714285715,7814.522999999999,68502.35714285714,81255.03133333333,-60987.00142857143,-73440.50833333333,-23610.33,-171303.97,2,16,4,244
9ae1ca9a-c01b-423f-8f5c-7af4a702a6f1,2025-04-17,5306.77,220324.96,-215018.19,7237.587142857143,7632.660000000001,51774.434285714284,81462.75066666667,-44536.84714285714,-73830.09066666666,-56152.89,-20105.83,3,17,4,245
9ae1ca9a-c01b-423f-8f5c-7af4a702a6f1,2025-04-18,8339.37,57968.05,-49628.68,6640.592857142858,7528.181333333333,79022.06285714285,84242.64366666667,-72381.47,-76714.46233333334,-215018.19,-43068.92,4,18,4,246
9ae1ca9a-c01b-423f-8f5c-7af4a702a6f1,2025-04-19,22375.3,103958.38,-81583.08,6427.771428571429,7733.857333333333,79746.34999999999,80949.60866666668,-73318.57857142857,-73215.75133333333,-49628.68,-49884.08,5,19,4,247
9ae1ca9a-c01b-423f-8f5c-7af4a702a6f1,2025-04-20,6443.93,30241.95,-23798.02,8602.364285714286,8225.871000000001,86449.37142857142,81187.25833333333,-77847.00714285715,-72961.38733333332,-81583.08,-186.28,6,20,4,248
9ae1ca9a-c01b-423f-8f5c-7af4a702a6f1,2025-04-21,6813.68,113806.63,-106992.95,8230.689999999999,8111.279333333334,89450.80285714286,81287.19066666668,-81220.11285714284,-73175.91133333332,-23798.02,-118749.6,0,21,4,249
9ae1ca9a-c01b-423f-8f5c-7af4a702a6f1,2025-04-22,11269.17,98758.33,-87489.16,7791.171428571428,8021.597,87331.76285714285,84868.934,-79540.59142857142,-76847.337,-106992.95,-23610.33,1,22,4,250
9ae1ca9a-c01b-423f-8f5c-7af4a702a6f1,2025-04-23,3392.67,234579.46,-231186.79,8848.699999999999,8255.479333333333,97514.83857142857,85236.96366666668,-88666.13857142857,-76981.48433333334,-87489.16,-56152.89,2,23,4,251
9ae1ca9a-c01b-423f-8f5c-7af4a702a6f1,2025-04-24,7630.64,29452.04,-21821.4,9134.412857142857,8188.172666666666,122805.39428571428,88929.434,-113670.98142857142,-80741.26133333334,-231186.79,-215018.19,3,24,4,252
9ae1ca9a-c01b-423f-8f5c-7af4a702a6f1,2025-04-25,10080.0,132572.86,-122492.86,9466.394285714285,8224.433666666668,95537.8342857143,87902.952,-86071.43999999999,-79678.51833333334,-21821.4,-49628.68,4,25,4,253
9ae1ca9a-c01b-423f-8f5c-7af4a702a6f1,2025-04-26,7920.27,39245.43,-31325.16,9715.055714285714,8335.031333333334,106195.66428571429,91028.63533333334,-96480.60857142857,-82693.604,-122492.86,-81583.08,5,26,4,254
9ae1ca9a-c01b-423f-8f5c-7af4a702a6f1,2025-04-27,12680.37,90984.17,-78303.8,7650.051428571429,8198.666666666666,96950.95714285714,90239.84166666666,-89300.9057142857,-82041.175,-31325.16,-23798.02,6,27,4,255
9ae1ca9a-c01b-423f-8f5c-7af4a702a6f1,2025-04-28,14052.78,181891.79,-167839.01,8540.971428571429,8513.787666666667,105628.41714285714,89895.71200000001,-97087.44571428573,-81381.92433333333,-78303.8,-106992.95,0,28,4,256
9ae1ca9a-c01b-423f-8f5c-7af4a702a6f1,2025-04-29,5163.89,108702.24,-103538.35,9575.128571428571,8825.037,115354.86857142858,94238.61066666667,-105779.73999999999,-85413.57366666668,-167839.01,-87489.16,1,29,4,257
9ae1ca9a-c01b-423f-8f5c-7af4a702a6f1,2025-04-30,22015.18,147118.88,-125103.7,8702.945714285715,8823.441666666668,116775.42714285714,93277.90400000001,-108072.48142857144,-84454.46233333331,-103538.35,-231186.79,2,30,4,258
9ae1ca9a-c01b-423f-8f5c-7af4a702a6f1,2025-05-01,22063.72,206908.86,-184845.14,11363.304285714286,9399.730333333335,104281.05857142857,95143.51200000002,-92917.75428571428,-85743.78166666668,-125103.7,-21821.4,3,1,5,259
9ae1ca9a-c01b-423f-8f5c-7af4a702a6f1,2025-05-02,4860.35,100371.11,-95510.76,13425.172857142856,9870.352,129632.03285714285,100601.61333333334,-116206.86,-90731.26133333334,-184845.14,-122492.86,4,2,5,260
9ae1ca9a-c01b-423f-8f5c-7af4a702a6f1,2025-05-03,8927.07,28990.87,-20063.8,12679.50857142857,9457.602666666666,125031.78285714285,103094.84366666667,-112352.27428571429,-93637.241,-95510.76,-31325.16,5,3,5,261
9ae1ca9a-c01b-423f-8f5c-7af4a702a6f1,2025-05-04,4585.24,109765.85,-105180.61,12823.337142857144,9527.852,123566.84571428572,99523.78000000001,-110743.50857142857,-89995.92800000001,-20063.8,-78303.8,6,4,5,262
9ae1ca9a-c01b-423f-8f5c-7af4a702a6f1,2025-05-05,17540.67,170679.16,-153138.49,11666.89,9641.118666666667,126249.94285714286,102729.39833333335,-114583.05285714286,-93088.27966666667,-105180.61,-167839.01,0,5,5,263
9ae1ca9a-c01b-423f-8f5c-7af4a702a6f1,2025-05-06,9666.34,54159.1,-44492.76,12165.16,9821.895666666667,124648.13857142857,103837.28166666666,-112482.97857142858,-94015.38599999998,-153138.49,-103538.35,1,6,5,264
9ae1ca9a-c01b-423f-8f5c-7af4a702a6f1,2025-05-07,12386.27,76035.95,-63649.68,12808.367142857143,9649.863333333333,116856.26142857142,103510.22333333334,-104047.89428571427,-93860.36000000002,-44492.76,-125103.7,2,7,5,265
9ae1ca9a-c01b-423f-8f5c-7af4a702a6f1,2025-05-08,18383.48,22186.96,-3803.48,11432.808571428572,9612.644666666667,106701.55714285713,98707.28600000001,-95268.74857142857,-89094.64133333335,-63649.68,-184845.14,3,8,5,266
9ae1ca9a-c01b-423f-8f5c-7af4a702a6f1,2025-05-09,5126.93,108606.73,-103479.8,10907.06,9863.244333333332,80312.71428571429,96525.50333333334,-69405.65428571428,-86662.259,-3803.48,-95510.76,4,9,5,267
9ae1ca9a-c01b-423f-8f5c-7af4a702a6f1,2025-05-10,1295.48,160592.65,-159297.17,10945.142857142857,9922.906666666666,81489.23142857142,94324.36000000002,-70544.08857142857,-84401.45333333334,-103479.8,-20063.8,5,10,5,268
9ae1ca9a-c01b-423f-8f5c-7af4a702a6f1,2025-05-11,9912.78,6525.8,3386.98,9854.915714285715,9649.898333333334,100289.48571428572,98691.06300000001,-90434.56999999999,-89041.16466666666,-159297.17,-105180.61,6,11,5,269
9ae1ca9a-c01b-423f-8f5c-7af4a702a6f1,2025-05-12,10664.81,154020.32,-143355.51,10615.992857142857,9652.687,85540.90714285713,97145.32166666667,-74924.91428571429,-87492.63466666666,3386.98,-153138.49,0,12,5,270
9ae1ca9a-c01b-423f-8f5c-7af4a702a6f1,2025-05-13,9156.52,135188.62,-126032.1,9633.727142857142,9769.742333333332,83161.07285714286,100378.09133333334,-73527.34571428572,-90608.349,-143355.51,-44492.76,1,13,5,271
9ae1ca9a-c01b-423f-8f5c-7af4a702a6f1,2025-05-14,9985.64,153561.85,-143576.21,9560.895714285714,9773.438,94736.71857142857,104576.64766666666,-85175.82285714286,-94803.20966666666,-126032.1,-63649.68,2,14,5,272
9ae1ca9a-c01b-423f-8f5c-7af4a702a6f1,2025-05-15,12193.92,33424.1,-21230.18,9217.948571428571,9776.615666666668,105811.84714285715,105407.37899999999,-96593.89857142858,-95630.76333333334,-143576.21,-3803.48,3,15,5,273
9ae1ca9a-c01b-423f-8f5c-7af4a702a6f1,2025-05-16,11529.28,30646.0,-19116.72,8333.725714285714,10054.197333333334,107417.15285714285,105605.62233333333,-99083.42714285714,-95551.425,-21230.18,-103479.8,4,16,5,274
9ae1ca9a-c01b-423f-8f5c-7af4a702a6f1,2025-05-17,10174.88,168284.77,-158109.89,9248.347142857143,10392.084,96279.9057142857,104708.97,-87031.55857142857,-94316.886,-19116.72,-159297.17,5,17,5,275
9ae1ca9a-c01b-423f-8f5c-7af4a702a6f1,2025-05-18,144.55,156583.18,-156438.63,10516.832857142857,10554.354333333331,97378.78,102974.297,-86861.94714285714,-92419.94266666665,-158109.89,3386.98,6,18,5,276
9ae1ca9a-c01b-423f-8f5c-7af4a702a6f1,2025-05-19,12419.03,269488.2,-257069.17,9121.371428571429,10281.193666666666,118815.54857142859,106261.46800000001,-109694.17714285714,-95980.27433333333,-156438.63,-143355.51,0,19,5,277
9ae1ca9a-c01b-423f-8f5c-7af4a702a6f1,2025-05-20,17601.23,238474.76,-220873.53,9371.974285714286,9949.318,135310.96,111779.12866666666,-125938.98571428572,-101829.81066666667,-257069.17,-126032.1,1,20,5,278
9ae1ca9a-c01b-423f-8f5c-7af4a702a6f1,2025-05-21,11586.73,65561.09,-53974.36,10578.361428571428,10321.228,150066.12285714285,118720.22233333332,-139487.76142857145,-108398.99433333334,-220873.53,-143576.21,2,21,5,279
9ae1ca9a-c01b-423f-8f5c-7af4a702a6f1,2025-05-22,10951.13,91648.42,-80697.29,10807.08857142857,10480.329666666667,137494.5857142857,117112.03766666666,-126687.49714285716,-106631.70800000001,-53974.36,-21230.18,3,22,5,280
9ae1ca9a-c01b-423f-8f5c-7af4a702a6f1,2025-05-23,8970.62,33921.71,-24951.09,10629.547142857144,10469.728333333334,145812.3457142857,116875.04066666665,-135182.79857142858,-106405.31233333332,-80697.29,-19116.72,4,23,5,281
9ae1ca9a-c01b-423f-8f5c-7af4a702a6f1,2025-05-24,7021.41,165635.41,-158614.0,10264.024285714286,10655.66,146280.3042857143,110186.449,-136016.28,-99530.789,-24951.09,-158109.89,5,24,5,282
9ae1ca9a-c01b-423f-8f5c-7af4a702a6f1,2025-05-25,8668.65,161317.51,-152648.86,9813.528571428571,10635.352333333334,145901.82428571428,114725.89466666666,-136088.29571428572,-104090.54233333333,-158614.0,-156438.63,6,25,5,283
9ae1ca9a-c01b-423f-8f5c-7af4a702a6f1,2025-05-26,16305.06,166687.22,-150382.16,11031.257142857143,10588.307333333334,146578.15714285715,115684.04966666667,-135546.9,-105095.74233333333,-152648.86,-257069.17,0,26,5,284
9ae1ca9a-c01b-423f-8f5c-7af4a702a6f1,2025-05-27,12234.89,173513.76,-161278.87,11586.404285714287,10867.800333333334,131892.30285714284,119932.10933333333,-120305.89857142857,-109064.309,-150382.16,-220873.53,1,27,5,285
9ae1ca9a-c01b-423f-8f5c-7af4a702a6f1,2025-05-28,6958.93,128342.58,-121383.65,10819.784285714286,10852.951000000001,122612.16,122683.09566666668,-111792.37571428572,-111830.14466666666,-161278.87,-53974.36,2,28,5,286
9ae1ca9a-c01b-423f-8f5c-7af4a702a6f1,2025-05-29,14707.5,249788.67,-235081.17,10158.67,10616.489333333333,131580.9442857143,120898.12199999999,-121422.27428571427,-110281.63266666667,-121383.65,-80697.29,3,29,5,287
9ae1ca9a-c01b-423f-8f5c-7af4a702a6f1,2025-05-30,12442.56,76884.44,-64441.88,10695.294285714286,10934.609666666667,154172.4085714286,125601.00300000001,-143477.11428571428,-114666.39333333334,-235081.17,-24951.09,4,30,5,288
9ae1ca9a-c01b-423f-8f5c-7af4a702a6f1,2025-05-31,11297.79,17429.42,-6131.63,11191.285714285714,10615.522333333332,160309.94142857144,123259.855,-149118.6557142857,-112644.33266666667,-64441.88,-158614.0,5,31,5,289
9ae1ca9a-c01b-423f-8f5c-7af4a702a6f1,2025-06-01,1248.36,60048.01,-58799.65,11802.197142857143,10256.658,139137.65714285715,116943.87366666667,-127335.46,-106687.21566666666,-6131.63,-152648.86,6,1,6,290
9ae1ca9a-c01b-423f-8f5c-7af4a702a6f1,2025-06-02,321.97,30747.58,-30425.61,10742.155714285715,10136.258333333333,124670.58571428573,115599.77033333333,-113928.43000000001,-105463.512,-58799.65,-150382.16,0,2,6,291
9ae1ca9a-c01b-423f-8f5c-7af4a702a6f1,2025-06-03,18879.35,156134.2,-137254.85,8458.857142857143,9849.421666666667,105250.63714285716,115658.32733333333,-96791.78000000001,-105808.90566666666,-30425.61,-161278.87,1,3,6,292
9ae1ca9a-c01b-423f-8f5c-7af4a702a6f1,2025-06-04,7092.39,70146.99,-63054.6,9408.065714285713,10325.892,102767.84285714288,117203.939,-93359.77714285716,-106878.047,-137254.85,-121383.65,2,4,6,293
9ae1ca9a-c01b-423f-8f5c-7af4a702a6f1,2025-06-05,12413.13,126791.29,-114378.16,9427.131428571429,9977.616,94454.18714285715,113852.86666666667,-85027.05571428571,-103875.25066666667,-63054.6,-235081.17,3,5,6,294
9ae1ca9a-c01b-423f-8f5c-7af4a702a6f1,2025-06-06,9439.64,225083.51,-215643.87,9099.364285714286,10069.175666666668,76883.13285714286,116273.93966666666,-67783.76857142858,-106204.764,-114378.16,-64441.88,4,6,6,295
9ae1ca9a-c01b-423f-8f5c-7af4a702a6f1,2025-06-07,1142.0,70576.26,-69434.26,8670.375714285714,9970.954666666667,98054.42857142857,121242.19166666667,-89384.05285714286,-111271.23700000001,-215643.87,-6131.63,5,7,6,296
9ae1ca9a-c01b-423f-8f5c-7af4a702a6f1,2025-06-08,684.77,203448.63,-202763.86,7219.5485714285705,9396.238666666668,105646.83428571429,122855.16833333332,-98427.28571428571,-113458.92966666665,-69434.26,-58799.65,6,8,6,297
9ae1ca9a-c01b-423f-8f5c-7af4a702a6f1,2025-06-09,9964.58,156791.85,-146827.27,7139.035714285713,9248.166666666666,126132.63714285714,126016.565,-118993.60142857142,-116768.39833333335,-202763.86,-30425.61,0,9,6,298
9ae1ca9a-c01b-423f-8f5c-7af4a702a6f1,2025-06-10,10865.63,91938.31,-81072.68,8516.551428571429,9537.136666666665,144138.96142857143,125889.87166666666,-135622.41,-116352.735,-146827.27,-137254.85,1,10,6,299
9ae1ca9a-c01b-423f-8f5c-7af4a702a6f1,2025-06-11,14211.39,73316.21,-59104.82,7371.734285714286,9568.898333333334,134968.12000000002,128736.95533333333,-127596.3857142857,-119168.057,-81072.68,-63054.6,2,11,6,300
9ae1ca9a-c01b-423f-8f5c-7af4a702a6f1,2025-06-12,10236.55,78872.92,-68636.37,8388.734285714285,9687.117666666667,135420.8657142857,126046.81833333333,-127032.13142857143,-116359.70066666666,-59104.82,-114378.16,3,12,6,301
9ae1ca9a-c01b-423f-8f5c-7af4a702a6f1,2025-06-13,8543.27,76168.95,-67625.68,8077.794285714285,9723.118666666667,128575.38428571429,124169.62833333334,-120497.59,-114446.50966666666,-68636.37,-215643.87,4,13,6,302
9ae1ca9a-c01b-423f-8f5c-7af4a702a6f1,2025-06-14,28440.68,218176.15,-189735.47,7949.7414285714285,9675.039666666667,107301.87571428572,121589.865,-99352.13428571427,-111914.82533333334,-67625.68,-69434.26,5,14,6,303
9ae1ca9a-c01b-423f-8f5c-7af4a702a6f1,2025-06-15,12712.43,161805.39,-149092.96,11849.552857142857,10216.598333333333,128387.57428571429,127748.26666666666,-116538.02142857142,-117531.66833333332,-189735.47,-202763.86,6,15,6,304
9ae1ca9a-c01b-423f-8f5c-7af4a702a6f1,2025-06-16,13095.73,211466.71,-198370.98,13567.789999999999,10256.036666666669,122438.54000000001,132120.24633333334,-108870.75,-121864.20966666665,-149092.96,-146827.27,0,16,6,305
9ae1ca9a-c01b-423f-8f5c-7af4a702a6f1,2025-06-17,9643.92,215864.69,-206220.77,14015.097142857141,10353.398333333334,130249.2342857143,133559.64433333333,-116234.13714285714,-123206.246,-198370.98,-81072.68,1,17,6,306
9ae1ca9a-c01b-423f-8f5c-7af4a702a6f1,2025-06-18,27558.36,179947.87,-152389.51,13840.567142857142,10670.043999999998,147953.00285714286,135535.69466666665,-134112.43571428573,-124865.65066666665,-206220.77,-59104.82,2,18,6,307
9ae1ca9a-c01b-423f-8f5c-7af4a702a6f1,2025-06-19,13333.12,49138.76,-35805.64,15747.277142857143,11174.688333333334,163186.09714285712,132551.01700000002,-147438.82,-121376.32866666667,-152389.51,-68636.37,3,19,6,308
9ae1ca9a-c01b-423f-8f5c-7af4a702a6f1,2025-06-20,10268.76,128285.07,-118016.31,16189.644285714285,11032.418000000001,158938.36000000002,126239.817,-142748.7157142857,-115207.399,-35805.64,-67625.68,4,20,6,309
9ae1ca9a-c01b-423f-8f5c-7af4a702a6f1,2025-06-21,4701.07,130510.36,-125809.29,16436.14285714286,10988.485666666667,166383.52000000002,128330.61633333334,-149947.37714285715,-117342.13066666666,-118016.31,-189735.47,5,21,6,310
9ae1ca9a-c01b-423f-8f5c-7af4a702a6f1,2025-06-22,29063.36,156631.24,-127567.88,13044.77,10780.150333333331,153859.83571428573,129626.01433333334,-140815.06571428574,-118845.864,-125809.29,-149092.96,6,22,6,311
9ae1ca9a-c01b-423f-8f5c-7af4a702a6f1,2025-06-23,23957.19,109600.53,-85643.34,15380.617142857142,11449.908333333333,153120.67142857143,133716.33200000002,-137740.0542857143,-122266.42366666667,-127567.88,-198370.98,0,23,6,312
9ae1ca9a-c01b-423f-8f5c-7af4a702a6f1,2025-06-24,13869.0,313890.08,-300021.08,16932.254285714287,12014.434333333335,138568.36000000002,131848.50266666667,-121636.10571428572,-119834.06833333333,-85643.34,-206220.77,1,24,6,313
9ae1ca9a-c01b-423f-8f5c-7af4a702a6f1,2025-06-25,8726.36,153374.76,-144648.4,17535.837142857144,12187.779333333334,152571.98714285716,136934.255,-135036.15,-124746.47566666667,-300021.08,-152389.51,2,25,6,314
9ae1ca9a-c01b-423f-8f5c-7af4a702a6f1,2025-06-26,19526.22,120686.7,-101160.48,14845.551428571429,11935.155999999999,148775.82857142857,136490.50633333335,-133930.27714285714,-124555.35033333332,-144648.4,-35805.64,3,26,6,315
9ae1ca9a-c01b-423f-8f5c-7af4a702a6f1,2025-06-27,31674.92,136451.87,-104776.95,15730.28,12178.200333333332,158996.96285714285,134729.60433333332,-143266.68285714285,-122551.40400000001,-101160.48,-118016.31,4,27,6,316
9ae1ca9a-c01b-423f-8f5c-7af4a702a6f1,2025-06-28,3290.59,69691.16,-66400.57,18788.302857142855,13002.066666666668,160163.64857142858,134999.91400000002,-141375.3457142857,-121997.84733333332,-104776.95,-125809.29,5,28,6,317
9ae1ca9a-c01b-423f-8f5c-7af4a702a6f1,2025-06-29,16423.19,151100.12,-134676.93,18586.805714285714,12621.502999999999,151475.19142857144,128996.66366666667,-132888.38571428572,-116375.16066666666,-66400.57,-127567.88,6,29,6,318
9ae1ca9a-c01b-423f-8f5c-7af4a702a6f1,2025-06-30,30873.05,201012.9,-170139.85,16781.067142857144,12754.190666666665,150685.03142857147,131470.51966666666,-133903.9642857143,-118716.329,-134676.93,-85643.34,0,30,6,319
9ae1ca9a-c01b-423f-8f5c-7af4a702a6f1,2025-07-01,9974.45,102964.7,-92990.25,17769.047142857144,13406.699333333332,163743.94142857144,137589.969,-145974.89428571428,-124183.26966666666,-170139.85,-300021.08,1,1,7,320
9ae1ca9a-c01b-423f-8f5c-7af4a702a6f1,2025-07-02,11011.35,106146.74,-95135.39,17212.682857142856,13697.569,133611.7442857143,139020.52533333335,-116399.06142857143,-125322.95633333335,-92990.25,-144648.4,2,2,7,321
9ae1ca9a-c01b-423f-8f5c-7af4a702a6f1,2025-07-03,4192.83,72028.53,-67835.7,17539.11,14053.881666666666,126864.88428571427,141533.83066666668,-109325.77428571429,-127479.949,-95135.39,-101160.48,3,3,7,322
9ae1ca9a-c01b-423f-8f5c-7af4a702a6f1,2025-07-04,17990.0,119584.46,-101594.46,15348.625714285716,13564.331,119913.71714285715,138730.30833333332,-104565.09142857142,-125165.97733333333,-67835.7,-104776.95,4,4,7,323
9ae1ca9a-c01b-423f-8f5c-7af4a702a6f1,2025-07-05,1143.39,148491.39,-147348.0,13393.637142857142,13927.584666666666,117504.08714285714,140378.22400000002,-104110.45,-126450.63933333334,-101594.46,-66400.57,5,5,7,324
9ae1ca9a-c01b-423f-8f5c-7af4a702a6f1,2025-07-06,21148.45,74986.03,-53837.58,13086.894285714287,13551.926666666666,128761.26285714286,141101.5606666667,-115674.36857142858,-127549.634,-147348.0,-134676.93,6,6,7,325
9ae1ca9a-c01b-423f-8f5c-7af4a702a6f1,2025-07-07,3416.14,258392.8,-254976.66,13761.93142857143,13942.220333333333,117887.82142857143,136098.31133333332,-104125.89,-122156.091,-53837.58,-170139.85,0,7,7,326
9ae1ca9a-c01b-423f-8f5c-7af4a702a6f1,2025-07-08,18179.12,267590.05,-249410.93,9839.515714285715,14018.025,126084.95,142358.86266666665,-116245.43428571429,-128340.83766666666,-254976.66,-92990.25,1,8,7,327
9ae1ca9a-c01b-423f-8f5c-7af4a702a6f1,2025-07-09,47162.03,44273.44,2888.59,11011.611428571428,14601.170000000002,149602.85714285713,144496.91000000003,-138591.2457142857,-129895.73999999999,-249410.93,-95135.39,2,9,7,328
9ae1ca9a-c01b-423f-8f5c-7af4a702a6f1,2025-07-10,12706.84,79904.95,-67198.11,16175.994285714285,15841.085,140763.81428571427,140746.29633333336,-124587.81999999999,-124905.21133333334,2888.59,-67835.7,3,10,7,329
9ae1ca9a-c01b-423f-8f5c-7af4a702a6f1,2025-07-11,9724.3,119027.03,-109302.73,17392.28142857143,15902.458666666667,141889.01714285713,140345.18433333334,-124496.73571428572,-124442.72566666667,-67198.11,-101594.46,4,11,7,330
9ae1ca9a-c01b-423f-8f5c-7af4a702a6f1,2025-07-12,24222.23,188935.44,-164713.21,16211.467142857144,15752.889,141809.38428571427,141868.87833333336,-125597.91714285713,-126115.98933333335,-109302.73,-147348.0,5,12,7,331
9ae1ca9a-c01b-423f-8f5c-7af4a702a6f1,2025-07-13,27703.65,124529.85,-96826.2,19508.444285714282,16219.078333333333,147587.10571428572,145537.62900000002,-128078.66142857142,-129318.55066666666,-164713.21,-53837.58,6,13,7,332
9ae1ca9a-c01b-423f-8f5c-7af4a702a6f1,2025-07-14,8021.62,57495.29,-49473.67,20444.90142857143,16857.757666666665,154664.7942857143,147149.659,-134219.89285714287,-130291.90133333333,-96826.2,-254976.66,0,14,7,333
9ae1ca9a-c01b-423f-8f5c-7af4a702a6f1,2025-07-15,8658.09,132953.27,-124295.18,21102.827142857142,16177.122333333333,125965.15,141793.6303333333,-104862.32285714286,-125616.508,-49473.67,-249410.93,1,15,7,334
9ae1ca9a-c01b-423f-8f5c-7af4a702a6f1,2025-07-16,2391.47,158381.69,-155990.22,19742.68,16041.977666666666,106731.32428571429,140831.893,-86988.64428571428,-124789.91533333334,-124295.18,2888.59,2,16,7,335
9ae1ca9a-c01b-423f-8f5c-7af4a702a6f1,2025-07-17,19866.51,36339.79,-16473.28,13346.885714285714,15685.169,123032.50285714286,139062.39233333332,-109685.61714285714,-123377.22333333333,-155990.22,-67198.11,3,17,7,336
9ae1ca9a-c01b-423f-8f5c-7af4a702a6f1,2025-07-18,10259.03,174903.49,-164644.46,14369.695714285714,16025.922,116808.90857142858,133078.229,-102439.21285714286,-117052.307,-16473.28,-109302.73,4,18,7,337
9ae1ca9a-c01b-423f-8f5c-7af4a702a6f1,2025-07-19,24249.32,125435.28,-101185.96,14446.085714285715,15449.277666666665,124791.26,132910.083,-110345.17428571428,-117460.80533333334,-164644.46,-164713.21,5,19,7,338
9ae1ca9a-c01b-423f-8f5c-7af4a702a6f1,2025-07-20,12915.72,96658.8,-83743.08,14449.955714285714,15813.151,115719.80857142857,135453.30033333335,-101269.85285714285,-119640.14933333333,-101185.96,-96826.2,6,20,7,339
9ae1ca9a-c01b-423f-8f5c-7af4a702a6f1,2025-07-21,8352.68,155053.36,-146700.68,12337.394285714285,15901.383,111738.23,134399.09133333332,-99400.83571428571,-118497.70833333331,-83743.08,-49473.67,0,21,7,340
9ae1ca9a-c01b-423f-8f5c-7af4a702a6f1,2025-07-22,6535.46,294967.54,-288432.08,12384.68857142857,16023.103333333334,125675.09714285714,135217.19133333335,-113290.40857142858,-119194.088,-146700.68,-124295.18,1,22,7,341
9ae1ca9a-c01b-423f-8f5c-7af4a702a6f1,2025-07-23,19267.36,91289.41,-72022.05,12081.455714285714,15272.173333333332,148819.99285714285,139828.40133333334,-136738.53714285715,-124556.22799999999,-288432.08,-155990.22,2,23,7,342
9ae1ca9a-c01b-423f-8f5c-7af4a702a6f1,2025-07-24,18294.93,91216.76,-72921.83,14492.297142857144,15115.845666666666,139235.38142857145,139218.03066666666,-124743.0842857143,-124102.185,-72022.05,-16473.28,3,24,7,343
9ae1ca9a-c01b-423f-8f5c-7af4a702a6f1,2025-07-25,12636.45,122694.84,-110058.39,14267.785714285714,15263.376666666667,147074.94857142857,131795.58666666667,-132807.16285714286,-116532.20999999999,-72921.83,-164644.46,4,25,7,344
9ae1ca9a-c01b-423f-8f5c-7af4a702a6f1,2025-07-26,6224.16,116658.35,-110434.19,14607.417142857143,15393.713,139616.57,130772.92266666665,-125009.15285714286,-115379.20966666666,-110058.39,-101185.96,5,26,7,345
9ae1ca9a-c01b-423f-8f5c-7af4a702a6f1,2025-07-27,15480.37,141558.22,-126077.85,12032.394285714287,14950.311,138362.72285714286,130638.64433333333,-126330.32857142857,-115688.33333333333,-110434.19,-83743.08,6,27,7,346
9ae1ca9a-c01b-423f-8f5c-7af4a702a6f1,2025-07-28,43963.4,178265.64,-134302.24,12398.772857142858,14410.492666666665,144776.92571428572,130808.85599999999,-132378.15285714288,-116398.36333333333,-126077.85,-146700.68,0,28,7,347
9ae1ca9a-c01b-423f-8f5c-7af4a702a6f1,2025-07-29,7518.08,181272.61,-173754.53,17486.018571428573,15766.253,148092.9657142857,134428.00533333333,-130606.94714285716,-118661.75233333332,-134302.24,-288432.08,1,29,7,348
9ae1ca9a-c01b-423f-8f5c-7af4a702a6f1,2025-07-30,39709.03,43128.22,-3419.19,17626.39285714286,15469.416,131850.83285714287,135433.755,-114224.43999999999,-119964.33899999999,-173754.53,-72022.05,2,30,7,349
9ae1ca9a-c01b-423f-8f5c-7af4a702a6f1,2025-07-31,17823.64,94582.67,-76759.03,20546.63142857143,15763.948666666667,124970.66285714286,130170.93233333335,-104424.03142857143,-114406.98366666668,-3419.19,-72921.83,3,31,7,350
9ae1ca9a-c01b-423f-8f5c-7af4a702a6f1,2025-08-01,18811.24,225621.54,-206810.3,20479.304285714286,16025.588333333335,125451.50714285714,129891.53133333333,-104972.20285714285,-113865.94299999998,-76759.03,-110058.39,4,1,8,351
9ae1ca9a-c01b-423f-8f5c-7af4a702a6f1,2025-08-02,19370.82,177843.07,-158472.25,21361.417142857146,16285.584666666666,140155.32142857142,133874.02466666666,-118793.90428571428,-117588.44,-206810.3,-110434.19,5,2,8,352
9ae1ca9a-c01b-423f-8f5c-7af4a702a6f1,2025-08-03,7734.35,137852.03,-130117.68,23239.511428571426,16791.517666666667,148895.9957142857,137401.176,-125656.4842857143,-120609.65833333334,-158472.25,-126077.85,6,3,8,353
9ae1ca9a-c01b-423f-8f5c-7af4a702a6f1,2025-08-04,23943.98,77014.74,-53070.76,22132.937142857143,16449.662666666667,148366.54,138010.095,-126233.60285714285,-121560.43233333333,-130117.68,-134302.24,0,4,8,354
9ae1ca9a-c01b-423f-8f5c-7af4a702a6f1,2025-08-05,8434.39,115811.41,-107377.02,19273.02,17209.682333333334,133902.1257142857,135627.53999999998,-114629.1057142857,-118417.85766666666,-53070.76,-173754.53,1,5,8,355
9ae1ca9a-c01b-423f-8f5c-7af4a702a6f1,2025-08-06,8991.13,200099.65,-191108.52,19403.92142857143,16785.88033333333,124550.52571428572,136988.386,-105146.60428571429,-120202.50566666666,-107377.02,-3419.19,2,6,8,356
9ae1ca9a-c01b-423f-8f5c-7af4a702a6f1,2025-08-07,9836.54,188657.61,-178821.07,15015.65,16971.713333333333,146975.01571428572,135045.281,-131959.3657142857,-118073.56766666667,-191108.52,-76759.03,3,7,8,357
9ae1ca9a-c01b-423f-8f5c-7af4a702a6f1,2025-08-08,4755.44,194391.13,-189635.69,13874.635714285716,16693.627333333334,160414.29285714286,132414.19966666668,-146539.65714285715,-115720.57233333333,-178821.07,-206810.3,4,8,8,358
9ae1ca9a-c01b-423f-8f5c-7af4a702a6f1,2025-08-09,5621.01,169622.18,-164001.17,11866.664285714285,15280.074333333332,155952.80571428573,137418.12266666666,-144086.14142857143,-122138.04833333332,-189635.69,-158472.25,5,9,8,359
9ae1ca9a-c01b-423f-8f5c-7af4a702a6f1,2025-08-10,20232.11,106589.27,-86357.16,9902.405714285715,15043.88,154778.39285714287,140408.69700000001,-144875.98714285714,-125364.817,-164001.17,-130117.68,6,10,8,360
9ae1ca9a-c01b-423f-8f5c-7af4a702a6f1,2025-08-11,20666.58,60084.52,-39417.94,11687.8,15394.140333333335,150312.2842857143,139994.105,-138624.48428571428,-124599.96466666667,-86357.16,-53070.76,0,11,8,361
9ae1ca9a-c01b-423f-8f5c-7af4a702a6f1,2025-08-12,17094.47,87835.09,-70740.62,11219.6,15275.618666666667,147893.68142857144,135699.07433333332,-136674.08142857143,-120423.45566666666,-39417.94,-107377.02,1,12,8,362
9ae1ca9a-c01b-423f-8f5c-7af4a702a6f1,2025-08-13,20524.68,68027.66,-47502.98,12456.754285714285,14921.979333333333,143897.06428571427,134475.91566666667,-131440.31,-119553.93633333333,-70740.62,-191108.52,2,13,8,363
9ae1ca9a-c01b-423f-8f5c-7af4a702a6f1,2025-08-14,17085.97,101686.22,-84600.25,14104.404285714287,15338.748,125029.63714285714,134826.99466666667,-110925.23285714285,-119488.24666666666,-47502.98,-178821.07,3,14,8,364
9ae1ca9a-c01b-423f-8f5c-7af4a702a6f1,2025-08-15,27061.49,104525.64,-77464.15,15140.037142857143,15619.677333333333,112605.15285714286,133784.75966666668,-97465.11571428573,-118165.08233333334,-84600.25,-189635.69,4,15,8,365
9ae1ca9a-c01b-423f-8f5c-7af4a702a6f1,2025-08-16,17391.78,95817.67,-78425.89,18326.615714285716,16442.011333333336,99767.22571428571,131989.55800000002,-81440.61,-115547.54666666666,-77464.15,-164001.17,5,16,8,366
9ae1ca9a-c01b-423f-8f5c-7af4a702a6f1,2025-08-17,8228.08,66550.21,-58322.13,20008.15428571429,16359.520333333332,89223.72428571428,133972.154,-69215.56999999999,-117612.63366666668,-78425.89,-86357.16,6,17,8,367
9ae1ca9a-c01b-423f-8f5c-7af4a702a6f1,2025-08-18,3771.33,62504.59,-58733.26,18293.292857142857,16291.822000000002,83503.85857142857,130360.378,-65210.565714285716,-114068.556,-58322.13,-39417.94,0,18,8,368
9ae1ca9a-c01b-423f-8f5c-7af4a702a6f1,2025-08-19,13647.67,84030.99,-70383.32,15879.685714285715,15609.222333333335,83849.58285714286,128262.68833333332,-67969.89714285715,-112653.466,-58733.26,-70740.62,1,19,8,369
9ae1ca9a-c01b-423f-8f5c-7af4a702a6f1,2025-08-20,8483.1,58310.24,-49827.14,15387.285714285714,15633.620666666666,83306.14,127841.76133333334,-67918.85428571429,-112208.14066666667,-70383.32,-47502.98,2,20,8,370
9ae1ca9a-c01b-423f-8f5c-7af4a702a6f1,2025-08-21,21651.2,94558.25,-72907.05,13667.06,15637.967999999999,81917.93714285713,124616.99066666666,-68250.87714285715,-108979.02266666667,-49827.14,-84600.25,3,21,8,371
9ae1ca9a-c01b-423f-8f5c-7af4a702a6f1,2025-08-22,11293.85,114102.8,-102808.95,14319.235714285713,16141.826000000001,80899.6557142857,117936.681,-66580.42000000001,-101794.855,-72907.05,-77464.15,4,22,8,372
9ae1ca9a-c01b-423f-8f5c-7af4a702a6f1,2025-08-23,18952.39,133730.81,-114778.42,12066.715714285716,15876.042333333333,82267.82142857143,118697.12733333334,-70201.10571428572,-102821.085,-102808.95,-78425.89,5,23,8,373
9ae1ca9a-c01b-423f-8f5c-7af4a702a6f1,2025-08-24,17491.23,23199.18,-5707.95,12289.660000000002,15897.957666666665,87683.9842857143,120114.26233333333,-75394.32428571429,-104216.30466666668,-114778.42,-58322.13,6,24,8,374
9ae1ca9a-c01b-423f-8f5c-7af4a702a6f1,2025-08-25,2117.14,10906.6,-8789.46,13612.967142857144,16059.783666666666,81490.98000000001,116797.74033333334,-67878.01285714285,-100737.95666666668,-5707.95,-58733.26,0,25,8,375
9ae1ca9a-c01b-423f-8f5c-7af4a702a6f1,2025-08-26,10072.41,206921.92,-196849.51,13376.654285714287,15922.883,74119.83857142858,113272.682,-60743.184285714284,-97349.79900000001,-8789.46,-70383.32,1,26,8,376
9ae1ca9a-c01b-423f-8f5c-7af4a702a6f1,2025-08-27,7160.97,219191.12,-212030.15,12865.902857142859,15742.617666666667,91675.68571428572,115451.47200000001,-78809.78285714285,-99708.85433333334,-196849.51,-49827.14,2,27,8,377
9ae1ca9a-c01b-423f-8f5c-7af4a702a6f1,2025-08-28,10447.77,122099.77,-111652.0,12677.027142857143,14515.869999999999,114658.66857142856,116815.65466666667,-101981.64142857143,-102299.78466666667,-212030.15,-72907.05,3,28,8,378
9ae1ca9a-c01b-423f-8f5c-7af4a702a6f1,2025-08-29,13609.03,51126.5,-37517.47,11076.537142857143,14613.526333333335,118593.17142857143,114843.22666666667,-107516.63428571427,-100229.70033333333,-111652.0,-102808.95,4,29,8,379
9ae1ca9a-c01b-423f-8f5c-7af4a702a6f1,2025-08-30,6864.03,51831.72,-44967.69,11407.277142857143,13743.526333333333,109596.55714285714,115109.836,-98189.28,-101366.30966666667,-37517.47,-114778.42,5,30,8,380
9ae1ca9a-c01b-423f-8f5c-7af4a702a6f1,2025-08-31,11318.87,149980.05,-138661.18,9680.368571428571,13378.206,97896.68714285715,113684.80433333333,-88216.31857142856,-100306.59833333334,-44967.69,-5707.95,6,31,8,381
9ae1ca9a-c01b-423f-8f5c-7af4a702a6f1,2025-09-01,14828.08,26557.97,-11729.89,8798.602857142858,13128.460333333333,116008.23999999999,111163.42133333333,-107209.63714285714,-98034.961,-138661.18,-8789.46,0,1,9,382
9ae1ca9a-c01b-423f-8f5c-7af4a702a6f1,2025-09-02,13073.35,225499.4,-212426.05,10614.451428571429,12977.035666666667,118244.15,106120.58466666666,-107629.69857142857,-93143.54899999998,-11729.89,-196849.51,1,2,9,383
9ae1ca9a-c01b-423f-8f5c-7af4a702a6f1,2025-09-03,27726.53,184384.16,-156657.63,11043.157142857144,13155.002333333334,120898.0757142857,109042.16366666667,-109854.91857142856,-95887.16133333334,-212426.05,-212030.15,2,3,9,384
9ae1ca9a-c01b-423f-8f5c-7af4a702a6f1,2025-09-04,3836.73,173356.98,-169520.25,13981.094285714285,13281.087333333333,115925.65285714285,112621.14433333333,-101944.55857142857,-99340.057,-156657.63,-111652.0,3,4,9,385
9ae1ca9a-c01b-423f-8f5c-7af4a702a6f1,2025-09-05,14167.25,204206.27,-190039.02,13036.66,13127.832,123248.11142857143,114539.33,-110211.45142857144,-101411.49799999999,-169520.25,-37517.47,4,5,9,386
9ae1ca9a-c01b-423f-8f5c-7af4a702a6f1,2025-09-06,25229.36,109049.97,-83820.61,13116.405714285715,13300.369333333334,145116.65,114676.21733333333,-132000.2442857143,-101375.848,-190039.02,-44967.69,5,6,9,387
9ae1ca9a-c01b-423f-8f5c-7af4a702a6f1,2025-09-07,5648.99,192491.5,-186842.51,15740.024285714286,13813.463333333331,153290.68571428568,112022.62933333335,-137550.66142857142,-98209.166,-83820.61,-138661.18,6,7,9,388
9ae1ca9a-c01b-423f-8f5c-7af4a702a6f1,2025-09-08,11600.94,241721.87,-230120.93,14930.04142857143,13843.248333333333,159363.75,111959.30833333333,-144433.70857142858,-98116.06000000001,-186842.51,-11729.89,0,8,9,389
9ae1ca9a-c01b-423f-8f5c-7af4a702a6f1,2025-09-09,9199.45,153794.61,-144595.16,14469.021428571428,14042.579333333333,190101.44999999998,114362.63133333335,-175632.42857142858,-100320.052,-230120.93,-212426.05,1,9,9,390
9ae1ca9a-c01b-423f-8f5c-7af4a702a6f1,2025-09-10,23791.96,235404.33,-211612.37,13915.607142857143,13674.823999999999,179857.9085714286,115936.14266666668,-165942.30142857143,-102261.31866666667,-144595.16,-156657.63,2,10,9,391
9ae1ca9a-c01b-423f-8f5c-7af4a702a6f1,2025-09-11,15482.63,97895.71,-82413.08,13353.525714285714,13779.003333333334,187146.5042857143,121780.13633333334,-173792.9785714286,-108001.133,-211612.37,-169520.25,3,11,9,392
9ae1ca9a-c01b-423f-8f5c-7af4a702a6f1,2025-09-12,6808.24,96331.91,-89523.67,15017.225714285714,13725.275333333333,176366.32285714286,122115.49033333334,-161349.09714285712,-108390.21500000001,-82413.08,-190039.02,4,12,9,393
9ae1ca9a-c01b-423f-8f5c-7af4a702a6f1,2025-09-13,17377.18,45648.07,-28270.89,13965.938571428573,13268.060666666666,160955.69999999998,123058.96533333333,-146989.76142857142,-109790.90466666667,-89523.67,-83820.61,5,13,9,394
9ae1ca9a-c01b-423f-8f5c-7af4a702a6f1,2025-09-14,8266.35,20712.76,-12446.41,12844.198571428571,13277.767666666668,151898.2857142857,121191.027,-139054.08714285714,-107913.25933333334,-28270.89,-186842.51,6,14,9,395
9ae1ca9a-c01b-423f-8f5c-7af4a702a6f1,2025-09-15,26551.43,32350.35,-5798.92,13218.107142857143,12651.262999999999,127358.46571428572,118397.26433333333,-114140.35857142857,-105746.00133333333,-12446.41,-230120.93,0,15,9,396
9ae1ca9a-c01b-423f-8f5c-7af4a702a6f1,2025-09-16,6918.72,196789.79,-189871.07,15353.891428571427,12956.584666666668,97448.24857142857,116281.68699999999,-82094.35714285714,-103325.10233333333,-5798.92,-144595.16,1,16,9,397
9ae1ca9a-c01b-423f-8f5c-7af4a702a6f1,2025-09-17,13234.07,39019.12,-25785.05,15028.072857142857,12912.939333333334,103590.41714285714,120623.00633333334,-88562.3442857143,-107710.06700000001,-189871.07,-211612.37,2,17,9,398
9ae1ca9a-c01b-423f-8f5c-7af4a702a6f1,2025-09-18,11716.94,163301.81,-151584.87,13519.802857142857,13228.364,75535.38714285716,119840.15733333334,-62015.58428571429,-106611.79333333332,-25785.05,-82413.08,3,18,9,399
9ae1ca9a-c01b-423f-8f5c-7af4a702a6f1,2025-09-19,17412.36,133814.22,-116401.86,12981.847142857141,13164.006333333333,84879.11571428573,122482.518,-71897.26857142858,-109318.51166666667,-151584.87,-89523.67,4,19,9,400
9ae1ca9a-c01b-423f-8f5c-7af4a702a6f1,2025-09-20,7876.15,148546.88,-140670.73,14496.72142857143,13461.648333333334,90233.73142857142,124999.31733333334,-75737.01,-111537.669,-116401.86,-28270.89,5,20,9,401
9ae1ca9a-c01b-423f-8f5c-7af4a702a6f1,2025-09-21,15536.14,138814.75,-123278.61,13139.43142857143,13002.480000000001,104933.56142857144,126798.93833333332,-91794.13,-113796.45833333333,-140670.73,-12446.41,6,21,9,402
9ae1ca9a-c01b-423f-8f5c-7af4a702a6f1,2025-09-22,7289.39,93687.06,-86397.67,14177.972857142857,13143.889666666666,121805.27428571429,127622.66999999998,-107627.30142857143,-114478.78033333334,-123278.61,-5798.92,0,22,9,403
9ae1ca9a-c01b-423f-8f5c-7af4a702a6f1,2025-09-23,9485.42,54605.61,-45120.19,11426.252857142857,12755.123,130567.66142857145,126287.87833333334,-119141.40857142859,-113532.75533333333,-86397.67,-189871.07,1,23,9,404
9ae1ca9a-c01b-423f-8f5c-7af4a702a6f1,2025-09-24,12197.16,155475.88,-143278.72,11792.924285714285,12488.262666666667,110255.63571428573,127334.75933333334,-98462.71142857142,-114846.49666666666,-45120.19,-25785.05,2,24,9,405
9ae1ca9a-c01b-423f-8f5c-7af4a702a6f1,2025-09-25,32624.63,87445.06,-54820.43,11644.794285714286,12824.263333333334,126892.31571428571,132153.73533333334,-115247.52142857142,-119329.472,-143278.72,-151584.87,3,25,9,406
9ae1ca9a-c01b-423f-8f5c-7af4a702a6f1,2025-09-26,13707.5,5954.25,7753.25,14631.607142857143,13576.003999999999,116055.63714285714,128171.17333333334,-101424.03000000001,-114595.16933333334,-54820.43,-116401.86,4,26,9,407
9ae1ca9a-c01b-423f-8f5c-7af4a702a6f1,2025-09-27,6758.25,121726.49,-114968.24,14102.341428571426,13794.221666666668,97789.92714285714,121063.27766666668,-83687.58571428571,-107269.05600000001,7753.25,-140670.73,5,27,9,408
9ae1ca9a-c01b-423f-8f5c-7af4a702a6f1,2025-09-28,15341.04,226552.53,-211211.49,13942.641428571427,13671.237666666666,93958.44285714286,121050.83499999999,-80015.80142857143,-107379.59733333335,-114968.24,-123278.61,6,28,9,409
9ae1ca9a-c01b-423f-8f5c-7af4a702a6f1,2025-09-29,24703.31,192965.0,-168261.69,13914.77,13728.971333333333,106492.41142857143,126898.36933333334,-92577.64142857143,-113169.398,-211211.49,-86397.67,0,29,9,410
9ae1ca9a-c01b-423f-8f5c-7af4a702a6f1,2025-09-30,27022.97,196029.13,-169006.16,16402.472857142857,14323.614,120674.9742857143,131602.812,-104272.50142857143,-117279.198,-168261.69,-45120.19,1,30,9,411
9ae1ca9a-c01b-423f-8f5c-7af4a702a6f1,2025-10-01,17428.57,163216.6,-145788.03,18907.837142857144,14847.084,140878.33428571429,133137.78133333332,-121970.49714285714,-118290.69733333333,-169006.16,-143278.72,2,1,10,412
9ae1ca9a-c01b-423f-8f5c-7af4a702a6f1,2025-10-02,10694.24,51396.72,-40702.48,19655.181428571428,14933.767,141984.1514285714,137693.06900000002,-122328.97,-122759.302,-145788.03,-54820.43,3,2,10,413
9ae1ca9a-c01b-423f-8f5c-7af4a702a6f1,2025-10-03,8863.4,78000.63,-69137.23,16522.26857142857,14854.463333333335,136834.38857142857,131889.6463333333,-120312.12,-117035.18299999999,-40702.48,7753.25,4,3,10,414
9ae1ca9a-c01b-423f-8f5c-7af4a702a6f1,2025-10-04,10922.72,264126.75,-253204.03,15830.254285714287,14225.692333333332,147126.7285714286,128343.52866666668,-131296.4742857143,-114117.83633333333,-69137.23,-114968.24,5,4,10,415
9ae1ca9a-c01b-423f-8f5c-7af4a702a6f1,2025-10-05,9901.0,316560.09,-306659.09,16425.178571428572,14461.892,167469.62285714288,131369.18766666666,-151044.4442857143,-116907.29566666667,-253204.03,-211211.49,6,5,10,416
9ae1ca9a-c01b-423f-8f5c-7af4a702a6f1,2025-10-06,8237.38,151708.35,-143470.97,15648.03,14319.683666666668,180327.8457142857,135114.315,-164679.8157142857,-120794.63133333334,-306659.09,-168261.69,0,6,10,417
9ae1ca9a-c01b-423f-8f5c-7af4a702a6f1,2025-10-07,2733.71,209007.13,-206273.42,13295.754285714285,13753.284333333335,174434.03857142857,136536.261,-161138.2842857143,-122782.97666666667,-143470.97,-169006.16,1,7,10,418
9ae1ca9a-c01b-423f-8f5c-7af4a702a6f1,2025-10-08,9229.15,182680.54,-173451.39,9825.86,13656.108333333334,176288.03857142857,137086.782,-166462.17857142858,-123430.67366666667,-206273.42,-145788.03,2,8,10,419
9ae1ca9a-c01b-423f-8f5c-7af4a702a6f1,2025-10-09,13402.81,145140.45,-131737.64,8654.514285714284,13577.048666666667,179068.60142857142,135118.73766666665,-170414.08714285717,-121541.68900000001,-173451.39,-40702.48,3,9,10,420
9ae1ca9a-c01b-423f-8f5c-7af4a702a6f1,2025-10-10,14451.32,60779.39,-46328.07,9041.452857142856,13717.160666666667,192460.56285714285,134830.26566666664,-183419.11000000002,-121113.10500000001,-131737.64,-69137.23,4,10,10,421
9ae1ca9a-c01b-423f-8f5c-7af4a702a6f1,2025-10-11,13025.13,18932.53,-5907.4,9839.727142857142,13405.806,190000.38571428575,129009.43433333332,-180160.6585714286,-115603.62833333334,-46328.07,-253204.03,5,11,10,422
9ae1ca9a-c01b-423f-8f5c-7af4a702a6f1,2025-10-12,14308.79,270062.1,-255753.31,10140.07142857143,13323.889333333333,154972.64000000004,126377.32833333334,-144832.5685714286,-113053.439,-5907.4,-306659.09,6,12,10,423
9ae1ca9a-c01b-423f-8f5c-7af4a702a6f1,2025-10-13,16504.87,77564.0,-61059.13,10769.755714285715,13573.907666666666,148330.07,132168.33466666666,-137560.3142857143,-118594.427,-255753.31,-143470.97,0,13,10,424
9ae1ca9a-c01b-423f-8f5c-7af4a702a6f1,2025-10-14,30934.22,200680.44,-169746.22,11950.825714285715,13544.830666666667,137738.02,133232.199,-125787.1942857143,-119687.36833333333,-61059.13,-206273.42,1,14,10,425
9ae1ca9a-c01b-423f-8f5c-7af4a702a6f1,2025-10-15,4131.63,334236.25,-330104.62,15979.470000000001,14300.426333333335,136548.49285714285,139231.12166666667,-120569.02285714286,-124930.69533333335,-169746.22,-173451.39,2,15,10,426
9ae1ca9a-c01b-423f-8f5c-7af4a702a6f1,2025-10-16,18818.83,248344.35,-229525.52,15251.252857142856,13553.099666666667,158199.30857142856,149293.985,-142948.05571428573,-135740.88533333334,-330104.62,-131737.64,3,16,10,427
9ae1ca9a-c01b-423f-8f5c-7af4a702a6f1,2025-10-17,25809.81,96234.3,-70424.49,16024.970000000001,13949.769999999999,172942.72285714286,151012.47033333333,-156917.75285714286,-137062.7003333333,-229525.52,-46328.07,4,17,10,428
9ae1ca9a-c01b-423f-8f5c-7af4a702a6f1,2025-10-18,17941.31,134663.31,-116722.0,17647.611428571432,14368.961333333335,178007.71,152919.643,-160360.09857142856,-138550.68166666667,-70424.49,-5907.4,5,18,10,429
9ae1ca9a-c01b-423f-8f5c-7af4a702a6f1,2025-10-19,19758.75,98918.02,-79159.27,18349.922857142858,14576.440333333334,194540.67857142858,151965.02633333334,-176190.7557142857,-137388.586,-116722.0,-255753.31,6,19,10,430
9ae1ca9a-c01b-423f-8f5c-7af4a702a6f1,2025-10-20,13506.29,205825.34,-192319.05,19128.488571428574,14654.653333333334,170091.5242857143,150801.81966666665,-150963.0357142857,-136147.16633333333,-79159.27,-61059.13,0,20,10,431
9ae1ca9a-c01b-423f-8f5c-7af4a702a6f1,2025-10-21,38263.29,24080.8,14182.49,18700.12,14842.324666666666,188414.57285714286,152711.10166666665,-169714.45285714284,-137868.777,-192319.05,-169746.22,1,21,10,432
9ae1ca9a-c01b-423f-8f5c-7af4a702a6f1,2025-10-22,17788.9,416102.12,-398313.22,19747.13,15599.896333333334,163186.05285714287,148886.63666666666,-143438.92285714284,-133286.74033333332,14182.49,-330104.62,2,22,10,433
9ae1ca9a-c01b-423f-8f5c-7af4a702a6f1,2025-10-23,18378.38,56402.47,-38024.09,21698.16857142857,15949.880000000001,174881.17714285714,159633.80533333335,-153183.00857142857,-143683.92533333332,-398313.22,-229525.52,3,23,10,434
9ae1ca9a-c01b-423f-8f5c-7af4a702a6f1,2025-10-24,12145.06,39049.36,-26904.3,21635.247142857144,16246.312,147460.90857142856,159693.70066666664,-125825.66142857142,-143447.38866666667,-38024.09,-70424.49,4,24,10,435
9ae1ca9a-c01b-423f-8f5c-7af4a702a6f1,2025-10-25,18579.49,244400.48,-225820.99,19683.140000000003,16244.575333333334,139291.63142857145,155812.81666666668,-119608.49142857142,-139568.24133333334,-26904.3,-116722.0,5,25,10,436
9ae1ca9a-c01b-423f-8f5c-7af4a702a6f1,2025-10-26,11234.98,120212.65,-108977.67,19774.308571428573,15776.404,154968.36999999997,161044.664,-135194.0614285714,-145268.25999999998,-225820.99,-79159.27,6,26,10,437
9ae1ca9a-c01b-423f-8f5c-7af4a702a6f1,2025-10-27,6617.36,188011.58,-181394.22,18556.62714285714,15693.986666666666,158010.46,164853.27733333333,-139453.83285714284,-149159.29066666667,-108977.67,-192319.05,0,27,10,438
9ae1ca9a-c01b-423f-8f5c-7af4a702a6f1,2025-10-28,9716.84,18648.26,-8931.42,17572.494285714285,15689.290333333334,155465.63714285713,167062.78033333333,-137893.14285714287,-151373.49000000002,-181394.22,14182.49,1,28,10,439
9ae1ca9a-c01b-423f-8f5c-7af4a702a6f1,2025-10-29,24329.33,218639.63,-194310.3,13494.430000000002,15501.817000000001,154689.56,160132.63799999998,-141195.12999999998,-144630.821,-8931.42,-398313.22,2,29,10,440
9ae1ca9a-c01b-423f-8f5c-7af4a702a6f1,2025-10-30,26222.41,282003.43,-255781.02,14428.777142857143,15489.351,126480.63285714286,160988.45899999997,-112051.85571428572,-145499.108,-194310.3,-38024.09,3,30,10,441
9ae1ca9a-c01b-423f-8f5c-7af4a702a6f1,2025-10-31,25950.17,14318.52,11631.65,15549.352857142858,15462.665666666666,158709.3414285714,163854.269,-143159.98857142855,-148391.60333333333,-255781.02,-26904.3,4,31,10,442
9ae1ca9a-c01b-423f-8f5c-7af4a702a6f1,2025-11-01,26233.67,87982.81,-61749.14,17521.51142857143,15746.719000000001,155176.36428571428,158890.99966666667,-137654.85285714286,-143144.28066666666,11631.65,-225820.99,5,1,11,443
9ae1ca9a-c01b-423f-8f5c-7af4a702a6f1,2025-11-02,12620.04,18788.2,-6168.16,18614.965714285714,16264.7,132830.98285714287,160110.536,-114216.01714285715,-143845.836,-61749.14,-108977.67,6,2,11,444
9ae1ca9a-c01b-423f-8f5c-7af4a702a6f1,2025-11-03,22377.96,74983.11,-52605.15,18812.83142857143,16389.921333333335,118341.7757142857,158136.7883333333,-99528.94428571429,-141746.867,-6168.16,-181394.22,0,3,11,445
9ae1ca9a-c01b-423f-8f5c-7af4a702a6f1,2025-11-04,29975.7,76242.76,-46267.06,21064.345714285715,16771.762666666666,102194.85142857142,151832.00033333333,-81130.50571428573,-135060.23766666665,-52605.15,-8931.42,1,4,11,446
9ae1ca9a-c01b-423f-8f5c-7af4a702a6f1,2025-11-05,46675.6,111924.26,-65248.66,23958.46857142857,17440.919333333335,110422.63714285714,143821.42266666665,-86464.16857142856,-126380.50333333334,-46267.06,-194310.3,2,5,11,447
9ae1ca9a-c01b-423f-8f5c-7af4a702a6f1,2025-11-06,29295.35,213202.58,-183907.23,27150.792857142857,18722.193333333336,95177.58428571429,142495.28633333332,-68026.79142857144,-123773.09300000001,-65248.66,-255781.02,3,6,11,448
9ae1ca9a-c01b-423f-8f5c-7af4a702a6f1,2025-11-07,35585.66,163824.2,-128238.54,27589.784285714286,19607.581333333335,85348.89142857143,142635.13466666668,-57759.107142857145,-123027.55333333333,-183907.23,11631.65,4,7,11,449
9ae1ca9a-c01b-423f-8f5c-7af4a702a6f1,2025-11-08,39273.18,44778.06,-5504.88,28966.282857142858,20486.131666666664,106706.84571428571,142006.59,-77740.56285714287,-121520.45833333333,-128238.54,-61749.14,5,8,11,450
9ae1ca9a-c01b-423f-8f5c-7af4a702a6f1,2025-11-09,23301.22,83437.54,-60136.32,30829.07,21348.477333333332,100534.73857142858,138661.177,-69705.66857142857,-117312.69966666667,-5504.88,-6168.16,6,9,11,451
9ae1ca9a-c01b-423f-8f5c-7af4a702a6f1,2025-11-10,11162.8,146946.9,-135784.1,32354.95285714286,21643.474,109770.35857142857,139416.44866666666,-77415.4057142857,-117772.97466666666,-60136.32,-52605.15,0,10,11,452
9ae1ca9a-c01b-423f-8f5c-7af4a702a6f1,2025-11-11,25500.29,192616.61,-167116.32,30752.78714285714,21581.396333333334,120050.90000000001,143683.59433333334,-89298.11285714286,-122102.198,-135784.1,-46267.06,1,11,11,453
9ae1ca9a-c01b-423f-8f5c-7af4a702a6f1,2025-11-12,47739.98,79133.31,-31393.33,30113.442857142858,21954.446333333333,136675.7357142857,141102.078,-106562.29285714285,-119147.63166666665,-167116.32,-65248.66,2,12,11,454
9ae1ca9a-c01b-423f-8f5c-7af4a702a6f1,2025-11-13,24509.46,190176.92,-165667.46,30265.497142857144,22995.616666666665,131991.31428571427,141154.38833333334,-101725.81714285715,-118158.77166666667,-31393.33,-183907.23,3,13,11,455
9ae1ca9a-c01b-423f-8f5c-7af4a702a6f1,2025-11-14,33769.03,224399.06,-190630.03,29581.79857142857,22781.458,128701.93428571429,140804.271,-99120.1357142857,-118022.813,-165667.46,-128238.54,4,14,11,456
9ae1ca9a-c01b-423f-8f5c-7af4a702a6f1,2025-11-15,33978.64,46882.35,-12903.71,29322.28,23769.371333333333,137355.48571428572,137143.03133333332,-108033.20571428572,-113373.65999999999,-190630.03,-5504.88,5,15,11,457
9ae1ca9a-c01b-423f-8f5c-7af4a702a6f1,2025-11-16,30657.69,229245.16,-198587.47,28565.917142857146,24274.698333333337,137656.09857142856,130427.63133333334,-109090.18142857144,-106152.933,-12903.71,-60136.32,6,16,11,458
9ae1ca9a-c01b-423f-8f5c-7af4a702a6f1,2025-11-17,24737.55,178609.37,-153871.82,29616.84142857143,24436.29433333333,158485.75857142857,134861.32666666666,-128868.91714285713,-110425.03233333332,-198587.47,-135784.1,0,17,11,459
9ae1ca9a-c01b-423f-8f5c-7af4a702a6f1,2025-11-18,33923.07,180289.01,-146365.94,31556.09142857143,24662.83566666667,163008.9685714286,136326.19533333334,-131452.87714285715,-111663.35966666667,-153871.82,-167116.32,1,18,11,460
9ae1ca9a-c01b-423f-8f5c-7af4a702a6f1,2025-11-19,22036.29,100879.37,-78843.08,32759.345714285715,25134.979666666666,161247.88285714286,139038.56166666665,-128488.53714285714,-113903.582,-146365.94,-31393.33,2,19,11,461
9ae1ca9a-c01b-423f-8f5c-7af4a702a6f1,2025-11-20,18681.11,85124.61,-66443.5,29087.389999999996,25419.313000000002,164354.46285714288,135540.36266666665,-135267.07285714286,-110121.04966666667,-78843.08,-165667.46,3,20,11,462
9ae1ca9a-c01b-423f-8f5c-7af4a702a6f1,2025-11-21,55236.06,71278.56,-16042.5,28254.768571428573,24766.573666666667,149346.99,137575.15633333332,-121092.22142857143,-112808.58266666667,-66443.5,-190630.03,4,21,11,463
9ae1ca9a-c01b-423f-8f5c-7af4a702a6f1,2025-11-22,52475.05,44518.14,7956.91,31321.487142857142,26014.81233333334,127472.63285714286,126081.03766666666,-96151.14571428571,-100066.22533333334,-16042.5,-12903.71,5,22,11,464
9ae1ca9a-c01b-423f-8f5c-7af4a702a6f1,2025-11-23,42138.9,73521.9,-31383.0,33963.83142857143,27151.368000000002,127134.88857142859,125684.89333333333,-93171.05714285714,-98533.52533333332,7956.91,-198587.47,6,23,11,465
9ae1ca9a-c01b-423f-8f5c-7af4a702a6f1,2025-11-24,7997.98,228653.17,-220655.19,35604.00428571428,28151.162666666667,104888.70857142856,126833.97799999999,-69284.7042857143,-98682.81533333333,-31383.0,-153871.82,0,24,11,466
9ae1ca9a-c01b-423f-8f5c-7af4a702a6f1,2025-11-25,21274.98,235565.94,-214290.96,33212.637142857144,27798.445666666667,112037.82285714286,126309.06766666665,-78825.18571428572,-98510.622,-220655.19,-146365.94,1,25,11,467
9ae1ca9a-c01b-423f-8f5c-7af4a702a6f1,2025-11-26,40719.07,65013.74,-24294.67,31405.76714285714,28133.112333333334,119934.52714285716,130154.17733333333,-88528.76000000001,-102021.06499999999,-214290.96,-78843.08,2,26,11,468
9ae1ca9a-c01b-423f-8f5c-7af4a702a6f1,2025-11-27,21953.43,339780.29,-317826.86,34074.735714285714,29269.836000000003,114810.86571428573,126054.24933333333,-80736.12999999999,-96784.41333333333,-24294.67,-66443.5,3,27,11,469
9ae1ca9a-c01b-423f-8f5c-7af4a702a6f1,2025-11-28,43189.0,78037.95,-34848.95,34542.21,29677.72233333333,151190.24857142856,136758.65033333335,-116648.03857142858,-107080.92800000001,-317826.86,-16042.5,4,28,11,470
9ae1ca9a-c01b-423f-8f5c-7af4a702a6f1,2025-11-29,12981.59,22192.03,-9210.44,32821.20142857143,30306.378,152155.8757142857,132071.92766666666,-119334.67428571428,-101765.54966666666,-34848.95,7956.91,5,29,11,471
9ae1ca9a-c01b-423f-8f5c-7af4a702a6f1,2025-11-30,38475.34,52591.19,-14115.85,27179.278571428567,29865.017333333333,148966.43142857144,123411.54766666667,-121787.15285714286,-93546.53033333333,-9210.44,-31383.0,6,30,11,472
9ae1ca9a-c01b-423f-8f5c-7af4a702a6f1,2025-12-01,18348.06,137482.31,-119134.25,26655.912857142856,30282.523,145976.33000000002,124687.30333333333,-119320.41714285714,-94404.78033333334,-14115.85,-220655.19,0,1,12,473
9ae1ca9a-c01b-423f-8f5c-7af4a702a6f1,2025-12-02,24418.03,278331.18,-253913.15,28134.495714285713,30019.66933333333,132951.92142857143,126337.28666666667,-104817.42571428571,-96317.61733333333,-119134.25,-214290.96,1,2,12,474
9ae1ca9a-c01b-423f-8f5c-7af4a702a6f1,2025-12-03,44287.86,208349.77,-164061.91,28583.502857142856,30412.935666666664,139061.24142857143,134988.71933333334,-110477.73857142858,-104575.78366666666,-253913.15,-24294.67,2,3,12,475
9ae1ca9a-c01b-423f-8f5c-7af4a702a6f1,2025-12-04,24751.71,113204.84,-88453.13,29093.329999999998,31143.265666666666,159537.81714285715,139434.27466666666,-130444.48714285714,-108291.009,-164061.91,-317826.86,3,4,12,476
9ae1ca9a-c01b-423f-8f5c-7af4a702a6f1,2025-12-05,26801.27,177020.62,-150219.35,29493.084285714285,30969.132666666665,127169.8957142857,140666.344,-97676.81142857143,-109697.21133333333,-88453.13,-34848.95,4,5,12,477
9ae1ca9a-c01b-423f-8f5c-7af4a702a6f1,2025-12-06,32297.78,268266.81,-235969.03,27151.98,30306.654999999995,141310.27714285714,142836.22266666667,-114158.29714285715,-112529.56766666665,-150219.35,-9210.44,5,6,12,478
9ae1ca9a-c01b-423f-8f5c-7af4a702a6f1,2025-12-07,31043.25,101488.72,-70445.47,29911.43571428571,30406.735999999997,176463.81714285715,144671.69700000001,-146552.38142857142,-114264.961,-235969.03,-14115.85,6,7,12,479
9ae1ca9a-c01b-423f-8f5c-7af4a702a6f1,2025-12-08,12329.78,110682.62,-98352.84,28849.70857142857,30255.32233333333,183449.17857142858,142593.84766666667,-154599.47,-112338.52533333332,-70445.47,-119134.25,0,8,12,480
9ae1ca9a-c01b-423f-8f5c-7af4a702a6f1,2025-12-09,36047.01,236865.63,-200818.62,27989.954285714284,29357.209,179620.6514285714,144790.6663333333,-151630.69714285713,-115433.45733333332,-98352.84,-253913.15,1,9,12,481
9ae1ca9a-c01b-423f-8f5c-7af4a702a6f1,2025-12-10,27626.99,41262.48,-13635.49,29651.237142857142,29782.06866666667,173697.00142857144,149904.93599999996,-144045.76428571428,-120122.86733333333,-200818.62,-164061.91,2,10,12,482
9ae1ca9a-c01b-423f-8f5c-7af4a702a6f1,2025-12-11,43870.42,19147.49,24722.93,27271.112857142853,30330.875,149827.38857142857,146382.122,-122556.2757142857,-116051.247,-13635.49,-88453.13,3,11,12,483
9ae1ca9a-c01b-423f-8f5c-7af4a702a6f1,2025-12-12,31459.26,52291.94,-20832.68,30002.35714285714,30943.212666666663,136390.6242857143,140599.818,-106388.26714285716,-109656.60533333334,24722.93,-150219.35,4,12,12,484
9ae1ca9a-c01b-423f-8f5c-7af4a702a6f1,2025-12-13,45755.02,156550.54,-110795.52,30667.78428571429,30400.521999999997,118572.24142857142,139705.10566666667,-87904.45714285714,-109304.58366666667,-20832.68,-235969.03,5,13,12,485
9ae1ca9a-c01b-423f-8f5c-7af4a702a6f1,2025-12-14,15559.32,69003.1,-53443.78,32590.247142857144,31108.707333333332,102612.77428571427,138584.22633333332,-70022.52714285714,-107475.51900000001,-110795.52,-70445.47,6,14,12,486
9ae1ca9a-c01b-423f-8f5c-7af4a702a6f1,2025-12-15,19580.85,82274.03,-62693.18,30378.257142857146,30501.717,97971.97142857143,133404.36099999998,-67593.71428571429,-102902.644,-53443.78,-98352.84,0,15,12,487
9ae1ca9a-c01b-423f-8f5c-7af4a702a6f1,2025-12-16,17958.25,38083.6,-20125.35,31414.124285714286,30021.790666666664,93913.60142857142,134584.08366666667,-62499.47714285715,-104562.293,-62693.18,-200818.62,1,16,12,488
9ae1ca9a-c01b-423f-8f5c-7af4a702a6f1,2025-12-17,23648.26,126930.64,-103282.38,28830.015714285713,29598.476000000002,65516.16857142857,128212.03166666668,-36686.15285714286,-98613.55566666667,-20125.35,-13635.49,2,17,12,489
9ae1ca9a-c01b-423f-8f5c-7af4a702a6f1,2025-12-18,20204.96,130150.23,-109945.27,28261.625714285714,29562.166333333334,77754.47714285714,126489.40733333332,-49492.851428571434,-96927.241,-103282.38,24722.93,3,18,12,490
9ae1ca9a-c01b-423f-8f5c-7af4a702a6f1,2025-12-19,27374.56,170546.25,-143171.69,24880.84571428571,29104.896,93612.01142857142,124818.11466666666,-68731.16571428571,-95713.21866666667,-109945.27,-20832.68,4,19,12,491
9ae1ca9a-c01b-423f-8f5c-7af4a702a6f1,2025-12-20,29405.0,140268.62,-110863.62,24297.31714285714,29282.838333333333,110505.48428571426,127140.344,-86208.16714285714,-97857.50566666666,-143171.69,-110795.52,5,20,12,492
9ae1ca9a-c01b-423f-8f5c-7af4a702a6f1,2025-12-21,17610.39,54843.31,-37232.92,21961.600000000002,29640.301333333333,108179.49571428572,128978.47766666667,-86217.89571428571,-99338.17633333334,-110863.62,-53443.78,6,21,12,493
9ae1ca9a-c01b-423f-8f5c-7af4a702a6f1,2025-12-22,50525.89,226303.92,-175778.03,22254.609999999997,28386.11233333333,106156.66857142856,128430.636,-83902.05857142857,-100044.52366666666,-37232.92,-62693.18,0,22,12,494
9ae1ca9a-c01b-423f-8f5c-7af4a702a6f1,2025-12-23,47386.33,103760.82,-56374.49,26675.329999999998,28321.140333333333,126732.36714285715,134490.16199999998,-100057.03714285714,-106169.02166666667,-175778.03,-20125.35,1,23,12,495
9ae1ca9a-c01b-423f-8f5c-7af4a702a6f1,2025-12-24,49545.1,130690.32,-81145.22,30879.341428571428,28496.054666666667,136114.82714285716,135498.12600000002,-105235.48571428572,-107002.07133333334,-56374.49,-103282.38,2,24,12,496
9ae1ca9a-c01b-423f-8f5c-7af4a702a6f1,2025-12-25,9949.38,211355.12,-201405.74,34578.89,29880.958666666666,136651.9242857143,132232.69766666667,-102073.03428571428,-102351.739,-81145.22,-109945.27,3,25,12,497
9ae1ca9a-c01b-423f-8f5c-7af4a702a6f1,2025-12-26,40958.39,34840.31,6118.08,33113.80714285715,29503.43866666667,148252.62285714288,131425.67033333334,-115138.81571428572,-101922.23166666667,-201405.74,-143171.69,4,26,12,498
9ae1ca9a-c01b-423f-8f5c-7af4a702a6f1,2025-12-27,45340.38,191756.04,-146415.66,35054.35428571429,29511.416,128866.06000000001,130419.88933333334,-93811.70571428571,-100908.47333333334,6118.08,-110863.62,5,27,12,499
9ae1ca9a-c01b-423f-8f5c-7af4a702a6f1,2025-12-28,42547.7,154456.67,-111908.97,37330.83714285714,30290.981000000003,136221.40571428573,125485.74766666666,-98890.56857142856,-95194.76666666666,-146415.66,-37232.92,6,28,12,500
9ae1ca9a-c01b-423f-8f5c-7af4a702a6f1,2025-12-29,27673.83,25892.02,1781.81,40893.31,30269.604333333333,150451.88571428572,128033.03833333334,-109558.57571428572,-97763.434,-111908.97,-175778.03,0,29,12,501
9ae1ca9a-c01b-423f-8f5c-7af4a702a6f1,2025-12-30,27576.04,146905.6,-119329.56,37628.729999999996,30759.345666666664,121821.6142857143,128156.37133333334,-84192.88428571427,-97397.02566666667,1781.81,-56374.49,1,30,12,502
9ae1ca9a-c01b-423f-8f5c-7af4a702a6f1,2025-12-31,43463.28,111763.55,-68300.27,34798.688571428575,30396.035666666667,127985.15428571429,131300.185,-93186.46571428572,-100904.14933333333,-119329.56,-81145.22,2,31,12,503
9ae1ca9a-c01b-423f-8f5c-7af4a702a6f1,2026-01-01,16748.67,185172.85,-168424.18,33929.857142857145,31233.20966666667,125281.32999999999,130442.893,-91351.47285714284,-99209.68333333333,-68300.27,-201405.74,3,1,1,504
9ae1ca9a-c01b-423f-8f5c-7af4a702a6f1,2026-01-02,28905.25,90485.84,-61580.59,34901.184285714284,30977.564333333332,121541.00571428573,127337.61533333335,-86639.82142857143,-96360.051,-168424.18,6118.08,4,2,1,505
9ae1ca9a-c01b-423f-8f5c-7af4a702a6f1,2026-01-03,30968.31,53789.28,-22820.97,33179.30714285714,30464.810666666668,129490.36714285715,123408.81766666667,-96311.06000000001,-92944.007,-61580.59,-146415.66,5,3,1,506
9ae1ca9a-c01b-423f-8f5c-7af4a702a6f1,2026-01-04,82287.09,48013.79,34273.3,31126.154285714285,30672.03066666667,109780.83,121428.29899999998,-78654.67571428571,-90756.26833333334,-22820.97,-111908.97,6,4,1,507
9ae1ca9a-c01b-423f-8f5c-7af4a702a6f1,2026-01-05,39849.72,148653.05,-108803.33,36803.21,32521.558,94574.70428571428,117128.07133333333,-57771.49428571429,-84606.51333333334,34273.3,1781.81,0,5,1,508
9ae1ca9a-c01b-423f-8f5c-7af4a702a6f1,2026-01-06,12035.22,153601.98,-141566.76,38542.62285714286,32773.289333333334,112111.99428571427,113140.94600000001,-73569.37142857142,-80367.65666666668,-108803.33,-119329.56,1,6,1,509
9ae1ca9a-c01b-423f-8f5c-7af4a702a6f1,2026-01-07,53244.39,32435.47,20808.92,36322.50571428572,32139.688333333335,113068.62,114878.05466666668,-76746.1142857143,-82738.36633333334,-141566.76,-68300.27,2,7,1,510
9ae1ca9a-c01b-423f-8f5c-7af4a702a6f1,2026-01-08,38987.97,304190.55,-265202.58,37719.80714285715,33503.50866666667,101736.03714285714,112269.81633333332,-64016.229999999996,-78766.30766666667,20808.92,-168424.18,3,8,1,511
9ae1ca9a-c01b-423f-8f5c-7af4a702a6f1,2026-01-09,83335.81,252795.83,-169460.02,40896.85,33601.54066666667,118738.56571428571,114513.98033333334,-77841.71571428572,-80912.43966666666,-265202.58,-61580.59,4,9,1,512
9ae1ca9a-c01b-423f-8f5c-7af4a702a6f1,2026-01-10,21060.47,104242.75,-83182.28,48672.64428571429,35458.50133333333,141925.70714285714,121565.092,-93253.06285714287,-86106.59066666666,-169460.02,-22820.97,5,10,1,513
9ae1ca9a-c01b-423f-8f5c-7af4a702a6f1,2026-01-11,12217.81,528348.69,-516130.88,47257.23857142857,34698.16966666667,149133.3457142857,124401.60066666667,-101876.10714285714,-89703.43100000001,-83182.28,34273.3,6,11,1,514
9ae1ca9a-c01b-423f-8f5c-7af4a702a6f1,2026-01-12,20477.6,128786.8,-108309.2,37247.34142857143,34056.788,217752.6171428571,140270.15899999999,-180505.2757142857,-106213.371,-516130.88,-108803.33,0,12,1,515
9ae1ca9a-c01b-423f-8f5c-7af4a702a6f1,2026-01-13,24028.1,180455.12,-156427.02,34479.89571428571,33214.20733333333,214914.5814285714,139344.701,-180434.68571428568,-106130.49366666666,-108309.2,-141566.76,1,13,1,516
9ae1ca9a-c01b-423f-8f5c-7af4a702a6f1,2026-01-14,46306.67,153313.79,-107007.12,36193.16428571429,33496.5,218750.7442857143,143059.76833333334,-182557.58,-109563.26833333333,-156427.02,20808.92,2,14,1,517
9ae1ca9a-c01b-423f-8f5c-7af4a702a6f1,2026-01-15,12997.06,164010.24,-151013.18,35202.061428571425,34387.36066666667,236019.07571428572,145427.7603333333,-200817.0142857143,-111040.39966666666,-107007.12,-265202.58,3,15,1,518
9ae1ca9a-c01b-423f-8f5c-7af4a702a6f1,2026-01-16,26695.55,169171.08,-142475.53,31489.074285714283,34221.98766666667,215993.31714285715,149625.315,-184504.24285714285,-115403.32733333333,-151013.18,-169460.02,4,16,1,519
9ae1ca9a-c01b-423f-8f5c-7af4a702a6f1,2026-01-17,26199.36,109655.14,-83455.78,23397.608571428573,34323.564,204046.92428571425,151033.32966666666,-180649.3157142857,-116709.76566666666,-142475.53,-83182.28,5,17,1,520
9ae1ca9a-c01b-423f-8f5c-7af4a702a6f1,2026-01-18,20166.31,165443.05,-145276.74,24131.73571428571,34523.37733333333,204820.12285714285,150350.16,-180688.38714285713,-115826.78266666667,-83455.78,-516130.88,6,18,1,521
9ae1ca9a-c01b-423f-8f5c-7af4a702a6f1,2026-01-19,34229.54,100476.72,-66247.18,25267.235714285714,34283.10233333333,152976.46,150180.05333333332,-127709.2242857143,-115896.95099999999,-145276.74,-108309.2,0,19,1,522
9ae1ca9a-c01b-423f-8f5c-7af4a702a6f1,2026-01-20,17642.03,288883.86,-271241.83,27231.798571428575,34443.920333333335,148932.16285714283,148853.65666666668,-121700.36428571427,-114409.73633333333,-66247.18,-156427.02,1,20,1,523
9ae1ca9a-c01b-423f-8f5c-7af4a702a6f1,2026-01-21,47831.86,257787.85,-209955.99,26319.50285714286,34444.975,164421.98285714284,156655.00833333333,-138102.48,-122210.03333333334,-271241.83,-107007.12,2,21,1,524
9ae1ca9a-c01b-423f-8f5c-7af4a702a6f1,2026-01-22,7984.38,30023.76,-22039.38,26537.387142857147,34355.174,179346.84857142856,157704.47266666667,-152809.46142857143,-123349.29866666667,-209955.99,-151013.18,3,22,1,525
9ae1ca9a-c01b-423f-8f5c-7af4a702a6f1,2026-01-23,41974.48,150363.25,-108388.77,25821.29,33041.77566666666,160205.92285714284,155246.57066666667,-134384.63285714286,-122204.79499999998,-22039.38,-142475.53,4,23,1,526
9ae1ca9a-c01b-423f-8f5c-7af4a702a6f1,2026-01-24,43880.49,129278.02,-85397.53,28003.99428571429,32789.42166666667,157519.09,155902.335,-129515.09571428571,-123112.91333333333,-108388.77,-83455.78,5,24,1,527
9ae1ca9a-c01b-423f-8f5c-7af4a702a6f1,2026-01-25,52166.35,136292.45,-84126.1,30529.870000000003,33920.458666666666,160322.35857142857,153166.43166666667,-129792.48857142856,-119245.973,-85397.53,-145276.74,6,25,1,528
9ae1ca9a-c01b-423f-8f5c-7af4a702a6f1,2026-01-26,20301.54,141388.95,-121087.41,35101.30428571429,34294.05733333333,156157.98714285714,156548.16966666665,-121056.68285714285,-122254.11233333334,-84126.1,-66247.18,0,26,1,529
9ae1ca9a-c01b-423f-8f5c-7af4a702a6f1,2026-01-27,34139.33,38696.33,-4557.0,33111.590000000004,33459.42933333333,162002.59142857144,154869.26666666666,-128891.00142857143,-121409.83733333331,-121087.41,-271241.83,1,27,1,530
9ae1ca9a-c01b-423f-8f5c-7af4a702a6f1,2026-01-28,27637.48,161143.05,-133505.57,35468.34714285714,33179.15033333333,126261.5157142857,151010.58866666668,-90793.16857142856,-117831.43833333332,-4557.0,-209955.99,2,28,1,531
9ae1ca9a-c01b-423f-8f5c-7af4a702a6f1,2026-01-29,23349.84,188712.52,-165362.68,32583.43571428571,33177.93866666667,112455.11571428573,155518.9563333333,-79871.68000000001,-122341.01766666668,-133505.57,-22039.38,3,29,1,532
9ae1ca9a-c01b-423f-8f5c-7af4a702a6f1,2026-01-30,31244.8,200477.28,-169232.48,34778.50142857143,33037.06533333333,135124.9385714286,156912.52033333335,-100346.43714285715,-123875.455,-165362.68,-108388.77,4,30,1,533
9ae1ca9a-c01b-423f-8f5c-7af4a702a6f1,2026-01-31,13401.49,194957.4,-181555.91,33245.69,32629.782666666666,142284.08571428573,159869.64466666666,-109038.39571428571,-127239.862,-169232.48,-85397.53,5,31,1,534
9ae1ca9a-c01b-423f-8f5c-7af4a702a6f1,2026-02-01,17992.7,194028.35,-176035.65,28891.54714285714,32518.210000000003,151666.85428571427,160195.79633333333,-122775.30714285713,-127677.58633333333,-181555.91,-84126.1,6,1,2,535
9ae1ca9a-c01b-423f-8f5c-7af4a702a6f1,2026-02-02,21394.79,129621.89,-108227.1,24009.597142857143,32154.458333333332,159914.84000000003,163647.21333333332,-135905.24285714285,-131492.755,-176035.65,-121087.41,0,2,2,536
9ae1ca9a-c01b-423f-8f5c-7af4a702a6f1,2026-02-03,15518.29,205202.11,-189683.82,24165.77571428571,31835.341,158233.83142857143,166174.967,-134068.0557142857,-134339.626,-108227.1,-4557.0,1,3,2,537
9ae1ca9a-c01b-423f-8f5c-7af4a702a6f1,2026-02-04,17140.49,160720.36,-143579.87,21505.62714285714,29609.714333333333,182020.3714285714,171414.57766666665,-160514.7442857143,-141804.86333333334,-189683.82,-133505.57,2,4,2,538
9ae1ca9a-c01b-423f-8f5c-7af4a702a6f1,2026-02-05,15168.14,340007.05,-324838.91,20006.057142857142,28852.739999999998,181959.98714285714,171816.82133333333,-161953.93,-142964.08133333334,-143579.87,-165362.68,3,5,2,539
9ae1ca9a-c01b-423f-8f5c-7af4a702a6f1,2026-02-06,37087.26,49446.82,-12359.56,18837.242857142857,28957.170666666665,203573.49142857143,178030.32366666666,-184736.24857142856,-149073.153,-324838.91,-169232.48,4,6,2,540
9ae1ca9a-c01b-423f-8f5c-7af4a702a6f1,2026-02-07,16347.33,280128.68,-263781.35,19671.88,28418.599666666665,181997.71142857143,178597.36866666665,-162325.83142857143,-150178.76899999997,-12359.56,-181555.91,5,7,2,541
9ae1ca9a-c01b-423f-8f5c-7af4a702a6f1,2026-02-08,17258.56,89995.16,-72736.6,20092.714285714286,27663.911666666667,194165.03714285712,177795.3063333333,-174072.32285714283,-150131.39466666666,-263781.35,-176035.65,6,8,2,542
9ae1ca9a-c01b-423f-8f5c-7af4a702a6f1,2026-02-09,26026.13,246553.45,-220527.32,19987.83714285714,25461.33666666667,179303.15285714288,172368.61733333333,-159315.3157142857,-146907.28066666666,-72736.6,-108227.1,0,9,2,543
9ae1ca9a-c01b-423f-8f5c-7af4a702a6f1,2026-02-10,34047.23,145920.13,-111872.9,20649.457142857143,25626.858666666667,196007.66142857142,177112.30733333333,-175358.20428571428,-151485.44866666666,-220527.32,-189683.82,1,10,2,544
9ae1ca9a-c01b-423f-8f5c-7af4a702a6f1,2026-02-11,8054.45,128222.04,-120167.59,23296.448571428573,26354.506,187538.80714285717,164364.68866666668,-164242.35857142857,-138010.18266666666,-111872.9,-143579.87,2,11,2,545
9ae1ca9a-c01b-423f-8f5c-7af4a702a6f1,2026-02-12,35843.61,169359.03,-133515.42,21998.442857142858,25940.401,182896.18999999997,164345.86333333334,-160897.74714285714,-138405.46233333333,-120167.59,-324838.91,3,12,2,546
9ae1ca9a-c01b-423f-8f5c-7af4a702a6f1,2026-02-13,31940.55,170869.51,-138928.96,24952.08142857143,26334.25133333333,158517.90142857144,163975.99366666668,-133565.82,-137641.74233333333,-133515.42,-12359.56,4,13,2,547
9ae1ca9a-c01b-423f-8f5c-7af4a702a6f1,2026-02-14,13605.58,67923.66,-54318.08,24216.83714285714,25855.380666666668,175864.0,164561.18433333334,-151647.16285714283,-138705.80366666667,-138928.96,-263781.35,5,14,2,548
9ae1ca9a-c01b-423f-8f5c-7af4a702a6f1,2026-02-15,18997.49,348978.54,-329981.05,23825.15857142857,25875.664666666664,145548.99714285714,161358.29833333334,-121723.83857142857,-135482.63366666666,-54318.08,-72736.6,6,15,2,549
9ae1ca9a-c01b-423f-8f5c-7af4a702a6f1,2026-02-16,13364.38,39557.38,-26193.0,24073.577142857142,25619.06266666667,182546.62285714285,167351.88033333333,-158473.04571428572,-141732.81766666667,-329981.05,-220527.32,0,16,2,550
9ae1ca9a-c01b-423f-8f5c-7af4a702a6f1,2026-02-17,29086.43,120209.3,-91122.87,22264.755714285715,25191.23,152975.7557142857,165015.28833333336,-130711.0,-139824.05833333332,-26193.0,-111872.9,1,17,2,551
9ae1ca9a-c01b-423f-8f5c-7af4a702a6f1,2026-02-18,14119.57,194358.42,-180238.85,21556.07,25488.567333333332,149302.78,163507.49666666664,-127746.70999999999,-138018.92933333333,-91122.87,-120167.59,2,18,2,552
9ae1ca9a-c01b-423f-8f5c-7af4a702a6f1,2026-02-19,33220.12,156068.09,-122847.97,22422.515714285713,24818.234999999997,158750.83428571429,166636.88666666666,-136328.31857142856,-141818.65166666667,-180238.85,-133515.42,3,19,2,553
9ae1ca9a-c01b-423f-8f5c-7af4a702a6f1,2026-02-20,18516.82,277827.1,-259310.28,22047.731428571427,25337.504666666668,156852.12857142856,162209.69433333335,-134804.39714285714,-136872.18966666667,-122847.97,-138928.96,4,20,2,554
9ae1ca9a-c01b-423f-8f5c-7af4a702a6f1,2026-02-21,25166.56,221224.14,-196057.58,20130.055714285718,24360.33666666667,172131.7842857143,162877.66933333332,-152001.72857142854,-138517.33266666665,-259310.28,-54318.08,5,21,2,555
9ae1ca9a-c01b-423f-8f5c-7af4a702a6f1,2026-02-22,9848.93,123695.72,-113846.79,21781.624285714286,24933.076,194031.85285714286,169251.01533333334,-172250.2285714286,-144317.9393333333,-196057.58,-329981.05,6,22,2,556
9ae1ca9a-c01b-423f-8f5c-7af4a702a6f1,2026-02-23,9197.63,67538.94,-58341.31,20474.687142857143,23862.22433333333,161848.59285714285,168362.09766666667,-141373.9057142857,-144499.87333333332,-113846.79,-26193.0,0,23,2,557
9ae1ca9a-c01b-423f-8f5c-7af4a702a6f1,2026-02-24,24174.03,204250.01,-180075.98,19879.437142857143,22706.129,165845.9585714286,166304.12833333333,-145966.52142857143,-143597.99933333334,-58341.31,-91122.87,1,24,2,558
9ae1ca9a-c01b-423f-8f5c-7af4a702a6f1,2026-02-25,9717.28,298703.54,-288986.26,19177.665714285715,21773.05166666667,177851.77428571432,168569.38033333333,-158674.10857142857,-146796.32866666664,-180075.98,-180238.85,2,25,2,559
9ae1ca9a-c01b-423f-8f5c-7af4a702a6f1,2026-02-26,24952.3,150092.39,-125140.09,18548.767142857145,21420.243,192758.22,173813.2,-174209.45285714284,-152392.957,-288986.26,-122847.97,3,26,2,560
9ae1ca9a-c01b-423f-8f5c-7af4a702a6f1,2026-02-27,15945.31,164138.07,-148192.76,17367.649999999998,21114.00866666667,191904.54857142858,177526.40200000003,-174536.89857142858,-156412.39333333334,-125140.09,-259310.28,4,27,2,561
9ae1ca9a-c01b-423f-8f5c-7af4a702a6f1,2026-02-28,36757.48,25359.67,11397.81,17000.29142857143,20724.269666666667,175663.25857142857,177626.236,-158662.96714285715,-156901.96633333334,-148192.76,-196057.58,5,28,2,562
9ae1ca9a-c01b-423f-8f5c-7af4a702a6f1,2026-03-01,26363.46,278360.51,-251997.05,18656.137142857144,21171.191000000003,147682.62000000002,172181.14099999997,-129026.48285714285,-151009.95,11397.81,-113846.79,6,1,3,563
9ae1ca9a-c01b-423f-8f5c-7af4a702a6f1,2026-03-02,14785.13,132418.81,-117633.68,21015.355714285713,21008.479666666666,169777.59,174777.2486666667,-148762.23428571428,-153768.769,-251997.05,-58341.31,0,2,3,564
9ae1ca9a-c01b-423f-8f5c-7af4a702a6f1,2026-03-03,19830.75,97790.48,-77959.73,21813.57,21054.601000000002,179046.14285714287,172692.62900000002,-157232.57285714286,-151638.028,-117633.68,-180075.98,1,3,3,565
9ae1ca9a-c01b-423f-8f5c-7af4a702a6f1,2026-03-04,29346.59,401735.18,-372388.59,21193.101428571426,21115.869333333336,163837.63857142857,169484.7,-142644.53714285715,-148368.83066666668,-77959.73,-288986.26,2,4,3,566
9ae1ca9a-c01b-423f-8f5c-7af4a702a6f1,2026-03-05,17849.19,110191.24,-92342.05,23997.28857142857,21380.929333333333,178556.44428571427,178555.143,-154559.15571428573,-157174.21366666668,-372388.59,-125140.09,3,5,3,567
9ae1ca9a-c01b-423f-8f5c-7af4a702a6f1,2026-03-06,13190.52,106352.28,-93161.76,22982.558571428573,21458.626,172856.28,175388.11400000003,-149873.72142857144,-153929.48799999998,-92342.05,-148192.76,4,6,3,568
9ae1ca9a-c01b-423f-8f5c-7af4a702a6f1,2026-03-07,26198.23,277107.34,-250909.11,22589.01714285714,21326.960333333333,164601.16714285713,173575.84466666667,-142012.15,-152248.88433333332,-93161.76,11397.81,5,7,3,569
9ae1ca9a-c01b-423f-8f5c-7af4a702a6f1,2026-03-08,6756.85,260087.85,-253331.0,21080.552857142855,21694.63,200565.11999999997,171479.18766666666,-179484.56714285715,-149784.5576666667,-250909.11,-251997.05,6,8,3,570
9ae1ca9a-c01b-423f-8f5c-7af4a702a6f1,2026-03-09,21776.91,129156.95,-107380.04,18279.608571428573,20683.61633333333,197954.74000000002,178500.55533333335,-179675.13142857142,-157816.93899999998,-253331.0,-117633.68,0,9,3,571
9ae1ca9a-c01b-423f-8f5c-7af4a702a6f1,2026-03-10,19179.24,194196.38,-175017.14,19278.434285714287,20864.602333333336,197488.76,173468.16433333335,-178210.32571428572,-152603.562,-107380.04,-77959.73,1,10,3,572
9ae1ca9a-c01b-423f-8f5c-7af4a702a6f1,2026-03-11,14906.85,78329.69,-63422.84,19185.36142857143,20928.625,211261.03142857147,176941.53833333336,-192075.66999999998,-156012.9133333333,-175017.14,-372388.59,2,11,3,573
9ae1ca9a-c01b-423f-8f5c-7af4a702a6f1,2026-03-12,28317.08,79886.02,-51568.94,17122.54142857143,20557.982333333333,165060.24714285714,171334.07966666666,-147937.7057142857,-150776.09733333334,-63422.84,-92342.05,3,12,3,574
9ae1ca9a-c01b-423f-8f5c-7af4a702a6f1,2026-03-13,18213.88,184539.57,-166325.69,18617.954285714288,20366.977333333332,160730.93,169132.94266666667,-142112.9757142857,-148765.96533333333,-51568.94,-93161.76,4,13,3,575
9ae1ca9a-c01b-423f-8f5c-7af4a702a6f1,2026-03-14,19212.92,139727.03,-120514.11,19335.577142857142,20705.625,171900.54285714286,171010.1936666667,-152564.9657142857,-150304.5686666667,-166325.69,-250909.11,5,14,3,576
9ae1ca9a-c01b-423f-8f5c-7af4a702a6f1,2026-03-15,33294.52,313017.17,-279722.65,18337.675714285717,20151.268666666667,152274.7842857143,170022.46033333332,-133937.10857142854,-149871.19166666668,-120514.11,-253331.0,6,15,3,577
9ae1ca9a-c01b-423f-8f5c-7af4a702a6f1,2026-03-16,19531.39,150316.14,-130784.75,22128.77142857143,20196.401,159836.11571428573,174760.71566666666,-137707.3442857143,-154564.31466666667,-279722.65,-107380.04,0,16,3,578
9ae1ca9a-c01b-423f-8f5c-7af4a702a6f1,2026-03-17,10251.5,159273.25,-149021.75,21807.98285714286,20393.928000000004,162858.85714285713,177507.13166666668,-141050.8742857143,-157113.20366666667,-130784.75,-175017.14,1,17,3,579
9ae1ca9a-c01b-423f-8f5c-7af4a702a6f1,2026-03-18,18871.46,86069.82,-67198.36,20532.59142857143,20102.395000000004,157869.83857142858,171183.622,-137337.24714285714,-151081.227,-149021.75,-63422.84,2,18,3,580
9ae1ca9a-c01b-423f-8f5c-7af4a702a6f1,2026-03-19,27809.92,155704.7,-127894.78,21098.964285714286,20285.964333333333,158975.57142857142,172734.03666666665,-137876.60714285716,-152448.07233333334,-67198.36,-51568.94,3,19,3,581
9ae1ca9a-c01b-423f-8f5c-7af4a702a6f1,2026-03-20,17125.52,69316.89,-52191.37,21026.512857142858,20243.413999999997,169806.81142857144,173917.21666666667,-148780.29857142858,-153673.80266666666,-127894.78,-166325.69,4,20,3,582
9ae1ca9a-c01b-423f-8f5c-7af4a702a6f1,2026-03-21,21395.69,173911.92,-152516.23,20871.032857142854,20343.612333333334,153346.42857142858,169749.16566666667,-132475.39571428573,-149405.55333333332,-52191.37,-120514.11,5,21,3,583
9ae1ca9a-c01b-423f-8f5c-7af4a702a6f1,2026-03-22,11447.83,147974.84,-136527.01,21182.85714285714,19949.46466666667,158229.98428571428,170343.96000000002,-137047.12714285715,-150394.49533333335,-152516.23,-279722.65,6,22,3,584
9ae1ca9a-c01b-423f-8f5c-7af4a702a6f1,2026-03-23,16489.77,159247.08,-142757.31,18061.90142857143,19713.831666666665,134652.50857142857,166015.55133333334,-116590.60714285714,-146301.71966666667,-136527.01,-130784.75,0,23,3,585
9ae1ca9a-c01b-423f-8f5c-7af4a702a6f1,2026-03-24,20191.79,94414.79,-74223.0,17627.384285714284,19424.605333333333,135928.35714285713,163949.64933333333,-118300.97285714284,-144525.04400000002,-142757.31,-149021.75,1,24,3,586
9ae1ca9a-c01b-423f-8f5c-7af4a702a6f1,2026-03-25,27330.77,205366.52,-178035.75,19047.425714285713,19769.367333333335,126662.86285714286,162973.61833333335,-107615.43714285715,-143204.25100000002,-74223.0,-67198.36,2,25,3,587
9ae1ca9a-c01b-423f-8f5c-7af4a702a6f1,2026-03-26,15555.39,103093.76,-87538.37,20255.898571428574,20373.80533333333,143705.24857142856,167567.87099999998,-123449.34999999999,-147194.0656666667,-178035.75,-127894.78,3,26,3,588
9ae1ca9a-c01b-423f-8f5c-7af4a702a6f1,2026-03-27,32500.03,92958.85,-60458.82,18505.251428571428,20086.51733333333,136189.4,164195.99599999998,-117684.14857142858,-144109.4786666667,-87538.37,-52191.37,4,27,3,589
9ae1ca9a-c01b-423f-8f5c-7af4a702a6f1,2026-03-28,39478.35,80776.38,-41298.03,20701.609999999997,20845.942333333332,139566.82285714286,157337.83966666667,-118865.21285714288,-136491.89733333336,-60458.82,-152516.23,5,28,3,590
9ae1ca9a-c01b-423f-8f5c-7af4a702a6f1,2026-03-29,15936.28,59198.04,-43261.76,23284.847142857143,21330.143999999997,126261.74571428573,155027.306,-102976.89857142857,-133697.16199999998,-41298.03,-136527.01,6,29,3,591
9ae1ca9a-c01b-423f-8f5c-7af4a702a6f1,2026-03-30,20196.97,139609.25,-119412.28,23926.054285714286,21329.843,113579.34571428571,151529.30500000002,-89653.29142857142,-130199.46200000001,-43261.76,-142757.31,0,30,3,592
9ae1ca9a-c01b-423f-8f5c-7af4a702a6f1,2026-03-31,14644.81,197758.1,-183113.29,24455.654285714285,20777.825999999997,110773.94142857143,155337.62433333334,-86318.28714285714,-134559.79833333334,-119412.28,-74223.0,1,31,3,593
9ae1ca9a-c01b-423f-8f5c-7af4a702a6f1,2026-04-01,17405.57,123448.16,-106042.59,23663.228571428568,20387.204333333335,125537.27142857142,152650.87733333334,-101874.04285714286,-132263.673,-183113.29,-178035.75,2,1,4,594
9ae1ca9a-c01b-423f-8f5c-7af4a702a6f1,2026-04-02,21760.99,261144.12,-239383.13,22245.342857142856,20474.552333333333,113834.64857142857,152351.85566666667,-91589.30571428571,-131877.30333333334,-106042.59,-87538.37,3,2,4,595
9ae1ca9a-c01b-423f-8f5c-7af4a702a6f1,2026-04-03,14779.39,176528.91,-161749.52,23131.85714285714,20538.893666666663,136413.27142857143,157796.977,-113281.41428571429,-137258.08333333334,-239383.13,-60458.82,4,3,4,596
9ae1ca9a-c01b-423f-8f5c-7af4a702a6f1,2026-04-04,17254.58,184460.51,-167205.93,20600.33714285714,20053.320333333333,148351.85142857142,150290.10133333332,-127751.51428571428,-130236.78099999999,-161749.52,-41298.03,5,4,4,597
9ae1ca9a-c01b-423f-8f5c-7af4a702a6f1,2026-04-05,3728.19,104575.69,-100847.5,17425.512857142858,20033.5,163163.86999999997,152765.74366666665,-145738.35714285713,-132732.24366666668,-167205.93,-43261.76,6,5,4,598
9ae1ca9a-c01b-423f-8f5c-7af4a702a6f1,2026-04-06,23951.8,226318.25,-202366.45,15681.5,19718.089,169646.39142857143,152706.52400000003,-153964.89142857143,-132988.435,-100847.5,-119412.28,0,6,4,599
9ae1ca9a-c01b-423f-8f5c-7af4a702a6f1,2026-04-07,18938.48,159448.14,-140509.66,16217.904285714287,19643.208,182033.39142857143,151013.55433333336,-165815.48714285716,-131370.34633333335,-202366.45,-183113.29,1,7,4,600
9ae1ca9a-c01b-423f-8f5c-7af4a702a6f1,2026-04-08,17617.49,123977.54,-106360.05,16831.285714285714,20049.262333333332,176560.54,147658.89733333333,-159729.2542857143,-127609.635,-140509.66,-106042.59,2,8,4,601
9ae1ca9a-c01b-423f-8f5c-7af4a702a6f1,2026-04-09,24271.08,158943.3,-134672.22,16861.56,19910.614999999998,176636.16571428574,147486.25033333333,-159774.60571428572,-127575.63533333334,-106360.05,-239383.13,3,9,4,602
9ae1ca9a-c01b-423f-8f5c-7af4a702a6f1,2026-04-10,23879.51,111534.22,-87654.71,17220.144285714287,20080.342999999997,162036.04857142858,146311.14766666666,-144815.9042857143,-126230.80466666665,-134672.22,-161749.52,4,10,4,603
9ae1ca9a-c01b-423f-8f5c-7af4a702a6f1,2026-04-11,26464.07,115093.12,-88629.05,18520.161428571428,20379.431666666664,152751.09285714285,147417.96533333333,-134230.93142857144,-127038.53366666666,-87654.71,-167205.93,5,11,4,604
9ae1ca9a-c01b-423f-8f5c-7af4a702a6f1,2026-04-12,29503.7,181247.14,-151743.44,19835.802857142855,20317.664666666667,142841.4657142857,148591.53533333333,-123005.66285714287,-128273.87066666667,-88629.05,-100847.5,6,12,4,605
9ae1ca9a-c01b-423f-8f5c-7af4a702a6f1,2026-04-13,33772.55,265049.22,-231276.67,23518.018571428573,20693.992000000002,153794.53,148481.7876666667,-130276.51142857144,-127787.79566666667,-151743.44,-202366.45,0,13,4,606
9ae1ca9a-c01b-423f-8f5c-7af4a702a6f1,2026-04-14,34162.23,24212.45,9949.78,24920.98285714286,21179.313000000002,159327.52571428573,152659.19400000002,-134406.54285714286,-131479.881,-231276.67,-140509.66,1,14,4,607
9ae1ca9a-c01b-423f-8f5c-7af4a702a6f1,2026-04-15,16652.8,203860.4,-187207.6,27095.804285714286,21208.236666666668,140008.1414285714,143032.37000000002,-112912.33714285714,-121824.13333333333,9949.78,-106360.05,2,15,4,608
9ae1ca9a-c01b-423f-8f5c-7af4a702a6f1,2026-04-16,29085.24,365713.89,-336628.65,26957.991428571433,21112.283666666663,151419.9785714286,144817.17866666667,-124461.98714285715,-123704.895,-187207.6,-134672.22,3,16,4,609
9ae1ca9a-c01b-423f-8f5c-7af4a702a6f1,2026-04-17,8485.5,196233.79,-187748.29,27645.72857142857,21740.075,180958.63428571427,151698.53333333333,-153312.9057142857,-129958.45833333333,-336628.65,-87654.71,4,17,4,610
9ae1ca9a-c01b-423f-8f5c-7af4a702a6f1,2026-04-18,28625.04,166299.5,-137674.46,25446.58428571429,21393.876333333334,193058.57285714286,155370.66566666667,-167611.98857142855,-133976.78933333335,-187748.29,-88629.05,5,18,4,611
9ae1ca9a-c01b-423f-8f5c-7af4a702a6f1,2026-04-19,28588.17,318035.78,-289447.61,25755.294285714288,21421.047000000002,200373.77000000002,155723.82566666664,-174618.4757142857,-134302.77866666668,-137674.46,-151743.44,6,19,4,612
9ae1ca9a-c01b-423f-8f5c-7af4a702a6f1,2026-04-20,17451.94,117730.22,-100278.28,25624.504285714287,21803.135333333335,219915.0042857143,164014.45533333335,-194290.5,-142211.31999999998,-289447.61,-231276.67,0,20,4,613
9ae1ca9a-c01b-423f-8f5c-7af4a702a6f1,2026-04-21,13695.82,324593.35,-310897.53,23292.98857142857,21671.677,198869.43285714285,162141.732,-175576.4442857143,-140470.05500000002,-100278.28,9949.78,1,21,4,614
9ae1ca9a-c01b-423f-8f5c-7af4a702a6f1,2026-04-22,34401.27,43044.68,-8643.41,20369.215714285714,21746.61,241780.99000000002,168029.0156666667,-221411.77428571432,-146282.40566666666,-310897.53,-187207.6,2,22,4,615
9ae1ca9a-c01b-423f-8f5c-7af4a702a6f1,2026-04-23,16694.08,187925.64,-171231.56,22904.711428571427,22343.66,218807.3157142857,164155.60233333334,-195902.60428571427,-141811.94233333334,-8643.41,-336628.65,3,23,4,616
9ae1ca9a-c01b-423f-8f5c-7af4a702a6f1,2026-04-24,32230.24,84768.25,-52538.01,21134.545714285716,22227.069666666666,193408.9942857143,167272.63066666666,-172274.4485714286,-145045.56100000002,-171231.56,-187748.29,4,24,4,617
9ae1ca9a-c01b-423f-8f5c-7af4a702a6f1,2026-04-25,36877.05,472158.94,-435281.89,24526.65142857143,22390.385333333335,177485.3457142857,163252.68833333332,-152958.6942857143,-140862.30299999999,-52538.01,-137674.46,5,25,4,618
9ae1ca9a-c01b-423f-8f5c-7af4a702a6f1,2026-04-26,21975.01,189457.75,-167482.74,25705.510000000002,23101.107333333337,221179.5514285714,175554.861,-195474.04142857142,-152453.7536666667,-435281.89,-289447.61,6,26,4,619
9ae1ca9a-c01b-423f-8f5c-7af4a702a6f1,2026-04-27,39015.5,213800.46,-174784.96,24760.772857142856,22750.273333333334,202811.26142857145,178771.491,-178050.4885714286,-156021.21766666666,-167482.74,-100278.28,0,27,4,620
9ae1ca9a-c01b-423f-8f5c-7af4a702a6f1,2026-04-28,23211.68,54160.34,-30948.66,27841.281428571423,22734.845000000005,216535.58142857143,183205.627,-188694.30000000002,-160470.782,-174784.96,-310897.53,1,28,4,621
9ae1ca9a-c01b-423f-8f5c-7af4a702a6f1,2026-04-29,19583.22,23643.64,-4060.42,29200.690000000002,22977.358333333334,177902.2942857143,183037.70366666667,-148701.60428571427,-160060.3453333333,-30948.66,-8643.41,2,29,4,622
9ae1ca9a-c01b-423f-8f5c-7af4a702a6f1,2026-04-30,6806.98,22727.7,-15920.72,27083.825714285715,22956.9,175130.71714285715,179172.18333333332,-148046.89142857143,-156215.28333333333,-4060.42,-171231.56,3,30,4,623
9ae1ca9a-c01b-423f-8f5c-7af4a702a6f1,2026-05-01,7456.98,149581.01,-142124.03,25671.382857142857,22695.639,151531.01142857145,173337.83666666664,-125859.62857142858,-150642.19766666667,-15920.72,-52538.01,4,1,5,624
9ae1ca9a-c01b-423f-8f5c-7af4a702a6f1,2026-05-02,22031.46,78740.97,-56709.51,22132.345714285715,22364.019333333337,160789.97714285715,174208.93166666664,-138657.63142857142,-151844.91233333334,-142124.03,-435281.89,5,2,5,625
9ae1ca9a-c01b-423f-8f5c-7af4a702a6f1,2026-05-03,21637.63,80946.87,-59309.24,20011.54714285714,22373.035,104587.41,168128.8266666667,-84575.86285714284,-145755.79166666666,-56709.51,-167482.74,6,3,5,626
9ae1ca9a-c01b-423f-8f5c-7af4a702a6f1,2026-05-04,45594.0,140181.37,-94587.37,19963.350000000002,22601.643,89085.85571428572,164942.75866666666,-69122.50571428571,-142341.11566666668,-59309.24,-174784.96,0,4,5,627
9ae1ca9a-c01b-423f-8f5c-7af4a702a6f1,2026-05-05,13525.6,84078.21,-70552.61,20903.135714285716,23546.29033333333,78568.84285714287,163466.78733333334,-57665.707142857136,-139920.497,-94587.37,-30948.66,1,5,5,628
9ae1ca9a-c01b-423f-8f5c-7af4a702a6f1,2026-05-06,29603.59,50469.55,-20865.96,19519.41,23872.870666666666,82842.82428571429,162783.538,-63323.41428571428,-138910.66733333335,-70552.61,-4060.42,2,6,5,629
9ae1ca9a-c01b-423f-8f5c-7af4a702a6f1,2026-05-07,15120.12,148339.56,-133219.44,20950.891428571427,24061.263666666662,86675.09714285714,156921.91466666668,-65724.20571428571,-132860.65099999998,-20865.96,-15920.72,3,7,5,630
9ae1ca9a-c01b-423f-8f5c-7af4a702a6f1,2026-05-08,15031.4,134212.73,-119181.33,22138.48285714286,23933.984999999997,104619.64857142858,156551.6286666667,-82481.1657142857,-132617.64366666667,-133219.44,-142124.03,4,8,5,631
9ae1ca9a-c01b-423f-8f5c-7af4a702a6f1,2026-05-09,44658.27,207506.34,-162848.07,23220.54285714286,23847.782,102424.18000000001,156892.8016666667,-79203.63714285714,-133045.01966666666,-119181.33,-56709.51,5,9,5,632
9ae1ca9a-c01b-423f-8f5c-7af4a702a6f1,2026-05-10,13765.52,282059.68,-268294.16,26452.944285714282,24527.355,120819.23285714288,158511.56966666665,-94366.28857142858,-133984.21466666667,-162848.07,-59309.24,6,10,5,633
9ae1ca9a-c01b-423f-8f5c-7af4a702a6f1,2026-05-11,21670.39,62996.95,-41326.56,25328.357142857138,24190.222,149549.63428571427,164195.75166666665,-124221.27714285713,-140005.5296666667,-268294.16,-94587.37,0,11,5,634
9ae1ca9a-c01b-423f-8f5c-7af4a702a6f1,2026-05-12,7721.63,137827.15,-130105.52,21910.698571428573,24030.432666666668,138523.28857142857,162459.21266666666,-116612.59,-138428.78,-41326.56,-70552.61,1,12,5,635
9ae1ca9a-c01b-423f-8f5c-7af4a702a6f1,2026-05-13,6757.19,164593.95,-157836.76,21081.56,23304.363666666668,146201.70857142858,161011.87966666665,-125120.14857142858,-137707.516,-130105.52,-20865.96,2,13,5,636
9ae1ca9a-c01b-423f-8f5c-7af4a702a6f1,2026-05-14,23296.28,115721.41,-92425.13,17817.78857142857,22403.851666666666,162505.19428571427,157663.37066666668,-144687.40571428573,-135259.519,-157836.76,-133219.44,3,14,5,637
9ae1ca9a-c01b-423f-8f5c-7af4a702a6f1,2026-05-15,28074.72,174624.95,-146550.23,18985.81142857143,22041.653333333332,157845.45857142858,160713.66933333332,-138859.64714285714,-138672.016,-92425.13,-119181.33,4,15,5,638
9ae1ca9a-c01b-423f-8f5c-7af4a702a6f1,2026-05-16,17844.33,238670.6,-220826.27,20849.14285714286,22422.384000000002,163618.63285714286,159739.15433333334,-142769.49000000002,-137316.77033333332,-146550.23,-162848.07,5,16,5,639
9ae1ca9a-c01b-423f-8f5c-7af4a702a6f1,2026-05-17,31934.49,189805.41,-157870.92,17018.579999999998,22047.687,168070.66999999998,155504.378,-151052.09,-133456.691,-220826.27,-268294.16,6,17,5,640
9ae1ca9a-c01b-423f-8f5c-7af4a702a6f1,2026-05-18,20685.45,51177.34,-30491.89,19614.147142857142,22829.320000000003,154891.48857142855,155290.09866666666,-135277.34142857144,-132460.77866666665,-157870.92,-41326.56,0,18,5,641
9ae1ca9a-c01b-423f-8f5c-7af4a702a6f1,2026-05-19,35411.77,223197.36,-187785.59,19473.441428571427,22564.667,153202.97285714286,151452.69333333333,-133729.53142857144,-128888.02633333333,-30491.89,-130105.52,1,19,5,642
9ae1ca9a-c01b-423f-8f5c-7af4a702a6f1,2026-05-20,29804.9,223256.5,-193451.6,23429.175714285717,22792.120333333332,165398.71714285715,148291.41266666667,-141969.54142857142,-125499.29233333333,-187785.59,-157836.76,2,20,5,643
9ae1ca9a-c01b-423f-8f5c-7af4a702a6f1,2026-05-21,19963.38,227707.56,-207744.18,26721.705714285716,23203.88566666667,173779.08142857143,151808.95533333335,-147057.3757142857,-128605.06966666668,-193451.6,-92425.13,3,21,5,644
9ae1ca9a-c01b-423f-8f5c-7af4a702a6f1,2026-05-22,19019.59,50554.32,-31534.73,26245.577142857142,23412.804333333333,189777.10285714286,148579.429,-163531.5257142857,-125166.62466666667,-207744.18,-146550.23,4,22,5,645
9ae1ca9a-c01b-423f-8f5c-7af4a702a6f1,2026-05-23,24878.14,151600.24,-126722.1,24951.987142857142,22900.08166666667,172052.72714285713,148829.75033333333,-147100.74000000002,-125929.66866666666,-31534.73,-220826.27,5,23,5,646
9ae1ca9a-c01b-423f-8f5c-7af4a702a6f1,2026-05-24,24632.39,136517.95,-111885.56,25956.817142857144,23172.88366666667,159614.10428571427,147618.90366666668,-133657.28714285715,-124446.01999999999,-126722.1,-157870.92,6,24,5,647
9ae1ca9a-c01b-423f-8f5c-7af4a702a6f1,2026-05-25,28572.61,159221.29,-130648.68,24913.66,22919.622,152001.61000000002,149343.89366666667,-127087.95,-126424.27166666667,-111885.56,-30491.89,0,25,5,648
9ae1ca9a-c01b-423f-8f5c-7af4a702a6f1,2026-05-26,18251.62,120447.69,-102196.07,26040.397142857142,22642.807333333334,167436.46,138912.63866666667,-141396.06285714285,-116269.83133333334,-130648.68,-187785.59,1,26,5,649
9ae1ca9a-c01b-423f-8f5c-7af4a702a6f1,2026-05-27,26268.22,234076.42,-207808.2,23588.947142857145,22518.694333333333,152757.93571428573,136612.30333333334,-129168.98857142858,-114093.609,-102196.07,-193451.6,2,27,5,650
9ae1ca9a-c01b-423f-8f5c-7af4a702a6f1,2026-05-28,20004.37,251838.6,-231834.23,23083.707142857143,22093.785,154303.63857142857,137288.16866666666,-131219.93142857144,-115194.38366666668,-207808.2,-207744.18,3,28,5,651
9ae1ca9a-c01b-423f-8f5c-7af4a702a6f1,2026-05-29,25630.98,243741.26,-218110.28,23089.562857142857,21986.874666666667,157750.93,143877.44400000002,-134661.36714285714,-121890.56933333333,-231834.23,-31534.73,4,29,5,652
9ae1ca9a-c01b-423f-8f5c-7af4a702a6f1,2026-05-30,18117.61,164449.05,-146331.44,24034.047142857144,22188.466666666667,185349.06428571432,151214.03133333335,-161315.01714285716,-129025.56466666666,-218110.28,-126722.1,5,30,5,653
9ae1ca9a-c01b-423f-8f5c-7af4a702a6f1,2026-05-31,36706.98,205810.77,-169103.79,23068.257142857143,22565.487666666668,187184.60857142857,155938.07633333333,-164116.35142857142,-133372.58866666668,-146331.44,-111885.56,6,31,5,654
9ae1ca9a-c01b-423f-8f5c-7af4a702a6f1,2026-06-01,26384.33,104651.33,-78267.0,24793.198571428573,23540.487666666668,197083.58285714287,157812.4016666667,-172290.38428571427,-134271.914,-169103.79,-130648.68,0,1,6,655
9ae1ca9a-c01b-423f-8f5c-7af4a702a6f1,2026-06-02,40067.54,235327.43,-195259.89,24480.58714285714,23685.583333333332,189287.87428571426,158676.08033333332,-164807.28714285715,-134990.497,-78267.0,-102196.07,1,2,6,656
9ae1ca9a-c01b-423f-8f5c-7af4a702a6f1,2026-06-03,64137.62,192665.88,-128528.26,27597.147142857142,24299.913666666667,205699.2657142857,163822.099,-178102.11857142858,-139522.18533333333,-195259.89,-207808.2,2,3,6,657
9ae1ca9a-c01b-423f-8f5c-7af4a702a6f1,2026-06-04,17791.44,31622.56,-13831.12,33007.061428571425,24918.034333333333,199783.4742857143,165571.58266666668,-166776.4128571429,-140653.54833333334,-128528.26,-231834.23,3,4,6,658
9ae1ca9a-c01b-423f-8f5c-7af4a702a6f1,2026-06-05,20108.85,459230.29,-439121.44,32690.928571428572,25060.229,168324.04,163823.06100000002,-135633.11142857143,-138762.832,-13831.12,-218110.28,4,5,6,659
9ae1ca9a-c01b-423f-8f5c-7af4a702a6f1,2026-06-06,29605.77,291123.88,-261518.11,31902.052857142855,24743.737666666668,199108.18714285715,177448.41899999997,-167206.13428571427,-152704.68133333334,-439121.44,-146331.44,5,6,6,660
9ae1ca9a-c01b-423f-8f5c-7af4a702a6f1,2026-06-07,26276.9,89950.42,-63673.52,33543.21857142857,25226.592666666667,217204.5914285714,182207.8963333333,-183661.37285714288,-156981.30366666664,-261518.11,-169103.79,6,7,6,661
9ae1ca9a-c01b-423f-8f5c-7af4a702a6f1,2026-06-08,34715.05,342380.61,-307665.56,32053.207142857143,25601.442666666666,200653.11285714287,180732.486,-168599.90571428573,-155131.04333333333,-63673.52,-78267.0,0,8,6,662
9ae1ca9a-c01b-423f-8f5c-7af4a702a6f1,2026-06-09,21794.67,108848.31,-87053.64,33243.31,25270.002,234614.4385714286,185228.29499999998,-201371.12857142856,-159958.293,-307665.56,-195259.89,1,9,6,663
9ae1ca9a-c01b-423f-8f5c-7af4a702a6f1,2026-06-10,39942.79,112130.61,-72187.82,30632.9,25537.640333333333,216545.99285714288,179454.58266666668,-185913.09285714285,-153916.94233333334,-87053.64,-128528.26,2,10,6,664
9ae1ca9a-c01b-423f-8f5c-7af4a702a6f1,2026-06-11,25761.66,52197.15,-26435.49,27176.49571428571,26146.720333333335,205040.95428571428,181092.3713333333,-177864.45857142858,-154945.65099999998,-72187.82,-13831.12,3,11,6,665
9ae1ca9a-c01b-423f-8f5c-7af4a702a6f1,2026-06-12,62820.91,241450.39,-178629.48,28315.09857142857,26748.054666666667,207980.1814285714,178238.03800000003,-179665.08285714287,-151489.98333333334,-26435.49,-439121.44,4,12,6,666
9ae1ca9a-c01b-423f-8f5c-7af4a702a6f1,2026-06-13,28360.48,132723.24,-104362.76,34416.82142857143,28616.84533333334,176868.76714285716,180799.91933333332,-142451.94571428574,-152183.07400000002,-178629.48,-261518.11,5,13,6,667
9ae1ca9a-c01b-423f-8f5c-7af4a702a6f1,2026-06-14,36377.11,118944.16,-82567.05,34238.922857142854,28785.652000000002,154240.10428571427,181366.647,-120001.18142857144,-152580.99500000002,-104362.76,-63673.52,6,14,6,668
9ae1ca9a-c01b-423f-8f5c-7af4a702a6f1,2026-06-15,43509.94,200791.17,-157281.23,35681.81,29062.398333333334,158382.06714285715,179510.62066666668,-122700.25714285715,-150448.22233333334,-82567.05,-307665.56,0,15,6,669
9ae1ca9a-c01b-423f-8f5c-7af4a702a6f1,2026-06-16,43818.72,115074.21,-71255.49,36938.22285714286,29917.918666666665,138155.0042857143,178247.97300000003,-101216.78142857143,-148330.05433333336,-157281.23,-87053.64,1,16,6,670
9ae1ca9a-c01b-423f-8f5c-7af4a702a6f1,2026-06-17,52580.96,259914.93,-207333.97,40084.51571428571,30314.059666666668,139044.41857142857,175756.93300000002,-98959.90285714286,-145442.87333333332,-71255.49,-72187.82,2,17,6,671
9ae1ca9a-c01b-423f-8f5c-7af4a702a6f1,2026-06-18,22343.02,108580.78,-86237.76,41889.96857142857,31377.243333333336,160156.4642857143,182714.85266666667,-118266.49571428573,-151337.60933333336,-207333.97,-26435.49,3,18,6,672
9ae1ca9a-c01b-423f-8f5c-7af4a702a6f1,2026-06-19,23782.72,466484.71,-442701.99,41401.59142857143,30941.618333333336,168211.26857142858,178894.3,-126809.67714285715,-147952.68166666667,-86237.76,-178629.48,4,19,6,673
9ae1ca9a-c01b-423f-8f5c-7af4a702a6f1,2026-06-20,30904.69,128202.02,-97297.33,35824.70714285714,30740.879,200359.0285714286,187001.907,-164534.32142857142,-156261.02800000002,-442701.99,-104362.76,5,20,6,674
9ae1ca9a-c01b-423f-8f5c-7af4a702a6f1,2026-06-21,26900.55,102913.18,-76012.63,36188.165714285715,31105.58933333333,199713.13999999998,183685.05566666665,-163524.9742857143,-152579.46633333334,-97297.33,-82567.05,6,21,6,675
9ae1ca9a-c01b-423f-8f5c-7af4a702a6f1,2026-06-22,36560.75,191863.79,-155303.04,34834.37142857142,31368.288,197423.00000000003,185430.351,-162588.62857142856,-154062.06300000002,-76012.63,-157281.23,0,22,6,676
9ae1ca9a-c01b-423f-8f5c-7af4a702a6f1,2026-06-23,42754.55,336318.98,-293564.43,33841.63,31757.708333333332,196147.66,186772.46933333334,-162306.03,-155014.761,-155303.04,-71255.49,1,23,6,677
9ae1ca9a-c01b-423f-8f5c-7af4a702a6f1,2026-06-24,27601.0,108634.45,-81033.45,33689.60571428572,32361.780333333336,227754.05571428573,193432.50366666666,-194064.44999999998,-161070.72333333333,-293564.43,-207333.97,2,24,6,678
9ae1ca9a-c01b-423f-8f5c-7af4a702a6f1,2026-06-25,22018.27,330017.31,-307999.04,30121.04,32329.393333333333,206142.55857142858,191746.27566666665,-176021.51857142855,-159416.88233333334,-81033.45,-86237.76,3,25,6,679
9ae1ca9a-c01b-423f-8f5c-7af4a702a6f1,2026-06-26,29459.23,78655.43,-49196.2,30074.647142857142,32454.94833333333,237776.34857142856,198731.9296666667,-207701.70142857142,-166276.98133333336,-307999.04,-442701.99,4,26,6,680
9ae1ca9a-c01b-423f-8f5c-7af4a702a6f1,2026-06-27,44133.62,276705.19,-232571.57,30885.577142857142,32561.315333333336,182372.16571428574,193551.23,-151486.58857142855,-160989.91466666668,-49196.2,-97297.33,5,27,6,681
9ae1ca9a-c01b-423f-8f5c-7af4a702a6f1,2026-06-28,44798.73,250330.49,-205531.76,32775.42428571429,33365.62366666667,203586.9042857143,194380.1163333333,-170811.48,-161014.4926666667,-232571.57,-76012.63,6,28,6,682
9ae1ca9a-c01b-423f-8f5c-7af4a702a6f1,2026-06-29,31819.71,151847.39,-120027.68,35332.30714285715,34004.54866666667,224646.52,194599.7573333333,-189314.21285714285,-160595.20866666667,-205531.76,-155303.04,0,29,6,683
9ae1ca9a-c01b-423f-8f5c-7af4a702a6f1,2026-06-30,54626.07,129009.46,-74383.39,34655.01571428571,34461.28533333333,218929.89142857146,194179.70200000002,-184274.87571428574,-159718.41666666666,-120027.68,-293564.43,1,30,6,684
9ae1ca9a-c01b-423f-8f5c-7af4a702a6f1,2026-07-01,10759.97,237022.01,-226262.04,36350.94714285714,35058.58833333333,189314.24571428573,191619.65833333333,-152963.29857142855,-156561.06999999998,-74383.39,-81033.45,2,1,7,685
9ae1ca9a-c01b-423f-8f5c-7af4a702a6f1,2026-07-02,38684.47,35452.35,3232.12,33945.08571428571,34537.776333333335,207655.32571428572,196032.01433333335,-173710.24,-161494.23799999998,-226262.04,-307999.04,3,2,7,686
9ae1ca9a-c01b-423f-8f5c-7af4a702a6f1,2026-07-03,18493.73,228033.0,-209539.27,36325.97142857143,34491.674,165574.61714285714,189369.51166666666,-129248.6457142857,-154877.83766666666,3232.12,-49196.2,4,3,7,687
9ae1ca9a-c01b-423f-8f5c-7af4a702a6f1,2026-07-04,34862.84,164252.45,-129389.61,34759.47142857143,32970.210999999996,186914.27,190548.41566666667,-152154.79857142858,-157578.2046666667,-209539.27,-232571.57,5,4,7,688
9ae1ca9a-c01b-423f-8f5c-7af4a702a6f1,2026-07-05,31042.74,354133.71,-323090.97,33435.07428571429,33539.257666666665,170849.59285714288,194969.412,-137414.51857142855,-161430.15433333334,-129389.61,-205531.76,6,5,7,689
9ae1ca9a-c01b-423f-8f5c-7af4a702a6f1,2026-07-06,40795.04,186409.91,-145614.87,31469.932857142856,33903.72066666667,185678.6242857143,191466.19266666667,-154208.69142857142,-157562.472,-323090.97,-120027.68,0,6,7,690
9ae1ca9a-c01b-423f-8f5c-7af4a702a6f1,2026-07-07,40747.74,203372.22,-162624.48,32752.122857142855,34276.69633333333,190616.12714285712,187975.727,-157864.0042857143,-153699.03066666666,-145614.87,-74383.39,1,7,7,691
9ae1ca9a-c01b-423f-8f5c-7af4a702a6f1,2026-07-08,26009.18,105230.43,-79221.25,30769.504285714287,34759.05766666667,201239.37857142856,191756.45366666664,-170469.87428571426,-156997.396,-162624.48,-226262.04,2,8,7,692
9ae1ca9a-c01b-423f-8f5c-7af4a702a6f1,2026-07-09,55820.91,136188.12,-80367.21,32947.962857142855,34468.862,182412.01,183851.44766666667,-149464.04714285713,-149382.58566666668,-79221.25,3232.12,3,9,7,693
9ae1ca9a-c01b-423f-8f5c-7af4a702a6f1,2026-07-10,47516.67,89656.37,-42139.7,35396.025714285715,35603.07,196802.83428571429,184762.77466666664,-161406.80857142856,-149159.70466666666,-80367.21,-209539.27,4,10,7,694
9ae1ca9a-c01b-423f-8f5c-7af4a702a6f1,2026-07-11,70260.18,161096.88,-90836.7,39542.159999999996,35855.532666666666,177034.74428571432,184013.63333333333,-137492.58428571429,-148158.1006666667,-42139.7,-129389.61,5,11,7,695
9ae1ca9a-c01b-423f-8f5c-7af4a702a6f1,2026-07-12,47114.95,239988.16,-192873.21,44598.92285714286,37338.816666666666,176583.94857142857,187643.6243333333,-131985.02571428573,-150304.8076666667,-90836.7,-323090.97,6,12,7,696
9ae1ca9a-c01b-423f-8f5c-7af4a702a6f1,2026-07-13,40426.47,311762.63,-271336.16,46894.95285714286,36815.28466666667,160277.44142857144,187594.88333333333,-113382.48857142856,-150779.59866666666,-192873.21,-145614.87,0,13,7,697
9ae1ca9a-c01b-423f-8f5c-7af4a702a6f1,2026-07-14,32055.68,198718.91,-166663.23,46842.299999999996,37217.484333333334,178184.97285714286,193562.86299999998,-131342.67285714284,-156345.37866666666,-271336.16,-162624.48,1,14,7,698
9ae1ca9a-c01b-423f-8f5c-7af4a702a6f1,2026-07-15,39259.51,320576.62,-281317.11,45600.57714285714,37073.43666666667,177520.2142857143,196222.0213333333,-131919.63714285713,-159148.58466666666,-166663.23,-79221.25,2,15,7,699
9ae1ca9a-c01b-423f-8f5c-7af4a702a6f1,2026-07-16,37630.21,185815.16,-148184.95,47493.48142857143,36931.755666666664,208283.9557142857,200214.86966666667,-160790.47428571427,-163283.114,-281317.11,-80367.21,3,16,7,700
9ae1ca9a-c01b-423f-8f5c-7af4a702a6f1,2026-07-17,19669.62,269319.45,-249649.83,44894.81,36725.471999999994,215373.53285714285,202572.90133333334,-170478.72285714286,-165847.42933333333,-148184.95,-42139.7,4,17,7,701
9ae1ca9a-c01b-423f-8f5c-7af4a702a6f1,2026-07-18,17344.22,284142.56,-266798.34,40916.659999999996,35628.42733333333,241039.68714285715,202886.38533333334,-200123.02714285714,-167257.95799999998,-249649.83,-90836.7,5,18,7,702
9ae1ca9a-c01b-423f-8f5c-7af4a702a6f1,2026-07-19,32693.0,130010.13,-97317.13,33357.23714285714,35461.80066666667,258617.64142857143,208738.44466666665,-225260.4042857143,-173276.644,-266798.34,-192873.21,6,19,7,703
9ae1ca9a-c01b-423f-8f5c-7af4a702a6f1,2026-07-20,20641.13,336777.03,-316135.9,31296.95857142857,35758.810000000005,242906.4942857143,197522.62533333333,-211609.5357142857,-161763.81533333333,-97317.13,-271336.16,0,20,7,704
9ae1ca9a-c01b-423f-8f5c-7af4a702a6f1,2026-07-21,32403.15,196055.62,-163652.47,28470.481428571427,35416.691333333336,246479.98,204475.1256666667,-218009.49857142856,-169058.4343333333,-316135.9,-166663.23,1,21,7,705
9ae1ca9a-c01b-423f-8f5c-7af4a702a6f1,2026-07-22,32522.42,125131.15,-92608.73,28520.120000000003,35600.111333333334,246099.51,207579.87366666665,-217579.38999999998,-171979.76233333335,-163652.47,-281317.11,2,22,7,706
9ae1ca9a-c01b-423f-8f5c-7af4a702a6f1,2026-07-23,41814.64,316415.21,-274600.57,27557.678571428572,35465.50033333334,218178.7285714286,205355.45233333335,-190621.05000000002,-169889.952,-92608.73,-148184.95,3,23,7,707
9ae1ca9a-c01b-423f-8f5c-7af4a702a6f1,2026-07-24,44731.85,246417.46,-201685.61,28155.454285714284,35434.17,236835.87857142856,204691.99333333335,-208680.42428571428,-169257.82333333333,-274600.57,-249649.83,4,24,7,708
9ae1ca9a-c01b-423f-8f5c-7af4a702a6f1,2026-07-25,26821.52,113685.98,-86864.46,31735.772857142856,36005.198333333334,233564.16571428574,209284.76033333334,-201828.39285714287,-173279.56199999998,-201685.61,-266798.34,5,25,7,709
9ae1ca9a-c01b-423f-8f5c-7af4a702a6f1,2026-07-26,19483.65,129804.41,-110320.76,33089.67285714286,36165.306666666664,209213.2257142857,202073.716,-176123.55285714287,-165908.40933333331,-86864.46,-97317.13,6,26,7,710
9ae1ca9a-c01b-423f-8f5c-7af4a702a6f1,2026-07-27,58467.44,94879.69,-36412.25,31202.62285714286,35832.78733333333,209183.83714285717,203778.682,-177981.21428571432,-167945.89466666666,-110320.76,-316135.9,0,27,7,711
9ae1ca9a-c01b-423f-8f5c-7af4a702a6f1,2026-07-28,48083.15,56789.49,-8706.34,36606.38142857143,36310.58133333333,174627.07428571428,197717.83200000002,-138020.69285714286,-161407.2506666667,-36412.25,-163652.47,1,28,7,712
9ae1ca9a-c01b-423f-8f5c-7af4a702a6f1,2026-07-29,25542.19,125532.77,-99990.58,38846.38142857143,36420.062,154731.91285714283,191266.46533333333,-115885.53142857144,-154846.40333333332,-8706.34,-92608.73,2,29,7,713
9ae1ca9a-c01b-423f-8f5c-7af4a702a6f1,2026-07-30,55665.26,121112.85,-65447.59,37849.205714285716,36210.81133333334,154789.28714285715,190389.31133333335,-116940.08142857144,-154178.5,-99990.58,-274600.57,3,30,7,714
9ae1ca9a-c01b-423f-8f5c-7af4a702a6f1,2026-07-31,30239.6,313283.39,-283043.79,39827.86571428571,36245.451,126888.95,190126.091,-87061.08428571429,-153880.64,-65447.59,-201685.61,4,31,7,715
9ae1ca9a-c01b-423f-8f5c-7af4a702a6f1,2026-08-01,45827.14,78473.29,-32646.15,37757.544285714284,36894.772,136441.2257142857,192668.13700000002,-98683.68142857144,-155773.36500000002,-283043.79,-86864.46,5,1,8,716
9ae1ca9a-c01b-423f-8f5c-7af4a702a6f1,2026-08-02,51547.6,183782.68,-132235.08,40472.63285714285,37132.861000000004,131410.84142857144,194102.16833333336,-90938.20857142856,-156969.30733333333,-32646.15,-110320.76,6,2,8,717
9ae1ca9a-c01b-423f-8f5c-7af4a702a6f1,2026-08-03,35931.23,192959.46,-157028.23,45053.19714285714,38234.65666666666,139122.02285714287,192627.1576666667,-94068.82571428572,-154392.501,-132235.08,-36412.25,0,3,8,718
9ae1ca9a-c01b-423f-8f5c-7af4a702a6f1,2026-08-04,15686.09,79063.83,-63377.74,41833.73857142857,38270.26966666666,153133.41857142857,193584.05800000002,-111299.68000000001,-155313.78833333336,-157028.23,-8706.34,1,4,8,719
9ae1ca9a-c01b-423f-8f5c-7af4a702a6f1,2026-08-05,24193.73,198837.53,-174643.8,37205.58714285715,37758.38133333333,156315.46714285715,184415.062,-119109.87999999999,-146656.68066666665,-63377.74,-99990.58,2,5,8,720
9ae1ca9a-c01b-423f-8f5c-7af4a702a6f1,2026-08-06,33498.02,333029.32,-299531.3,37012.950000000004,37205.00433333333,166787.57571428572,184829.31600000002,-129774.62571428569,-147624.31166666668,-174643.8,-65447.59,3,6,8,721
9ae1ca9a-c01b-423f-8f5c-7af4a702a6f1,2026-08-07,42261.71,411491.26,-369229.55,33846.20142857143,36963.346999999994,197061.35714285713,189151.21933333334,-163215.1557142857,-152187.87233333333,-299531.3,-283043.79,4,7,8,722
9ae1ca9a-c01b-423f-8f5c-7af4a702a6f1,2026-08-08,56386.45,317298.92,-260912.47,35563.64571428571,37505.098,211091.05285714284,199359.91366666666,-175527.40714285712,-161854.81566666666,-369229.55,-32646.15,5,8,8,723
9ae1ca9a-c01b-423f-8f5c-7af4a702a6f1,2026-08-09,27414.14,115499.14,-88085.0,37072.118571428575,37523.94933333333,245209.0,205396.94033333336,-208136.88142857142,-167872.99099999998,-260912.47,-132235.08,6,9,8,724
9ae1ca9a-c01b-423f-8f5c-7af4a702a6f1,2026-08-10,29742.14,231429.11,-201686.97,33624.48142857143,36853.865,235454.20857142858,206258.366,-201829.72714285713,-169404.501,-88085.0,-157028.23,0,10,8,725
9ae1ca9a-c01b-423f-8f5c-7af4a702a6f1,2026-08-11,22136.93,38389.94,-16253.01,32740.32571428571,35503.263666666666,240949.87285714285,208602.7736666667,-208209.54714285716,-173099.50999999998,-201686.97,-63377.74,1,11,8,726
9ae1ca9a-c01b-423f-8f5c-7af4a702a6f1,2026-08-12,12404.1,56643.91,-44239.81,33661.874285714286,34670.663,235139.31714285718,201882.833,-201477.44285714283,-167212.16999999998,-16253.01,-174643.8,2,12,8,727
9ae1ca9a-c01b-423f-8f5c-7af4a702a6f1,2026-08-13,19164.52,454827.38,-435662.86,31977.64142857143,33736.584,214825.94285714286,193378.8756666667,-182848.3014285714,-159642.29166666663,-44239.81,-299531.3,3,13,8,728
9ae1ca9a-c01b-423f-8f5c-7af4a702a6f1,2026-08-14,16080.67,180250.53,-164169.86,29929.99857142857,33306.878666666664,232225.66571428574,201915.82466666668,-202295.66714285713,-168608.946,-435662.86,-369229.55,4,14,8,729
9ae1ca9a-c01b-423f-8f5c-7af4a702a6f1,2026-08-15,14083.79,126435.98,-112352.19,26189.850000000002,32534.250666666667,199191.2757142857,197238.28833333336,-173001.42571428572,-164704.03766666667,-164169.86,-260912.47,5,15,8,730
