invoice_id,customer_id,as_of_date,invoice_amount,payment_terms_days,historical_invoice_count,historical_total_invoice_value,historical_average_invoice_amount,historical_paid_invoice_count,historical_late_payment_count,historical_late_payment_rate,historical_average_payment_delay_days,historical_max_payment_delay_days,historical_outstanding_amount,historical_outstanding_ratio,late_payment_target
7c0ddc6e-3ded-4667-bd93-c96f01d07b8c,45b35575-e766-4b46-861c-910c86237813,2025-01-21,2461.19,15,3,6602.30,2200.766667,3,1,0.3333,1.0000,3,0.00,0.000000,1
5fdcc5f3-442c-49c5-a4e4-0e911a0f2314,0915900f-d22e-42b0-8e9e-810e55498a13,2025-01-22,1573.27,15,4,11595.36,2898.840000,4,1,0.2500,0.5000,2,0.00,0.000000,0
43e6eb69-0fdb-487a-ad02-fd4b99fff028,86ab916f-9734-41f0-b5c0-9bbc082b3251,2025-02-15,993.26,30,3,11687.16,3895.720000,3,1,0.3333,0.6667,2,0.00,0.000000,1
71ec963f-c64d-4bc7-ad63-03285693bf48,54739a70-fe3b-45f0-b6da-5eb96fddebc6,2025-02-18,2351.66,30,3,12792.09,4264.030000,3,2,0.6667,1.0000,2,0.00,0.000000,1
05582a21-e1e9-4cb1-a3f5-43610aaeadc2,86ab916f-9734-41f0-b5c0-9bbc082b3251,2025-02-21,1274.18,30,4,12680.42,3170.105000,3,1,0.3333,0.6667,2,993.26,0.078330,1
9cd91824-1042-4cd3-b4df-d4204e7c193d,8daa11dd-d410-44bf-a0de-622a9ca7c78d,2025-02-26,1904.15,15,3,15046.82,5015.606667,2,0,0.0000,0.0000,0,627.48,0.041702,1
dea2c7ec-7d0f-4415-b7e1-8e29f1fdfd17,ff29a3b3-fb27-44ad-8dcc-9551fb3c7420,2025-02-26,1246.35,45,3,4278.30,1426.100000,2,0,0.0000,0.0000,0,864.15,0.201984,0
05c7ab41-ef22-4f16-b563-3b740cc3a586,5772f550-5886-44ab-b618-cc525d22c053,2025-03-01,1754.08,30,3,6842.46,2280.820000,2,1,0.5000,1.5000,3,4800.21,0.701533,0
c62bf19c-6426-4ef8-9509-56ab0ed51ab1,66aa9f2d-de6b-4def-8269-b6d0177dbf9a,2025-03-05,1940.24,30,3,27972.79,9324.263333,3,1,0.3333,1.0000,3,0.00,0.000000,1
8761af95-900c-4ae7-96c6-195575b45a27,54739a70-fe3b-45f0-b6da-5eb96fddebc6,2025-03-09,349.18,30,4,15143.75,3785.937500,3,2,0.6667,1.0000,2,2351.66,0.155289,0
0c554789-1b35-4662-a455-d33f364d0f27,a62bcc77-cf9c-44a3-920f-2e2e57c723dc,2025-03-10,421.14,30,4,33628.59,8407.147500,4,3,0.7500,3.2500,9,0.00,0.000000,1
d67090f5-455d-4a66-9209-fb3f6e3fc941,0915900f-d22e-42b0-8e9e-810e55498a13,2025-03-11,1292.55,15,5,13168.63,2633.726000,5,1,0.2000,0.4000,2,0.00,0.000000,0
fefeaeb1-8a24-4d54-9807-2e080f8d8f3a,ced1be46-44d9-42f9-913f-bf359f04d616,2025-03-11,3057.71,15,3,6258.62,2086.206667,3,1,0.3333,1.0000,3,0.00,0.000000,1
10b22bf2-21c3-4026-bd05-ce00b6ee9d3c,86ab916f-9734-41f0-b5c0-9bbc082b3251,2025-03-12,1428.12,30,5,13954.60,2790.920000,3,1,0.3333,0.6667,2,2267.44,0.162487,1
020c5871-221c-4a97-9036-66beb340448e,a137cf0f-749a-402e-9913-60a7f4a47b92,2025-03-13,1006.56,30,3,7370.29,2456.763333,2,1,0.5000,2.5000,5,3311.87,0.449354,0
8217846d-7f00-4668-a688-522947f31563,b247c235-943b-4c46-91c2-168e86d26161,2025-03-15,701.63,45,3,1483.71,494.570000,2,1,0.5000,0.5000,1,627.48,0.422913,1
82c4c033-6208-47d7-a4de-495113c2348f,9013910b-257e-462f-8142-555578e385a5,2025-03-17,2241.58,45,3,14311.78,4770.593333,2,2,1.0000,6.5000,9,1424.51,0.099534,1
df1c045c-a456-4efd-969f-0a0e87d4f63d,db49dbe2-b046-4b0c-8d11-6e496b852270,2025-03-18,4985.40,30,3,9656.68,3218.893333,3,1,0.3333,0.6667,2,0.00,0.000000,1
28a1c1d8-a6db-487d-a9b2-7ddada143fd8,8daa11dd-d410-44bf-a0de-622a9ca7c78d,2025-03-19,2031.83,15,4,16950.97,4237.742500,3,1,0.3333,0.6667,2,627.48,0.037017,1
2c9cb362-06d4-45d3-b756-615eff35cd37,a62bcc77-cf9c-44a3-920f-2e2e57c723dc,2025-03-22,662.17,30,5,34049.73,6809.946000,4,3,0.7500,3.2500,9,421.14,0.012368,0
ea1492ba-c0f6-421d-88df-7f2a569fa1d3,5d5fa6d8-0ad7-4ade-be35-1c481b16b275,2025-03-22,1645.48,45,3,10342.31,3447.436667,2,2,1.0000,12.5000,16,812.39,0.078550,1
2d95a29b-f453-4456-9de2-382f8f83d5f1,585a8991-c44f-4e18-b8e0-6283bf6f9aff,2025-03-23,1864.86,15,3,9420.97,3140.323333,3,2,0.6667,4.3333,12,0.00,0.000000,1
4494bc14-cfeb-4eef-bbc1-21a8e92f48cf,20791844-68d1-4c47-8940-96e45daf918f,2025-03-24,2241.58,30,3,8024.18,2674.726667,2,0,0.0000,0.0000,0,1238.87,0.154392,0
a4a98458-4129-4f63-bb01-0a1d8efd5b62,e05c9e8f-2852-4c9d-9c2a-756d89ba64a0,2025-03-24,3385.12,30,3,7286.69,2428.896667,3,1,0.3333,0.3333,1,0.00,0.000000,1
b23a5005-3458-4272-82ff-45e4d22a0f16,da7dbacc-46a8-44dc-b4c5-5e21bf437da6,2025-03-24,4231.40,30,3,9948.30,3316.100000,3,1,0.3333,4.0000,12,0.00,0.000000,0
aee9303d-f583-4cef-9e9b-5c17b2619245,5772f550-5886-44ab-b618-cc525d22c053,2025-03-25,4947.18,30,4,8596.54,2149.135000,2,1,0.5000,1.5000,3,6554.29,0.762433,0
3c7c8ed3-8154-4414-b1ef-ba76c90d3683,027e2c71-76f6-44d8-b214-51097fc3e605,2025-03-28,1068.39,15,3,8596.26,2865.420000,2,0,0.0000,0.0000,0,441.52,0.051362,0
4b821583-a04b-4e6c-85a6-25a22a5c0f00,6fb7d847-f44b-41dc-a325-7b26c61cbc96,2025-03-28,823.98,45,3,15254.19,5084.730000,2,0,0.0000,0.0000,0,4704.89,0.308433,1
bd3044ea-fcec-42dc-b2f0-f74d4f96fefd,2576b737-f022-4e9c-8640-a88226cea0ff,2025-03-28,1735.44,30,3,11518.91,3839.636667,2,0,0.0000,0.0000,0,1171.61,0.101712,1
f08ddb08-7dd1-44c3-99df-db7e831e9f6c,9de44d71-02d0-4684-a314-54f9abd3f2cd,2025-03-30,778.44,15,3,5830.31,1943.436667,2,2,1.0000,1.5000,2,1175.83,0.201675,1
2180abb1-dd8c-4d87-adca-8c61457747e3,66aa9f2d-de6b-4def-8269-b6d0177dbf9a,2025-03-31,1019.24,30,4,29913.03,7478.257500,3,1,0.3333,1.0000,3,1940.24,0.064863,0
ae4b5945-2709-4157-9386-2d80c344c185,ff29a3b3-fb27-44ad-8dcc-9551fb3c7420,2025-03-31,1905.20,45,4,5524.65,1381.162500,3,1,0.3333,4.6667,14,1246.35,0.225598,0
fc452bde-f67b-4465-a6af-b15f11da2920,0915900f-d22e-42b0-8e9e-810e55498a13,2025-03-31,4449.73,15,6,14461.18,2410.196667,6,1,0.1667,0.3333,2,0.00,0.000000,1
8218ce7c-5b69-4211-9ffd-088383ab8958,dbc5aa6b-529c-4c91-8331-7ec33c8503bb,2025-04-02,1101.18,30,3,5563.02,1854.340000,2,1,0.5000,1.0000,2,3716.48,0.668069,1
a2c00283-6d47-4706-89a4-5c7096963dfe,cd796877-895f-4bcc-8fe0-0c8c6c4e68b0,2025-04-03,3532.45,30,3,3962.04,1320.680000,2,2,1.0000,4.5000,6,524.42,0.132361,0
3f49b48a-db70-46a3-ba4c-b6ce1ef729eb,e74c4bf9-90b2-4723-8b21-9af623c5b124,2025-04-04,3091.22,45,3,7585.46,2528.486667,3,0,0.0000,0.0000,0,0.00,0.000000,1
f098aa52-1cec-4a87-b2ea-2360f17aaf56,20791844-68d1-4c47-8940-96e45daf918f,2025-04-05,2123.63,30,4,10265.76,2566.440000,2,0,0.0000,0.0000,0,3480.45,0.339035,0
1da454ab-1d4d-445e-8e9a-b86f5769560c,3378475b-b350-4593-9546-01468d85dcd8,2025-04-06,2762.66,30,3,2841.52,947.173333,2,0,0.0000,0.0000,0,1420.19,0.499799,0
8f260090-e66b-4be0-9d92-206fe2f199f8,a69011f4-c3f9-4f91-92f2-3df9072b53e7,2025-04-07,842.29,15,3,3730.18,1243.393333,2,0,0.0000,0.0000,0,2115.62,0.567163,0
f6433829-68c8-42b6-8be0-23f853950db0,28e3eb2f-4e60-491c-8ecf-9260a4a4ced4,2025-04-07,1647.95,45,3,24556.54,8185.513333,3,2,0.6667,1.6667,3,0.00,0.000000,1
96f530d8-db97-4aa3-8b78-887eab32a0a1,dbc5aa6b-529c-4c91-8331-7ec33c8503bb,2025-04-10,691.05,30,4,6664.20,1666.050000,2,1,0.5000,1.0000,2,4817.66,0.722916,1
ccafa6ca-0edd-4b32-9e68-23feb490879d,44e18ff7-c6c4-4f05-810a-10acda026843,2025-04-10,478.61,30,3,12615.92,4205.306667,3,0,0.0000,0.0000,0,0.00,0.000000,1
382e21e8-aa97-4d62-b205-2ffc6cc6d379,e05c9e8f-2852-4c9d-9c2a-756d89ba64a0,2025-04-11,4076.94,30,4,10671.81,2667.952500,3,1,0.3333,0.3333,1,3385.12,0.317202,0
3cf37557-d08e-4bc5-b644-eb9aed182f4b,f6176f19-c718-4746-9808-d110ecf53a50,2025-04-12,1754.08,45,3,2514.88,838.293333,3,2,0.6667,1.6667,3,0.00,0.000000,0
91555fbf-15d1-49dc-b0d3-aa521b8f5199,f6176f19-c718-4746-9808-d110ecf53a50,2025-04-13,3527.50,45,4,4268.96,1067.240000,3,2,0.6667,1.6667,3,1754.08,0.410892,1
d21f6889-4197-4d9a-a1bb-c50185313c98,027e2c71-76f6-44d8-b214-51097fc3e605,2025-04-13,507.96,15,4,9664.65,2416.162500,4,1,0.2500,2.0000,8,0.00,0.000000,1
e47c0a25-bb90-4ae4-818f-94e7f0cd2df0,4f4f2ef2-6350-45b8-af19-6bd90adfc454,2025-04-16,3379.40,15,3,2200.54,733.513333,2,0,0.0000,0.0000,0,152.09,0.069115,0
5a2bae7f-a742-4aef-8f06-176f2e5e813c,8b278dae-e043-44f3-a5f0-8466df24d3a2,2025-04-17,2123.63,30,3,3298.21,1099.403333,2,0,0.0000,0.0000,0,809.93,0.245567,0
5c5487c4-9ce5-4603-8d47-db80dd3b5642,54739a70-fe3b-45f0-b6da-5eb96fddebc6,2025-04-17,3233.74,30,5,15492.93,3098.586000,5,3,0.6000,0.8000,2,0.00,0.000000,1
30d1f1f6-a77b-4301-a579-3a7b6f37e15c,505deb96-02b0-4484-ae43-533961fa661d,2025-04-19,2492.70,45,3,2061.03,687.010000,2,2,1.0000,1.0000,1,478.61,0.232219,0
03e9c77e-daeb-445c-bc55-8ba9281b813e,66aa9f2d-de6b-4def-8269-b6d0177dbf9a,2025-04-20,599.51,30,5,30932.27,6186.454000,4,2,0.5000,1.5000,3,1019.24,0.032951,0
50882ad6-7d4f-4088-b248-6446a3d03c41,1c22a6c4-3de0-4f96-b62a-3a6edbbaf732,2025-04-20,1428.12,30,3,7844.99,2614.996667,3,0,0.0000,0.0000,0,0.00,0.000000,1
a30ff73d-c04c-48c7-b06f-f6c6515b1db3,da7dbacc-46a8-44dc-b4c5-5e21bf437da6,2025-04-20,552.53,30,4,14179.70,3544.925000,3,1,0.3333,4.0000,12,4231.40,0.298413,0
08f242ff-29ea-4104-b143-42f908e2147d,911f8116-248a-4e3d-afb4-62a632746852,2025-04-21,2266.40,30,5,5981.81,1196.362000,3,2,0.6667,1.6667,3,1687.44,0.282095,1
7e9da4f5-8451-4982-ae3b-8b0e152d1a51,fec6b81b-c723-45e8-a11f-75a4cb6a1381,2025-04-21,2833.43,30,4,10526.37,2631.592500,2,1,0.5000,5.0000,10,4528.22,0.430179,0
51e426c5-68b6-458e-b3e5-ab2c1a77816c,db49dbe2-b046-4b0c-8d11-6e496b852270,2025-04-22,2215.14,30,4,14642.08,3660.520000,4,2,0.5000,1.0000,2,0.00,0.000000,1
855bbf67-5935-4979-b16b-784905de8c94,44e18ff7-c6c4-4f05-810a-10acda026843,2025-04-22,415.11,30,4,13094.53,3273.632500,3,0,0.0000,0.0000,0,478.61,0.036550,0
b8fc306a-a3f3-42dc-9c48-b6d485b551a3,54739a70-fe3b-45f0-b6da-5eb96fddebc6,2025-04-23,2171.40,30,6,18726.67,3121.111667,5,3,0.6000,0.8000,2,3233.74,0.172681,0
d0988d65-3dc7-44a7-8858-a47754c3f199,ff29a3b3-fb27-44ad-8dcc-9551fb3c7420,2025-04-23,924.71,45,5,7429.85,1485.970000,4,1,0.2500,3.5000,14,1905.20,0.256425,1
ffc3dc7e-8d11-44e7-81f8-7672aa2cdcd5,3cc7350b-72e0-4990-a2f4-79f0e19bfe72,2025-04-23,306.67,15,3,9596.75,3198.916667,3,2,0.6667,2.0000,3,0.00,0.000000,0
07d344d3-3a2c-4b49-ad48-87f7181f2750,8b278dae-e043-44f3-a5f0-8466df24d3a2,2025-04-24,1139.97,30,4,5421.84,1355.460000,2,0,0.0000,0.0000,0,2933.56,0.541064,1
10ba0835-2fb7-4835-9df5-1709b44ad189,34f539cb-584e-4259-ac9f-44e6d5484ebf,2025-04-24,355.05,15,3,10283.26,3427.753333,3,1,0.3333,0.6667,2,0.00,0.000000,1
7b4c401b-b40f-4625-9863-cde6e89ffcab,8b278dae-e043-44f3-a5f0-8466df24d3a2,2025-04-24,533.40,30,4,5421.84,1355.460000,2,0,0.0000,0.0000,0,2933.56,0.541064,1
8f8f8442-222b-41ce-8f1a-7c1e01c11dad,8daa11dd-d410-44bf-a0de-622a9ca7c78d,2025-04-24,5413.91,15,5,18982.80,3796.560000,4,2,0.5000,1.2500,3,627.48,0.033055,0
4566dc5d-b702-4b13-a3d0-06ded80faad8,911f8116-248a-4e3d-afb4-62a632746852,2025-04-25,550.59,30,6,8248.21,1374.701667,3,2,0.6667,1.6667,3,3953.84,0.479357,0
d67dc33f-0b93-4182-9c85-8189508bc308,86ab916f-9734-41f0-b5c0-9bbc082b3251,2025-04-25,896.87,30,6,15382.72,2563.786667,6,4,0.6667,1.1667,2,0.00,0.000000,0
e13705af-9ed3-4d37-b014-13e359e77c72,0c75c934-71c3-45ff-9de2-91babfa75c3f,2025-04-26,3946.79,30,3,11169.12,3723.040000,2,0,0.0000,0.0000,0,2380.19,0.213105,1
ee336d04-244c-4327-bbab-8654b385924e,a137cf0f-749a-402e-9913-60a7f4a47b92,2025-04-26,2006.11,30,4,8376.85,2094.212500,4,2,0.5000,3.5000,9,0.00,0.000000,1
c0087acd-49c2-44a1-9122-90832015f4bd,db49dbe2-b046-4b0c-8d11-6e496b852270,2025-04-27,1905.20,30,5,16857.22,3371.444000,4,2,0.5000,1.0000,2,2215.14,0.131406,0
1e2eb55c-8895-4c4a-a07b-7cac344c059c,7b3011de-1fd5-49d7-8cd0-565a3af5b5da,2025-04-30,719.55,30,3,2018.74,672.913333,3,2,0.6667,1.3333,3,0.00,0.000000,0
61df4f33-3929-4d55-b735-404acb86d441,b247c235-943b-4c46-91c2-168e86d26161,2025-04-30,969.41,45,4,2185.34,546.335000,3,1,0.3333,0.3333,1,701.63,0.321062,0
9614277e-c2a3-41a5-96b3-6b68a78b1aba,8aa74529-c59e-4daf-9b98-321ebfce7306,2025-05-01,321.97,30,3,6128.87,2042.956667,3,2,0.6667,1.3333,3,0.00,0.000000,1
f1f7da7e-b8f8-491f-987c-5897d19d96f3,a137cf0f-749a-402e-9913-60a7f4a47b92,2025-05-01,2842.72,30,5,10382.96,2076.592000,4,2,0.5000,3.5000,9,2006.11,0.193212,0
7edf5aee-2571-43c7-89e2-cc94af381331,9b131352-2e3f-4966-865e-a01b50bde6e5,2025-05-03,61.50,30,3,5095.59,1698.530000,3,0,0.0000,0.0000,0,0.00,0.000000,0
caf21013-ded5-4737-861e-b4d1bdb88e9b,a137cf0f-749a-402e-9913-60a7f4a47b92,2025-05-03,1386.62,30,6,13225.68,2204.280000,4,2,0.5000,3.5000,9,4848.83,0.366622,1
4fd9265c-db59-4b7c-a8c1-9c06746b361b,0c75c934-71c3-45ff-9de2-91babfa75c3f,2025-05-04,4864.59,30,4,15115.91,3778.977500,3,0,0.0000,0.0000,0,3946.79,0.261102,0
1949499c-33fa-4a15-aba5-cbc824495f8a,027e2c71-76f6-44d8-b214-51097fc3e605,2025-05-05,4513.30,15,5,10172.61,2034.522000,5,2,0.4000,2.0000,8,0.00,0.000000,0
80618c5a-1c68-424f-a1f0-7f8167d7322b,3cc7350b-72e0-4990-a2f4-79f0e19bfe72,2025-05-05,3837.90,15,4,9903.42,2475.855000,3,2,0.6667,2.0000,3,306.67,0.030966,1
90b58ce6-809a-4223-a370-0312e72fd8a2,091ba1e5-58cf-4e6c-badc-17dbe89dea69,2025-05-05,6693.66,45,4,16140.84,4035.210000,3,1,0.3333,0.3333,1,9343.12,0.578850,1
92ea343a-6cda-4d8e-852d-37a2b49ff68f,ced1be46-44d9-42f9-913f-bf359f04d616,2025-05-06,144.32,15,4,9316.33,2329.082500,4,2,0.5000,1.5000,3,0.00,0.000000,1
9baef42d-91eb-484b-a067-141e1a54ad3d,44e18ff7-c6c4-4f05-810a-10acda026843,2025-05-06,2541.64,30,5,13509.64,2701.928000,3,0,0.0000,0.0000,0,893.72,0.066154,0
0c0cc782-8d99-4874-8795-195d51311416,66aa9f2d-de6b-4def-8269-b6d0177dbf9a,2025-05-07,6554.86,30,6,31531.78,5255.296667,5,2,0.4000,1.2000,3,599.51,0.019013,1
0ac00700-5317-47d0-825e-8164ce064993,b4a140af-8af0-4074-8c4e-f1e587fff314,2025-05-08,1303.38,45,3,13820.45,4606.816667,2,1,0.5000,1.0000,2,836.24,0.060507,0
bb174b25-c3fc-42ac-b7b6-9c66c15ba28f,3cc7350b-72e0-4990-a2f4-79f0e19bfe72,2025-05-08,7964.96,15,5,13741.32,2748.264000,4,2,0.5000,1.5000,3,3837.90,0.279296,0
255fa025-8876-4384-aa94-27532dffe7be,82d60e37-f049-4852-9464-c94b4e5c3244,2025-05-09,482.95,30,3,4804.28,1601.426667,2,1,0.5000,4.5000,9,1494.78,0.311135,1
20a08b37-4e6c-430f-acd0-0ed36fa7cf3f,20791844-68d1-4c47-8940-96e45daf918f,2025-05-10,4809.45,30,5,12389.39,2477.878000,5,1,0.2000,0.6000,3,0.00,0.000000,0
da04d5e4-0432-449c-baad-ee5ad8566364,cf567dce-5613-483a-b10d-b4947a588d18,2025-05-10,4293.87,45,3,7072.21,2357.403333,2,1,0.5000,1.5000,3,1692.56,0.239325,1
cc2c4be7-4ed4-478c-ae41-cf3ef8d32ce5,ff29a3b3-fb27-44ad-8dcc-9551fb3c7420,2025-05-11,381.74,45,6,8354.56,1392.426667,4,1,0.2500,3.5000,14,2829.91,0.338726,1
ddf149f7-13ff-45d1-a5d0-1bd42bd5059b,c07f630a-a6d1-41a2-9f27-8f85f52260c4,2025-05-13,3622.68,30,3,12113.17,4037.723333,3,0,0.0000,0.0000,0,0.00,0.000000,1
260c020c-0480-4e8f-a8a5-020e24a43f1f,0915900f-d22e-42b0-8e9e-810e55498a13,2025-05-14,849.24,15,7,18910.91,2701.558571,7,2,0.2857,1.8571,11,0.00,0.000000,1
33f67824-c8a8-4597-b12f-42876f9ccad4,5772f550-5886-44ab-b618-cc525d22c053,2025-05-15,4600.70,30,5,13543.72,2708.744000,4,1,0.2500,0.7500,3,4800.21,0.354423,1
74ba782e-2ec9-4db1-9c96-a4faeb8aeed6,c07f630a-a6d1-41a2-9f27-8f85f52260c4,2025-05-15,4551.40,30,4,15735.85,3933.962500,3,0,0.0000,0.0000,0,3622.68,0.230218,1
7dfa4c78-c13d-47d7-b3bd-33a2f414ffe7,b247c235-943b-4c46-91c2-168e86d26161,2025-05-15,113.37,45,5,3154.75,630.950000,3,1,0.3333,0.3333,1,1671.04,0.529690,1
d889065d-ec67-481c-af06-e96bc4069f17,05f197bf-0bdd-44a5-84bb-1878a08666b6,2025-05-15,1494.79,15,3,6161.91,2053.970000,2,1,0.5000,1.0000,2,915.35,0.148550,0
b351d35b-1945-4181-93cd-73f53bb03243,8aa74529-c59e-4daf-9b98-321ebfce7306,2025-05-16,403.44,30,4,6450.84,1612.710000,3,2,0.6667,1.3333,3,321.97,0.049911,0
d9aea54e-f6f6-4b72-9645-97e873fcf2fe,5d5fa6d8-0ad7-4ade-be35-1c481b16b275,2025-05-16,2606.36,45,4,11987.79,2996.947500,4,3,0.7500,8.5000,16,0.00,0.000000,1
410bf931-1e91-474c-9d84-aa946a40dbf6,97c341f3-26c0-47ee-949b-ec2349709b82,2025-05-18,4463.59,30,3,7093.65,2364.550000,3,2,0.6667,3.3333,9,0.00,0.000000,0
01a7c616-b005-497a-881c-333457831615,ced1be46-44d9-42f9-913f-bf359f04d616,2025-05-19,4298.07,15,5,9460.65,1892.130000,4,2,0.5000,1.5000,3,144.32,0.015255,1
286375ad-0d08-48cf-9635-5b921bbca97d,78106c04-2615-4323-b215-3172fb34fc72,2025-05-19,1031.39,30,3,14279.24,4759.746667,2,1,0.5000,1.5000,3,5829.47,0.408248,1
777297d2-1694-4cfc-a55d-bfbdb30da427,8f10e8bf-c7a4-4bd6-93ce-4de936a938ef,2025-05-19,2406.60,45,3,8592.74,2864.246667,2,1,0.5000,0.5000,1,7109.06,0.827333,0
9d77d228-f6f8-4cc0-807d-97d850134955,b4a140af-8af0-4074-8c4e-f1e587fff314,2025-05-20,6578.32,45,4,15123.83,3780.957500,2,1,0.5000,1.0000,2,2139.62,0.141473,1
7dfbf57b-3bc5-4318-a713-4d3c42dfb2e4,dbc5aa6b-529c-4c91-8331-7ec33c8503bb,2025-05-21,1654.98,30,5,7355.25,1471.050000,4,3,0.7500,1.5000,3,3716.48,0.505283,1
111287d8-3a4e-4497-a77a-e47e46dbca14,549276f5-7982-4ddd-9090-30fd37f31bf6,2025-05-22,6433.78,15,3,7908.13,2636.043333,3,2,0.6667,9.0000,15,0.00,0.000000,1
fdb0da90-e70f-4868-986b-80ba0341163d,51833259-a233-414c-85fb-6ed59e50dfed,2025-05-22,1840.23,30,5,13837.05,2767.410000,4,2,0.5000,1.7500,6,4947.18,0.357531,0
2b247496-53f6-449c-8b85-d26c7ffdb1a6,97c341f3-26c0-47ee-949b-ec2349709b82,2025-05-23,8915.95,30,4,11557.24,2889.310000,3,2,0.6667,3.3333,9,4463.59,0.386216,1
70838ff8-23bc-4c7a-bde4-6a9b30f38db7,28e3eb2f-4e60-491c-8ecf-9260a4a4ced4,2025-05-23,80.49,45,4,26204.49,6551.122500,3,2,0.6667,1.6667,3,1647.95,0.062888,1
5b56a9cc-a02a-4004-96f1-843f3afa536e,da7dbacc-46a8-44dc-b4c5-5e21bf437da6,2025-05-24,644.46,30,5,14732.23,2946.446000,5,1,0.2000,2.4000,12,0.00,0.000000,0
95b87aac-9952-414a-aff8-5a96306844ac,e05c9e8f-2852-4c9d-9c2a-756d89ba64a0,2025-05-24,4907.28,30,5,14748.75,2949.750000,4,1,0.2500,0.2500,1,3385.12,0.229519,1
2c87a711-5519-4af9-8ab3-1a49cded2de9,d3f21a44-d6a7-4183-9e3d-ca1e2f665ada,2025-05-25,603.09,30,3,4392.99,1464.330000,2,1,0.5000,3.0000,6,830.45,0.189040,1
b2dac3b3-4d60-4a49-80f7-f64eb5ce35f8,1762b46f-b7ef-481c-9e0b-7e6d2033bcf4,2025-05-25,2794.06,15,5,17832.93,3566.586000,3,0,0.0000,0.0000,0,9793.42,0.549176,0
83079d33-444b-4dd3-9456-c42fcacd9336,a137cf0f-749a-402e-9913-60a7f4a47b92,2025-05-26,5361.48,30,7,14612.30,2087.471429,4,2,0.5000,3.5000,9,6235.45,0.426726,0
a57fb76c-071b-4c65-90a5-3a79a40d733b,9b131352-2e3f-4966-865e-a01b50bde6e5,2025-05-26,5767.57,30,4,5157.09,1289.272500,3,0,0.0000,0.0000,0,61.50,0.011925,1
5e67db9a-8eba-41b1-b8b5-8d9ed2d7389e,a137cf0f-749a-402e-9913-60a7f4a47b92,2025-05-27,1155.51,30,8,19973.78,2496.722500,4,2,0.5000,3.5000,9,11596.93,0.580608,0
a4bf8e84-d30e-4218-ae0a-81c8f3df2e16,4f4f2ef2-6350-45b8-af19-6bd90adfc454,2025-05-27,2866.61,15,4,5579.94,1394.985000,3,0,0.0000,0.0000,0,152.09,0.027257,1
cd001416-fbb6-4262-ba6f-78020f3afed7,e74c4bf9-90b2-4723-8b21-9af623c5b124,2025-05-27,2821.39,45,4,10676.68,2669.170000,3,0,0.0000,0.0000,0,1391.05,0.130289,0
050ae780-91e9-4d13-8621-3873c5da1306,1948ea27-1b6a-4dd3-8c99-b399dcf88ed3,2025-05-28,7811.30,30,3,7016.21,2338.736667,2,1,0.5000,5.0000,10,1719.00,0.245004,1
381b255d-37a2-4fd2-8d68-60c10e4d75b7,f8a3ae68-a437-491d-b88b-abad9164379f,2025-05-28,1494.79,45,4,7944.97,1986.242500,2,1,0.5000,6.0000,12,2284.35,0.287522,1
a2cce67e-42c3-4654-9c42-1aec11bb1ac8,05f197bf-0bdd-44a5-84bb-1878a08666b6,2025-05-28,8927.19,15,4,7656.70,1914.175000,4,1,0.2500,0.5000,2,0.00,0.000000,1
d8182ed2-2352-4354-9d5f-776d2bb84e82,1762b46f-b7ef-481c-9e0b-7e6d2033bcf4,2025-05-28,733.87,15,6,20626.99,3437.831667,3,0,0.0000,0.0000,0,12587.48,0.610243,1
5aff3200-9bef-4b1a-9138-6332754b09b4,e408e6a2-589e-4b0f-a98f-6a5e0f9e9e53,2025-05-29,2824.07,45,4,5258.42,1314.605000,3,1,0.3333,1.3333,4,390.54,0.074269,0
5c239943-6c7f-432e-8e9d-c21137e15dc6,8b278dae-e043-44f3-a5f0-8466df24d3a2,2025-05-29,80.49,30,6,7095.21,1182.535000,5,1,0.2000,0.4000,2,512.99,0.072301,1
10f25834-f2b4-485c-9a1d-7cf7610eb852,da7dbacc-46a8-44dc-b4c5-5e21bf437da6,2025-05-31,971.58,30,6,15376.69,2562.781667,5,1,0.2000,2.4000,12,644.46,0.041911,1
3d5847e6-c299-4a76-9e87-7e26f9b2c9fb,f5f339bf-3ab5-4a2e-916f-2db044568f67,2025-05-31,669.26,45,4,5332.46,1333.115000,2,1,0.5000,1.5000,3,4047.09,0.758954,1
6dd24b72-a74c-446a-8998-8740ad41f3a7,a69011f4-c3f9-4f91-92f2-3df9072b53e7,2025-05-31,705.35,15,4,4572.47,1143.117500,4,0,0.0000,0.0000,0,0.00,0.000000,0
85c9887b-a1f8-4402-a5fc-b78ad6629511,54739a70-fe3b-45f0-b6da-5eb96fddebc6,2025-05-31,3495.95,30,7,20898.07,2985.438571,7,4,0.5714,1.0000,3,0.00,0.000000,1
ca07e51b-8182-4c57-8eb6-285a45d29c54,c3bc5bb3-aee9-4150-b36a-c89a22162e7d,2025-05-31,2344.24,45,3,9704.95,3234.983333,2,1,0.5000,1.0000,2,371.61,0.038291,1
cc730dc8-c774-49b4-b10c-5baaeecabb17,feb9f5f4-bed9-4b39-bb94-062fa9706005,2025-05-31,2490.40,45,3,21194.31,7064.770000,3,2,0.6667,1.0000,2,0.00,0.000000,0
8ea09e56-94ec-4749-8b6d-63a7a2ea5b5a,ce1c7e34-50d9-4f3b-ab54-cbb7cab9fa18,2025-06-01,1144.04,30,3,6709.52,2236.506667,3,1,0.3333,4.0000,12,0.00,0.000000,1
bde1782c-3a7e-4050-8cfa-c6d40e2dbd7a,2576b737-f022-4e9c-8640-a88226cea0ff,2025-06-01,1937.26,30,4,13254.35,3313.587500,3,1,0.3333,1.0000,3,1171.61,0.088394,0
66d7d8eb-9d11-491f-99ab-1b6efe2bbd48,82241b4b-7959-4079-9369-bbfcffcbc453,2025-06-03,1830.70,30,3,7125.01,2375.003333,3,1,0.3333,3.6667,11,0.00,0.000000,0
c2c67540-e895-4aaa-969d-8e7c9ca3b206,091ba1e5-58cf-4e6c-badc-17dbe89dea69,2025-06-04,2745.93,45,5,22834.50,4566.900000,3,1,0.3333,0.3333,1,16036.78,0.702305,0
2111a1b3-b327-4864-813d-9d6679d58673,31e4bcb5-1a69-45eb-a2c7-5bfa73cdfca1,2025-06-05,747.39,15,3,5248.10,1749.366667,3,2,0.6667,1.3333,3,0.00,0.000000,1
43244734-c919-4dec-8493-e61683be8474,121edff8-dfb7-4758-a559-7855430672f3,2025-06-06,1790.41,45,3,12148.45,4049.483333,2,0,0.0000,0.0000,0,7564.68,0.622687,0
ad1de3ec-30b2-4369-af4e-e328de1bea97,113fc32a-23b9-4b41-82f4-df6c2b1ae4ae,2025-06-06,312.45,30,3,2688.66,896.220000,3,0,0.0000,0.0000,0,0.00,0.000000,1
ed67b26e-6c72-40dd-b6f2-8ea586fad3c3,7613c703-00a5-4fcd-b61f-b4f85bd36ac2,2025-06-06,5698.82,15,3,4765.02,1588.340000,2,1,0.5000,1.0000,2,2404.72,0.504661,0
b301b135-d152-4fc2-8b52-a854d88e5c18,6a7efc18-882b-4c4c-a75d-1b8aecdbf4a6,2025-06-07,1852.79,30,3,1665.09,555.030000,2,0,0.0000,0.0000,0,318.24,0.191125,1
b582ab1c-0c8f-447f-99e3-07e80a8a2258,1948ea27-1b6a-4dd3-8c99-b399dcf88ed3,2025-06-07,367.50,30,4,14827.51,3706.877500,2,1,0.5000,5.0000,10,9530.30,0.642744,0
18e73a35-7079-4976-bf00-d4e5f3b7f766,1762b46f-b7ef-481c-9e0b-7e6d2033bcf4,2025-06-08,3909.55,15,7,21360.86,3051.551429,4,0,0.0000,0.0000,0,10527.29,0.492831,0
9b34d3bf-b1e0-440e-92f2-1a4c1b2e674d,b4a140af-8af0-4074-8c4e-f1e587fff314,2025-06-08,2849.41,45,5,21702.15,4340.430000,2,1,0.5000,1.0000,2,8717.94,0.401709,1
bd68c1a9-ac6f-4321-910a-750e769a2893,5772f550-5886-44ab-b618-cc525d22c053,2025-06-08,1410.70,30,6,18144.42,3024.070000,4,1,0.2500,0.7500,3,9400.91,0.518116,1
17ca6002-4684-4cde-aabf-1c7dd5558aa2,da7dbacc-46a8-44dc-b4c5-5e21bf437da6,2025-06-09,9731.87,30,7,16348.27,2335.467143,5,1,0.2000,2.4000,12,1616.04,0.098851,1
8e069200-066c-498d-a5e0-888a0b0991f7,091ba1e5-58cf-4e6c-badc-17dbe89dea69,2025-06-09,6710.50,45,6,25580.43,4263.405000,3,1,0.3333,0.3333,1,18782.71,0.734261,1
dd52eb17-ecfc-465c-99c6-f7b3147b3fb9,31e4bcb5-1a69-45eb-a2c7-5bfa73cdfca1,2025-06-09,4760.82,15,4,5995.49,1498.872500,3,2,0.6667,1.3333,3,747.39,0.124659,1
1b6530c2-7794-4846-a5fb-51430682e4f6,66aa9f2d-de6b-4def-8269-b6d0177dbf9a,2025-06-10,3478.21,30,7,38086.64,5440.948571,6,2,0.3333,1.0000,3,6554.86,0.172104,1
802a6269-25d0-48a7-8b25-14600b6420ea,c07f630a-a6d1-41a2-9f27-8f85f52260c4,2025-06-10,1643.24,30,5,20287.25,4057.450000,3,0,0.0000,0.0000,0,8174.08,0.402917,1
925eaf06-afa0-4a64-ac1d-5130bbbb4213,31e4bcb5-1a69-45eb-a2c7-5bfa73cdfca1,2025-06-10,328.53,15,5,10756.31,2151.262000,3,2,0.6667,1.3333,3,5508.21,0.512091,1
9799a539-6897-4c6f-bd5d-1e21906aa22c,b4a140af-8af0-4074-8c4e-f1e587fff314,2025-06-10,1211.82,45,6,24551.56,4091.926667,2,1,0.5000,1.0000,2,11567.35,0.471145,0
9dd6582a-ef4d-40dc-9f04-b12397c75a65,a62bcc77-cf9c-44a3-920f-2e2e57c723dc,2025-06-10,1567.97,30,6,34711.90,5785.316667,6,4,0.6667,3.3333,9,0.00,0.000000,1
a76fa049-fdec-498a-8a7b-ffcda3e70d0f,45b35575-e766-4b46-861c-910c86237813,2025-06-10,339.70,15,4,9063.49,2265.872500,3,1,0.3333,1.0000,3,2461.19,0.271550,0
d3c6b993-6e2e-4864-b4aa-952f95b8eceb,403ba4f6-3b05-4fb0-9c95-6068878e01b1,2025-06-10,3973.53,30,3,11768.81,3922.936667,2,1,0.5000,1.0000,2,1338.73,0.113752,1
0d6b9656-1530-4047-ad25-d446c7111fbc,a137cf0f-749a-402e-9913-60a7f4a47b92,2025-06-12,6769.95,30,9,21129.29,2347.698889,7,4,0.5714,2.7143,9,6516.99,0.308434,1
517b2a54-c7ce-4b22-aff4-bd114d893e6f,403ba4f6-3b05-4fb0-9c95-6068878e01b1,2025-06-12,11830.21,30,4,15742.34,3935.585000,2,1,0.5000,1.0000,2,5312.26,0.337450,0
68386936-5412-4568-a51c-79c38b81b191,6b35501e-08f6-41b4-8699-30281befd8ec,2025-06-12,535.41,45,3,16238.82,5412.940000,2,1,0.5000,1.0000,2,2073.14,0.127666,1
fb85e1bd-5883-41e6-9474-29afb2577fc5,d3f21a44-d6a7-4183-9e3d-ca1e2f665ada,2025-06-12,352.67,30,4,4996.08,1249.020000,2,1,0.5000,3.0000,6,1433.54,0.286933,1
dd11667f-0f6a-4e07-b099-f36c83dfef76,7613c703-00a5-4fcd-b61f-b4f85bd36ac2,2025-06-13,1879.52,15,4,10463.84,2615.960000,3,1,0.3333,0.6667,2,5698.82,0.544620,1
6b4858b9-b486-4b83-8b13-42db506b83dd,f8435633-4f8d-462d-872a-e6a541d39872,2025-06-14,4698.45,30,4,12798.34,3199.585000,4,2,0.5000,2.7500,8,0.00,0.000000,0
528f6b45-3d8a-4398-998c-846e7f9587fa,0915900f-d22e-42b0-8e9e-810e55498a13,2025-06-15,9610.74,15,8,19760.15,2470.018750,8,3,0.3750,1.7500,11,0.00,0.000000,0
49c4f3a7-8912-4cbe-a22a-c448a40d8818,44e18ff7-c6c4-4f05-810a-10acda026843,2025-06-16,6801.05,30,6,16051.28,2675.213333,6,1,0.1667,1.5000,9,0.00,0.000000,1
2c80b36b-f11f-46aa-8879-09d241c06243,82d60e37-f049-4852-9464-c94b4e5c3244,2025-06-17,3190.27,30,4,5287.23,1321.807500,3,1,0.3333,3.0000,9,482.95,0.091343,0
2d188e33-e1ac-4f83-975f-7b64a048575c,82241b4b-7959-4079-9369-bbfcffcbc453,2025-06-17,1137.85,30,4,8955.71,2238.927500,3,1,0.3333,3.6667,11,1830.70,0.204417,0
958b76cb-9e8d-4b37-bdf6-17ee64a23540,9cbf413a-a00b-482b-9441-e8fce7668a2e,2025-06-17,5712.98,45,3,9544.67,3181.556667,2,0,0.0000,0.0000,0,3308.73,0.346657,0
a894b369-86a3-4d5d-beb8-754fc3c88f51,505deb96-02b0-4484-ae43-533961fa661d,2025-06-17,3045.99,45,4,4553.73,1138.432500,4,2,0.5000,0.5000,1,0.00,0.000000,0
b3b92243-ef13-4a28-aedc-d354fedf1ecf,d3ceae53-5516-4152-a247-d101c45a4912,2025-06-17,468.68,30,4,9029.19,2257.297500,2,0,0.0000,0.0000,0,3889.88,0.430812,1
3d64d4f2-cbaa-4a19-bd32-eef003e24975,6fb7d847-f44b-41dc-a325-7b26c61cbc96,2025-06-18,2383.99,45,4,16078.17,4019.542500,3,1,0.3333,3.3333,10,4704.89,0.292626,1
640640d6-3248-402a-baa4-efde17d1879d,6fb7d847-f44b-41dc-a325-7b26c61cbc96,2025-06-18,2866.61,45,4,16078.17,4019.542500,3,1,0.3333,3.3333,10,4704.89,0.292626,0
70daa5b5-1b64-41c3-937f-052ffb638dbf,8daa11dd-d410-44bf-a0de-622a9ca7c78d,2025-06-18,743.22,15,6,24396.71,4066.118333,5,2,0.4000,1.0000,3,627.48,0.025720,0
dd2340d6-a366-4864-9aa8-0dbbfee3bfef,e51c365e-179f-4c2e-92f5-bc4c2fc6282a,2025-06-18,1155.51,30,3,10069.08,3356.360000,2,0,0.0000,0.0000,0,2972.87,0.295247,1
3390c958-5dec-428d-a6e5-c4a1bcb35693,ff29a3b3-fb27-44ad-8dcc-9551fb3c7420,2025-06-19,6440.97,45,7,8736.30,1248.042857,5,1,0.2000,2.8000,14,797.86,0.091327,0
558df45b-61ee-4aa2-8436-9015dcef06ed,b7d62bbb-f2b2-4bee-ac69-0e320b4b310f,2025-06-19,7518.08,45,6,19724.31,3287.385000,2,1,0.5000,1.5000,3,15132.08,0.767179,0
6bb99602-fcd7-4778-87e3-0537c9fccff4,1c22a6c4-3de0-4f96-b62a-3a6edbbaf732,2025-06-19,352.67,30,4,9273.11,2318.277500,4,1,0.2500,0.7500,3,0.00,0.000000,1
ae261f92-de9e-4e3c-8d8f-62952a493c19,28e3eb2f-4e60-491c-8ecf-9260a4a4ced4,2025-06-19,947.57,45,5,26284.98,5256.996000,3,2,0.6667,1.6667,3,1728.44,0.065758,1
9a6c8510-64ae-4dc5-8d1b-3e386ada4c6d,86ab916f-9734-41f0-b5c0-9bbc082b3251,2025-06-20,3821.12,30,7,16279.59,2325.655714,7,4,0.5714,1.0000,2,0.00,0.000000,0
1d5c4434-6d14-41a8-a779-482468ab1513,f8a3ae68-a437-491d-b88b-abad9164379f,2025-06-21,1399.25,45,5,9439.76,1887.952000,2,1,0.5000,6.0000,12,3779.14,0.400343,1
e654cdb6-bb3f-4706-a579-e92bd0c52483,9b131352-2e3f-4966-865e-a01b50bde6e5,2025-06-21,1136.99,30,5,10924.66,2184.932000,4,0,0.0000,0.0000,0,5767.57,0.527940,0
1986d5b1-dcab-4adb-9e0d-e43ce802238f,5d5fa6d8-0ad7-4ade-be35-1c481b16b275,2025-06-22,2745.93,45,5,14594.15,2918.830000,4,3,0.7500,8.5000,16,2606.36,0.178589,1
8681d477-50e1-4e8f-8009-092c0f4dd646,e05c9e8f-2852-4c9d-9c2a-756d89ba64a0,2025-06-22,1347.35,30,6,19656.03,3276.005000,4,1,0.2500,0.2500,1,8292.40,0.421876,1
f00121aa-4467-42c1-a4e8-1414aa46e8ca,82241b4b-7959-4079-9369-bbfcffcbc453,2025-06-22,5262.77,30,5,10093.56,2018.712000,3,1,0.3333,3.6667,11,2968.55,0.294103,0
f684e964-9213-4334-9edb-a75e66a42664,0915900f-d22e-42b0-8e9e-810e55498a13,2025-06-23,5293.97,15,9,29370.89,3263.432222,8,3,0.3750,1.7500,11,9610.74,0.327220,1
f757bc34-bc5b-45b5-a5e5-689916ed8146,911f8116-248a-4e3d-afb4-62a632746852,2025-06-23,186.85,30,7,8798.80,1256.971429,6,3,0.5000,1.3333,3,694.18,0.078895,0
7c3e68f0-e302-469f-b6c3-bd0065a13dfc,fec6b81b-c723-45e8-a11f-75a4cb6a1381,2025-06-24,5243.88,30,5,13359.80,2671.960000,4,2,0.5000,3.5000,10,1754.08,0.131295,1
c53ec736-f0e2-4b56-8433-b82dd2af05d9,6a7efc18-882b-4c4c-a75d-1b8aecdbf4a6,2025-06-24,794.70,30,4,3517.88,879.470000,3,0,0.0000,0.0000,0,1852.79,0.526678,1
fc61a145-ecaa-418f-b8ac-21cb5b0dfad2,79ce75bd-e156-4762-a109-91880fa27abc,2025-06-24,5767.57,45,3,5052.26,1684.086667,2,0,0.0000,0.0000,0,3460.54,0.684949,0
0d0c1395-089f-4dd7-b116-22785e26c296,ff29a3b3-fb27-44ad-8dcc-9551fb3c7420,2025-06-25,4809.45,45,8,15177.27,1897.158750,6,2,0.3333,4.3333,14,6822.71,0.449535,1
3f17248c-17fd-4e84-abba-067f99783891,34f539cb-584e-4259-ac9f-44e6d5484ebf,2025-06-25,7471.19,15,4,10638.31,2659.577500,4,2,0.5000,3.0000,10,0.00,0.000000,0
ea3fe316-fcdd-4487-8640-36338ca22235,5772f550-5886-44ab-b618-cc525d22c053,2025-06-25,5372.59,30,7,19555.12,2793.588571,4,1,0.2500,0.7500,3,10811.61,0.552879,1
358f046d-f3c7-45ef-92db-ae4450247382,3cc7350b-72e0-4990-a2f4-79f0e19bfe72,2025-06-26,1045.31,15,6,21706.28,3617.713333,6,3,0.5000,1.1667,3,0.00,0.000000,1
85180ef4-ed3c-41ef-9a14-48524db6b849,4f4f2ef2-6350-45b8-af19-6bd90adfc454,2025-06-26,3837.90,15,5,8446.55,1689.310000,4,1,0.2500,0.5000,2,152.09,0.018006,0
b7c5d9e7-5f4a-410a-998a-13390d9b640e,403ba4f6-3b05-4fb0-9c95-6068878e01b1,2025-06-27,2128.71,30,5,27572.55,5514.510000,3,1,0.3333,0.6667,2,15803.74,0.573169,1
11710382-cd0a-4cc8-be82-b267206c9ab0,911f8116-248a-4e3d-afb4-62a632746852,2025-06-28,3223.55,30,8,8985.65,1123.206250,6,3,0.5000,1.3333,3,881.03,0.098049,0
498e7958-d1b2-4461-8854-8d339b4333f4,d3ceae53-5516-4152-a247-d101c45a4912,2025-06-28,3648.44,30,5,9497.87,1899.574000,2,0,0.0000,0.0000,0,4358.56,0.458899,0
51b71f7d-bc21-4b62-a63e-100aac3f41b2,5d5fa6d8-0ad7-4ade-be35-1c481b16b275,2025-06-28,7865.82,45,6,17340.08,2890.013333,4,3,0.7500,8.5000,16,5352.29,0.308666,1
6168d32b-c2dd-466c-953a-e7b7d8abf3e1,dbc5aa6b-529c-4c91-8331-7ec33c8503bb,2025-06-28,4379.55,30,6,9010.23,1501.705000,4,3,0.7500,1.5000,3,5371.46,0.596151,1
bb8f8053-b200-4574-aa44-3536a6abca77,1c22a6c4-3de0-4f96-b62a-3a6edbbaf732,2025-06-28,226.75,30,5,9625.78,1925.156000,4,1,0.2500,0.7500,3,352.67,0.036638,1
f7b5fafe-6c53-4f03-b98a-a848d0eb2b18,fc90d768-4902-4267-aee4-185b5584cee7,2025-06-28,6761.03,30,3,3824.92,1274.973333,2,2,1.0000,8.0000,15,1573.27,0.411321,0
55b1fc58-81ed-4fe7-bfbc-8c68223d1a8e,b0d81eaf-60e0-4aa5-b3e9-64fdea18f5e9,2025-06-29,7393.89,30,3,9287.35,3095.783333,2,1,0.5000,0.5000,1,1210.31,0.130318,1
96e487ac-6452-4404-af73-e97d9a0e79f6,28e3eb2f-4e60-491c-8ecf-9260a4a4ced4,2025-06-29,8872.66,45,6,27232.55,4538.758333,3,2,0.6667,1.6667,3,2676.01,0.098265,0
a985b1da-3fcd-4a60-805e-5a2a3604870f,113fc32a-23b9-4b41-82f4-df6c2b1ae4ae,2025-06-29,2601.26,30,4,3001.11,750.277500,3,0,0.0000,0.0000,0,312.45,0.104111,1
bf78f29c-a62d-4686-8673-fcbe0db7836d,db49dbe2-b046-4b0c-8d11-6e496b852270,2025-06-29,8074.58,30,6,18762.42,3127.070000,6,3,0.5000,0.8333,2,0.00,0.000000,0
d7936377-9986-487e-8e48-fb1233182bbe,3e80243e-ed4d-46b5-a4ec-9aa1107c32da,2025-06-29,1852.79,30,3,11904.94,3968.313333,3,1,0.3333,2.6667,8,0.00,0.000000,0
2e5ca524-80d7-4c89-8ffc-a61980903e59,505deb96-02b0-4484-ae43-533961fa661d,2025-06-30,2737.22,45,5,7599.72,1519.944000,4,2,0.5000,0.5000,1,3045.99,0.400803,0
caaba802-dfa5-48a1-bfbb-7b4c6e21a7ef,d1907207-2f2d-4486-87e7-7b004fd2fab1,2025-06-30,4274.12,30,3,5102.56,1700.853333,2,1,0.5000,0.5000,1,2215.14,0.434123,1
de26d809-98fb-4606-9abf-88285dc324d1,549276f5-7982-4ddd-9090-30fd37f31bf6,2025-06-30,588.00,15,4,14341.91,3585.477500,4,3,0.7500,7.5000,15,0.00,0.000000,1
68054000-f266-4dc1-8e40-bb08023c8211,da7dbacc-46a8-44dc-b4c5-5e21bf437da6,2025-07-01,2877.16,30,8,26080.14,3260.017500,6,1,0.1667,2.0000,12,10703.45,0.410406,0
a741bca8-5282-4deb-aebb-183ca5cec832,0915900f-d22e-42b0-8e9e-810e55498a13,2025-07-01,4651.84,15,10,34664.86,3466.486000,9,3,0.3333,1.5556,11,5293.97,0.152719,0
d5e783b7-9063-451b-b29a-1847c488ec93,8daa11dd-d410-44bf-a0de-622a9ca7c78d,2025-07-01,1136.77,15,7,25139.93,3591.418571,5,2,0.4000,1.0000,3,1370.70,0.054523,1
ddcc61d3-a96c-4277-ba1b-e5da36199227,34f539cb-584e-4259-ac9f-44e6d5484ebf,2025-07-01,817.12,15,5,18109.50,3621.900000,4,2,0.5000,3.0000,10,7471.19,0.412556,1
c2bd01e6-1147-4154-b0d8-9ced950734fa,b7d62bbb-f2b2-4bee-ac69-0e320b4b310f,2025-07-02,152.09,45,7,27242.39,3891.770000,2,1,0.5000,1.5000,3,21098.40,0.774469,1
76aa5b12-69b1-4a13-a0be-846ff9461b9e,31e4bcb5-1a69-45eb-a2c7-5bfa73cdfca1,2025-07-03,1562.15,15,6,11084.84,1847.473333,6,5,0.8333,1.6667,3,0.00,0.000000,0
bf192029-6189-4337-bc11-3204562cda1c,cbf3e2e4-9c43-4976-afaa-bc231bff129c,2025-07-03,969.41,45,3,11338.81,3779.603333,3,3,1.0000,7.6667,11,0.00,0.000000,1
0edf1d18-68f9-49e9-af28-657ae295ada1,da7dbacc-46a8-44dc-b4c5-5e21bf437da6,2025-07-04,797.69,30,9,28957.30,3217.477778,7,2,0.2857,2.0000,12,12609.03,0.435435,1
189f9d1f-bc44-4bdc-8ad6-029ad5ea765f,c3bc5bb3-aee9-4150-b36a-c89a22162e7d,2025-07-04,4449.73,45,4,12049.19,3012.297500,2,1,0.5000,1.0000,2,2715.85,0.225397,1
19972213-d87a-43f2-ae21-fc934f825b30,9de44d71-02d0-4684-a314-54f9abd3f2cd,2025-07-04,1246.35,15,4,6608.75,1652.187500,4,3,0.7500,1.2500,2,0.00,0.000000,0
7fbef552-1f23-4b74-a963-c385af19002d,5772f550-5886-44ab-b618-cc525d22c053,2025-07-04,2853.08,30,8,24927.71,3115.963750,4,1,0.2500,0.7500,3,16184.20,0.649245,1
d4b834e1-f621-4963-8407-9b3f73bde14a,87b06d02-c4e0-4e44-a8d4-a21cdc592676,2025-07-04,883.11,15,3,5878.31,1959.436667,2,1,0.5000,1.5000,3,1052.45,0.179040,1
f22e2e7e-7b76-40de-8feb-4c381dc19746,1762b46f-b7ef-481c-9e0b-7e6d2033bcf4,2025-07-04,970.35,15,8,25270.41,3158.801250,6,1,0.1667,0.3333,2,9793.42,0.387545,0
f8e821c5-c449-4e58-8019-cde7e7f60ae3,ed2171b1-c19b-4e0d-8734-299f1f997a16,2025-07-04,1171.61,15,3,3916.57,1305.523333,2,1,0.5000,9.0000,18,1985.24,0.506882,1
418cb777-4062-46fa-a5b0-77b1c4ab525b,e05c9e8f-2852-4c9d-9c2a-756d89ba64a0,2025-07-05,2400.36,30,7,21003.38,3000.482857,5,2,0.4000,0.6000,2,4732.47,0.225319,1
5d8fed66-9871-4b3a-b01b-a42aaa2ba92f,a69011f4-c3f9-4f91-92f2-3df9072b53e7,2025-07-05,1698.90,15,5,5277.82,1055.564000,5,0,0.0000,0.0000,0,0.00,0.000000,0
7150781e-9604-46af-82b7-1966ab6b1ac2,9cbf413a-a00b-482b-9441-e8fce7668a2e,2025-07-05,981.15,45,4,15257.65,3814.412500,2,0,0.0000,0.0000,0,9021.71,0.591291,0
81f1356c-85a1-48bc-83ec-ed6b8502aecf,28e3eb2f-4e60-491c-8ecf-9260a4a4ced4,2025-07-05,712.26,45,7,36105.21,5157.887143,3,2,0.6667,1.6667,3,11548.67,0.319862,1
c8ce44c5-166d-4852-97cb-0766f24246cb,5a2542d2-8392-4c53-bbf2-259d1b7de2ba,2025-07-05,421.14,30,3,14864.39,4954.796667,2,2,1.0000,16.5000,18,9026.60,0.607263,1
974d942c-daab-4582-a6db-95b4abb16c4c,9013910b-257e-462f-8142-555578e385a5,2025-07-06,4026.25,45,4,16553.36,4138.340000,4,4,1.0000,6.5000,9,0.00,0.000000,1
e889fcb7-8802-494a-95e9-62b1b194e8df,911f8116-248a-4e3d-afb4-62a632746852,2025-07-06,2123.63,30,9,12209.20,1356.577778,6,3,0.5000,1.3333,3,4104.58,0.336187,0
5276eb9c-6b35-4ffc-9bae-4c1c79cc723f,fec6b81b-c723-45e8-a11f-75a4cb6a1381,2025-07-07,691.85,30,6,18603.68,3100.613333,4,2,0.5000,3.5000,10,6997.96,0.376160,1
2a452699-c43c-44ce-a180-78b822c5097f,41906a86-bd78-43ee-a9ab-5f93230c56a1,2025-07-08,1424.51,15,3,4585.53,1528.510000,3,0,0.0000,0.0000,0,0.00,0.000000,1
5d187148-d2c6-4b55-ae61-aa79f0800dc2,1948ea27-1b6a-4dd3-8c99-b399dcf88ed3,2025-07-08,147.69,30,5,15195.01,3039.002000,5,2,0.4000,2.6000,10,0.00,0.000000,0
7d7a75d8-2605-4f5c-8a6b-9d3f901246bb,31e4bcb5-1a69-45eb-a2c7-5bfa73cdfca1,2025-07-08,3017.62,15,7,12646.99,1806.712857,6,5,0.8333,1.6667,3,1562.15,0.123520,1
8e88e2db-cfb8-4070-8586-317f5aba5b7f,45b35575-e766-4b46-861c-910c86237813,2025-07-08,896.87,15,5,9403.19,1880.638000,4,1,0.2500,0.7500,3,2461.19,0.261740,1
b198b6ac-50f6-411a-b548-451bd58e67b6,e223a14f-9752-4dfc-b998-04cfae44ca10,2025-07-08,1150.86,30,4,7721.93,1930.482500,4,3,0.7500,1.5000,2,0.00,0.000000,1
1b228406-3fc0-4b66-b0e7-c4b8d82b2db9,28e3eb2f-4e60-491c-8ecf-9260a4a4ced4,2025-07-09,67.92,45,8,36817.47,4602.183750,3,2,0.6667,1.6667,3,12260.93,0.333019,0
70889f8e-fce0-42e5-958b-afd79f9e4bea,51833259-a233-414c-85fb-6ed59e50dfed,2025-07-09,152.09,30,6,15677.28,2612.880000,5,2,0.4000,1.4000,6,4947.18,0.315564,1
57a560ff-18c5-4212-bc74-1de216bf866f,3cc7350b-72e0-4990-a2f4-79f0e19bfe72,2025-07-10,720.44,15,7,22751.59,3250.227143,6,3,0.5000,1.1667,3,1045.31,0.045944,0
aac8e759-9956-47a0-b113-a8da858f7973,e51c365e-179f-4c2e-92f5-bc4c2fc6282a,2025-07-10,197.17,30,4,11224.59,2806.147500,3,0,0.0000,0.0000,0,1155.51,0.102945,1
abd31775-769f-4a97-9a1d-81fe1e71beef,e9afc85a-81e7-4518-a4f2-c3650f0c8105,2025-07-10,817.12,45,3,8514.79,2838.263333,2,2,1.0000,11.0000,13,5661.63,0.664917,0
6cd71967-a096-4732-a250-7b84076743f0,7b3011de-1fd5-49d7-8cd0-565a3af5b5da,2025-07-11,3892.19,30,4,2738.29,684.572500,4,2,0.5000,1.0000,3,0.00,0.000000,1
4b191793-28ec-4543-b617-4c456e2bdb4d,1762b46f-b7ef-481c-9e0b-7e6d2033bcf4,2025-07-12,421.14,15,9,26240.76,2915.640000,6,1,0.1667,0.3333,2,10763.77,0.410193,1
6f7cace9-2e2a-4552-80d7-8b2dfc104ab6,7b3011de-1fd5-49d7-8cd0-565a3af5b5da,2025-07-12,3729.73,30,5,6630.48,1326.096000,4,2,0.5000,1.0000,3,3892.19,0.587015,1
ffa82689-fad7-41fa-a2d3-74c678aa778a,db49dbe2-b046-4b0c-8d11-6e496b852270,2025-07-12,284.19,30,7,26837.00,3833.857143,6,3,0.5000,0.8333,2,8074.58,0.300875,0
30f7a4b9-6ac4-407d-96f4-5af4ecb7f9e8,8bd2e91f-b7be-4b2c-95e8-9b9f6936c3fe,2025-07-13,566.60,45,3,2518.97,839.656667,2,1,0.5000,1.5000,3,1523.88,0.604962,1
e865e95b-0207-4348-b75a-81f7b6499af0,e05c9e8f-2852-4c9d-9c2a-756d89ba64a0,2025-07-13,2381.51,30,8,23403.74,2925.467500,5,2,0.4000,0.6000,2,7132.83,0.304773,1
925ef3f4-0901-4121-b727-c509e3ef8605,ff29a3b3-fb27-44ad-8dcc-9551fb3c7420,2025-07-14,1754.08,45,9,19986.72,2220.746667,7,3,0.4286,3.8571,14,11250.42,0.562895,1
c2e2070a-a591-4be9-8530-4e7586c87073,0b94772b-0571-4308-92cc-ac6baf2ac02b,2025-07-14,5268.74,45,3,14149.80,4716.600000,2,0,0.0000,0.0000,0,2601.26,0.183837,0
c5577f4d-0960-484b-a79f-3ba232f19e13,3cc7350b-72e0-4990-a2f4-79f0e19bfe72,2025-07-14,649.91,15,8,23472.03,2934.003750,6,3,0.5000,1.1667,3,1765.75,0.075228,1
286cb4b7-51e5-46f9-aac9-ec7ddfc7610d,51833259-a233-414c-85fb-6ed59e50dfed,2025-07-15,4943.45,30,7,15829.37,2261.338571,5,2,0.4000,1.4000,6,5099.27,0.322140,1
5b1dd6f4-79ea-4538-b4af-9b0e29e8fd30,79ce75bd-e156-4762-a109-91880fa27abc,2025-07-15,1952.69,45,4,10819.83,2704.957500,2,0,0.0000,0.0000,0,7324.81,0.676980,0
609e8edd-1827-4aa3-95f1-d3a310974170,db49dbe2-b046-4b0c-8d11-6e496b852270,2025-07-15,443.08,30,8,27121.19,3390.148750,6,3,0.5000,0.8333,2,8358.77,0.308201,1
c1561ac5-e79d-4ec8-90a9-1ffd4c12f593,dbc5aa6b-529c-4c91-8331-7ec33c8503bb,2025-07-15,3311.87,30,7,13389.78,1912.825714,4,3,0.7500,1.5000,3,9751.01,0.728243,1
e01a95aa-9581-4ff8-802d-6d9a62f4a101,97c341f3-26c0-47ee-949b-ec2349709b82,2025-07-15,694.18,30,5,20473.19,4094.638000,5,3,0.6000,2.4000,9,0.00,0.000000,0
38e2accc-aaa5-43bb-8c4a-2ffc6df452dd,e05c9e8f-2852-4c9d-9c2a-756d89ba64a0,2025-07-16,3857.68,30,9,25785.25,2865.027778,5,2,0.4000,0.6000,2,9514.34,0.368984,0
4af0d41c-d128-4b6a-b7ec-2b973b4cbc63,f8a3ae68-a437-491d-b88b-abad9164379f,2025-07-16,3492.34,45,6,10839.01,1806.501667,4,2,0.5000,3.5000,12,2894.04,0.267002,1
eb953fc9-a2c9-44cb-8692-82232b6b4b30,5772f550-5886-44ab-b618-cc525d22c053,2025-07-16,3173.44,30,9,27780.79,3086.754444,4,1,0.2500,0.7500,3,18261.39,0.657339,1
1bfce98d-d1c2-4ef1-a570-83dd5675a4f1,fec6b81b-c723-45e8-a11f-75a4cb6a1381,2025-07-18,1238.87,30,7,19295.53,2756.504286,4,2,0.5000,3.5000,10,7689.81,0.398528,1
1c76d9db-28c3-4d17-a0e4-a7bbbc3be009,e408e6a2-589e-4b0f-a98f-6a5e0f9e9e53,2025-07-18,920.64,45,5,8082.49,1616.498000,4,1,0.2500,1.0000,4,390.54,0.048319,1
004ccb94-d3cd-43e6-b3bf-538fcca756ea,41cc51fc-74f3-43aa-b9e8-c4269becb375,2025-07-19,4947.18,45,3,14077.98,4692.660000,2,1,0.5000,0.5000,1,5537.68,0.393358,1
48b5b537-dbff-40ae-9c7a-146ae2812018,456196a3-f5fd-4769-85c9-fe12f73de5b9,2025-07-19,1285.89,15,3,4913.57,1637.856667,3,1,0.3333,0.3333,1,0.00,0.000000,1
75815954-9701-4089-bc49-2710099c0a28,c3bc5bb3-aee9-4150-b36a-c89a22162e7d,2025-07-19,1586.28,45,5,16498.92,3299.784000,4,3,0.7500,1.2500,2,4449.73,0.269698,1
8cba631b-e998-45c4-927b-e52ee45c2626,28e3eb2f-4e60-491c-8ecf-9260a4a4ced4,2025-07-19,3113.75,45,9,36885.39,4098.376667,4,3,0.7500,1.7500,3,12248.36,0.332065,0
99078ae3-1d28-42d4-87f3-0aff9b7eed79,d5bde5d5-ffb3-40af-bfb0-e1fbc0fc8ac6,2025-07-19,350.82,30,3,16633.89,5544.630000,2,2,1.0000,6.0000,9,9419.47,0.566282,1
c0ed5287-f35d-4e0a-9406-f70048af25b2,f8a3ae68-a437-491d-b88b-abad9164379f,2025-07-19,2774.14,45,7,14331.35,2047.335714,4,2,0.5000,3.5000,12,6386.38,0.445623,0
e01883ce-6fd1-4ab3-8b64-80e4f2099e4c,911f8116-248a-4e3d-afb4-62a632746852,2025-07-19,3281.59,30,10,14332.83,1433.283000,6,3,0.5000,1.3333,3,6228.21,0.434542,1
f0afa426-8eb3-4328-957c-03c9f77e3159,7b3011de-1fd5-49d7-8cd0-565a3af5b5da,2025-07-19,276.74,30,6,10360.21,1726.701667,4,2,0.5000,1.0000,3,7621.92,0.735692,1
2d1bea8e-e99b-49c8-a9f7-ecb1048ff2cb,fec6b81b-c723-45e8-a11f-75a4cb6a1381,2025-07-20,191.74,30,8,20534.40,2566.800000,4,2,0.5000,3.5000,10,8928.68,0.434816,1
61057557-e408-448b-b4aa-fe6a9ec4bca6,db49dbe2-b046-4b0c-8d11-6e496b852270,2025-07-20,3268.73,30,9,27564.27,3062.696667,6,3,0.5000,0.8333,2,8801.85,0.319321,1
f7a84f68-e13f-4d79-8d8e-08a987aaea99,e223a14f-9752-4dfc-b998-04cfae44ca10,2025-07-20,533.40,30,5,8872.79,1774.558000,4,3,0.7500,1.5000,2,1150.86,0.129707,0
0420f9ed-cff4-40bb-928f-623d88d948fc,fc90d768-4902-4267-aee4-185b5584cee7,2025-07-21,849.45,30,4,10585.95,2646.487500,2,2,1.0000,8.0000,15,8334.30,0.787298,0
3ce86ece-6f4b-4b75-bb3b-9a245b744f23,f311db56-da65-41a9-a889-888c821ca32c,2025-07-21,1349.88,30,3,4588.35,1529.450000,3,0,0.0000,0.0000,0,0.00,0.000000,1
79765f45-15e0-4c88-aa88-cb538ea9e84a,dbc5aa6b-529c-4c91-8331-7ec33c8503bb,2025-07-21,1349.88,30,8,16701.65,2087.706250,4,3,0.7500,1.5000,3,13062.88,0.782131,0
c5f8114e-7cdf-4492-b1b2-a52d8dea4eef,fc90d768-4902-4267-aee4-185b5584cee7,2025-07-21,524.42,30,4,10585.95,2646.487500,2,2,1.0000,8.0000,15,8334.30,0.787298,1
c7c291a6-10d2-472c-8f42-66e408f7ee7e,911f8116-248a-4e3d-afb4-62a632746852,2025-07-21,1068.39,30,11,17614.42,1601.310909,6,3,0.5000,1.3333,3,9509.80,0.539887,1
f5acc7ff-8901-4157-81f6-b4a154477fc8,45b35575-e766-4b46-861c-910c86237813,2025-07-21,781.07,15,6,10300.06,1716.676667,4,1,0.2500,0.7500,3,3358.06,0.326023,1
1ec5d6b0-b8da-44fe-b5fc-7d79e7373e95,e51c365e-179f-4c2e-92f5-bc4c2fc6282a,2025-07-22,1082.78,30,5,11421.76,2284.352000,4,1,0.2500,0.7500,3,197.17,0.017263,1
6c3362bc-c697-459e-9e98-064f88311226,31e4bcb5-1a69-45eb-a2c7-5bfa73cdfca1,2025-07-22,2968.31,15,8,15664.61,1958.076250,7,5,0.7143,1.4286,3,3017.62,0.192639,0
7f65af0a-e916-42db-a4ee-786b41812eeb,41906a86-bd78-43ee-a9ab-5f93230c56a1,2025-07-22,1591.91,15,4,6010.04,1502.510000,3,0,0.0000,0.0000,0,1424.51,0.237022,1
8433b533-1924-4eb9-8b90-33fa7a5268c8,fc90d768-4902-4267-aee4-185b5584cee7,2025-07-22,3290.95,30,6,11959.82,1993.303333,2,2,1.0000,8.0000,15,9708.17,0.811732,0
924554f0-965b-4039-ac2d-f8810c9d724f,00acfd4d-b8a4-441a-b965-3c900cea01a1,2025-07-22,492.92,30,3,11277.38,3759.126667,2,0,0.0000,0.0000,0,2041.53,0.181029,1
f07f444c-c395-4a0a-9c4b-a6fa9f4d546b,28e3eb2f-4e60-491c-8ecf-9260a4a4ced4,2025-07-22,5032.81,45,10,39999.14,3999.914000,4,3,0.7500,1.7500,3,15362.11,0.384061,1
5ee0952c-b970-432c-ad7a-f5853f1c6c0e,05f197bf-0bdd-44a5-84bb-1878a08666b6,2025-07-23,2878.22,15,5,16583.89,3316.778000,5,2,0.4000,0.8000,2,0.00,0.000000,1
dbb36d3f-4019-4406-9383-7d16eb4ac065,0915900f-d22e-42b0-8e9e-810e55498a13,2025-07-23,2243.64,15,11,39316.70,3574.245455,11,4,0.3636,1.3636,11,0.00,0.000000,0
97467d88-2552-4b84-ab5d-f4b8a1c6a13e,4f4f2ef2-6350-45b8-af19-6bd90adfc454,2025-07-24,2764.19,15,6,12284.45,2047.408333,5,1,0.2000,0.4000,2,152.09,0.012381,1
a2456cae-5fe8-4e16-91e3-ab0ab1f5220f,8aa74529-c59e-4daf-9b98-321ebfce7306,2025-07-24,781.07,30,5,6854.28,1370.856000,5,3,0.6000,1.2000,3,0.00,0.000000,1
a3a796e3-71be-4e30-93d1-e7d9803fef87,cd796877-895f-4bcc-8fe0-0c8c6c4e68b0,2025-07-24,2161.31,30,4,7494.49,1873.622500,4,2,0.5000,2.2500,6,0.00,0.000000,0
d9a4f8de-83f3-401c-86e3-d81595ab2812,8b278dae-e043-44f3-a5f0-8466df24d3a2,2025-07-25,1846.18,30,7,7175.70,1025.100000,7,3,0.4286,1.5714,6,0.00,0.000000,0
2267ddb6-8645-4496-9d29-ddc8a7e1e310,3cc7350b-72e0-4990-a2f4-79f0e19bfe72,2025-07-26,411.14,15,9,24121.94,2680.215556,7,3,0.4286,1.0000,3,1695.22,0.070277,1
21e4dbf4-a6bf-4eaa-9764-5e72b59d2f1a,45b35575-e766-4b46-861c-910c86237813,2025-07-27,2586.99,15,7,11081.13,1583.018571,4,1,0.2500,0.7500,3,3645.85,0.329014,1
29811537-2c0f-4c66-aa52-8f42b860cb62,911f8116-248a-4e3d-afb4-62a632746852,2025-07-27,298.96,30,12,18682.81,1556.900833,7,3,0.4286,1.1429,3,10391.34,0.556198,1
1f9a2102-7aab-4bf8-9137-9444cf27fcb1,66aa9f2d-de6b-4def-8269-b6d0177dbf9a,2025-07-28,1556.88,30,8,41564.85,5195.606250,7,3,0.4286,1.0000,3,6554.86,0.157702,0
9816aabf-adf1-4a56-ad3e-f264df76bf4e,091ba1e5-58cf-4e6c-badc-17dbe89dea69,2025-07-28,2171.40,45,7,32290.93,4612.990000,5,2,0.4000,0.8000,3,12362.84,0.382858,0
c4ec8006-f777-4048-a38e-c026462b6d95,da7dbacc-46a8-44dc-b4c5-5e21bf437da6,2025-07-28,2091.06,30,10,29754.99,2975.499000,8,3,0.3750,3.1250,12,3674.85,0.123504,1
1159b8ae-25ad-4fde-99ba-cfb1eaa649fa,e51c365e-179f-4c2e-92f5-bc4c2fc6282a,2025-07-29,719.55,30,6,12504.54,2084.090000,4,1,0.2500,0.7500,3,1279.95,0.102359,1
19f76e7f-d0ec-4a69-9e03-f4925da86902,34f539cb-584e-4259-ac9f-44e6d5484ebf,2025-07-29,4113.69,15,6,18926.62,3154.436667,6,3,0.5000,2.1667,10,0.00,0.000000,1
21a16dc6-9e24-4822-b90c-797ba9951e91,3e80243e-ed4d-46b5-a4ec-9aa1107c32da,2025-07-29,2667.00,30,4,13757.73,3439.432500,4,1,0.2500,2.0000,8,0.00,0.000000,1
76abe614-84b3-4f19-a551-d9b3b10234d1,b0d81eaf-60e0-4aa5-b3e9-64fdea18f5e9,2025-07-29,1647.95,30,4,16681.24,4170.310000,3,1,0.3333,0.3333,1,7393.89,0.443246,0
f3799fd3-67c9-49c5-a675-4f95470b5d39,bc2eaeff-d2cb-413b-8716-a7fa6d9507c2,2025-07-29,621.76,15,3,4607.17,1535.723333,2,1,0.5000,1.0000,2,1879.37,0.407923,0
2a5cdf86-91ca-4e44-8b9f-103100f339fc,c7e971e5-62a6-49c9-a239-e17ea1f253a5,2025-07-30,1977.38,45,3,3698.03,1232.676667,3,3,1.0000,5.3333,10,0.00,0.000000,1
f20551a9-5c48-403e-aa6e-942b12d686cc,66aa9f2d-de6b-4def-8269-b6d0177dbf9a,2025-07-30,4430.29,30,9,43121.73,4791.303333,7,3,0.4286,1.0000,3,8111.74,0.188113,1
f93b9f1f-363b-49a4-b070-0d16b7de0fa6,f8a3ae68-a437-491d-b88b-abad9164379f,2025-07-30,203.77,45,8,17105.49,2138.186250,4,2,0.5000,3.5000,12,9160.52,0.535531,1
3b83989b-9412-4a1e-9c43-f60bdec22906,9013910b-257e-462f-8142-555578e385a5,2025-07-31,2943.45,45,5,20579.61,4115.922000,4,4,1.0000,6.5000,9,4026.25,0.195643,1
6ae251b0-ed2d-4e61-bfb7-262b59b6ac22,529b58fc-1d6b-4a46-bcf3-bd50c058a284,2025-07-31,3281.59,15,3,8597.20,2865.733333,2,1,0.5000,5.0000,10,3385.12,0.393747,1
cca7f423-507a-4905-9898-c169d4b99d78,dbc5aa6b-529c-4c91-8331-7ec33c8503bb,2025-07-31,4671.82,30,9,18051.53,2005.725556,5,4,0.8000,1.6000,3,10033.21,0.555809,1
c4274cde-3948-4015-b996-d0cd6e000f38,229edd85-4113-4b2a-be5b-1cc986fd5173,2025-08-01,1293.50,30,5,13747.19,2749.438000,2,1,0.5000,3.5000,7,8557.03,0.622457,1
aa017ed8-c2f1-4465-8d33-65ae73d74538,debb1669-0087-4b21-a027-8766438b09f1,2025-08-02,691.05,30,3,13216.81,4405.603333,2,2,1.0000,6.0000,10,4121.63,0.311848,1
e3e09cd1-ab13-4742-aa61-a31bce8f31f9,d3f21a44-d6a7-4183-9e3d-ca1e2f665ada,2025-08-02,3946.79,30,5,5348.75,1069.750000,4,3,0.7500,6.2500,18,830.45,0.155261,1
eebc939c-5835-45d5-8aa2-1e0ca3cd0e43,556c3740-52fd-4022-8755-b92b9fa5342d,2025-08-02,349.97,45,3,13470.70,4490.233333,2,2,1.0000,2.5000,3,3161.25,0.234676,1
f5ca214f-3fdc-4b7d-aaab-03acd758edfa,86ab916f-9734-41f0-b5c0-9bbc082b3251,2025-08-02,2158.66,30,8,20100.71,2512.588750,8,4,0.5000,0.8750,2,0.00,0.000000,1
fa01a0d5-18d5-45ca-ab90-9a9bf980d9da,31e4bcb5-1a69-45eb-a2c7-5bfa73cdfca1,2025-08-03,3322.71,15,9,18632.92,2070.324444,9,6,0.6667,1.2222,3,0.00,0.000000,1
259ac4a8-9343-4b5a-aa90-ee42d04d28db,505deb96-02b0-4484-ae43-533961fa661d,2025-08-04,443.08,45,6,10336.94,1722.823333,5,2,0.4000,0.4000,1,2737.22,0.264800,0
4ccc81eb-6ddd-486a-8f97-1fc750e9961a,2576b737-f022-4e9c-8640-a88226cea0ff,2025-08-04,2833.43,30,5,15191.61,3038.322000,4,1,0.2500,0.7500,3,1171.61,0.077122,1
6ab3f54b-6041-41a7-ab65-7078ae48fe0f,86ab916f-9734-41f0-b5c0-9bbc082b3251,2025-08-04,1107.57,30,9,22259.37,2473.263333,8,4,0.5000,0.8750,2,2158.66,0.096978,0
86d4bbf5-681a-4871-a2a4-2e984350619b,66aa9f2d-de6b-4def-8269-b6d0177dbf9a,2025-08-04,1133.37,30,10,47552.02,4755.202000,7,3,0.4286,1.0000,3,12542.03,0.263754,0
e2518f06-b428-4025-8506-f26032483001,b2109776-616b-488c-9721-f3f116afd30f,2025-08-04,590.77,30,3,12646.50,4215.500000,2,0,0.0000,0.0000,0,3503.60,0.277041,0
2e3c1bc7-6363-4122-98a1-6100a6ff95b0,d1907207-2f2d-4486-87e7-7b004fd2fab1,2025-08-05,2351.66,30,4,9376.68,2344.170000,3,2,0.6667,0.6667,1,2215.14,0.236239,1
61d19375-32b5-4ca1-b265-7333e5156b7d,a69011f4-c3f9-4f91-92f2-3df9072b53e7,2025-08-05,844.85,15,6,6976.72,1162.786667,6,0,0.0000,0.0000,0,0.00,0.000000,1
62364953-0840-4cd9-9656-e103beb2632d,66aa9f2d-de6b-4def-8269-b6d0177dbf9a,2025-08-05,749.39,30,11,48685.39,4425.944545,7,3,0.4286,1.0000,3,13675.40,0.280893,1
e2ac757c-2f9b-477f-a295-f0e031a2238c,e400fe49-64f8-4e45-8877-6c5fd0a7747d,2025-08-05,3602.18,15,3,8434.00,2811.333333,2,1,0.5000,1.0000,2,2619.94,0.310640,1
66906c62-dde4-48fd-928f-99fa86543efd,bc2eaeff-d2cb-413b-8716-a7fa6d9507c2,2025-08-06,3488.88,15,4,5228.93,1307.232500,2,1,0.5000,1.0000,2,2501.13,0.478325,0
12529afd-fb03-4c8e-8539-54d60c545543,9cbf413a-a00b-482b-9441-e8fce7668a2e,2025-08-07,394.34,45,5,16238.80,3247.760000,4,1,0.2500,0.7500,3,981.15,0.060420,0
499a2942-da36-472f-959b-9de25332efdc,8aa74529-c59e-4daf-9b98-321ebfce7306,2025-08-07,817.18,30,6,7635.35,1272.558333,5,3,0.6000,1.2000,3,781.07,0.102297,1
fd5a3f24-582f-461b-88a1-aa9aa0847466,28e3eb2f-4e60-491c-8ecf-9260a4a4ced4,2025-08-07,4000.61,45,11,45031.95,4093.813636,4,3,0.7500,1.7500,3,19873.76,0.441326,0
0ce681f1-bb74-45b5-9001-43f931ea98b7,da7dbacc-46a8-44dc-b4c5-5e21bf437da6,2025-08-08,827.97,30,11,31846.05,2895.095455,9,3,0.3333,2.7778,12,2450.02,0.076933,1
2e85d38e-cb71-415f-8ed6-1fcdc7c80bae,feb9f5f4-bed9-4b39-bb94-062fa9706005,2025-08-08,3702.09,45,4,23684.71,5921.177500,4,2,0.5000,0.7500,2,0.00,0.000000,1
32d673d0-8c68-45b7-9f16-1824aa3387d6,2c3ca1b8-7c76-4a4c-80bf-5314fb7f22ae,2025-08-08,2534.55,30,3,8735.86,2911.953333,3,1,0.3333,1.0000,3,0.00,0.000000,1
df51b0d7-8512-4c10-bfaf-359b8e0001bc,82241b4b-7959-4079-9369-bbfcffcbc453,2025-08-08,3183.81,30,6,15356.33,2559.388333,6,1,0.1667,1.8333,11,0.00,0.000000,0
06b92b8b-adda-492e-befb-be4a04bff5ce,44e18ff7-c6c4-4f05-810a-10acda026843,2025-08-09,4656.46,30,7,22852.33,3264.618571,7,2,0.2857,2.7143,10,0.00,0.000000,0
0da093c8-f2ec-4304-bf13-7c33eb30407b,403ba4f6-3b05-4fb0-9c95-6068878e01b1,2025-08-09,1846.18,30,6,29701.26,4950.210000,5,2,0.4000,1.0000,3,3973.53,0.133783,1
24606a37-df10-4187-bbba-28703009e021,b4a140af-8af0-4074-8c4e-f1e587fff314,2025-08-09,3492.34,45,7,25763.38,3680.482857,5,2,0.4000,0.8000,2,3685.65,0.143058,1
8421d800-7fdf-417d-a7a7-3cb88b60c238,f201cdf9-cb7c-4b4b-8da0-68bccc439429,2025-08-09,2328.23,15,3,10871.53,3623.843333,3,1,0.3333,3.6667,11,0.00,0.000000,0
a8e3c527-1ef2-4ca9-b652-ffb8ed3945df,c7af740f-1d7a-4321-9d3e-ec9107c05254,2025-08-09,1533.37,15,4,4876.73,1219.182500,3,2,0.6667,1.3333,3,232.79,0.047735,0
c46648fe-4cdd-4448-a07f-6e4009669d70,6d07afb5-e45f-49c8-8fe6-ab313f89ab9c,2025-08-09,2477.75,30,7,27453.38,3921.911429,5,3,0.6000,1.6000,3,12765.65,0.464994,1
1d62c26a-8483-49af-94e7-b63cd3316fe6,529b58fc-1d6b-4a46-bcf3-bd50c058a284,2025-08-10,2622.11,15,4,11878.79,2969.697500,2,1,0.5000,5.0000,10,6666.71,0.561228,1
614f0ef8-f876-405a-9e14-2ca44f2a939a,45b35575-e766-4b46-861c-910c86237813,2025-08-10,421.14,15,8,13668.12,1708.515000,6,3,0.5000,2.6667,10,5048.18,0.369340,0
d50fb053-096b-4f39-8fca-c453a3d50518,229edd85-4113-4b2a-be5b-1cc986fd5173,2025-08-10,952.60,30,6,15040.69,2506.781667,2,1,0.5000,3.5000,7,9850.53,0.654925,0
f7fa0af9-8105-41df-a106-0d93c6579a7c,bc2eaeff-d2cb-413b-8716-a7fa6d9507c2,2025-08-10,1689.70,15,5,8717.81,1743.562000,2,1,0.5000,1.0000,2,5990.01,0.687100,0
2a2bc7a4-7ce3-4dd1-a1e2-174332811ae4,c3bc5bb3-aee9-4150-b36a-c89a22162e7d,2025-08-11,2031.83,45,6,18085.20,3014.200000,4,3,0.7500,1.2500,2,6036.01,0.333754,1
47f5ef31-b7ec-4a83-80a4-d4102c183eba,911f8116-248a-4e3d-afb4-62a632746852,2025-08-11,3597.77,30,13,18981.77,1460.136154,9,3,0.3333,0.8889,3,5343.12,0.281487,0
c1cba314-9e7b-41a9-8f4b-422fc0319ccf,121edff8-dfb7-4758-a559-7855430672f3,2025-08-11,324.95,45,4,13938.86,3484.715000,4,1,0.2500,0.2500,1,0.00,0.000000,1
47fdd82b-c648-403f-b29b-8d4b68cbf285,a54b8eca-fc5f-46cd-9407-2f103beabcc7,2025-08-12,1523.88,15,3,5296.65,1765.550000,3,1,0.3333,0.6667,2,0.00,0.000000,1
cc2ac258-5b6f-414c-973e-de41369a64de,bab05b4b-0196-4bb2-a10a-34baf0750132,2025-08-12,250.99,45,3,10978.04,3659.346667,2,1,0.5000,0.5000,1,1121.11,0.102123,0
e8c50202-f3f1-439a-85c8-cb344f8d184a,43b1d0a0-404f-48c8-96ee-46291e3ceaa3,2025-08-12,1101.18,15,3,6759.74,2253.246667,2,0,0.0000,0.0000,0,1758.83,0.260192,1
3bcbeafc-be38-4c70-aebc-e1263114eddd,79ce75bd-e156-4762-a109-91880fa27abc,2025-08-13,800.12,45,5,12772.52,2554.504000,4,1,0.2500,1.5000,6,1952.69,0.152882,1
673dd565-e073-499d-a5b8-f291508ba1dd,1c22a6c4-3de0-4f96-b62a-3a6edbbaf732,2025-08-13,67.92,30,6,9852.53,1642.088333,5,2,0.4000,1.2000,3,226.75,0.023014,1
f40173f7-2eb8-48ec-b593-e4e691405c06,e51c365e-179f-4c2e-92f5-bc4c2fc6282a,2025-08-13,524.42,30,7,13224.09,1889.155714,4,1,0.2500,0.7500,3,1891.06,0.143001,1
ffb3743b-e423-461d-89b3-0f7358ed5234,3907704e-d22a-40f9-9591-9c06dfc1b6d2,2025-08-13,285.68,15,4,12701.14,3175.285000,2,2,1.0000,7.0000,13,4269.39,0.336142,0
60ef69a5-cc22-495f-82dc-8ce9ed993b3e,b7d62bbb-f2b2-4bee-ac69-0e320b4b310f,2025-08-14,4101.98,45,8,27394.48,3424.310000,6,2,0.3333,1.8333,8,3410.05,0.124479,1
8de476c5-44c8-49e0-976a-203cbbe2e216,1c22a6c4-3de0-4f96-b62a-3a6edbbaf732,2025-08-14,507.96,30,7,9920.45,1417.207143,5,2,0.4000,1.2000,3,294.67,0.029703,1
d84b8f18-2a76-4703-86f4-292dcbd47308,34f539cb-584e-4259-ac9f-44e6d5484ebf,2025-08-14,4985.40,15,7,23040.31,3291.472857,6,3,0.5000,2.1667,10,4113.69,0.178543,0
ffa2b6d0-e395-4048-a5ba-0b23452209bf,cbf3e2e4-9c43-4976-afaa-bc231bff129c,2025-08-14,304.19,45,4,12308.22,3077.055000,3,3,1.0000,7.6667,11,969.41,0.078761,1
08c87f21-432e-41f9-a019-673bc2e5bc32,066b0bf5-5f5a-4c95-a709-b1fc1d059f94,2025-08-15,1640.79,45,7,29098.90,4156.985714,6,2,0.3333,0.6667,3,2923.50,0.100468,0
54130913-e7b2-4b2d-9de2-bf760f18a2b3,fc90d768-4902-4267-aee4-185b5584cee7,2025-08-15,539.95,30,7,15250.77,2178.681429,3,2,0.6667,5.3333,15,6238.09,0.409034,0
a88973f5-0875-4e79-b7f4-88ac653da140,9b131352-2e3f-4966-865e-a01b50bde6e5,2025-08-15,2335.32,30,6,12061.65,2010.275000,5,0,0.0000,0.0000,0,5767.57,0.478174,0
b4690fbd-d008-4d9a-ba55-f56313b85ab3,31e4bcb5-1a69-45eb-a2c7-5bfa73cdfca1,2025-08-15,2243.64,15,10,21955.63,2195.563000,9,6,0.6667,1.2222,3,3322.71,0.151337,1
c7543c92-c51d-4f90-9ffb-3c116024d8a8,db49dbe2-b046-4b0c-8d11-6e496b852270,2025-08-15,1019.24,30,10,30833.00,3083.300000,8,3,0.3750,0.6250,2,3468.12,0.112481,1
72036075-f6b2-4fa3-a8e6-14a0faec6710,9a48cdff-42f6-4b91-80ce-e531f3622d2b,2025-08-16,2288.16,45,3,3230.09,1076.696667,2,1,0.5000,5.5000,11,250.99,0.077704,1
725dcc99-a008-4b0b-bd98-b56dcdb504dd,6d07afb5-e45f-49c8-8fe6-ab313f89ab9c,2025-08-16,4947.18,30,8,29931.13,3741.391250,5,3,0.6000,1.6000,3,15243.40,0.509282,0
0e580767-b250-4f0a-90e2-9d935eab9df9,6272b3b9-197b-4be0-bf82-5b6e74a51d18,2025-08-17,1775.24,30,3,13839.79,4613.263333,3,1,0.3333,0.3333,1,0.00,0.000000,0
13169a85-3264-4e74-8f69-950a1712cc76,41906a86-bd78-43ee-a9ab-5f93230c56a1,2025-08-17,3602.18,15,5,7601.95,1520.390000,4,1,0.2500,0.2500,1,1591.91,0.209408,1
33e40871-2930-4678-a896-b032ea6ebcc4,e51c365e-179f-4c2e-92f5-bc4c2fc6282a,2025-08-17,800.12,30,8,13748.51,1718.563750,5,2,0.4000,1.8000,6,2326.75,0.169237,1
4024b65a-dc3b-4f97-a443-69e8e26f4006,b4a140af-8af0-4074-8c4e-f1e587fff314,2025-08-17,1556.88,45,8,29255.72,3656.965000,5,2,0.4000,0.8000,2,7177.99,0.245353,0
9dd66552-48ca-4b9d-adc8-7f5f07a55870,066b0bf5-5f5a-4c95-a709-b1fc1d059f94,2025-08-17,934.36,45,8,30739.69,3842.461250,6,2,0.3333,0.6667,3,4564.29,0.148482,1
bf07368d-4a66-4d95-96de-a8b835c33f06,8daa11dd-d410-44bf-a0de-622a9ca7c78d,2025-08-17,460.32,15,8,26276.70,3284.587500,7,3,0.4286,1.2857,4,627.48,0.023880,0
e7cdedc8-217d-4d96-9a3f-9d6d235fb91d,98c0d934-599f-43f0-b624-02fafa9a625d,2025-08-17,269.98,30,3,6137.13,2045.710000,2,0,0.0000,0.0000,0,1573.27,0.256353,0
2ff3c2af-e825-4659-9c81-0b93d53a954b,911f8116-248a-4e3d-afb4-62a632746852,2025-08-19,1846.18,30,14,22579.54,1612.824286,9,3,0.3333,0.8889,3,7136.02,0.316039,0
5f8d7019-f975-4866-a41e-fbed963c45d0,e223a14f-9752-4dfc-b998-04cfae44ca10,2025-08-19,2266.40,30,6,9406.19,1567.698333,5,4,0.8000,1.4000,2,533.40,0.056707,1
7f635f64-7a18-46c0-a294-3a55c149d5df,066b0bf5-5f5a-4c95-a709-b1fc1d059f94,2025-08-19,694.18,45,9,31674.05,3519.338889,6,2,0.3333,0.6667,3,5498.65,0.173601,0
87a57c09-6ebc-43a5-b208-8095122bb9fd,da7dbacc-46a8-44dc-b4c5-5e21bf437da6,2025-08-19,2803.09,30,12,32674.02,2722.835000,10,4,0.4000,3.9000,14,2919.03,0.089338,0
9ccb9b57-96a1-4705-bd44-bb4cec0c697a,59749859-a81e-48e6-bc39-a362a3eada9b,2025-08-19,1562.15,30,3,7094.41,2364.803333,2,1,0.5000,1.0000,2,3281.59,0.462560,1
9dd29fa9-9dce-4296-9b3d-a5f1c8e536ec,82241b4b-7959-4079-9369-bbfcffcbc453,2025-08-19,1226.69,30,7,18540.14,2648.591429,6,1,0.1667,1.8333,11,3183.81,0.171725,0
6bcf55c0-e101-4ebf-a2a7-cfbadf6bce86,da7dbacc-46a8-44dc-b4c5-5e21bf437da6,2025-08-20,197.17,30,13,35477.11,2729.008462,10,4,0.4000,3.9000,14,5722.12,0.161290,0
7c543b37-7f3d-4519-aae7-b58d9f595938,3da770f9-a532-48df-a2e4-cf550c263161,2025-08-21,4085.92,30,3,4123.09,1374.363333,2,1,0.5000,6.0000,12,533.40,0.129369,0
8c59da65-91a9-420f-8851-4c06f599b873,6d07afb5-e45f-49c8-8fe6-ab313f89ab9c,2025-08-21,1428.12,30,9,34878.31,3875.367778,5,3,0.6000,1.6000,3,20190.58,0.578886,0
a2f6923e-0a4c-4ba2-a9f3-f0cab9f339de,fc90d768-4902-4267-aee4-185b5584cee7,2025-08-21,1136.77,30,8,15790.72,1973.840000,5,2,0.4000,3.2000,15,2637.64,0.167037,0
a9b74a62-9084-484d-b2f0-144e780a7040,403ba4f6-3b05-4fb0-9c95-6068878e01b1,2025-08-21,2649.34,30,7,31547.44,4506.777143,5,2,0.4000,1.0000,3,5819.71,0.184475,0
f12769ce-35e7-43b5-be63-01f28a54f5a3,80425ba2-13bc-407f-9a1c-ff4f30480010,2025-08-21,1428.12,30,4,4754.58,1188.645000,2,0,0.0000,0.0000,0,2321.68,0.488304,0
41d61aab-5bbe-4608-b35d-fa1742c22708,0915900f-d22e-42b0-8e9e-810e55498a13,2025-08-22,719.55,15,12,41560.34,3463.361667,12,4,0.3333,1.2500,11,0.00,0.000000,0
477a04cc-2dab-44e5-9143-9514ee94ff24,a137cf0f-749a-402e-9913-60a7f4a47b92,2025-08-23,149.88,30,10,27899.24,2789.924000,9,4,0.4444,2.1111,9,6769.95,0.242657,1
81c2b327-acd2-4c6c-be52-ff147e18c6c0,b7d62bbb-f2b2-4bee-ac69-0e320b4b310f,2025-08-23,3290.95,45,9,31496.46,3499.606667,6,2,0.3333,1.8333,8,7512.03,0.238504,0
e6e03670-00a1-47d8-9c2d-73adae926bbd,b7d62bbb-f2b2-4bee-ac69-0e320b4b310f,2025-08-23,3233.74,45,9,31496.46,3499.606667,6,2,0.3333,1.8333,8,7512.03,0.238504,0
1fbd4569-c992-4221-b093-dc3e44f1bd47,3de6f533-5503-4109-875b-33f40109353f,2025-08-24,147.69,30,3,5024.18,1674.726667,3,3,1.0000,9.6667,13,0.00,0.000000,0
210cc533-5f13-4776-8ee0-4653ac1a1244,e51c365e-179f-4c2e-92f5-bc4c2fc6282a,2025-08-24,621.76,30,9,14548.63,1616.514444,5,2,0.4000,1.8000,6,3126.87,0.214925,0
2acd09b4-a556-40f3-9d6b-7eec185e9417,41906a86-bd78-43ee-a9ab-5f93230c56a1,2025-08-24,553.48,15,6,11204.13,1867.355000,4,1,0.2500,0.2500,1,5194.09,0.463587,1
508014af-557c-4251-a193-cf08062a8f7c,e05c9e8f-2852-4c9d-9c2a-756d89ba64a0,2025-08-24,3150.16,30,10,29642.93,2964.293000,9,5,0.5556,1.2222,3,3385.12,0.114197,0
57495ba5-a4e5-4591-aea0-ed13df5a18ad,fc90d768-4902-4267-aee4-185b5584cee7,2025-08-24,3485.11,30,9,16927.49,1880.832222,6,3,0.5000,3.0000,15,3249.99,0.191995,0
63df7f15-90b0-4964-a538-7ca9ada1a988,66aa9f2d-de6b-4def-8269-b6d0177dbf9a,2025-08-24,3485.11,30,12,49434.78,4119.565000,7,3,0.4286,1.0000,3,14424.79,0.291794,1
782d7442-d52d-446a-b01c-7164c6fcbfc3,45b35575-e766-4b46-861c-910c86237813,2025-08-24,3532.45,15,9,14089.26,1565.473333,6,3,0.5000,2.6667,10,5469.32,0.388191,1
ab254539-5e41-4ef7-82aa-e99952641834,bc2eaeff-d2cb-413b-8716-a7fa6d9507c2,2025-08-24,4012.22,15,6,10407.51,1734.585000,4,1,0.2500,0.5000,2,3569.07,0.342932,0
ac7e28a4-dedb-401c-a62a-c2620411b2a1,3378475b-b350-4593-9546-01468d85dcd8,2025-08-24,621.76,30,4,5604.18,1401.045000,4,1,0.2500,0.7500,3,0.00,0.000000,0
adef7a02-c30e-426a-a2bc-6ae311b4f195,d3ceae53-5516-4152-a247-d101c45a4912,2025-08-24,4449.73,30,6,13146.31,2191.051667,4,1,0.2500,0.5000,2,3889.88,0.295891,0
5bde83d4-b66b-4948-a0da-0d08e5822976,20791844-68d1-4c47-8940-96e45daf918f,2025-08-25,1573.27,30,6,17198.84,2866.473333,6,1,0.1667,0.5000,3,0.00,0.000000,0
7559c91f-e9d7-4465-9ef1-171927ea2ce1,0c75c934-71c3-45ff-9de2-91babfa75c3f,2025-08-25,2165.56,30,5,19980.50,3996.100000,5,1,0.2000,0.6000,3,0.00,0.000000,0
e5f8fbd4-3175-4af6-b685-2333f08c6821,911f8116-248a-4e3d-afb4-62a632746852,2025-08-25,1019.24,30,15,24425.72,1628.381333,9,3,0.3333,0.8889,3,8982.20,0.367735,0
92a4f618-caf3-49ad-8376-cd2f5a2365b2,41906a86-bd78-43ee-a9ab-5f93230c56a1,2025-08-26,203.77,15,7,11757.61,1679.658571,4,1,0.2500,0.2500,1,5747.57,0.488838,1
2e0c4161-dd40-4512-9ac0-9a0f5a5de4a6,feb9f5f4-bed9-4b39-bb94-062fa9706005,2025-08-27,2006.11,45,5,27386.80,5477.360000,4,2,0.5000,0.7500,2,3702.09,0.135178,0
51d06b9d-c80f-479d-9109-2a687d61caac,c7e971e5-62a6-49c9-a239-e17ea1f253a5,2025-08-27,1041.26,45,4,5675.41,1418.852500,3,3,1.0000,5.3333,10,1977.38,0.348412,1
62382082-44a0-4d48-b68a-2797b8129a4d,ff29a3b3-fb27-44ad-8dcc-9551fb3c7420,2025-08-27,1689.70,45,10,21740.80,2174.080000,9,4,0.4444,4.5556,14,1754.08,0.080681,0
8f04af07-0cf5-48ea-b7cc-93b602390ca2,91f0a872-33ad-4dbe-9801-ac03b375f584,2025-08-27,1133.37,30,3,10316.43,3438.810000,2,2,1.0000,1.5000,2,1977.38,0.191673,1
980f22ea-44ef-418e-94ed-58e85d69b6db,20791844-68d1-4c47-8940-96e45daf918f,2025-08-27,4627.61,30,7,18772.11,2681.730000,6,1,0.1667,0.5000,3,1573.27,0.083809,1
c4488772-2aa9-4a6f-90a9-0c0cd3b31163,6774c3a7-d951-43fa-9c75-eaca2ced5391,2025-08-27,581.96,30,7,20686.15,2955.164286,5,3,0.6000,1.2000,3,7296.87,0.352742,1
055dcca2-c59d-43e4-b934-2e8deeb2536e,f201cdf9-cb7c-4b4b-8da0-68bccc439429,2025-08-28,1420.19,15,4,13199.76,3299.940000,4,1,0.2500,2.7500,11,0.00,0.000000,1
520dae0c-a05e-44ae-a718-d40a542626b5,8b278dae-e043-44f3-a5f0-8466df24d3a2,2025-08-28,754.40,30,8,9021.88,1127.735000,8,3,0.3750,1.3750,6,0.00,0.000000,1
a5f61226-ed1f-4d9c-9554-e086765da858,3b80de3a-118c-4393-9d4e-1994031e22b9,2025-08-28,1523.88,15,3,4330.73,1443.576667,3,1,0.3333,0.6667,2,0.00,0.000000,1
ff8905ea-b7ec-403c-b80d-c3fb337920a9,31e4bcb5-1a69-45eb-a2c7-5bfa73cdfca1,2025-08-29,2266.74,15,11,24199.27,2199.933636,9,6,0.6667,1.2222,3,5566.35,0.230021,0
03d4654f-5155-4e87-9fc3-25a76292624c,db49dbe2-b046-4b0c-8d11-6e496b852270,2025-08-30,2073.04,30,11,31852.24,2895.658182,10,5,0.5000,1.6000,9,1019.24,0.031999,0
04e46a8d-1eca-457d-8054-5a131171057d,44e18ff7-c6c4-4f05-810a-10acda026843,2025-08-30,4076.94,30,8,27508.79,3438.598750,7,2,0.2857,2.7143,10,4656.46,0.169272,0
1cb10496-1f27-472c-9552-0ad3a2e14187,e223a14f-9752-4dfc-b998-04cfae44ca10,2025-08-30,507.96,30,7,11672.59,1667.512857,6,4,0.6667,1.1667,2,2266.40,0.194164,0
358ac414-2148-413b-9271-30e5a2179bf8,54739a70-fe3b-45f0-b6da-5eb96fddebc6,2025-08-30,6231.75,30,8,24394.02,3049.252500,7,4,0.5714,1.0000,3,3495.95,0.143312,0
93255bfe-be00-40f8-b18e-c1d4ae72bca2,debb1669-0087-4b21-a027-8766438b09f1,2025-08-30,4121.63,30,4,13907.86,3476.965000,2,2,1.0000,6.0000,10,2545.78,0.183046,1
a3e913a5-e18a-44ae-81c2-0565ddf51abb,c07f630a-a6d1-41a2-9f27-8f85f52260c4,2025-08-30,988.69,30,6,21930.49,3655.081667,5,2,0.4000,1.2000,3,4551.40,0.207538,0
47c4a201-aa30-430c-ab10-2594761d2972,b4a140af-8af0-4074-8c4e-f1e587fff314,2025-08-31,1905.20,45,9,30812.60,3423.622222,5,2,0.4000,0.8000,2,8734.87,0.283484,1
568143c7-44a6-4f8b-848c-619fbe9a4696,5a2542d2-8392-4c53-bbf2-259d1b7de2ba,2025-08-31,2160.38,30,4,15285.53,3821.382500,4,4,1.0000,16.2500,20,0.00,0.000000,1
7742301d-2284-4041-a2ea-98ff3943a040,3de6f533-5503-4109-875b-33f40109353f,2025-08-31,4000.61,30,4,5171.87,1292.967500,3,3,1.0000,9.6667,13,147.69,0.028556,1
15bd4ce0-c101-41f7-a0a7-6837d6ecbca6,911f8116-248a-4e3d-afb4-62a632746852,2025-09-01,830.45,30,16,25444.96,1590.310000,10,4,0.4000,1.8000,10,8524.72,0.335026,1
782765ef-e1c7-4211-b2b8-30e0c9a9a971,31e4bcb5-1a69-45eb-a2c7-5bfa73cdfca1,2025-09-01,2649.34,15,12,26466.01,2205.500833,10,7,0.7000,1.2000,3,5589.45,0.211194,0
85dd80fe-3c41-4029-b57c-031c29713253,549276f5-7982-4ddd-9090-30fd37f31bf6,2025-09-01,2158.66,15,5,14929.91,2985.982000,5,4,0.8000,9.2000,16,0.00,0.000000,1
94596011-00ea-425a-a959-ce59c3df4013,5772f550-5886-44ab-b618-cc525d22c053,2025-09-01,1657.59,30,10,30954.23,3095.423000,8,5,0.6250,2.6250,8,9400.91,0.303704,0
d414c458-b472-4e93-a6d2-d29140396898,32ab5f7d-2c86-49a3-b8c6-009538e6624d,2025-09-01,1591.91,30,4,12736.39,3184.097500,3,3,1.0000,6.6667,16,1737.12,0.136390,1
5b1019bf-f9b8-4af6-acb4-c14267e7be90,b247c235-943b-4c46-91c2-168e86d26161,2025-09-02,1167.04,45,6,3268.12,544.686667,5,2,0.4000,0.4000,1,701.63,0.214689,1
83828f10-bc59-4ad0-a635-0f476e7983f4,456196a3-f5fd-4769-85c9-fe12f73de5b9,2025-09-02,817.12,15,4,6199.46,1549.865000,3,1,0.3333,0.3333,1,1285.89,0.207420,0
9365379b-7d57-487d-af43-bfa179dfe96e,e74c4bf9-90b2-4723-8b21-9af623c5b124,2025-09-02,497.92,45,5,13498.07,2699.614000,5,1,0.2000,1.6000,8,0.00,0.000000,0
1c8087bd-0c25-43db-913c-d924883aab29,90ef6a35-c0dc-4b20-aede-0d1b3e525838,2025-09-03,1716.12,30,3,14819.65,4939.883333,3,2,0.6667,7.3333,17,0.00,0.000000,1
3efc30c8-b4bf-49c6-9957-e63ef314abce,2576b737-f022-4e9c-8640-a88226cea0ff,2025-09-03,4012.22,30,6,18025.04,3004.173333,4,1,0.2500,0.7500,3,4005.04,0.222193,1
cc4b3500-4595-4e21-b1d5-10818f05587b,28e3eb2f-4e60-491c-8ecf-9260a4a4ced4,2025-09-03,4449.73,45,12,49032.56,4086.046667,9,5,0.5556,1.5556,6,10681.37,0.217842,0
02345da8-5157-48a1-b35a-957bc26c2d5a,e223a14f-9752-4dfc-b998-04cfae44ca10,2025-09-04,3455.24,30,8,12180.55,1522.568750,6,4,0.6667,1.1667,2,2774.36,0.227770,0
037207d5-cbd0-426c-9823-c9e6efa7f3d8,e05c9e8f-2852-4c9d-9c2a-756d89ba64a0,2025-09-04,646.28,30,11,32793.09,2981.190000,9,5,0.5556,1.2222,3,6535.28,0.199288,0
84e6a85c-f80b-4ee0-abd3-2551214e7fd9,9cbf413a-a00b-482b-9441-e8fce7668a2e,2025-09-04,1050.05,45,6,16633.14,2772.190000,5,1,0.2000,0.6000,3,394.34,0.023708,0
4024c77d-aae4-43bb-bde4-83085281dc60,5d5fa6d8-0ad7-4ade-be35-1c481b16b275,2025-09-05,539.95,45,7,25205.90,3600.842857,6,5,0.8333,10.5000,16,7865.82,0.312063,1
94296be4-4680-4771-9deb-a483f2a5ae30,1762b46f-b7ef-481c-9e0b-7e6d2033bcf4,2025-09-05,1494.78,15,10,26661.90,2666.190000,7,1,0.1429,0.2857,2,10214.56,0.383114,0
cdc12397-43bd-4f58-88d9-606ce7f83d50,41906a86-bd78-43ee-a9ab-5f93230c56a1,2025-09-05,1164.11,15,8,11961.38,1495.172500,5,2,0.4000,0.4000,1,2349.16,0.196395,0
0b7e679f-0fc7-4185-ab1e-04f48586122c,091ba1e5-58cf-4e6c-badc-17dbe89dea69,2025-09-06,209.98,45,8,34462.33,4307.791250,6,3,0.5000,1.6667,6,11514.52,0.334119,0
4c9009d2-4c77-435c-8db2-0d8d111072ce,091ba1e5-58cf-4e6c-badc-17dbe89dea69,2025-09-06,2038.47,45,8,34462.33,4307.791250,6,3,0.5000,1.6667,6,11514.52,0.334119,1
545c5abd-2163-48d6-bce1-2828e40159f5,9cbf413a-a00b-482b-9441-e8fce7668a2e,2025-09-06,2649.34,45,7,17683.19,2526.170000,5,1,0.2000,0.6000,3,1444.39,0.081682,0
9eaad8a3-6c0e-4423-8f31-8d31b2e6e33c,91f0a872-33ad-4dbe-9801-ac03b375f584,2025-09-06,4231.25,30,4,11449.80,2862.450000,2,2,1.0000,1.5000,2,3110.75,0.271686,1
1e0619fd-1e7e-4c82-83b3-54c29a2e18f0,9013910b-257e-462f-8142-555578e385a5,2025-09-07,3281.59,45,6,23523.06,3920.510000,5,5,1.0000,5.4000,9,2943.45,0.125130,1
6f5cda52-ed45-49d6-9a7e-8fccbe48adee,a69011f4-c3f9-4f91-92f2-3df9072b53e7,2025-09-07,2649.34,15,7,7821.57,1117.367143,7,1,0.1429,0.1429,1,0.00,0.000000,0
b91009c3-5635-4fe1-9964-277cb3970839,c3bc5bb3-aee9-4150-b36a-c89a22162e7d,2025-09-07,1439.11,45,7,20117.03,2873.861429,4,3,0.7500,1.2500,2,7195.39,0.357677,1
064e7d92-e253-44c2-9e98-54e781695aac,d5bde5d5-ffb3-40af-bfb0-e1fbc0fc8ac6,2025-09-08,5268.74,30,4,16984.71,4246.177500,4,4,1.0000,8.5000,17,0.00,0.000000,1
22396d0b-e9e4-4e3f-8d50-f7d9661b55ce,b7d62bbb-f2b2-4bee-ac69-0e320b4b310f,2025-09-08,401.92,45,11,38021.15,3456.468182,6,2,0.3333,1.8333,8,14036.72,0.369182,1
35a47e5d-c124-41f2-b28f-23b177a111ea,2c3ca1b8-7c76-4a4c-80bf-5314fb7f22ae,2025-09-08,1136.77,30,4,11270.41,2817.602500,3,1,0.3333,1.0000,3,1140.55,0.101199,1
3838807c-29dd-492a-9ea7-4d103962b340,0915900f-d22e-42b0-8e9e-810e55498a13,2025-09-08,1817.93,15,13,42279.89,3252.299231,13,4,0.3077,1.1538,11,0.00,0.000000,1
756aee73-3b12-4f79-9f87-c95722e20280,31e4bcb5-1a69-45eb-a2c7-5bfa73cdfca1,2025-09-08,350.82,15,13,29115.35,2239.642308,10,7,0.7000,1.2000,3,8238.79,0.282971,0
7950f0d9-3f59-47dd-b226-5226a47f5a2d,c07f630a-a6d1-41a2-9f27-8f85f52260c4,2025-09-08,197.17,30,7,22919.18,3274.168571,5,2,0.4000,1.2000,3,5540.09,0.241723,1
8a541424-e869-4cc9-a46f-fd4c751313f8,e05c9e8f-2852-4c9d-9c2a-756d89ba64a0,2025-09-08,295.39,30,12,33439.37,2786.614167,9,5,0.5556,1.2222,3,7181.56,0.214764,0
b8bd7f62-45d1-48ff-bfbc-04147cefe931,5d5fa6d8-0ad7-4ade-be35-1c481b16b275,2025-09-08,5268.74,45,8,25745.85,3218.231250,6,5,0.8333,10.5000,16,8405.77,0.326490,0
2b20f028-f148-400b-acba-9313e24e5f2d,79ce75bd-e156-4762-a109-91880fa27abc,2025-09-09,2461.19,45,6,13572.64,2262.106667,5,1,0.2000,1.2000,6,800.12,0.058951,0
3371d3cf-ca34-4aa9-ba4b-77f580d62ead,c07f630a-a6d1-41a2-9f27-8f85f52260c4,2025-09-09,248.70,30,8,23116.35,2889.543750,5,2,0.4000,1.2000,3,5737.26,0.248191,1
3c3fa55d-4c7b-49c6-aa11-b03cd93fdf68,ce1c7e34-50d9-4f3b-ab54-cbb7cab9fa18,2025-09-09,1050.05,30,4,7853.56,1963.390000,3,1,0.3333,4.0000,12,1144.04,0.145672,1
4f94cf89-785a-41ac-b1dc-d1e668e88e70,7b3011de-1fd5-49d7-8cd0-565a3af5b5da,2025-09-09,2123.63,30,7,10636.95,1519.564286,6,4,0.6667,2.5000,9,276.74,0.026017,1
a8ca30bd-4008-4548-8cd9-d614d3ca74e4,614d73fd-8846-4895-a773-7898e1678216,2025-09-09,279.97,30,3,5947.45,1982.483333,3,1,0.3333,5.0000,15,0.00,0.000000,0
bd9b1aac-a892-456d-9fc2-ffe46b7c9635,744605d3-9330-457d-9c53-8b4b59950976,2025-09-09,615.39,30,3,11518.69,3839.563333,2,0,0.0000,0.0000,0,1735.44,0.150663,1
be7caed5-d58b-43f6-a5cd-509abe27d954,091ba1e5-58cf-4e6c-badc-17dbe89dea69,2025-09-09,1684.58,45,10,36710.78,3671.078000,7,3,0.4286,1.4286,6,11591.57,0.315754,1
c58eb3d9-5b7a-4f29-bac4-d827f543e46a,744605d3-9330-457d-9c53-8b4b59950976,2025-09-09,1573.27,30,3,11518.69,3839.563333,2,0,0.0000,0.0000,0,1735.44,0.150663,1
cd6d5243-95f4-4042-9f12-f8ea3b793992,5a2542d2-8392-4c53-bbf2-259d1b7de2ba,2025-09-09,1150.80,30,5,17445.91,3489.182000,4,4,1.0000,16.2500,20,2160.38,0.123833,1
f80aaf16-394d-4bf1-8833-cd0f9dc1dac6,6fb7d847-f44b-41dc-a325-7b26c61cbc96,2025-09-09,271.70,45,6,21328.77,3554.795000,4,1,0.2500,2.5000,10,7088.88,0.332362,1
fc06194d-f781-4818-a311-0028a226c80f,4f4f2ef2-6350-45b8-af19-6bd90adfc454,2025-09-09,279.97,15,7,15048.64,2149.805714,6,2,0.3333,2.0000,10,152.09,0.010107,1
fcc5ee97-9673-4f46-8953-2032e1279fd5,31e4bcb5-1a69-45eb-a2c7-5bfa73cdfca1,2025-09-09,4985.40,15,14,29466.17,2104.726429,11,7,0.6364,1.0909,3,6322.87,0.214581,1
24c64992-6d6f-418f-bc65-e20d74e38e98,31e4bcb5-1a69-45eb-a2c7-5bfa73cdfca1,2025-09-10,2115.62,15,15,34451.57,2296.771333,11,7,0.6364,1.0909,3,11308.27,0.328237,0
de5b6428-6e37-4802-a347-3e6d4ed6e75d,027e2c71-76f6-44d8-b214-51097fc3e605,2025-09-10,323.14,15,6,14685.91,2447.651667,6,2,0.3333,1.6667,8,0.00,0.000000,0
053e8ae6-9191-4cf3-95bf-78af655c688a,f819f234-f7a8-41f3-8b26-732ac35c4d0b,2025-09-11,827.97,30,3,5092.82,1697.606667,2,2,1.0000,1.5000,2,1817.93,0.356959,1
05c1feb2-2277-4c98-99e2-2f93f1cc3e18,d1907207-2f2d-4486-87e7-7b004fd2fab1,2025-09-11,1849.43,30,5,11728.34,2345.668000,4,3,0.7500,1.2500,3,2215.14,0.188871,1
12616bfa-69eb-40f5-9e56-bf87a3577eb3,dbc5aa6b-529c-4c91-8331-7ec33c8503bb,2025-09-11,1048.85,30,10,22723.35,2272.335000,6,4,0.6667,1.3333,3,10785.65,0.474651,0
33c3089e-6706-44b2-9b17-bda133a9758d,6d07afb5-e45f-49c8-8fe6-ab313f89ab9c,2025-09-11,3057.71,30,10,36306.43,3630.643000,7,4,0.5714,1.4286,3,14193.77,0.390944,1
56d0b911-b66b-4087-9d36-73e7eed24f46,911f8116-248a-4e3d-afb4-62a632746852,2025-09-11,3150.16,30,17,26275.41,1545.612353,11,4,0.3636,1.6364,10,5757.40,0.219117,1
b76c7dfc-b60f-4cd5-81c0-f74cee626c53,51833259-a233-414c-85fb-6ed59e50dfed,2025-09-11,2538.84,30,8,20772.82,2596.602500,7,4,0.5714,1.4286,6,4947.18,0.238156,1
ea7b5fc9-e0c7-40b1-9093-a3e1190e0ee9,82d60e37-f049-4852-9464-c94b4e5c3244,2025-09-11,1728.30,30,5,8477.50,1695.500000,4,1,0.2500,2.2500,9,482.95,0.056968,1
004a6364-8b1b-4028-acda-6b4519d194c2,a69011f4-c3f9-4f91-92f2-3df9072b53e7,2025-09-12,3290.95,15,8,10470.91,1308.863750,7,1,0.1429,0.1429,1,2649.34,0.253019,1
17a6f2f0-121c-4343-a920-5634c2d50e17,1762b46f-b7ef-481c-9e0b-7e6d2033bcf4,2025-09-12,2968.31,15,11,28156.68,2559.698182,7,1,0.1429,0.2857,2,11709.34,0.415864,1
82fda17f-cfcb-4eaf-87c8-a3f0714ff456,e400fe49-64f8-4e45-8877-6c5fd0a7747d,2025-09-12,1424.51,15,4,12036.18,3009.045000,3,2,0.6667,1.0000,2,2619.94,0.217672,0
4fb3769b-178e-48c3-9444-0c789886595e,ff29a3b3-fb27-44ad-8dcc-9551fb3c7420,2025-09-13,2325.92,45,11,23430.50,2130.045455,10,5,0.5000,4.5000,14,1689.70,0.072115,1
79a9df05-3af7-4fca-8832-b17fa4b35add,79ce75bd-e156-4762-a109-91880fa27abc,2025-09-13,2877.16,45,7,16033.83,2290.547143,5,1,0.2000,1.2000,6,3261.31,0.203402,0
a53e45f7-7153-4f36-8472-ae470221a051,66aa9f2d-de6b-4def-8269-b6d0177dbf9a,2025-09-13,988.69,30,13,52919.89,4070.760769,10,4,0.4000,1.0000,3,10789.36,0.203881,1
fe286399-e29e-4dfb-b439-053a28975c2c,e630e7cb-c24b-49e2-af83-702facb0c4b9,2025-09-13,1573.27,15,3,11324.62,3774.873333,3,0,0.0000,0.0000,0,0.00,0.000000,1
d7c1931d-14ec-479d-88ff-786f02a72607,bc2eaeff-d2cb-413b-8716-a7fa6d9507c2,2025-09-14,1692.56,15,7,14419.73,2059.961429,6,1,0.1667,0.3333,2,1879.37,0.130333,0
fe5e471f-64d9-413a-b972-23a6c1ac0620,0915900f-d22e-42b0-8e9e-810e55498a13,2025-09-14,571.37,15,14,44097.82,3149.844286,13,4,0.3077,1.1538,11,1817.93,0.041225,0
ff7e9797-e7bb-4738-bced-94bf7dc45d8d,5d5fa6d8-0ad7-4ade-be35-1c481b16b275,2025-09-14,524.42,45,9,31014.59,3446.065556,6,5,0.8333,10.5000,16,13674.51,0.440906,1
07ba11a3-9cb3-4927-823b-b2bf9eb2bc24,eb632b3d-7715-4810-ac99-01c19831c220,2025-09-15,2047.71,30,3,7559.27,2519.756667,2,0,0.0000,0.0000,0,501.98,0.066406,0
214a027c-ba39-4fdd-9402-56f6523a016b,8aa74529-c59e-4daf-9b98-321ebfce7306,2025-09-15,2477.75,30,7,8452.53,1207.504286,6,4,0.6667,1.5000,3,817.18,0.096679,1
5f3babfd-0aaf-4e6f-8c4f-9ff869c61b39,1a467aee-8d4c-4127-8afb-fde18c339771,2025-09-15,295.75,30,3,5187.75,1729.250000,3,1,0.3333,0.6667,2,0.00,0.000000,0
a7d669a4-bcc2-4786-9114-05de4ec1f7a0,3cc7350b-72e0-4990-a2f4-79f0e19bfe72,2025-09-15,1940.69,15,10,24533.08,2453.308000,8,4,0.5000,1.1250,3,1456.45,0.059367,0
ce7e7bca-fd21-4b3a-abe8-28f4aae77494,20862386-94e2-45f7-815a-43c7bc2f2b60,2025-09-15,1962.30,30,3,11943.23,3981.076667,3,2,0.6667,3.6667,10,0.00,0.000000,1
f6ba3b49-69a1-47d0-b248-9933a5ebce49,e9152f33-f58e-4690-a02f-18066572acda,2025-09-15,4430.29,15,3,6464.04,2154.680000,2,0,0.0000,0.0000,0,1586.28,0.245401,1
4d51768d-cb39-4aa2-8e78-64ea33692d3d,34a16a66-821a-489f-8fc2-67d38c8256d4,2025-09-16,4703.33,15,3,11500.48,3833.493333,3,2,0.6667,1.3333,3,0.00,0.000000,1
96d16a5d-8aff-462e-b699-c99e122e1cf3,b7d62bbb-f2b2-4bee-ac69-0e320b4b310f,2025-09-16,476.30,45,12,38423.07,3201.922500,6,2,0.3333,1.8333,8,14438.64,0.375780,1
b10cb233-e075-4b72-9e0e-9b80627a6ba0,420464c7-e05c-4002-9ab4-902acb471c60,2025-09-16,932.43,45,3,2405.16,801.720000,2,0,0.0000,0.0000,0,797.69,0.331658,0
c83b8057-5c0e-4f73-80ae-7805ccdcb738,b8bfbbb5-a5a0-4d3d-905f-57ced220ffd3,2025-09-16,1006.56,30,3,2905.71,968.570000,3,2,0.6667,1.0000,2,0.00,0.000000,0
da31ede1-6f42-4bcc-8422-a31ee7061378,1c22a6c4-3de0-4f96-b62a-3a6edbbaf732,2025-09-16,1902.05,30,8,10428.41,1303.551250,7,4,0.5714,1.4286,3,226.75,0.021743,1
5665d70a-8935-4a71-876d-2336b53b0b7e,a8a318fe-4ac5-43e5-819c-0493f94dfd8e,2025-09-17,1079.90,15,3,1533.99,511.330000,2,0,0.0000,0.0000,0,794.05,0.517637,0
6824a692-84eb-4847-a2d4-b707b2f2d086,80425ba2-13bc-407f-9a1c-ff4f30480010,2025-09-17,924.71,30,5,6182.70,1236.540000,3,0,0.0000,0.0000,0,2321.68,0.375512,0
47a5cb16-1841-46d9-b8b6-5956d2dede54,4ed5562c-399a-4f63-8123-7496d2617ad8,2025-09-18,3290.95,15,3,7614.70,2538.233333,2,1,0.5000,2.0000,4,552.53,0.072561,1
a6b40b23-1315-45d7-8525-d13a282e7356,7bb9c97f-e27e-426f-b400-1ecf5e49b6f2,2025-09-18,3173.44,30,3,8787.10,2929.033333,2,2,1.0000,7.5000,9,827.97,0.094226,0
fd99d3ff-9c55-4d52-a259-53dd46e47a96,1c22a6c4-3de0-4f96-b62a-3a6edbbaf732,2025-09-18,1023.86,30,9,12330.46,1370.051111,7,4,0.5714,1.4286,3,2128.80,0.172646,0
437c28d7-68fa-49f5-9a17-3e3522a1ad16,18f1b310-96f4-4c2e-b99b-5b091b3e0999,2025-09-19,4012.22,45,3,14699.64,4899.880000,2,0,0.0000,0.0000,0,4085.92,0.277961,1
9e08471c-3f40-49fa-9854-9d789c2af39e,28e3eb2f-4e60-491c-8ecf-9260a4a4ced4,2025-09-19,1846.18,45,13,53482.29,4114.022308,11,6,0.5455,1.5455,6,6097.68,0.114013,1
bd45c2dc-e930-4307-a8f1-eb58cca27d1a,0915900f-d22e-42b0-8e9e-810e55498a13,2025-09-19,952.08,15,15,44669.19,2977.946000,13,4,0.3077,1.1538,11,2389.30,0.053489,0
d1578f08-f0ad-414f-8658-eb4e0bdd6c2a,41cc51fc-74f3-43aa-b9e8-c4269becb375,2025-09-19,1978.87,45,4,19025.16,4756.290000,3,2,0.6667,5.3333,15,5537.68,0.291071,0
05032259-a837-4330-8f67-d8384b901426,82d60e37-f049-4852-9464-c94b4e5c3244,2025-09-20,1940.69,30,6,10205.80,1700.966667,4,1,0.2500,2.2500,9,2211.25,0.216666,1
26a6bd8a-1726-4118-ae30-f55c34dac3b0,13995ae9-c50f-4813-b0ba-6e044fe0b9ef,2025-09-20,4487.28,30,3,6688.34,2229.446667,3,3,1.0000,4.6667,12,0.00,0.000000,1
6e96630f-b032-4d92-a5f5-55fb2d5e838b,f201cdf9-cb7c-4b4b-8da0-68bccc439429,2025-09-20,2038.47,15,5,14619.95,2923.990000,4,1,0.2500,2.7500,11,639.09,0.043714,1
ac437296-09ff-407e-b82a-ff470fd7a194,d768ded2-0e1f-4338-a373-8cb12093b6b9,2025-09-20,2091.06,30,5,6571.90,1314.380000,2,1,0.5000,0.5000,1,1677.55,0.255261,1
ca0d6376-0478-48ab-949c-23bbbf15cfe5,40abd3f4-34c6-407b-8dfe-8ff445cce235,2025-09-20,5289.06,15,3,5036.96,1678.986667,3,2,0.6667,0.6667,1,0.00,0.000000,0
dce070c7-e1d9-450d-9bae-96a61329ddfe,20791844-68d1-4c47-8940-96e45daf918f,2025-09-20,849.45,30,8,23399.72,2924.965000,6,1,0.1667,0.5000,3,6200.88,0.264998,0
1c51efbb-b5d5-4d69-a6c5-996b5555ac14,28e3eb2f-4e60-491c-8ecf-9260a4a4ced4,2025-09-21,2100.11,45,14,55328.47,3952.033571,11,6,0.5455,1.5455,6,7943.86,0.143576,1
7e98792f-a444-4369-ab6c-51ec21758199,5a2542d2-8392-4c53-bbf2-259d1b7de2ba,2025-09-21,2853.08,30,6,18596.71,3099.451667,4,4,1.0000,16.2500,20,3311.18,0.178052,1
816ebb85-7ae1-48fc-82c1-7b2bf96d64b0,05f197bf-0bdd-44a5-84bb-1878a08666b6,2025-09-21,1015.92,15,6,19462.11,3243.685000,5,2,0.4000,0.8000,2,2878.22,0.147888,0
a126e154-ab41-423e-a751-dbca1a57070e,b7d62bbb-f2b2-4bee-ac69-0e320b4b310f,2025-09-21,476.30,45,13,38899.37,2992.259231,6,2,0.3333,1.8333,8,14914.94,0.383424,0
a36c595f-490e-4db6-ad1a-575115628ab9,20791844-68d1-4c47-8940-96e45daf918f,2025-09-21,2100.11,30,9,24249.17,2694.352222,6,1,0.1667,0.5000,3,7050.33,0.290745,1
eac4bc54-e928-4341-9c24-26b708cea7da,f6176f19-c718-4746-9808-d110ecf53a50,2025-09-21,1388.35,45,5,7796.46,1559.292000,5,3,0.6000,1.6000,3,0.00,0.000000,1
4a182ff5-6f1d-41c5-ab1d-9f659944e723,fec6b81b-c723-45e8-a11f-75a4cb6a1381,2025-09-22,2073.04,30,9,20726.14,2302.904444,8,6,0.7500,6.8750,17,1754.08,0.084631,0
61dcb56b-ce98-46bc-b6e2-9c356717fbe3,6853ff18-9673-4369-b96a-eb7e1eb71169,2025-09-22,2966.07,30,4,14604.67,3651.167500,2,1,0.5000,1.0000,2,6081.87,0.416433,0
9e5472b8-7f25-458f-a343-44811e8ea1c9,fec6b81b-c723-45e8-a11f-75a4cb6a1381,2025-09-22,1150.86,30,9,20726.14,2302.904444,8,6,0.7500,6.8750,17,1754.08,0.084631,1
bb18fe06-f743-4a4d-bb9c-bfa4e18935d6,911f8116-248a-4e3d-afb4-62a632746852,2025-09-22,507.96,30,18,29425.57,1634.753889,12,4,0.3333,1.5000,10,7061.38,0.239974,0
bf865dbb-38ac-4153-8c01-1e4b3f20a6f7,82d60e37-f049-4852-9464-c94b4e5c3244,2025-09-22,663.89,30,7,12146.49,1735.212857,4,1,0.2500,2.2500,9,4151.94,0.341822,1
daba6e09-936c-45ad-a8ea-af5bd0fbc5d6,c7af740f-1d7a-4321-9d3e-ec9107c05254,2025-09-22,749.39,15,5,6410.10,1282.020000,4,2,0.5000,1.0000,3,232.79,0.036316,1
db023b57-64e7-471a-891e-d715b2d97e62,20791844-68d1-4c47-8940-96e45daf918f,2025-09-22,4085.60,30,10,26349.28,2634.928000,6,1,0.1667,0.5000,3,9150.44,0.347275,1
e4c36099-1f48-4366-bb2f-3cdf5e6937cc,027e2c71-76f6-44d8-b214-51097fc3e605,2025-09-22,1940.24,15,7,15009.05,2144.150000,6,2,0.3333,1.6667,8,323.14,0.021530,1
450b0cee-bd4e-4207-b213-086aa9712242,e223a14f-9752-4dfc-b998-04cfae44ca10,2025-09-23,3804.11,30,9,15635.79,1737.310000,7,5,0.7143,1.1429,2,3963.20,0.253470,1
4a5d0f32-b55b-4d01-a800-2a4d31027227,1762b46f-b7ef-481c-9e0b-7e6d2033bcf4,2025-09-23,1977.38,15,12,31124.99,2593.749167,8,1,0.1250,0.2500,2,13182.87,0.423546,0
d4b15303-572b-48f7-ac4f-a5eb5823c137,0915900f-d22e-42b0-8e9e-810e55498a13,2025-09-23,1586.28,15,16,45621.27,2851.329375,13,4,0.3077,1.1538,11,3341.38,0.073242,1
e08dbdf9-efaa-4178-a38a-0050d7266ac1,1c22a6c4-3de0-4f96-b62a-3a6edbbaf732,2025-09-23,1952.69,30,10,13354.32,1335.432000,7,4,0.5714,1.4286,3,3152.66,0.236078,0
4121dba7-6ea5-4726-913a-8ddf13ad5025,18f1b310-96f4-4c2e-b99b-5b091b3e0999,2025-09-24,548.18,45,4,18711.86,4677.965000,2,0,0.0000,0.0000,0,8098.14,0.432781,1
6e502cb4-a172-4e85-aa88-e92eea183a48,dbc5aa6b-529c-4c91-8331-7ec33c8503bb,2025-09-24,2171.40,30,11,23772.20,2161.109091,7,5,0.7143,3.4286,16,9732.18,0.409393,1
757dbd4d-3280-4143-a136-53eb862f88f1,9cbf413a-a00b-482b-9441-e8fce7668a2e,2025-09-24,3019.68,45,8,20332.53,2541.566250,6,1,0.1667,0.5000,3,3699.39,0.181944,0
8eeb4092-0161-4faf-ab97-e174b4585643,6bb31b8a-5c85-4549-9106-7183256248ff,2025-09-24,3527.50,45,3,4842.10,1614.033333,3,1,0.3333,2.3333,7,0.00,0.000000,0
9f8bf067-e914-4be7-b829-681a1fec47a4,bc2eaeff-d2cb-413b-8716-a7fa6d9507c2,2025-09-24,613.35,15,8,16112.29,2014.036250,6,1,0.1667,0.3333,2,3571.93,0.221690,1
b2376558-1512-441e-9727-0d6764513bf8,27121f78-6ac9-48b9-bd1d-14e1b17b0217,2025-09-24,1952.69,45,3,4871.82,1623.940000,3,3,1.0000,2.3333,4,0.00,0.000000,0
071a44f8-092d-453e-ba21-9cdcc7e33559,e223a14f-9752-4dfc-b998-04cfae44ca10,2025-09-25,2538.84,30,10,19439.90,1943.990000,7,5,0.7143,1.1429,2,7767.31,0.399555,0
21ac2f9e-2aeb-4e93-a636-e18662800fd2,8aa74529-c59e-4daf-9b98-321ebfce7306,2025-09-25,883.11,30,8,10930.28,1366.285000,6,4,0.6667,1.5000,3,3294.93,0.301450,1
467dec36-eb1c-459d-8bb6-3648fa631ec0,6fb7d847-f44b-41dc-a325-7b26c61cbc96,2025-09-25,2943.45,45,7,21600.47,3085.781429,4,1,0.2500,2.5000,10,7360.58,0.340760,1
5b888bae-d23d-4837-a5bf-52c76bf7993a,5d5fa6d8-0ad7-4ade-be35-1c481b16b275,2025-09-25,1775.24,45,10,31539.01,3153.901000,6,5,0.8333,10.5000,16,14198.93,0.450202,1
7163eea8-ab86-4610-b507-8ddf36b2d4ca,ec0b1685-64bd-41e0-8aa1-e25e3abe480b,2025-09-25,4085.92,45,3,11455.07,3818.356667,2,1,0.5000,8.0000,16,5152.04,0.449761,0
85c635bc-38a6-404d-bb6b-1a0bf496d24b,6774c3a7-d951-43fa-9c75-eaca2ced5391,2025-09-25,250.99,30,8,21268.11,2658.513750,5,3,0.6000,1.2000,3,7878.83,0.370453,1
a986c3da-44f9-47fd-9b31-8abc2f687df0,8aa74529-c59e-4daf-9b98-321ebfce7306,2025-09-25,2492.70,30,8,10930.28,1366.285000,6,4,0.6667,1.5000,3,3294.93,0.301450,0
cc56556f-1bf0-42bf-b40d-acc040d20ca4,32ab5f7d-2c86-49a3-b8c6-009538e6624d,2025-09-25,581.96,30,5,14328.30,2865.660000,3,3,1.0000,6.6667,16,3329.03,0.232339,1
166eec5a-e3de-4f02-9c29-6feb09a9c023,97c341f3-26c0-47ee-949b-ec2349709b82,2025-09-26,1053.75,30,6,21167.37,3527.895000,6,3,0.5000,2.0000,9,0.00,0.000000,1
2f8589cd-6518-4139-ae2b-50799de4db0c,b88bef53-7397-4409-b454-f68fa7827873,2025-09-26,3290.95,15,3,5168.76,1722.920000,2,2,1.0000,5.0000,7,738.47,0.142872,0
415c610f-cc79-47fc-96b0-caeed616d052,86ab916f-9734-41f0-b5c0-9bbc082b3251,2025-09-26,2165.56,30,10,23366.94,2336.694000,10,5,0.5000,1.7000,10,0.00,0.000000,0
c56164a5-3fd6-40e6-84cf-6a154a54e4cd,1c22a6c4-3de0-4f96-b62a-3a6edbbaf732,2025-09-26,1015.92,30,11,15307.01,1391.546364,7,4,0.5714,1.4286,3,5105.35,0.333530,1
c6ece67a-301c-4bc1-bd20-949adbb52c1f,54739a70-fe3b-45f0-b6da-5eb96fddebc6,2025-09-26,159.54,30,9,30625.77,3402.863333,8,4,0.5000,0.8750,3,3495.95,0.114151,0
eb05db15-7cec-4baf-9e5c-5c3480bbd01f,6fb7d847-f44b-41dc-a325-7b26c61cbc96,2025-09-26,2202.35,45,8,24543.92,3067.990000,4,1,0.2500,2.5000,10,10304.03,0.419820,0
3bc28cb0-dd7c-4177-afe5-08542afda486,bc2eaeff-d2cb-413b-8716-a7fa6d9507c2,2025-09-27,421.14,15,9,16725.64,1858.404444,7,1,0.1429,0.2857,2,2492.72,0.149036,1
7ea76bcd-f2a6-44a8-81e3-0f4f71cb2b5d,229edd85-4113-4b2a-be5b-1cc986fd5173,2025-09-27,800.12,30,7,15993.29,2284.755714,5,3,0.6000,2.2000,7,8417.04,0.526286,0
9d791ac8-8900-4927-9e75-6a1319af66ea,27415395-c694-42d4-a2b5-04dfddb578f5,2025-09-27,619.44,15,3,3834.15,1278.050000,2,0,0.0000,0.0000,0,925.52,0.241389,0
a20a0e98-addd-4223-96bc-0fd26f035e62,3907704e-d22a-40f9-9591-9c06dfc1b6d2,2025-09-27,3772.02,15,5,12986.82,2597.364000,3,2,0.6667,4.6667,13,4269.39,0.328748,0
aaa5c053-aaab-442b-a25f-5cf2c6d3e636,3cc7350b-72e0-4990-a2f4-79f0e19bfe72,2025-09-27,533.40,15,11,26473.77,2406.706364,9,4,0.4444,1.0000,3,1456.45,0.055015,1
e2198fa8-21fd-4b1b-88a7-9813cf23b341,feb9f5f4-bed9-4b39-bb94-062fa9706005,2025-09-27,2586.99,45,6,29392.91,4898.818333,5,3,0.6000,0.8000,2,2006.11,0.068251,1
151fc19e-0ddf-416b-9d17-ee6c7153dbbd,ed2171b1-c19b-4e0d-8734-299f1f997a16,2025-09-28,1112.43,15,4,5088.18,1272.045000,4,3,0.7500,8.7500,18,0.00,0.000000,1
1f08a6bc-e5dd-4955-bdbd-b2ae03c03a88,3da770f9-a532-48df-a2e4-cf550c263161,2025-09-28,3581.64,30,4,8209.01,2052.252500,4,1,0.2500,3.0000,12,0.00,0.000000,0
24c43050-80a8-42c7-b1e2-6d7b4607b4d8,e74c4bf9-90b2-4723-8b21-9af623c5b124,2025-09-28,1849.43,45,6,13995.99,2332.665000,5,1,0.2000,1.6000,8,497.92,0.035576,0
40258a4a-38c2-4414-af99-1c4b450c464c,8daa11dd-d410-44bf-a0de-622a9ca7c78d,2025-09-28,355.05,15,9,26737.02,2970.780000,8,3,0.3750,1.1250,4,627.48,0.023469,1
5b3003ae-3263-4d60-a0d2-d42bf5927daa,456196a3-f5fd-4769-85c9-fe12f73de5b9,2025-09-28,1864.86,15,5,7016.58,1403.316000,4,1,0.2500,0.2500,1,1285.89,0.183264,0
a2e8dbc1-4296-4f4a-9ac0-677b1ccfbd63,05f197bf-0bdd-44a5-84bb-1878a08666b6,2025-09-28,124.35,15,7,20478.03,2925.432857,5,2,0.4000,0.8000,2,3894.14,0.190162,0
b77f2aae-7307-406e-9a0a-7b4f394298d6,b4ff4a71-e2cb-40a7-afaa-04a5be660e06,2025-09-29,572.04,45,3,1766.08,588.693333,3,1,0.3333,1.0000,3,0.00,0.000000,1
22e1e5a1-ae46-4979-8154-bdd9d558a98b,91f0a872-33ad-4dbe-9801-ac03b375f584,2025-09-30,1363.45,30,5,15681.05,3136.210000,3,3,1.0000,1.3333,2,6208.63,0.395932,1
874a0069-6e30-4823-89a9-a35673c94a92,4f4f2ef2-6350-45b8-af19-6bd90adfc454,2025-09-30,1858.31,15,8,15328.61,1916.076250,7,3,0.4286,1.8571,10,152.09,0.009922,0
3518c0a4-3420-4067-983e-6d67fa57c52e,b7d62bbb-f2b2-4bee-ac69-0e320b4b310f,2025-10-01,10870.86,45,14,39375.67,2812.547857,7,3,0.4286,1.8571,8,11289.26,0.286706,1
495254a1-4477-44f0-9d90-95c52eec2eee,ce1c7e34-50d9-4f3b-ab54-cbb7cab9fa18,2025-10-01,672.19,30,5,8903.61,1780.722000,3,1,0.3333,4.0000,12,2194.09,0.246427,1
5cf98042-fc72-4ae8-b9a0-cd6da4f01add,091ba1e5-58cf-4e6c-badc-17dbe89dea69,2025-10-01,3411.27,45,11,38395.36,3490.487273,7,3,0.4286,1.4286,6,13276.15,0.345775,0
6a274607-6973-4cf8-a347-42947334a01a,744605d3-9330-457d-9c53-8b4b59950976,2025-10-01,3365.15,30,5,13707.35,2741.470000,2,0,0.0000,0.0000,0,3924.10,0.286277,1
be98875e-c5ad-4580-9693-830e66b940fb,3907704e-d22a-40f9-9591-9c06dfc1b6d2,2025-10-01,5760.72,15,6,16758.84,2793.140000,3,2,0.6667,4.6667,13,8041.41,0.479831,1
cc2f587a-c71c-4f4c-a0ff-905bd1a1e85d,b067038f-9577-43c4-a072-0376499a6f51,2025-10-01,4103.95,15,4,12858.97,3214.742500,3,0,0.0000,0.0000,0,5293.97,0.411695,1
0f685742-339d-4c94-a6d5-b129db396dc2,5a2542d2-8392-4c53-bbf2-259d1b7de2ba,2025-10-02,1553.66,30,7,21449.79,3064.255714,4,4,1.0000,16.2500,20,6164.26,0.287381,1
4316609a-9357-4837-90ae-4d568be619bd,113fc32a-23b9-4b41-82f4-df6c2b1ae4ae,2025-10-02,7552.69,30,5,5602.37,1120.474000,5,2,0.4000,1.2000,3,0.00,0.000000,1
e5c28b97-aa4e-4630-8a3d-fceccac019b0,da7dbacc-46a8-44dc-b4c5-5e21bf437da6,2025-10-02,472.46,30,14,35674.28,2548.162857,14,6,0.4286,3.5714,14,0.00,0.000000,0
24b7add6-9bed-4859-aa00-611a4f1b4b68,44e18ff7-c6c4-4f05-810a-10acda026843,2025-10-03,8014.43,30,9,31585.73,3509.525556,9,2,0.2222,2.1111,10,0.00,0.000000,1
2e6b2253-42b0-437c-a018-f90a28223736,6d07afb5-e45f-49c8-8fe6-ab313f89ab9c,2025-10-03,370.02,30,11,39364.14,3578.558182,8,4,0.5000,1.2500,3,15823.36,0.401974,1
2fb785f4-087d-4a6b-ae24-49ceb687179e,e400fe49-64f8-4e45-8877-6c5fd0a7747d,2025-10-03,4690.22,15,5,13460.69,2692.138000,4,2,0.5000,0.7500,2,2619.94,0.194636,0
a03fe465-1eec-43c2-814c-f4d5d007da5b,32ab5f7d-2c86-49a3-b8c6-009538e6624d,2025-10-03,5967.34,30,6,14910.26,2485.043333,3,3,1.0000,6.6667,16,3910.99,0.262302,0
f6206b9f-290a-4f08-b794-a6fabac77eba,32ab5f7d-2c86-49a3-b8c6-009538e6624d,2025-10-03,4004.20,30,6,14910.26,2485.043333,3,3,1.0000,6.6667,16,3910.99,0.262302,0
0edd2caa-75dd-45aa-ba91-bcabeaae6817,403ba4f6-3b05-4fb0-9c95-6068878e01b1,2025-10-04,8880.28,30,8,34196.78,4274.597500,7,3,0.4286,2.7143,14,3973.53,0.116196,0
12ed8d57-29e8-415d-9629-1915764da6bb,05f197bf-0bdd-44a5-84bb-1878a08666b6,2025-10-04,2234.83,15,8,20602.38,2575.297500,5,2,0.4000,0.8000,2,4018.49,0.195050,1
734f5515-3373-4f21-9886-9f709d722672,1c22a6c4-3de0-4f96-b62a-3a6edbbaf732,2025-10-04,5597.19,30,12,16322.93,1360.244167,7,4,0.5714,1.4286,3,6121.27,0.375010,1
967a1bef-c25b-4327-9fc3-932aa6704529,9cbf413a-a00b-482b-9441-e8fce7668a2e,2025-10-04,1110.07,45,9,23352.21,2594.690000,6,1,0.1667,0.5000,3,6719.07,0.287727,1
b2e33c1e-00a7-45d0-a3dc-97d360217739,3cc7350b-72e0-4990-a2f4-79f0e19bfe72,2025-10-04,1140.55,15,12,27007.17,2250.597500,9,4,0.4444,1.0000,3,1989.85,0.073679,1
d8c0bea7-10e6-4c42-ab27-63ac57773785,403ba4f6-3b05-4fb0-9c95-6068878e01b1,2025-10-04,5597.48,30,8,34196.78,4274.597500,7,3,0.4286,2.7143,14,3973.53,0.116196,0
cec9c0d7-8bba-4dd8-b12f-513ad798db9b,00acfd4d-b8a4-441a-b965-3c900cea01a1,2025-10-05,9631.78,30,4,11770.30,2942.575000,3,0,0.0000,0.0000,0,492.92,0.041878,1
fc2c837a-96f7-4f86-8958-a5dbc66d7e66,d768ded2-0e1f-4338-a373-8cb12093b6b9,2025-10-05,7752.75,30,6,8662.96,1443.826667,3,2,0.6667,1.3333,3,3008.15,0.347243,1
fc4fc125-0520-4f3a-b28d-f9c1fca38327,d536df89-ae17-40cc-ae90-1ec234f2db3e,2025-10-05,4616.89,45,5,14987.42,2997.484000,3,1,0.3333,3.0000,9,4770.40,0.318294,1
0ace3958-35f8-42e7-b35d-6b274304582c,6fb7d847-f44b-41dc-a325-7b26c61cbc96,2025-10-06,2330.50,45,9,26746.27,2971.807778,4,1,0.2500,2.5000,10,12506.38,0.467593,0
baaec17e-e9ed-4580-b6dc-f2d19174c9c6,79ce75bd-e156-4762-a109-91880fa27abc,2025-10-06,839.37,45,8,18910.99,2363.873750,5,1,0.2000,1.2000,6,6138.47,0.324598,0
0636e3f3-9fe3-4c9b-8d3e-425b09538613,df5f2a94-fa46-46dc-b4fc-0a08486e8118,2025-10-07,10989.96,30,3,1916.21,638.736667,2,2,1.0000,1.5000,2,1162.96,0.606906,0
0aa5be67-897d-4255-8eef-6eb2689aca3a,bd918df4-d5fc-4b8a-9889-b0f92e0c438b,2025-10-07,505.35,30,3,1795.49,598.496667,2,1,0.5000,0.5000,1,415.11,0.231196,0
55c59f83-cbbd-44cf-9b8d-0a5189dbfbcc,3da770f9-a532-48df-a2e4-cf550c263161,2025-10-07,1257.04,30,5,11790.65,2358.130000,4,1,0.2500,3.0000,12,3581.64,0.303770,1
6f9b8b1a-40de-426b-817b-261e99c7d5fc,3773055e-a1f8-4fba-8846-a4b4eca5c2b7,2025-10-07,9343.12,45,4,6926.40,1731.600000,4,3,0.7500,1.7500,4,0.00,0.000000,0
75fd6f47-1b19-46d7-bd7e-a785fa86eb3c,5a2542d2-8392-4c53-bbf2-259d1b7de2ba,2025-10-07,578.51,30,8,23003.45,2875.431250,4,4,1.0000,16.2500,20,7717.92,0.335511,1
cf480dfc-4b51-44d2-9eff-ed8de6bde2ad,51833259-a233-414c-85fb-6ed59e50dfed,2025-10-07,6646.26,30,9,23311.66,2590.184444,7,4,0.5714,1.4286,6,7486.02,0.321128,1
e7c2bfed-f2cd-4445-b4ea-cae1ce776f04,98c0d934-599f-43f0-b624-02fafa9a625d,2025-10-07,3575.73,30,4,6407.11,1601.777500,4,1,0.2500,0.2500,1,0.00,0.000000,0
f2407420-ce72-4356-9544-9617fe9764b2,44e18ff7-c6c4-4f05-810a-10acda026843,2025-10-07,1103.19,30,10,39600.16,3960.016000,9,2,0.2222,2.1111,10,8014.43,0.202384,0
168a8023-d15d-4203-a8cf-8cb49fb16f7b,fc90d768-4902-4267-aee4-185b5584cee7,2025-10-08,6586.85,30,10,20412.60,2041.260000,9,3,0.3333,2.0000,15,1573.27,0.077073,1
41948c31-eb48-4c6d-9180-3b9ca8d6a837,90ef6a35-c0dc-4b20-aede-0d1b3e525838,2025-10-08,7936.87,30,4,16535.77,4133.942500,4,3,0.7500,6.2500,17,0.00,0.000000,0
7c888bec-3a1e-4a05-a1a8-8137f91c3689,6fb7d847-f44b-41dc-a325-7b26c61cbc96,2025-10-08,1840.65,45,10,29076.77,2907.677000,4,1,0.2500,2.5000,10,14836.88,0.510266,0
9c95a6a5-034a-4353-8720-8d1f90bbf5a3,b7d62bbb-f2b2-4bee-ac69-0e320b4b310f,2025-10-08,3174.75,45,15,50246.53,3349.768667,9,3,0.3333,1.4444,8,15635.43,0.311174,1
9e2b553d-5857-4bd4-8df5-c24f4d5ab2e7,f6176f19-c718-4746-9808-d110ecf53a50,2025-10-08,338.84,45,6,9184.81,1530.801667,5,3,0.6000,1.6000,3,1388.35,0.151157,0
b2a2b452-b283-402e-936a-caa6681306df,1fff1144-0a72-44bd-ae41-900fd84b9dec,2025-10-08,5967.34,30,3,12661.85,4220.616667,3,0,0.0000,0.0000,0,0.00,0.000000,0
b85b65a3-a9e7-482b-91a6-d6b804ea1f3f,b21eb80b-84a0-490b-abcb-151568e54d64,2025-10-08,7476.11,30,3,6300.49,2100.163333,3,0,0.0000,0.0000,0,0.00,0.000000,0
cb44eeb6-5d37-49f6-9696-af0790aad419,6dd97a45-7233-4f75-bf2b-a02f9e2403f5,2025-10-08,9086.74,30,4,9767.96,2441.990000,2,0,0.0000,0.0000,0,6388.70,0.654046,0
04d344cd-b3a9-4f7d-8b69-4ca87929687d,27415395-c694-42d4-a2b5-04dfddb578f5,2025-10-09,5040.63,15,4,4453.59,1113.397500,3,0,0.0000,0.0000,0,925.52,0.207814,0
0701f7de-9bc3-4165-a47b-547b8d48a395,20862386-94e2-45f7-815a-43c7bc2f2b60,2025-10-09,1945.18,30,4,13905.53,3476.382500,3,2,0.6667,3.6667,10,1962.30,0.141117,1
66126ab7-dd80-452d-81da-cbd714ad27b8,3d036612-3ff3-451e-a921-d163e55b4c30,2025-10-09,566.95,30,6,15375.20,2562.533333,4,3,0.7500,4.5000,9,6381.69,0.415064,1
902ea532-fc4e-4f93-8cf9-c73fed6ad3cc,d1907207-2f2d-4486-87e7-7b004fd2fab1,2025-10-09,6305.36,30,6,13577.77,2262.961667,4,3,0.7500,1.2500,3,4064.57,0.299355,0
9960968e-3a70-446a-890d-258a3ac7108a,6b35501e-08f6-41b4-8699-30281befd8ec,2025-10-09,436.23,45,4,16774.23,4193.557500,3,2,0.6667,1.6667,3,2073.14,0.123591,1
a7800a8c-10bf-4275-a197-eeb84cc6470d,36526e5e-f875-4c3e-a8d6-c50ede833ade,2025-10-09,10832.99,15,3,4945.04,1648.346667,2,1,0.5000,1.0000,2,883.03,0.178569,1
c8bbce54-f435-4497-afd7-7054f30f5db0,3da770f9-a532-48df-a2e4-cf550c263161,2025-10-09,11961.77,30,6,13047.69,2174.615000,4,1,0.2500,3.0000,12,4838.68,0.370846,0
cdc297cb-2105-4ff7-b20d-d9efc035e4d0,66aa9f2d-de6b-4def-8269-b6d0177dbf9a,2025-10-09,1416.33,30,14,53908.58,3850.612857,11,5,0.4545,1.0000,3,8292.94,0.153833,1
d8738401-e9f1-4bf5-bd24-a843c6b034b2,c7af740f-1d7a-4321-9d3e-ec9107c05254,2025-10-09,8679.78,15,6,7159.49,1193.248333,4,2,0.5000,1.0000,3,982.18,0.137186,0
e62122c9-f468-4ece-b3f7-9bc75629236f,c7e971e5-62a6-49c9-a239-e17ea1f253a5,2025-10-09,10091.13,45,5,6716.67,1343.334000,4,4,1.0000,8.0000,16,1041.26,0.155026,1
fbcd3cef-4c24-4117-ae2c-1af75fca8634,e223a14f-9752-4dfc-b998-04cfae44ca10,2025-10-09,8738.55,30,11,21978.74,1998.067273,9,5,0.5556,0.8889,2,6342.95,0.288595,0
138fb1d8-9038-4ae6-b2b7-6133d52cb718,8daa11dd-d410-44bf-a0de-622a9ca7c78d,2025-10-10,6052.27,15,10,27092.07,2709.207000,8,3,0.3750,1.1250,4,982.53,0.036266,0
53e624c7-6f66-490c-a63d-562a6216d56e,1fff1144-0a72-44bd-ae41-900fd84b9dec,2025-10-10,8746.19,30,4,18629.19,4657.297500,3,0,0.0000,0.0000,0,5967.34,0.320322,1
5c13c830-0c34-4dba-8845-d38adefdd765,ed2171b1-c19b-4e0d-8734-299f1f997a16,2025-10-10,12151.69,15,5,6200.61,1240.122000,4,3,0.7500,8.7500,18,1112.43,0.179407,1
5ec2da48-bafd-4112-bc17-f9236b2f477d,6fb7d847-f44b-41dc-a325-7b26c61cbc96,2025-10-10,5712.39,45,11,30917.42,2810.674545,4,1,0.2500,2.5000,10,16677.53,0.539422,0
85db17d2-cc98-4502-9c09-8c7ebce3f856,54739a70-fe3b-45f0-b6da-5eb96fddebc6,2025-10-10,3323.13,30,10,30785.31,3078.531000,8,4,0.5000,0.8750,3,3655.49,0.118741,0
c2585a12-77d6-4679-9130-13e0b59fc2a6,3cc7350b-72e0-4990-a2f4-79f0e19bfe72,2025-10-10,7308.78,15,13,28147.72,2165.209231,9,4,0.4444,1.0000,3,3130.40,0.111213,0
f96cb34f-9151-45f6-b760-f0f1d0f99630,6a7efc18-882b-4c4c-a75d-1b8aecdbf4a6,2025-10-10,468.57,30,5,4312.58,862.516000,5,2,0.4000,0.6000,2,0.00,0.000000,1
3550ba2a-aa5d-40c2-a9c5-be2bbd80564a,dc32c9bc-f5b1-425c-b068-0f753d9baf2f,2025-10-11,6057.83,30,3,2638.25,879.416667,3,2,0.6667,3.3333,7,0.00,0.000000,1
38695ab1-eede-45c2-9157-52350ba6da29,0b94772b-0571-4308-92cc-ac6baf2ac02b,2025-10-11,7771.19,45,4,19418.54,4854.635000,4,0,0.0000,0.0000,0,0.00,0.000000,1
47b661d9-4ed6-468a-bf38-e5eb941a3392,8b278dae-e043-44f3-a5f0-8466df24d3a2,2025-10-11,3077.93,30,9,9776.28,1086.253333,9,4,0.4444,1.4444,6,0.00,0.000000,1
4f4b3886-c705-4d0d-aad9-f654eb9202b5,a69011f4-c3f9-4f91-92f2-3df9072b53e7,2025-10-11,3355.19,15,9,13761.86,1529.095556,9,2,0.2222,0.3333,2,0.00,0.000000,0
58f712c8-3b97-48b2-b1d5-05ba2afe1387,556c3740-52fd-4022-8755-b92b9fa5342d,2025-10-11,728.93,45,4,13820.67,3455.167500,4,4,1.0000,2.2500,3,0.00,0.000000,0
6c4267a8-56d1-421c-afed-8f433eeb8caf,3378475b-b350-4593-9546-01468d85dcd8,2025-10-11,1501.78,30,5,6225.94,1245.188000,5,1,0.2000,0.6000,3,0.00,0.000000,0
77aed852-40f9-4182-b2c9-df608d2f4a24,4f4f2ef2-6350-45b8-af19-6bd90adfc454,2025-10-11,4505.35,15,9,17186.92,1909.657778,7,3,0.4286,1.8571,10,2010.40,0.116973,1
85b91afd-4ab8-4e52-a2d4-1813b55e9981,86ab916f-9734-41f0-b5c0-9bbc082b3251,2025-10-11,4543.37,30,11,25532.50,2321.136364,10,5,0.5000,1.7000,10,2165.56,0.084816,0
00649d7b-8abd-4a05-a1a9-9cf9acdcb758,7b3011de-1fd5-49d7-8cd0-565a3af5b5da,2025-10-12,4442.78,30,8,12760.58,1595.072500,7,5,0.7143,2.2857,9,276.74,0.021687,0
1d33bc12-8fb3-4198-9c78-bb8529e929a0,403ba4f6-3b05-4fb0-9c95-6068878e01b1,2025-10-12,813.89,30,10,48674.54,4867.454000,7,3,0.4286,2.7143,14,18451.29,0.379075,0
258f4e9d-0a60-4c30-ba3e-e4dbe30e5de9,cbf3e2e4-9c43-4976-afaa-bc231bff129c,2025-10-12,5298.22,45,5,12612.41,2522.482000,5,5,1.0000,9.4000,15,0.00,0.000000,1
6e0b7d71-2fb8-47cf-95a8-9b0f158e27fb,9c60f8cc-bb5f-4a3b-9a8b-95367617a69c,2025-10-12,7877.54,30,3,6498.51,2166.170000,2,2,1.0000,6.0000,11,896.26,0.137918,1
9e9d86f6-4c9d-4326-9d5e-00983b1d0364,cf567dce-5613-483a-b10d-b4947a588d18,2025-10-12,1569.99,45,4,11366.08,2841.520000,4,3,0.7500,5.7500,18,0.00,0.000000,1
f75b73e1-07eb-4fd3-8021-40451f642fbc,f5f339bf-3ab5-4a2e-916f-2db044568f67,2025-10-12,5815.48,45,5,6001.72,1200.344000,5,4,0.8000,4.6000,10,0.00,0.000000,1
f8d8e7e7-5e47-4977-9114-198452a3f65d,45b35575-e766-4b46-861c-910c86237813,2025-10-12,4284.14,15,10,17621.71,1762.171000,7,3,0.4286,2.2857,10,8580.63,0.486935,1
07224ec3-f661-42d6-8e88-d678fc19f084,bc2eaeff-d2cb-413b-8716-a7fa6d9507c2,2025-10-13,8824.90,15,10,17146.78,1714.678000,7,1,0.1429,0.2857,2,2913.86,0.169936,1
56bf541d-1acf-4127-9aca-561ad94ff265,e630e7cb-c24b-49e2-af83-702facb0c4b9,2025-10-13,5847.02,15,4,12897.89,3224.472500,3,0,0.0000,0.0000,0,1573.27,0.121979,0
580fa0bc-1a70-47a8-ae20-767ff2c43825,5772f550-5886-44ab-b618-cc525d22c053,2025-10-13,3152.68,30,11,32611.82,2964.710909,9,5,0.5556,2.3333,8,9400.91,0.288267,1
65a0ad86-4ce4-404e-8c51-74fe1691bba5,b247c235-943b-4c46-91c2-168e86d26161,2025-10-13,517.70,45,7,4435.16,633.594286,5,2,0.4000,0.4000,1,1868.67,0.421331,1
808f5da4-d6d1-4bc3-9bec-7a217197dde5,d768ded2-0e1f-4338-a373-8cb12093b6b9,2025-10-13,1864.30,30,7,16415.71,2345.101429,4,3,0.7500,1.5000,3,10345.79,0.630237,1
bdba79fa-97b3-4d42-91ec-cd206394e279,86ab916f-9734-41f0-b5c0-9bbc082b3251,2025-10-13,745.92,30,12,30075.87,2506.322500,10,5,0.5000,1.7000,10,6708.93,0.223067,0
cb1e7159-a798-4bec-b5a8-b8a865e7856d,45b88888-2215-4e91-9647-006d4a1e9e88,2025-10-13,1457.87,30,3,12189.97,4063.323333,3,2,0.6667,1.6667,3,0.00,0.000000,0
e98492f8-c38a-41c3-b5d7-e82013eb6a49,2c3ca1b8-7c76-4a4c-80bf-5314fb7f22ae,2025-10-13,3353.27,30,5,12407.18,2481.436000,5,3,0.6000,1.0000,3,0.00,0.000000,0
1e0f2b92-66d4-40e7-901d-2a705348b884,d1907207-2f2d-4486-87e7-7b004fd2fab1,2025-10-14,6984.87,30,7,19883.13,2840.447143,5,4,0.8000,1.2000,3,8520.50,0.428529,0
577131ef-390a-474a-9f57-bbc608e9cc71,b2109776-616b-488c-9721-f3f116afd30f,2025-10-14,3729.59,30,4,13237.27,3309.317500,4,1,0.2500,2.0000,8,0.00,0.000000,0
601c2f0b-d647-4ff2-983c-034e1d6dae50,b8bfbbb5-a5a0-4d3d-905f-57ced220ffd3,2025-10-14,8885.57,30,4,3912.27,978.067500,4,2,0.5000,0.7500,2,0.00,0.000000,1
b1066c74-0413-4782-b2e5-1a32843eddcc,03d535e6-bab9-4699-93ff-729d55e623f0,2025-10-14,2123.91,30,3,4837.03,1612.343333,3,3,1.0000,2.0000,3,0.00,0.000000,0
e4043180-f8c3-497b-b893-0d5081fceac8,9cbf413a-a00b-482b-9441-e8fce7668a2e,2025-10-14,5298.22,45,10,24462.28,2446.228000,6,1,0.1667,0.5000,3,7829.14,0.320049,0
1e7b2593-9990-4b56-9d03-dad0a0f15500,744605d3-9330-457d-9c53-8b4b59950976,2025-10-15,1258.78,30,6,17072.50,2845.416667,3,1,0.3333,0.3333,1,5808.56,0.340229,1
42a88134-5f5c-4e98-98a3-1fc361151332,091ba1e5-58cf-4e6c-badc-17dbe89dea69,2025-10-15,2269.61,45,12,41806.63,3483.885833,7,3,0.4286,1.4286,6,16687.42,0.399157,0
6a86094c-0e84-4a72-88be-aeea083610ec,00acfd4d-b8a4-441a-b965-3c900cea01a1,2025-10-15,4996.77,30,5,21402.08,4280.416000,3,0,0.0000,0.0000,0,10124.70,0.473071,0
95e15eee-3f94-49db-8ec6-46683cba0535,f201cdf9-cb7c-4b4b-8da0-68bccc439429,2025-10-15,4471.03,15,6,16658.42,2776.403333,6,3,0.5000,3.8333,11,0.00,0.000000,1
9d3141af-e0bc-4ec0-a930-f4a6eaf94f4e,ced1be46-44d9-42f9-913f-bf359f04d616,2025-10-15,1865.83,15,6,13758.72,2293.120000,6,4,0.6667,1.6667,3,0.00,0.000000,1
b2cf5bba-4f5a-47ca-a939-6aafbc7ba863,229edd85-4113-4b2a-be5b-1cc986fd5173,2025-10-15,5515.99,30,8,16793.41,2099.176250,5,3,0.6000,2.2000,7,9217.16,0.548856,1
096f7bb9-0c16-4c1a-a428-2772f5a6156f,79ce75bd-e156-4762-a109-91880fa27abc,2025-10-16,566.95,45,9,19750.36,2194.484444,5,1,0.2000,1.2000,6,6977.84,0.353302,0
0fd685da-0126-411d-b101-8b41a8dd574a,82241b4b-7959-4079-9369-bbfcffcbc453,2025-10-16,947.21,30,8,19766.83,2470.853750,8,1,0.1250,1.3750,11,0.00,0.000000,0
146100fb-90a6-48a4-9840-e70d3005f7a0,e223a14f-9752-4dfc-b998-04cfae44ca10,2025-10-16,1120.32,30,12,30717.29,2559.774167,9,5,0.5556,0.8889,2,15081.50,0.490978,0
4ee352b5-b3f5-439b-9daa-3fe00597bfc9,e74c4bf9-90b2-4723-8b21-9af623c5b124,2025-10-16,2508.72,45,7,15845.42,2263.631429,6,1,0.1667,1.3333,8,1849.43,0.116717,0
a661330d-c243-4d7c-8962-c89441934847,c3bc5bb3-aee9-4150-b36a-c89a22162e7d,2025-10-16,1085.19,45,8,21556.14,2694.517500,6,5,0.8333,2.8333,9,5888.84,0.273186,0
af33d40e-9c71-4743-ad70-9650c6a3440b,b88b94e7-2bbd-4939-98cc-217258c364d3,2025-10-16,172.57,15,4,11101.28,2775.320000,4,1,0.2500,0.2500,1,0.00,0.000000,1
ce91aa5c-d176-4cbf-8e10-6b559f593c4e,db49dbe2-b046-4b0c-8d11-6e496b852270,2025-10-16,1349.86,30,12,33925.28,2827.106667,12,6,0.5000,1.4167,9,0.00,0.000000,0
0ee0c801-6008-4c57-8cef-2710268a933a,e9152f33-f58e-4690-a02f-18066572acda,2025-10-17,756.54,15,4,10894.33,2723.582500,4,2,0.5000,1.0000,3,0.00,0.000000,1
1262a894-75ce-43f9-822d-30f6ba285771,5772f550-5886-44ab-b618-cc525d22c053,2025-10-17,9124.40,30,12,35764.50,2980.375000,9,5,0.5556,2.3333,8,12553.59,0.351007,0
2795a0a4-dd0c-4c0b-8830-d6c9f56f76b1,3da770f9-a532-48df-a2e4-cf550c263161,2025-10-17,5238.66,30,7,25009.46,3572.780000,4,1,0.2500,3.0000,12,16800.45,0.671764,0
525576b4-0c1d-4ef8-bbda-89439b3eee11,1445cd5d-91a8-417f-b07d-805a30ad7fb7,2025-10-17,11057.63,15,3,4600.36,1533.453333,3,1,0.3333,0.3333,1,0.00,0.000000,0
9fc1db91-8b2f-4df7-b905-15bb8fccfb33,1948ea27-1b6a-4dd3-8c99-b399dcf88ed3,2025-10-17,6241.82,30,6,15342.70,2557.116667,6,2,0.3333,2.1667,10,0.00,0.000000,1
b27a229f-ca95-4236-a0b3-b098cf3d5420,7613c703-00a5-4fcd-b61f-b4f85bd36ac2,2025-10-17,2101.79,15,5,12343.36,2468.672000,5,2,0.4000,2.8000,12,0.00,0.000000,0
f2b92816-153f-4091-a1ac-667e5d892a48,9cbf413a-a00b-482b-9441-e8fce7668a2e,2025-10-17,6480.98,45,11,29760.50,2705.500000,6,1,0.1667,0.5000,3,12549.83,0.421694,0
0ac303a2-e3c8-48ab-92a8-41f2629f3aa7,b21eb80b-84a0-490b-abcb-151568e54d64,2025-10-18,4714.66,30,4,13776.60,3444.150000,3,0,0.0000,0.0000,0,7476.11,0.542667,0
0bde619b-dbcd-4d3b-899f-26eadd207f54,db49dbe2-b046-4b0c-8d11-6e496b852270,2025-10-18,6480.98,30,13,35275.14,2713.472308,12,6,0.5000,1.4167,9,1349.86,0.038267,0
10f8abe8-1854-4a24-9861-55737e39012b,911f8116-248a-4e3d-afb4-62a632746852,2025-10-18,4569.90,30,19,29933.53,1575.448947,15,6,0.4000,1.4667,10,2290.11,0.076507,1
23e5ae93-cd07-437f-bed9-064861dc8595,b4ff4a71-e2cb-40a7-afaa-04a5be660e06,2025-10-18,8885.57,45,4,2338.12,584.530000,3,1,0.3333,1.0000,3,572.04,0.244658,0
6c0d51dd-5483-47dd-bfb8-00264146a089,97a7e174-c5da-4d97-b94b-09d5f4788809,2025-10-18,2396.57,45,4,9100.02,2275.005000,2,0,0.0000,0.0000,0,4667.83,0.512947,0
057d1521-5116-449b-a570-b6d403c48e56,a69011f4-c3f9-4f91-92f2-3df9072b53e7,2025-10-19,3973.66,15,10,17117.05,1711.705000,9,2,0.2222,0.3333,2,3355.19,0.196015,0
54581645-fb51-4502-9e1c-fa3fd2e70946,6a7efc18-882b-4c4c-a75d-1b8aecdbf4a6,2025-10-19,643.01,30,6,4781.15,796.858333,5,2,0.4000,0.6000,2,468.57,0.098004,1
68506dbc-57e8-41b4-8798-31e4584abc51,67fc2766-666c-4de5-9a16-9a35603b9a46,2025-10-19,764.91,30,3,21364.30,7121.433333,3,3,1.0000,50.3333,66,0.00,0.000000,1
6f5b4624-c68a-43ff-bd3d-3f9c66db7cb8,091ba1e5-58cf-4e6c-badc-17dbe89dea69,2025-10-19,8738.55,45,13,44076.24,3390.480000,7,3,0.4286,1.4286,6,18957.03,0.430096,1
937c0385-9b3b-4fae-9e0f-3f1250777a80,f8435633-4f8d-462d-872a-e6a541d39872,2025-10-19,1568.45,30,5,17496.79,3499.358000,5,2,0.4000,2.2000,8,0.00,0.000000,0
a342c823-1e46-4413-bb39-4452affd58ce,4f4f2ef2-6350-45b8-af19-6bd90adfc454,2025-10-19,1093.41,15,10,21692.27,2169.227000,8,3,0.3750,1.6250,10,4657.44,0.214705,0
d9f706ad-3eae-46fa-8966-fbfcadce8238,1948ea27-1b6a-4dd3-8c99-b399dcf88ed3,2025-10-19,2269.61,30,7,21584.52,3083.502857,6,2,0.3333,2.1667,10,6241.82,0.289180,0
70758eb8-1fc1-465b-8923-494eeee0c1f9,556c3740-52fd-4022-8755-b92b9fa5342d,2025-10-20,9086.74,45,5,14549.60,2909.920000,4,4,1.0000,2.2500,3,728.93,0.050100,0
7fc4bf35-9ca6-4238-8145-fd91bee3af3e,b7d62bbb-f2b2-4bee-ac69-0e320b4b310f,2025-10-20,7703.31,45,16,53421.28,3338.830000,9,3,0.3333,1.4444,8,18810.18,0.352110,1
94f3785c-cbcf-440a-8b20-05895cfdcc39,403ba4f6-3b05-4fb0-9c95-6068878e01b1,2025-10-20,677.68,30,11,49488.43,4498.948182,7,3,0.4286,2.7143,14,19265.18,0.389287,0
98eae991-9d5e-4c12-a19e-20d0fe979b39,feb9f5f4-bed9-4b39-bb94-062fa9706005,2025-10-20,1661.56,45,7,31979.90,4568.557143,6,3,0.5000,0.6667,2,2586.99,0.080894,0
bb22e172-a97b-4d95-a84c-bc7585dfeb68,cf567dce-5613-483a-b10d-b4947a588d18,2025-10-20,2181.18,45,5,12936.07,2587.214000,4,3,0.7500,5.7500,18,1569.99,0.121365,1
c84d8655-2754-405c-8b57-c9f9764a42a5,49d4f65c-a7f6-423f-97b2-75571396471e,2025-10-20,3026.13,15,3,12699.97,4233.323333,2,2,1.0000,2.0000,3,4203.57,0.330991,0
db73c480-65d5-4c7c-95ae-da6d98344453,b4ff4a71-e2cb-40a7-afaa-04a5be660e06,2025-10-20,1146.76,45,5,11223.69,2244.738000,3,1,0.3333,1.0000,3,9457.61,0.842647,0
eea464d2-4559-4cec-ab55-164a365fdcdd,86ab916f-9734-41f0-b5c0-9bbc082b3251,2025-10-20,9086.74,30,13,30821.79,2370.906923,10,5,0.5000,1.7000,10,7454.85,0.241869,0
3fec274b-a731-4cd3-9f32-bef3737f3544,7010920b-f9d5-4e97-9d6a-a57cfe832fad,2025-10-21,671.50,45,4,9432.05,2358.012500,2,1,0.5000,0.5000,1,6089.35,0.645602,0
8146ce71-bcae-4bdd-84bf-9528452f9d56,bd918df4-d5fc-4b8a-9889-b0f92e0c438b,2025-10-21,3028.91,30,4,2300.84,575.210000,2,1,0.5000,0.5000,1,920.46,0.400054,0
91659339-5029-4cdf-9d6f-2a63b96c61e1,3cc7350b-72e0-4990-a2f4-79f0e19bfe72,2025-10-21,740.05,15,14,35456.50,2532.607143,9,4,0.4444,1.0000,3,10439.18,0.294422,0
96ab45a1-e8e0-45de-9a12-6c28991a4e4f,66aa9f2d-de6b-4def-8269-b6d0177dbf9a,2025-10-21,958.63,30,15,55324.91,3688.327333,12,6,0.5000,1.0000,3,8720.58,0.157625,0
b9d0c73e-d300-4dbb-82cb-722c70421d14,119de36d-41b2-4136-a3a2-0b81cfcdf6f9,2025-10-21,10601.20,30,3,6037.96,2012.653333,2,0,0.0000,0.0000,0,191.74,0.031756,1
cfda586a-4845-43df-ab5c-f2dab9db54ae,d3ceae53-5516-4152-a247-d101c45a4912,2025-10-21,1308.71,30,7,17596.04,2513.720000,5,1,0.2000,0.4000,2,3889.88,0.221066,1
f867bac5-77af-4a61-b493-444a5bec7593,82241b4b-7959-4079-9369-bbfcffcbc453,2025-10-21,9995.64,30,9,20714.04,2301.560000,8,1,0.1250,1.3750,11,947.21,0.045728,1
12ba6c38-1d38-4f72-a52d-e37881a10330,3e80243e-ed4d-46b5-a4ec-9aa1107c32da,2025-10-22,1442.32,30,5,16424.73,3284.946000,5,2,0.4000,2.0000,8,0.00,0.000000,0
290c3192-10d8-4c27-8065-3828d3045fc5,ce1c7e34-50d9-4f3b-ab54-cbb7cab9fa18,2025-10-22,169.42,30,6,9575.80,1595.966667,4,2,0.5000,3.2500,12,1816.23,0.189669,0
344c7d46-c9c0-4237-80fe-838b5f8afa1e,549276f5-7982-4ddd-9090-30fd37f31bf6,2025-10-22,7104.23,15,6,17088.57,2848.095000,6,5,0.8333,10.3333,16,0.00,0.000000,1
35a1e41c-7b65-40d0-9cfa-dca0095e07c1,c3bc5bb3-aee9-4150-b36a-c89a22162e7d,2025-10-22,2384.40,45,9,22641.33,2515.703333,6,5,0.8333,2.8333,9,6182.52,0.273063,1
5c139bc3-f16e-4039-af48-f2cec42aa8bf,20791844-68d1-4c47-8940-96e45daf918f,2025-10-22,2368.00,30,11,30434.88,2766.807273,8,1,0.1250,0.3750,3,10813.32,0.355294,1
8d9473ba-2a3d-4bd9-94ae-32ecab4c1a63,0d0e2d20-27bb-4c93-9f8f-b7710b37194a,2025-10-22,433.16,30,3,9157.90,3052.633333,2,1,0.5000,1.0000,2,307.49,0.033576,1
b5a29994-c761-4d05-ba4f-3dab1d57191e,d768ded2-0e1f-4338-a373-8cb12093b6b9,2025-10-22,2237.75,30,8,18280.01,2285.001250,4,3,0.7500,1.5000,3,12210.09,0.667948,0
e496f1ee-63d6-47ec-9bdd-b50d7a07917c,db49dbe2-b046-4b0c-8d11-6e496b852270,2025-10-22,5135.55,30,14,41756.12,2982.580000,12,6,0.5000,1.4167,9,7830.84,0.187538,1
1d1ec6e6-8947-46f5-af1f-ad7176e67f49,cf567dce-5613-483a-b10d-b4947a588d18,2025-10-23,2333.21,45,6,15117.25,2519.541667,4,3,0.7500,5.7500,18,3751.17,0.248138,1
50306517-0bfc-4dc8-983e-9c3c5339e6f7,0915900f-d22e-42b0-8e9e-810e55498a13,2025-10-23,2567.78,15,17,47207.55,2776.914706,17,6,0.3529,1.4118,11,0.00,0.000000,0
85b8d17d-b1f3-4a72-a76d-ec4ef6a4ab3f,79ce75bd-e156-4762-a109-91880fa27abc,2025-10-23,5437.82,45,10,20317.31,2031.731000,5,1,0.2000,1.2000,6,7544.79,0.371348,0
9b5c335a-5fea-4bb9-b778-a0b056b5cb85,108df563-ddcd-4802-83f7-6f5da40664d0,2025-10-23,4709.99,30,3,12456.65,4152.216667,2,0,0.0000,0.0000,0,10677.86,0.857202,1
e1d60028-7ba9-44a3-b74b-e2ffd8709bfc,e51c365e-179f-4c2e-92f5-bc4c2fc6282a,2025-10-23,6214.66,30,10,15170.39,1517.039000,9,5,0.5556,1.5556,6,1082.78,0.071375,0
f267cf9e-04ae-4ade-9b9d-87ac320612f2,45b35575-e766-4b46-861c-910c86237813,2025-10-23,1746.22,15,11,21905.85,1991.440909,7,3,0.4286,2.2857,10,12864.77,0.587276,0
f63d4133-7a95-4dc6-bb3a-768bb8077101,456196a3-f5fd-4769-85c9-fe12f73de5b9,2025-10-23,5835.53,15,6,8881.44,1480.240000,5,1,0.2000,0.2000,1,1285.89,0.144784,0
fe6cd2a4-0d8a-439c-92bd-ad8eb5708f06,db49dbe2-b046-4b0c-8d11-6e496b852270,2025-10-23,9429.33,30,15,46891.67,3126.111333,12,6,0.5000,1.4167,9,12966.39,0.276518,0
50e50698-6520-479e-b955-17a4f208c0f6,3907704e-d22a-40f9-9591-9c06dfc1b6d2,2025-10-24,642.65,15,7,22519.56,3217.080000,4,2,0.5000,3.5000,13,10030.11,0.445395,1
7c205305-f108-4d31-867a-fefea3470957,34f539cb-584e-4259-ac9f-44e6d5484ebf,2025-10-24,436.23,15,8,28025.71,3503.213750,8,4,0.5000,1.8750,10,0.00,0.000000,0
87eec927-33b7-4d53-94b8-1fd18e248cd1,e05c9e8f-2852-4c9d-9c2a-756d89ba64a0,2025-10-24,4267.68,30,13,33734.76,2594.981538,12,5,0.4167,0.9167,3,3385.12,0.100345,0
fed1081c-1348-4ebb-a07d-29477b5e493c,ce1c7e34-50d9-4f3b-ab54-cbb7cab9fa18,2025-10-24,3824.56,30,7,9745.22,1392.174286,4,2,0.5000,3.2500,12,1985.65,0.203756,1
49a2384c-0475-4dd7-8671-ae167539de4e,80425ba2-13bc-407f-9a1c-ff4f30480010,2025-10-25,4471.03,30,6,7107.41,1184.568333,4,0,0.0000,0.0000,0,2321.68,0.326656,0
4fc9283d-1b41-467b-a628-5c286d80bc7f,399ee9ba-2674-41aa-a50a-7b370668b523,2025-10-25,7947.32,30,3,17091.71,5697.236667,2,0,0.0000,0.0000,0,6673.66,0.390462,0
aa4a57f9-c32b-42d4-9783-fa8337e32559,cd796877-895f-4bcc-8fe0-0c8c6c4e68b0,2025-10-25,4076.57,30,5,9655.80,1931.160000,5,2,0.4000,1.8000,6,0.00,0.000000,1
43e76666-1a20-4ef1-a136-85ec8f55eaaf,91f0a872-33ad-4dbe-9801-ac03b375f584,2025-10-26,2551.27,30,6,17044.50,2840.750000,4,4,1.0000,2.5000,6,2590.93,0.152010,0
898b2fc1-484c-43c8-a5d3-cb7ac96f621c,97a7e174-c5da-4d97-b94b-09d5f4788809,2025-10-26,3059.65,45,5,11496.59,2299.318000,2,0,0.0000,0.0000,0,7064.40,0.614478,1
c48c8711-6c94-451c-8efb-6cefd491a144,744605d3-9330-457d-9c53-8b4b59950976,2025-10-26,6843.29,30,7,18331.28,2618.754286,4,2,0.5000,2.0000,7,6359.37,0.346914,0
d3bfc683-964f-45bf-8e99-cef5f8277bf4,43b1d0a0-404f-48c8-96ee-46291e3ceaa3,2025-10-26,399.26,15,4,7860.92,1965.230000,3,1,0.3333,4.6667,14,1758.83,0.223744,1
f58081bd-991a-4107-9d93-5055137bba95,e05c9e8f-2852-4c9d-9c2a-756d89ba64a0,2025-10-26,7527.83,30,14,38002.44,2714.460000,12,5,0.4167,0.9167,3,7652.80,0.201377,1
03182d56-0969-4d84-ba52-5aae6cc97193,420464c7-e05c-4002-9ab4-902acb471c60,2025-10-27,2284.96,45,4,3337.59,834.397500,2,0,0.0000,0.0000,0,1730.12,0.518374,1
1c140f87-1091-438a-b94a-cfb7111d2c17,54739a70-fe3b-45f0-b6da-5eb96fddebc6,2025-10-27,720.09,30,11,34108.44,3100.767273,9,4,0.4444,0.7778,3,6819.08,0.199924,0
da6d480d-e84a-482f-8ded-f3f832e01c01,ce1c7e34-50d9-4f3b-ab54-cbb7cab9fa18,2025-10-27,11282.18,30,8,13569.78,1696.222500,4,2,0.5000,3.2500,12,5810.21,0.428173,0
e2a47ccb-4d8b-439f-bdf0-255b812ceb6d,db49dbe2-b046-4b0c-8d11-6e496b852270,2025-10-27,3855.92,30,16,56321.00,3520.062500,12,6,0.5000,1.4167,9,22395.72,0.397644,1
fd42513a-6854-4757-a6ba-dbfee4abb716,60ce8a0f-d7a4-4ed2-ac8e-6e0a87d50d90,2025-10-27,8293.23,45,5,17306.78,3461.356000,3,1,0.3333,0.6667,2,9619.52,0.555824,0
1f6b0107-5589-4b95-9c99-24862a3cdb4d,b247c235-943b-4c46-91c2-168e86d26161,2025-10-28,2492.34,45,8,4952.86,619.107500,6,3,0.5000,0.6667,2,1219.33,0.246187,0
4ce88773-eff2-48fb-9856-4f8c23b8b05c,dc32c9bc-f5b1-425c-b068-0f753d9baf2f,2025-10-28,2206.23,30,4,8696.08,2174.020000,3,2,0.6667,3.3333,7,6057.83,0.696616,1
5631a0b4-e0c7-4884-969f-d22955d7d297,e74c4bf9-90b2-4723-8b21-9af623c5b124,2025-10-28,2570.61,45,8,18354.14,2294.267500,6,1,0.1667,1.3333,8,4358.15,0.237448,1
91970338-cd66-4f47-9858-5051f72d3af3,0b94772b-0571-4308-92cc-ac6baf2ac02b,2025-10-28,2811.42,45,5,27189.73,5437.946000,4,0,0.0000,0.0000,0,7771.19,0.285813,0
a4f349df-86eb-43ff-86f7-dab0f254cce1,05f197bf-0bdd-44a5-84bb-1878a08666b6,2025-10-28,1110.07,15,9,22837.21,2537.467778,7,2,0.2857,0.5714,2,3883.89,0.170068,1
cb3cefbf-4162-4aba-9a81-87dba185e979,a69011f4-c3f9-4f91-92f2-3df9072b53e7,2025-10-28,1422.56,15,11,21090.71,1917.337273,10,2,0.2000,0.3000,2,3973.66,0.188408,1
f69c00c3-51da-42f4-80b0-f2beae7a8efa,0d0e2d20-27bb-4c93-9f8f-b7710b37194a,2025-10-28,2235.51,30,4,9591.06,2397.765000,2,1,0.5000,1.0000,2,740.65,0.077223,1
08d6eb23-bc22-4751-8169-b69d14dcdf00,b7d62bbb-f2b2-4bee-ac69-0e320b4b310f,2025-10-29,3824.56,45,17,61124.59,3595.564118,9,3,0.3333,1.4444,8,26513.49,0.433761,0
1ce42d0a-b578-4241-b501-22141ed7737d,6853ff18-9673-4369-b96a-eb7e1eb71169,2025-10-29,3213.26,30,5,17570.74,3514.148000,3,1,0.3333,0.6667,2,6081.87,0.346136,1
22f449c0-72fb-4231-a59b-fbb078bfe65d,403ba4f6-3b05-4fb0-9c95-6068878e01b1,2025-10-29,2636.13,30,12,50166.11,4180.509167,7,3,0.4286,2.7143,14,19942.86,0.397537,0
40077284-dd2e-430a-9163-c0c624254f49,a9a14d19-86ba-40be-883c-0be4db2e7555,2025-10-29,4714.66,15,3,8142.47,2714.156667,3,1,0.3333,0.6667,2,0.00,0.000000,0
575570c4-a0f2-4a39-b3ce-10666d96cbe8,27415395-c694-42d4-a2b5-04dfddb578f5,2025-10-29,934.00,15,5,9494.22,1898.844000,4,0,0.0000,0.0000,0,925.52,0.097482,0
aee851e5-f217-4e9a-996f-11363968e866,db49dbe2-b046-4b0c-8d11-6e496b852270,2025-10-29,4709.99,30,17,60176.92,3539.818824,12,6,0.5000,1.4167,9,26251.64,0.436241,1
f1bad10b-07ac-47ff-a6b8-593dbd45d40f,79ce75bd-e156-4762-a109-91880fa27abc,2025-10-29,1486.59,45,11,25755.13,2341.375455,7,1,0.1429,0.8571,6,7644.26,0.296805,1
fd4915f2-be53-41ef-900d-efbfd99bce3f,da7dbacc-46a8-44dc-b4c5-5e21bf437da6,2025-10-29,3763.91,30,15,36146.74,2409.782667,15,6,0.4000,3.3333,14,0.00,0.000000,0
1f0fec89-78f8-425b-a6f6-3bd978167832,4ed5562c-399a-4f63-8123-7496d2617ad8,2025-10-30,446.96,15,4,10905.65,2726.412500,3,2,0.6667,6.0000,14,552.53,0.050665,1
4890bdb0-7261-4824-9e5b-b9519c51223b,e51c365e-179f-4c2e-92f5-bc4c2fc6282a,2025-10-30,3060.10,30,11,21385.05,1944.095455,9,5,0.5556,1.5556,6,7297.44,0.341240,0
a813bfe0-f6cc-4b6a-8509-615851a4c351,d768ded2-0e1f-4338-a373-8cb12093b6b9,2025-10-30,6943.82,30,9,20517.76,2279.751111,4,3,0.7500,1.5000,3,14447.84,0.704163,1
ea304d5b-2137-4607-b894-a2265e320691,b4a140af-8af0-4074-8c4e-f1e587fff314,2025-10-30,3215.04,45,10,32717.80,3271.780000,8,4,0.5000,1.2500,3,3685.65,0.112650,1
0dc59ed4-e156-46e4-aeed-f388d920288c,ced1be46-44d9-42f9-913f-bf359f04d616,2025-10-31,3223.61,15,7,15624.55,2232.078571,6,4,0.6667,1.6667,3,1865.83,0.119417,1
5a32375b-e35e-40de-af4c-1e41a3ad66ec,b7d62bbb-f2b2-4bee-ac69-0e320b4b310f,2025-10-31,3228.73,45,18,64949.15,3608.286111,9,3,0.3333,1.4444,8,30338.05,0.467105,0
a5562ab5-4f48-480e-a40a-0525508d8c5a,1445cd5d-91a8-417f-b07d-805a30ad7fb7,2025-10-31,7877.54,15,4,15657.99,3914.497500,4,1,0.2500,0.2500,1,0.00,0.000000,0
a7c13bca-38bb-456e-b4a7-ab1cb4735a01,9cbf413a-a00b-482b-9441-e8fce7668a2e,2025-10-31,4412.45,45,12,36241.48,3020.123333,8,1,0.1250,0.3750,3,15908.95,0.438971,1
e35cff8c-193b-4f47-91b9-092f7e1b4a21,1a980af4-4a6b-40eb-a9a0-f4ffc25c68aa,2025-10-31,6622.77,15,3,9574.96,3191.653333,2,0,0.0000,0.0000,0,2333.21,0.243678,0
f1a18965-a65c-4dbf-984c-535feb768436,fdbf5f6b-5e04-401e-b01c-dadaea29b6bf,2025-10-31,1611.74,15,3,2719.54,906.513333,3,2,0.6667,7.3333,12,0.00,0.000000,1
3e19f364-699c-45da-80db-11c08614b81a,6d07afb5-e45f-49c8-8fe6-ab313f89ab9c,2025-11-01,6794.29,30,12,39734.16,3311.180000,9,5,0.5556,1.3333,3,13135.67,0.330589,0
6109c6b8-ebf4-4850-ab17-eda90b831185,b247c235-943b-4c46-91c2-168e86d26161,2025-11-01,335.75,45,9,7445.20,827.244444,6,3,0.5000,0.6667,2,3711.67,0.498532,0
8f095983-9e19-4b8a-8f2a-117bfc5474df,97c341f3-26c0-47ee-949b-ec2349709b82,2025-11-01,2316.76,30,7,22221.12,3174.445714,6,3,0.5000,2.0000,9,1053.75,0.047421,1
96425ead-14a9-42a5-bae0-d024cd5cf38d,00acfd4d-b8a4-441a-b965-3c900cea01a1,2025-11-01,9512.00,30,6,26398.85,4399.808333,3,0,0.0000,0.0000,0,15121.47,0.572808,0
976a4efb-417e-4b21-9299-c72f3937eaa7,1c22a6c4-3de0-4f96-b62a-3a6edbbaf732,2025-11-01,2570.61,30,13,21920.12,1686.163077,10,5,0.5000,1.2000,3,6839.86,0.312036,1
9f4518fb-028c-440b-ae69-e6219677f52b,c9b37375-0f54-4110-983e-7b7635c1257f,2025-11-01,765.03,45,3,8989.14,2996.380000,3,1,0.3333,1.0000,3,0.00,0.000000,1
cb2c2878-ebd3-4b63-b1c9-defd88cf2c22,4f4f2ef2-6350-45b8-af19-6bd90adfc454,2025-11-01,1382.21,15,11,22785.68,2071.425455,9,4,0.4444,1.6667,10,1245.50,0.054662,0
d6f82a0b-f287-482c-be37-19aba6e3dc93,dbc5aa6b-529c-4c91-8331-7ec33c8503bb,2025-11-01,4543.37,30,12,25943.60,2161.966667,8,5,0.6250,3.0000,16,9660.46,0.372364,0
ef599f97-d83e-45b6-915f-46a7705488e7,5d5fa6d8-0ad7-4ade-be35-1c481b16b275,2025-11-01,6349.50,45,11,33314.25,3028.568182,7,5,0.7143,9.0000,16,10705.43,0.321347,1
44c03ea6-e117-4c38-ab90-9ce0a65869ee,c3bc5bb3-aee9-4150-b36a-c89a22162e7d,2025-11-02,3893.30,45,10,25025.73,2502.573000,7,6,0.8571,3.1429,9,7919.32,0.316447,0
45a2bd81-fbd4-44e1-94f9-7b5e1f554cf7,5a60bb30-d49d-430c-b819-619528fa0373,2025-11-02,8255.80,15,3,5914.30,1971.433333,3,1,0.3333,1.0000,3,0.00,0.000000,0
69771344-a6c0-4812-b0f5-4acde3b28810,a137cf0f-749a-402e-9913-60a7f4a47b92,2025-11-02,1142.47,30,11,28049.12,2549.920000,10,5,0.5000,2.0000,9,6769.95,0.241361,0
7f395a81-681d-42cf-9155-7041f72c1044,454e54ed-b5e4-4096-9693-090f3ddaa42e,2025-11-02,996.93,30,4,19994.30,4998.575000,3,1,0.3333,1.0000,3,817.12,0.040868,0
ca8fe2ff-9681-4bdd-a366-73c98334041f,78106c04-2615-4323-b215-3172fb34fc72,2025-11-02,7463.31,30,4,15310.63,3827.657500,3,2,0.6667,2.0000,3,1031.39,0.067364,1
fe199fa7-cbe1-43b9-8ebe-a6b07f1545ca,a9a14d19-86ba-40be-883c-0be4db2e7555,2025-11-02,5416.50,15,4,12857.13,3214.282500,3,1,0.3333,0.6667,2,4714.66,0.366696,0
0830ffa6-25da-4c89-b925-5e9bdd891853,1a467aee-8d4c-4127-8afb-fde18c339771,2025-11-03,1399.30,30,4,5483.50,1370.875000,4,1,0.2500,0.5000,2,0.00,0.000000,0
14a50b41-c99e-4114-9ed7-a203f34c96c7,b4a140af-8af0-4074-8c4e-f1e587fff314,2025-11-03,6446.96,45,11,35932.84,3266.621818,8,4,0.5000,1.2500,3,6900.69,0.192044,0
53b14b13-9fab-4de9-a3a3-835c0e689c97,a69011f4-c3f9-4f91-92f2-3df9072b53e7,2025-11-03,3748.55,15,12,22513.27,1876.105833,11,2,0.1818,0.2727,2,1422.56,0.063188,1
7434edf6-92fa-41e9-bbb0-0b0f664ef805,6fb7d847-f44b-41dc-a325-7b26c61cbc96,2025-11-03,3539.85,45,12,36629.81,3052.484167,5,2,0.4000,3.4000,10,22118.22,0.603831,0
a4626834-d131-4cb2-8f02-ab6f8c25ba35,7010920b-f9d5-4e97-9d6a-a57cfe832fad,2025-11-03,4203.57,45,5,10103.55,2020.710000,2,1,0.5000,0.5000,1,6760.85,0.669156,1
ab937940-ff1a-4a05-b448-079c8409d43f,45b35575-e766-4b46-861c-910c86237813,2025-11-03,5815.48,15,12,23652.07,1971.005833,8,4,0.5000,2.2500,10,10326.85,0.436615,1
c606d835-bc53-4590-ace2-560c2d7544b0,54739a70-fe3b-45f0-b6da-5eb96fddebc6,2025-11-03,3223.61,30,12,34828.53,2902.377500,9,4,0.4444,0.7778,3,7539.17,0.216465,1
f43bb67d-e1d4-4b94-aacc-d14e21e99017,36526e5e-f875-4c3e-a8d6-c50ede833ade,2025-11-03,1874.27,15,4,15778.03,3944.507500,4,2,0.5000,0.7500,2,0.00,0.000000,0
3b5ef9b1-554d-447e-964f-5554c3120049,529b58fc-1d6b-4a46-bcf3-bd50c058a284,2025-11-04,6843.29,15,5,14500.90,2900.180000,3,2,0.6667,4.0000,10,6007.23,0.414266,1
6505e8f8-2051-4b3b-bb38-f1f0fbb762b4,b2109776-616b-488c-9721-f3f116afd30f,2025-11-04,1242.02,30,5,16966.86,3393.372000,4,1,0.2500,2.0000,8,3729.59,0.219816,1
65668287-42bd-4f3c-aa22-fc835dc578bc,f5f339bf-3ab5-4a2e-916f-2db044568f67,2025-11-04,12311.72,45,6,11817.20,1969.533333,5,4,0.8000,4.6000,10,5815.48,0.492120,1
823e1fbb-3a7f-4685-b4b9-366ee22163de,d768ded2-0e1f-4338-a373-8cb12093b6b9,2025-11-04,4294.86,30,10,27461.58,2746.158000,4,3,0.7500,1.5000,3,21391.66,0.778967,1
84cd1f3d-922f-457b-840c-cb88b42718c5,e05c9e8f-2852-4c9d-9c2a-756d89ba64a0,2025-11-04,471.39,30,15,45530.27,3035.351333,12,5,0.4167,0.9167,3,15180.63,0.333418,1
c53cd501-0f5b-4559-81cd-108312e74f06,027e2c71-76f6-44d8-b214-51097fc3e605,2025-11-04,6678.69,15,8,16949.29,2118.661250,8,3,0.3750,1.3750,8,0.00,0.000000,0
f63fae66-5d52-4e30-8043-0da7c5b73eb7,34f539cb-584e-4259-ac9f-44e6d5484ebf,2025-11-04,5980.88,15,9,28461.94,3162.437778,8,4,0.5000,1.8750,10,436.23,0.015327,1
35e2a5df-ac5e-43c1-8d04-0eaced5a5aa2,67fc2766-666c-4de5-9a16-9a35603b9a46,2025-11-05,2551.27,30,4,22129.21,5532.302500,3,3,1.0000,50.3333,66,764.91,0.034566,1
836d785b-856e-4b84-8515-3c9625e99bf0,dbc5aa6b-529c-4c91-8331-7ec33c8503bb,2025-11-05,6214.66,30,13,30486.97,2345.151538,8,5,0.6250,3.0000,16,14203.83,0.465898,0
8996fcbb-73c7-47ba-8d14-995792b00d10,c07f630a-a6d1-41a2-9f27-8f85f52260c4,2025-11-05,4996.77,30,9,23365.05,2596.116667,6,2,0.3333,1.0000,3,4997.27,0.213878,0
abef0d32-4554-47ef-a05b-060f80984914,05f197bf-0bdd-44a5-84bb-1878a08666b6,2025-11-05,5564.20,15,10,23947.28,2394.728000,8,3,0.3750,2.0000,12,3988.29,0.166545,1
be5f6c88-b5d1-4855-a44f-2a3b8d86af07,e818ffda-4cf8-4137-92f5-f73ec2be9aac,2025-11-05,157.13,30,3,14145.24,4715.080000,3,1,0.3333,0.6667,2,0.00,0.000000,0
bf263995-e231-407a-9c49-e67b550e3f31,3cc7350b-72e0-4990-a2f4-79f0e19bfe72,2025-11-05,3858.04,15,15,36196.55,2413.103333,11,4,0.3636,0.8182,3,3130.40,0.086483,0
d5bf603d-6514-42fc-bc2f-9e40a2bd505d,ecee2fcb-7259-46bb-a6a3-c2683069ec25,2025-11-05,931.62,30,4,10458.33,2614.582500,2,0,0.0000,0.0000,0,5485.45,0.524505,0
35854093-51c3-4fb8-8eb3-a1496a61d26d,a8a318fe-4ac5-43e5-819c-0493f94dfd8e,2025-11-06,3337.11,15,4,2613.89,653.472500,3,0,0.0000,0.0000,0,794.05,0.303781,1
4b492805-fe74-4a3a-8300-a0c91d912b65,8f10e8bf-c7a4-4bd6-93ce-4de936a938ef,2025-11-06,4590.15,45,4,10999.34,2749.835000,4,2,0.5000,1.0000,3,0.00,0.000000,0
5ff42e1a-d129-46f4-a5a9-4e146877daab,db49dbe2-b046-4b0c-8d11-6e496b852270,2025-11-06,4633.52,30,18,64886.91,3604.828333,12,6,0.5000,1.4167,9,30961.63,0.477163,1
6732773d-fb3f-45a2-b4c5-f7d389b23d08,86208847-cfb3-449d-a634-075a2b7c33cc,2025-11-06,1758.83,45,3,6673.70,2224.566667,3,3,1.0000,4.6667,10,0.00,0.000000,1
7f345dde-03d1-42c0-a074-8cbc394adcbe,e400fe49-64f8-4e45-8877-6c5fd0a7747d,2025-11-06,6645.21,15,6,18150.91,3025.151667,5,2,0.4000,0.6000,2,2619.94,0.144342,1
82c02b7e-3035-4c1a-b697-021507e0a93e,dbc5aa6b-529c-4c91-8331-7ec33c8503bb,2025-11-06,1395.70,30,14,36701.63,2621.545000,8,5,0.6250,3.0000,16,20418.49,0.556337,1
b7a9e818-c239-4144-ad36-1772782df09f,2e532847-959f-4087-bd6e-85a52170ee01,2025-11-06,1112.37,15,3,4839.49,1613.163333,3,2,0.6667,4.6667,12,0.00,0.000000,0
dab715ce-7f22-40fe-ad27-de12250d1157,ebbc4745-0985-45f9-b142-3002a577acc3,2025-11-06,1530.05,15,3,6161.09,2053.696667,3,1,0.3333,1.0000,3,0.00,0.000000,0
3fdf1d18-7bc3-41a5-a368-217136a82ef8,6d07afb5-e45f-49c8-8fe6-ab313f89ab9c,2025-11-07,1945.18,30,13,46528.45,3579.111538,9,5,0.5556,1.3333,3,19929.96,0.428339,1
9655adf8-3e46-46c4-9557-d7f2cebde1d7,90ef6a35-c0dc-4b20-aede-0d1b3e525838,2025-11-07,1705.63,30,5,24472.64,4894.528000,5,3,0.6000,5.0000,17,0.00,0.000000,0
98367959-d137-46c9-9976-a9fbda13ff52,12be2694-e03e-4703-878e-8ce9ad582cf1,2025-11-07,3128.76,30,3,9269.87,3089.956667,3,1,0.3333,0.3333,1,0.00,0.000000,0
e6069056-c474-4ef0-be10-cd5897d72f97,e74c4bf9-90b2-4723-8b21-9af623c5b124,2025-11-07,8746.19,45,9,20924.75,2324.972222,6,1,0.1667,1.3333,8,6928.76,0.331127,1
342fc8e2-c1c9-47fa-83f2-b656ab1d8a02,27415395-c694-42d4-a2b5-04dfddb578f5,2025-11-08,7877.54,15,6,10428.22,1738.036667,4,0,0.0000,0.0000,0,1859.52,0.178316,0
4541d5af-62c1-4cb7-9042-af20cf542e6a,fec6b81b-c723-45e8-a11f-75a4cb6a1381,2025-11-08,2842.73,30,11,23950.04,2177.276364,10,7,0.7000,5.9000,17,1754.08,0.073239,1
681831c1-7515-4dea-b291-b2fcde5b5f6f,03d535e6-bab9-4699-93ff-729d55e623f0,2025-11-08,1538.96,30,4,6960.94,1740.235000,3,3,1.0000,2.0000,3,2123.91,0.305118,0
76621d38-571d-48d2-9a84-01df79a2a9d6,3cc7350b-72e0-4990-a2f4-79f0e19bfe72,2025-11-08,4103.95,15,16,40054.59,2503.411875,11,4,0.3636,0.8182,3,6988.44,0.174473,1
d43f718e-430a-4ad5-9290-4445342beb7d,27415395-c694-42d4-a2b5-04dfddb578f5,2025-11-08,6305.36,15,6,10428.22,1738.036667,4,0,0.0000,0.0000,0,1859.52,0.178316,1
fa718ea1-c604-460d-8575-819c64adf990,46ced229-ee4c-418c-badd-2f91fc1ab760,2025-11-08,7983.84,30,3,11003.53,3667.843333,2,1,0.5000,0.5000,1,7997.34,0.726798,1
fc467a52-d19c-4983-bb1e-f9f72d6729dc,97a7e174-c5da-4d97-b94b-09d5f4788809,2025-11-08,2685.63,45,6,14556.24,2426.040000,2,0,0.0000,0.0000,0,10124.05,0.695513,1
1d985eda-2517-42ed-bf6f-ab09ccf1d2c8,744605d3-9330-457d-9c53-8b4b59950976,2025-11-09,6447.22,30,8,25174.57,3146.821250,4,2,0.5000,2.0000,7,13202.66,0.524444,0
3225a971-34c6-4564-934f-fdb8eb56673f,e05c9e8f-2852-4c9d-9c2a-756d89ba64a0,2025-11-09,2229.89,30,16,46001.66,2875.103750,12,5,0.4167,0.9167,3,15652.02,0.340249,1
52a570db-8ca0-430e-a389-b8e6fa83e706,505deb96-02b0-4484-ae43-533961fa661d,2025-11-09,4498.57,45,7,10780.02,1540.002857,7,2,0.2857,0.2857,1,0.00,0.000000,0
4b604fcb-8118-4012-80d1-c0841e6646f6,3907704e-d22a-40f9-9591-9c06dfc1b6d2,2025-11-10,1681.65,15,8,23162.21,2895.276250,4,2,0.5000,3.5000,13,10319.30,0.445523,1
6c2a469b-bb18-4c4b-82e4-3d253c49c278,6d07afb5-e45f-49c8-8fe6-ab313f89ab9c,2025-11-10,4442.78,30,14,48473.63,3462.402143,9,5,0.5556,1.3333,3,21875.14,0.451279,0
ad0c4d97-412a-4f3d-a301-7bfaf944d87c,6853ff18-9673-4369-b96a-eb7e1eb71169,2025-11-10,1457.87,30,6,20784.00,3464.000000,3,1,0.3333,0.6667,2,9295.13,0.447225,0
c6eff8af-5650-41df-82e8-09a7a4eb5216,e74c4bf9-90b2-4723-8b21-9af623c5b124,2025-11-10,4908.40,45,10,29670.94,2967.094000,7,1,0.1429,1.1429,8,13825.52,0.465962,1
d6a937fc-5343-4806-b299-e76894eef47a,00acfd4d-b8a4-441a-b965-3c900cea01a1,2025-11-10,961.55,30,7,35910.85,5130.121429,4,1,0.2500,1.0000,4,15001.69,0.417748,1
e23a8a46-156c-48ec-b924-f33f53f61986,6774c3a7-d951-43fa-9c75-eaca2ced5391,2025-11-10,403.59,30,9,21519.10,2391.011111,7,5,0.7143,2.4286,10,7296.87,0.339088,0
f24889fe-1d8a-4a43-acc1-a7b1a50f697c,73c3d633-4b34-49ad-a380-07fa31442bd6,2025-11-10,2671.47,30,3,5099.41,1699.803333,3,1,0.3333,0.3333,1,0.00,0.000000,1
54a9692c-5fcb-47b9-a357-09adb0401b74,403ba4f6-3b05-4fb0-9c95-6068878e01b1,2025-11-11,1735.95,30,13,52802.24,4061.710769,10,3,0.3000,1.9000,14,7287.34,0.138012,1
56ff8ca3-9fe5-4af1-9668-84ce138b3fcd,505deb96-02b0-4484-ae43-533961fa661d,2025-11-11,2517.56,45,8,15278.59,1909.823750,7,2,0.2857,0.2857,1,4498.57,0.294436,0
9dab9dde-73b0-40bf-b2fe-5aa761377e44,027e2c71-76f6-44d8-b214-51097fc3e605,2025-11-11,1242.86,15,9,23627.98,2625.331111,8,3,0.3750,1.3750,8,6678.69,0.282660,1
b46ad576-10a9-43e3-90ab-880e9ca96832,744605d3-9330-457d-9c53-8b4b59950976,2025-11-11,2160.32,30,9,31621.79,3513.532222,4,2,0.5000,2.0000,7,19649.88,0.621403,0
b6e56bd8-a25f-466d-be54-c7edf5908495,3da770f9-a532-48df-a2e4-cf550c263161,2025-11-11,1107.54,30,8,30248.12,3781.015000,6,1,0.1667,2.0000,12,6495.70,0.214747,0
f5992c9e-8bec-4937-9c8a-18b45686a553,556c3740-52fd-4022-8755-b92b9fa5342d,2025-11-11,3143.11,45,6,23636.34,3939.390000,4,4,1.0000,2.2500,3,9815.67,0.415279,0
061256d5-5272-4e05-877b-f3d6d2bc4b99,3773055e-a1f8-4fba-8846-a4b4eca5c2b7,2025-11-12,1840.65,45,5,16269.52,3253.904000,4,3,0.7500,1.7500,4,9343.12,0.574271,0
1cc90070-b980-4d0e-883f-ee79b50ef447,7010920b-f9d5-4e97-9d6a-a57cfe832fad,2025-11-12,8679.78,45,6,14307.12,2384.520000,2,1,0.5000,0.5000,1,10964.42,0.766361,1
3612778d-3870-4b44-a007-bc1fd340b5ba,ecee2fcb-7259-46bb-a6a3-c2683069ec25,2025-11-12,5815.48,30,5,11389.95,2277.990000,3,1,0.3333,1.0000,3,1800.18,0.158050,0
9eee4757-b04b-4a15-909d-49a9ba553ca5,45b35575-e766-4b46-861c-910c86237813,2025-11-12,847.10,15,13,29467.55,2266.734615,9,4,0.4444,2.0000,10,14396.11,0.488541,1
aa4e65ee-0ce2-46b8-84ab-9e99798c3fd7,41cc51fc-74f3-43aa-b9e8-c4269becb375,2025-11-12,925.06,45,5,21004.03,4200.806000,4,2,0.5000,4.0000,15,5537.68,0.263648,1
ca3285be-2a60-4dd2-a535-38910bcd3c58,cbf3e2e4-9c43-4976-afaa-bc231bff129c,2025-11-12,6286.21,45,6,17910.63,2985.105000,5,5,1.0000,9.4000,15,5298.22,0.295814,1
d4b64155-5143-4b0b-87e7-0df946d3a459,dc32c9bc-f5b1-425c-b068-0f753d9baf2f,2025-11-12,615.97,30,5,10902.31,2180.462000,3,2,0.6667,3.3333,7,8264.06,0.758010,1
04b2ef6c-a2a9-492b-80a4-6042fe425f22,0915900f-d22e-42b0-8e9e-810e55498a13,2025-11-13,1705.63,15,18,49775.33,2765.296111,18,6,0.3333,1.3333,11,0.00,0.000000,1
37ee6e9c-df3c-4f9c-a7df-d4f59246decd,45b35575-e766-4b46-861c-910c86237813,2025-11-13,6247.28,15,14,30314.65,2165.332143,9,4,0.4444,2.0000,10,15243.21,0.502833,0
3bef3313-f3ae-4568-8878-921e376caeaf,48871682-8627-402c-b359-46e536c8c5f8,2025-11-13,2983.67,45,3,7450.15,2483.383333,2,0,0.0000,0.0000,0,5289.06,0.709927,0
437cd38b-06ed-407f-86e4-115e27d52c7c,9013910b-257e-462f-8142-555578e385a5,2025-11-13,4857.00,45,7,26804.65,3829.235714,6,6,1.0000,6.8333,14,2943.45,0.109811,1
518721d2-f1d0-42ff-a00b-fd13843f9d49,b247c235-943b-4c46-91c2-168e86d26161,2025-11-13,2671.47,45,10,7780.95,778.095000,6,3,0.5000,0.6667,2,4047.42,0.520170,0
53ed3b5e-9ba2-4534-a474-1a1492bfe9c2,ba0a6120-4b67-4e2b-b2c4-9036a195b99a,2025-11-13,1495.22,45,3,5152.27,1717.423333,3,1,0.3333,0.6667,2,0.00,0.000000,0
79088b6c-edbf-436c-8b95-ce2a4004d7ec,97a7e174-c5da-4d97-b94b-09d5f4788809,2025-11-13,185.01,45,7,17241.87,2463.124286,2,0,0.0000,0.0000,0,12809.68,0.742940,1
8b85f927-fb1d-4008-bba6-e319468e9ef1,744605d3-9330-457d-9c53-8b4b59950976,2025-11-13,11424.37,30,10,33782.11,3378.211000,4,2,0.5000,2.0000,7,21810.20,0.645614,0
969c58b1-6ef0-4262-a233-daa94d2e7f37,82241b4b-7959-4079-9369-bbfcffcbc453,2025-11-13,8153.15,30,10,30709.68,3070.968000,8,1,0.1250,1.3750,11,10942.85,0.356332,1
09089fa5-c17d-40b1-9638-1743ad4bfdb9,51833259-a233-414c-85fb-6ed59e50dfed,2025-11-14,7087.86,30,10,29957.92,2995.792000,9,6,0.6667,1.8889,6,4947.18,0.165138,1
3355d65c-aad7-4a30-bb57-4ec420a3aa56,34fc1ab3-f5c6-4545-9ba9-158e780f74bd,2025-11-14,809.34,45,3,7819.81,2606.603333,3,0,0.0000,0.0000,0,0.00,0.000000,0
64e5e6aa-1049-4bec-a557-85d5485f1438,556c3740-52fd-4022-8755-b92b9fa5342d,2025-11-14,772.25,45,7,26779.45,3825.635714,4,4,1.0000,2.2500,3,12958.78,0.483908,0
ce5e0933-6018-47b0-b50d-157edeebf947,3d036612-3ff3-451e-a921-d163e55b4c30,2025-11-14,6214.66,30,7,15942.15,2277.450000,5,4,0.8000,4.0000,9,6381.69,0.400303,1
0bec6388-b835-4978-9459-ca7433aaf04a,fc90d768-4902-4267-aee4-185b5584cee7,2025-11-15,4548.36,30,11,26999.45,2454.495455,10,4,0.4000,1.9000,15,1573.27,0.058270,0
2ca134e2-1331-440c-ad00-a975c9c38d24,34f539cb-584e-4259-ac9f-44e6d5484ebf,2025-11-15,3575.73,15,10,34442.82,3444.282000,9,4,0.4444,1.6667,10,5980.88,0.173647,1
3a31491c-9f21-4d7b-ba8b-39c2346ded5d,82d60e37-f049-4852-9464-c94b4e5c3244,2025-11-15,2316.76,30,8,12810.38,1601.297500,6,3,0.5000,2.0000,9,1146.84,0.089524,0
4cea06bd-1f95-4693-81ea-962e4f8a5689,03d535e6-bab9-4699-93ff-729d55e623f0,2025-11-15,3228.73,30,5,8499.90,1699.980000,4,3,0.7500,1.5000,3,1538.96,0.181056,1
739accc0-b9b5-42d6-b052-15239af0dfe3,bc2eaeff-d2cb-413b-8716-a7fa6d9507c2,2025-11-15,5663.76,15,11,25971.68,2361.061818,8,2,0.2500,1.3750,9,11317.62,0.435768,0
80d41767-ef0e-43ee-9297-1263d77f8feb,3907704e-d22a-40f9-9591-9c06dfc1b6d2,2025-11-15,219.35,15,9,24843.86,2760.428889,5,3,0.6000,3.2000,13,11711.76,0.471415,0
b1b42e4c-be9a-49d6-8f71-d9ca77f104b8,da7dbacc-46a8-44dc-b4c5-5e21bf437da6,2025-11-15,2522.78,30,16,39910.65,2494.415625,15,6,0.4000,3.3333,14,3763.91,0.094308,0
d2b6aca3-dbba-49c2-b15b-d27f6bb60621,229edd85-4113-4b2a-be5b-1cc986fd5173,2025-11-15,5760.72,30,9,22309.40,2478.822222,6,3,0.5000,1.8333,7,13933.03,0.624536,1
f16f081b-b374-470d-8c5f-eb87ceda0cc6,6dd97a45-7233-4f75-bf2b-a02f9e2403f5,2025-11-15,12311.72,30,5,18854.70,3770.940000,4,1,0.2500,0.7500,3,5835.22,0.309484,0
4027b498-6475-4985-85b7-186a9d0668bf,e408e6a2-589e-4b0f-a98f-6a5e0f9e9e53,2025-11-16,1308.71,45,6,9003.13,1500.521667,5,2,0.4000,3.6000,14,390.54,0.043378,1
6ae73f42-136c-47d3-afce-108357b83dc9,34f539cb-584e-4259-ac9f-44e6d5484ebf,2025-11-16,1744.94,15,11,38018.55,3456.231818,9,4,0.4444,1.6667,10,9556.61,0.251367,1
992cd4b4-b97b-4967-af00-1da1ddddaa4e,c9b37375-0f54-4110-983e-7b7635c1257f,2025-11-16,216.58,45,4,9754.17,2438.542500,3,1,0.3333,1.0000,3,765.03,0.078431,1
a3a2865b-dde0-4eef-b203-cdbbd46987ec,113fc32a-23b9-4b41-82f4-df6c2b1ae4ae,2025-11-16,4217.80,30,6,13155.06,2192.510000,6,3,0.5000,1.8333,5,0.00,0.000000,1
b26f15ca-0e1f-495c-a726-8b4c79aae9d5,bc2eaeff-d2cb-413b-8716-a7fa6d9507c2,2025-11-16,6279.98,15,12,31635.44,2636.286667,8,2,0.2500,1.3750,9,16981.38,0.536783,1
c7613c52-d6b4-4397-ba76-21d0e83da3c6,3cc7350b-72e0-4990-a2f4-79f0e19bfe72,2025-11-16,3690.57,15,17,44158.54,2597.561176,11,4,0.3636,0.8182,3,11092.39,0.251195,1
e4ac0ba9-84d5-401c-ae92-55d533055fc5,614d73fd-8846-4895-a773-7898e1678216,2025-11-16,1157.02,30,4,6227.42,1556.855000,4,1,0.2500,3.7500,15,0.00,0.000000,0
04b73dad-1ece-4bac-aa33-4a6e1fb10a1d,18f1b310-96f4-4c2e-b99b-5b091b3e0999,2025-11-17,5847.02,45,5,19260.04,3852.008000,3,0,0.0000,0.0000,0,4258.90,0.221126,0
387e5e7f-b35d-4803-bcf4-c442b7d4efce,7010920b-f9d5-4e97-9d6a-a57cfe832fad,2025-11-17,2485.73,45,7,22986.90,3283.842857,4,1,0.2500,0.2500,1,13554.85,0.589677,0
3a0c455c-d82e-4cc7-81bb-9b25f70ee61e,529b58fc-1d6b-4a46-bcf3-bd50c058a284,2025-11-17,931.62,15,6,21344.19,3557.365000,3,2,0.6667,4.0000,10,12850.52,0.602062,1
64a9e5fa-5f7e-4831-ac39-19893fb2402e,d929f86f-98cb-4302-a254-db21f53e0255,2025-11-17,4103.95,30,3,18490.50,6163.500000,2,1,0.5000,2.5000,5,8746.19,0.473010,0
611061cb-f92d-4b1d-85d2-66f547fd1eb8,05f197bf-0bdd-44a5-84bb-1878a08666b6,2025-11-18,1405.71,15,11,29511.48,2682.861818,9,4,0.4444,2.2222,12,8442.42,0.286072,0
c21f032f-1898-45ec-9f51-d1bd4b67ddfe,87b06d02-c4e0-4e44-a8d4-a21cdc592676,2025-11-18,5828.39,15,4,6761.42,1690.355000,3,2,0.6667,2.3333,4,1052.45,0.155655,1
e36869a5-971e-431f-8938-e2f86d6adbfa,b8bfbbb5-a5a0-4d3d-905f-57ced220ffd3,2025-11-18,1196.32,30,5,12797.84,2559.568000,4,2,0.5000,0.7500,2,8885.57,0.694302,1
387d5778-3099-4bca-9a74-57a13ff6ef65,a9a14d19-86ba-40be-883c-0be4db2e7555,2025-11-19,2160.32,15,5,18273.63,3654.726000,5,1,0.2000,0.4000,2,0.00,0.000000,0
5b5d4f84-1cca-42d2-9a13-c26052fe61f0,13d8502b-672a-495d-a3f4-30157008db99,2025-11-19,8014.43,15,3,5272.92,1757.640000,3,2,0.6667,1.3333,3,0.00,0.000000,0
6a87551d-625d-4360-8063-bbca589a5b25,6fb7d847-f44b-41dc-a325-7b26c61cbc96,2025-11-19,4660.99,45,13,40169.66,3089.973846,9,3,0.3333,2.1111,10,16341.12,0.406803,1
81341a60-d61b-4627-b412-526006b793ca,86ab916f-9734-41f0-b5c0-9bbc082b3251,2025-11-19,2242.20,30,14,39908.53,2850.609286,14,5,0.3571,1.2143,10,0.00,0.000000,1
8975b177-439b-480c-946b-2be71d8cf73c,ed2171b1-c19b-4e0d-8734-299f1f997a16,2025-11-19,11340.57,15,6,18352.30,3058.716667,6,5,0.8333,11.0000,23,0.00,0.000000,1
8d51aa64-790d-47c4-9b59-0af7049619ce,79ce75bd-e156-4762-a109-91880fa27abc,2025-11-19,707.97,45,12,27241.72,2270.143333,8,1,0.1250,0.7500,6,8291.48,0.304367,1
c47ca01e-3ada-4066-9fd4-104a77d6623b,40abd3f4-34c6-407b-8dfe-8ff445cce235,2025-11-19,1064.71,15,4,10326.02,2581.505000,4,2,0.5000,0.5000,1,0.00,0.000000,1
ea46edbc-ba3f-4f1f-868f-3aabaa2626a7,3907704e-d22a-40f9-9591-9c06dfc1b6d2,2025-11-19,2186.80,15,10,25063.21,2506.321000,5,3,0.6000,3.2000,13,11931.11,0.476041,1
33cd6366-11a9-4254-898d-486a488534f3,4f4f2ef2-6350-45b8-af19-6bd90adfc454,2025-11-20,1309.97,15,12,24167.89,2013.990833,11,4,0.3636,1.3636,10,152.09,0.006293,0
44a5548c-2928-4b55-bdb5-d14837a2723b,a69011f4-c3f9-4f91-92f2-3df9072b53e7,2025-11-20,1614.36,15,13,26261.82,2020.140000,11,2,0.1818,0.2727,2,5171.11,0.196906,0
ae9c78a5-9022-4a50-9624-d1fe0d54d4f3,e51c365e-179f-4c2e-92f5-bc4c2fc6282a,2025-11-20,10512.50,30,12,24445.15,2037.095833,10,5,0.5000,1.4000,6,4142.88,0.169477,0
e99a192e-f118-42a5-a0ee-3513ccb11d58,3cc7350b-72e0-4990-a2f4-79f0e19bfe72,2025-11-20,8825.59,15,18,47849.11,2658.283889,12,4,0.3333,0.7500,3,10924.92,0.228320,0
f1e5dc12-29ad-4be5-8c48-11978a7d1c1a,9cbf413a-a00b-482b-9441-e8fce7668a2e,2025-11-20,3060.10,45,13,40653.93,3127.225385,9,1,0.1111,0.3333,3,16691.18,0.410567,0
1e980ddb-330e-4637-87db-fdbf1af7cb11,1a467aee-8d4c-4127-8afb-fde18c339771,2025-11-21,7703.31,30,5,6882.80,1376.560000,4,1,0.2500,0.5000,2,1399.30,0.203304,1
25e44946-4336-42c3-816f-09ffa67c9107,6d07afb5-e45f-49c8-8fe6-ab313f89ab9c,2025-11-21,4569.90,30,15,52916.41,3527.760667,9,5,0.5556,1.3333,3,26317.92,0.497349,0
2b3942b2-8b30-456a-b35c-753cf9c4242b,113fc32a-23b9-4b41-82f4-df6c2b1ae4ae,2025-11-21,3055.33,30,7,17372.86,2481.837143,6,3,0.5000,1.8333,5,4217.80,0.242781,0
3348286b-f128-4b3b-b02d-fe35b38f118d,0833337f-d730-49c9-98d3-adc98d0ffdd5,2025-11-21,508.26,30,4,6867.55,1716.887500,3,3,1.0000,15.0000,29,1776.05,0.258615,1
3383884a-77cf-424c-99a1-9da1fc43840d,eb632b3d-7715-4810-ac99-01c19831c220,2025-11-21,4076.57,30,4,9606.98,2401.745000,4,1,0.2500,0.7500,3,0.00,0.000000,0
6c5ac99b-d7f2-49e5-b983-17582a6eeaf2,34a16a66-821a-489f-8fc2-67d38c8256d4,2025-11-21,4181.21,15,4,16203.81,4050.952500,4,3,0.7500,1.5000,3,0.00,0.000000,0
de40d243-ecf6-4431-b875-fee765f65956,fc90d768-4902-4267-aee4-185b5584cee7,2025-11-21,1754.75,30,12,31547.81,2628.984167,10,4,0.4000,1.9000,15,6121.63,0.194043,0
2ed09010-a586-4772-81a1-b455b2a1bad2,c3bc5bb3-aee9-4150-b36a-c89a22162e7d,2025-11-22,7129.12,45,11,28919.03,2629.002727,7,6,0.8571,3.1429,9,11812.62,0.408472,1
831c29e0-71de-4980-8d91-3b42c3c9479a,556c3740-52fd-4022-8755-b92b9fa5342d,2025-11-22,2108.90,45,8,27551.70,3443.962500,4,4,1.0000,2.2500,3,13731.03,0.498373,1
91d4069d-9485-4155-85eb-7c391e89001c,31e4bcb5-1a69-45eb-a2c7-5bfa73cdfca1,2025-11-22,1026.63,15,16,36567.19,2285.449375,15,8,0.5333,1.0000,3,3322.71,0.090866,0
9cd3a739-4100-4208-b0c0-9b3f4c0fbf43,6272b3b9-197b-4be0-bf82-5b6e74a51d18,2025-11-22,5760.72,30,4,15615.03,3903.757500,4,1,0.2500,0.2500,1,0.00,0.000000,1
c45cb9da-3b6c-4cab-bbfa-184545df3f85,bc2eaeff-d2cb-413b-8716-a7fa6d9507c2,2025-11-22,1137.09,15,13,37915.42,2916.570769,8,2,0.2500,1.3750,9,23261.36,0.613507,1
c8661ff5-235c-43cd-a374-bc23430381f9,b4a140af-8af0-4074-8c4e-f1e587fff314,2025-11-22,9996.33,45,12,42379.80,3531.650000,8,4,0.5000,1.2500,3,13347.65,0.314953,1
ce4fbd9e-0bf8-41bd-bae6-915913612f56,9b131352-2e3f-4966-865e-a01b50bde6e5,2025-11-22,5040.63,30,7,14396.97,2056.710000,6,0,0.0000,0.0000,0,5767.57,0.400610,1
21869d31-b5cf-4980-96aa-24396e077e51,d5bde5d5-ffb3-40af-bfb0-e1fbc0fc8ac6,2025-11-23,2923.50,30,5,22253.45,4450.690000,5,5,1.0000,8.0000,17,0.00,0.000000,1
36a51e24-5c39-4ab9-ad1a-1e65221e5131,1c22a6c4-3de0-4f96-b62a-3a6edbbaf732,2025-11-23,6843.29,30,14,24490.73,1749.337857,11,6,0.5455,1.9091,9,3813.28,0.155703,0
3b282110-f3d7-46d8-9b4a-6c1a1fad1ab3,41cc51fc-74f3-43aa-b9e8-c4269becb375,2025-11-23,11340.57,45,6,21929.09,3654.848333,4,2,0.5000,4.0000,15,6462.74,0.294711,1
51e9672e-ac9a-4ec5-a336-e4eed3362829,066b0bf5-5f5a-4c95-a709-b1fc1d059f94,2025-11-23,4800.21,45,10,32368.23,3236.823000,9,3,0.3333,0.5556,3,2923.50,0.090320,1
716c8bfa-fd44-4fa0-b188-e405d0b6e061,d929f86f-98cb-4302-a254-db21f53e0255,2025-11-23,3824.56,30,4,22594.45,5648.612500,2,1,0.5000,2.5000,5,8039.74,0.355828,0
8e8c630b-e2e9-45c8-a53d-16b36c7529ed,2fdb2470-7bb8-4ff4-90ef-b13139714701,2025-11-23,12893.92,15,3,4824.79,1608.263333,3,2,0.6667,5.3333,15,0.00,0.000000,1
9e81568c-059f-4b1f-aed8-12302199e9d9,b247c235-943b-4c46-91c2-168e86d26161,2025-11-23,1681.65,45,11,10452.42,950.220000,6,3,0.5000,0.6667,2,6718.89,0.642807,0
9e8cd5b7-225e-4f43-a35c-45339797fc95,1c22a6c4-3de0-4f96-b62a-3a6edbbaf732,2025-11-23,1416.33,30,14,24490.73,1749.337857,11,6,0.5455,1.9091,9,3813.28,0.155703,1
da2104f5-88df-4c42-94fe-78df85e60057,ec0b1685-64bd-41e0-8aa1-e25e3abe480b,2025-11-23,893.93,45,4,15540.99,3885.247500,4,2,0.5000,4.7500,16,0.00,0.000000,1
e0731c7e-a072-4b1f-860f-d625ca489676,b88b94e7-2bbd-4939-98cc-217258c364d3,2025-11-23,4004.20,15,5,11273.85,2254.770000,4,1,0.2500,0.2500,1,172.57,0.015307,1
2b2d5999-47c4-46e3-95d3-9032985a1f95,403ba4f6-3b05-4fb0-9c95-6068878e01b1,2025-11-24,12432.40,30,14,54538.19,3895.585000,11,3,0.2727,1.7273,14,8345.61,0.153023,0
3178ce5c-e051-4327-9773-e3be19dc4719,614d73fd-8846-4895-a773-7898e1678216,2025-11-24,3748.55,30,5,7384.44,1476.888000,4,1,0.2500,3.7500,15,1157.02,0.156684,0
706521f0-3700-4d93-a45c-ef871d1471e4,48871682-8627-402c-b359-46e536c8c5f8,2025-11-24,1242.02,45,4,10433.82,2608.455000,2,0,0.0000,0.0000,0,8272.73,0.792876,0
826fda1a-a073-495e-ac19-e4171c1c42d3,ecee2fcb-7259-46bb-a6a3-c2683069ec25,2025-11-24,3884.16,30,6,17205.43,2867.571667,3,1,0.3333,1.0000,3,7615.66,0.442631,1
9ca71782-2400-481d-8f53-9329cc1ef1eb,1fff1144-0a72-44bd-ae41-900fd84b9dec,2025-11-24,7112.81,30,5,27375.38,5475.076000,5,1,0.2000,0.6000,3,0.00,0.000000,0
23e40c8b-9556-4e6f-9070-4ad41021d18a,d1907207-2f2d-4486-87e7-7b004fd2fab1,2025-11-25,932.91,30,8,26868.00,3358.500000,7,4,0.5714,0.8571,3,2215.14,0.082445,1
2f976c51-92c7-4e42-a92e-83f6d5dd4617,d3ceae53-5516-4152-a247-d101c45a4912,2025-11-25,11380.49,30,8,18904.75,2363.093750,6,2,0.3333,0.6667,2,3889.88,0.205762,0
3a1536c7-f3c7-48a8-86e3-9496bf05b945,43b1d0a0-404f-48c8-96ee-46291e3ceaa3,2025-11-25,5040.63,15,5,8260.18,1652.036000,3,1,0.3333,4.6667,14,2158.09,0.261264,0
4896a3c4-c205-42af-bba1-87ef9d0c7904,229edd85-4113-4b2a-be5b-1cc986fd5173,2025-11-25,5710.59,30,10,28070.12,2807.012000,6,3,0.5000,1.8333,7,19693.75,0.701591,0
4b058429-5cd4-4345-9f3b-186800164940,b4a140af-8af0-4074-8c4e-f1e587fff314,2025-11-25,560.40,45,13,52376.13,4028.933077,8,4,0.5000,1.2500,3,23343.98,0.445699,0
51622c10-ff20-47b1-a4ab-223114d99945,6fb7d847-f44b-41dc-a325-7b26c61cbc96,2025-11-25,9996.33,45,14,44830.65,3202.189286,10,3,0.3000,1.9000,10,15289.72,0.341055,0
60221dfe-de22-4472-9416-3f1d83b9b158,8b278dae-e043-44f3-a5f0-8466df24d3a2,2025-11-25,1945.18,30,10,12854.21,1285.421000,9,4,0.4444,1.4444,6,3077.93,0.239449,1
a67c7cc6-797a-4682-b9f5-653af89f1488,1948ea27-1b6a-4dd3-8c99-b399dcf88ed3,2025-11-25,1618.67,30,8,23854.13,2981.766250,8,3,0.3750,2.3750,10,0.00,0.000000,1
be8cbdb6-e53b-4956-9e4a-1a82a7aef786,5a2542d2-8392-4c53-bbf2-259d1b7de2ba,2025-11-25,4442.78,30,9,23581.96,2620.217778,9,9,1.0000,13.4444,20,0.00,0.000000,0
d07d5c6b-43ba-4788-8716-ac18aad4c8cb,a69011f4-c3f9-4f91-92f2-3df9072b53e7,2025-11-25,3893.30,15,14,27876.18,1991.155714,12,3,0.2500,0.5000,3,3036.92,0.108943,1
d2ffb9ea-871f-4630-9d58-df9b06d27952,e223a14f-9752-4dfc-b998-04cfae44ca10,2025-11-25,8346.29,30,13,31837.61,2449.046923,13,6,0.4615,0.8462,3,0.00,0.000000,0
234cf455-59e1-44d7-9943-31a218c389cd,614d73fd-8846-4895-a773-7898e1678216,2025-11-26,6984.87,30,6,11132.99,1855.498333,4,1,0.2500,3.7500,15,4905.57,0.440634,1
3eb2873e-fc1d-4ffa-a286-af1db7f16ed2,c7af740f-1d7a-4321-9d3e-ec9107c05254,2025-11-26,3143.11,15,7,15839.27,2262.752857,6,3,0.5000,1.0000,3,232.79,0.014697,0
5d06ef2c-27c3-47fe-9220-fdafa848624f,7b3011de-1fd5-49d7-8cd0-565a3af5b5da,2025-11-26,167.87,30,9,17203.36,1911.484444,8,5,0.6250,2.0000,9,276.74,0.016086,1
87f351a6-10ad-4cfb-857d-5c9c4a276895,0443c1b9-9e56-4bed-b673-1441efe40f38,2025-11-26,9478.86,15,3,3533.17,1177.723333,2,1,0.5000,1.0000,2,581.96,0.164713,1
8a5d08b5-1987-49ca-b29e-fa44cde2643b,911f8116-248a-4e3d-afb4-62a632746852,2025-11-26,6770.62,30,20,34503.43,1725.171500,17,7,0.4118,1.3529,10,2061.53,0.059749,0
cf095a6c-9eef-48c6-961c-f97473fd515e,03d535e6-bab9-4699-93ff-729d55e623f0,2025-11-26,275.09,30,6,11728.63,1954.771667,4,3,0.7500,1.5000,3,4767.69,0.406500,1
dd585056-996b-4f5a-802e-c82ccdf5dc41,3b80de3a-118c-4393-9d4e-1994031e22b9,2025-11-26,1513.07,15,4,5854.61,1463.652500,4,2,0.5000,0.7500,2,0.00,0.000000,0
e4e5d9f1-f619-4964-a69a-fec48f349680,0b94772b-0571-4308-92cc-ac6baf2ac02b,2025-11-26,3681.30,45,6,30001.15,5000.191667,4,0,0.0000,0.0000,0,10582.61,0.352740,0
c2c18ea8-73e4-4686-9118-09128b9dce7f,51833259-a233-414c-85fb-6ed59e50dfed,2025-11-27,3337.11,30,11,37045.78,3367.798182,9,6,0.6667,1.8889,6,12035.04,0.324869,0
d6ce9299-405e-4483-acdd-54c79a4ecd84,31e4bcb5-1a69-45eb-a2c7-5bfa73cdfca1,2025-11-27,942.78,15,17,37593.82,2211.401176,15,8,0.5333,1.0000,3,4349.34,0.115693,1
dbdff0c6-e4e0-4c33-87cd-8c7b1fe2c470,60fc3a69-d7a0-4445-b08b-d165e0bc4928,2025-11-27,5400.82,30,3,7470.11,2490.036667,3,3,1.0000,9.0000,13,0.00,0.000000,1
f42f7483-4a33-4af0-ba56-68a7b37f4ee7,229edd85-4113-4b2a-be5b-1cc986fd5173,2025-11-27,1917.26,30,11,33780.71,3070.973636,6,3,0.5000,1.8333,7,25404.34,0.752037,0
08a7ee77-b235-4b5f-96e4-285cee8da5e2,3378475b-b350-4593-9546-01468d85dcd8,2025-11-28,2916.51,30,6,7727.72,1287.953333,6,1,0.1667,0.5000,3,0.00,0.000000,1
11c9fe52-6591-42d3-841b-7c67fe586d06,79ce75bd-e156-4762-a109-91880fa27abc,2025-11-28,5835.53,45,13,27949.69,2149.976154,8,1,0.1250,0.7500,6,8999.45,0.321987,1
3f2af2ec-9d73-4436-badc-9d2dd0857fac,4f4f2ef2-6350-45b8-af19-6bd90adfc454,2025-11-28,4298.14,15,13,25477.86,1959.835385,11,4,0.3636,1.3636,10,1462.06,0.057386,0
5a4f1d8b-6f0a-42e4-adcf-fd2e0ba49b20,6fb7d847-f44b-41dc-a325-7b26c61cbc96,2025-11-28,12432.40,45,15,54826.98,3655.132000,10,3,0.3000,1.9000,10,25286.05,0.461197,0
6ee0ec22-e9a8-471b-b639-e0eb45e42210,ec0b1685-64bd-41e0-8aa1-e25e3abe480b,2025-11-28,2841.60,45,5,16434.92,3286.984000,4,2,0.5000,4.7500,16,893.93,0.054392,1
7746b1f8-e45b-4cd4-a73e-290facfd0268,18f1b310-96f4-4c2e-b99b-5b091b3e0999,2025-11-28,1571.56,45,6,25107.06,4184.510000,4,1,0.2500,3.7500,15,9859.24,0.392688,1
9d5e8964-1f8e-468b-b1dc-b699396f1155,fec6b81b-c723-45e8-a11f-75a4cb6a1381,2025-11-28,4498.57,30,12,26792.77,2232.730833,10,7,0.7000,5.9000,17,4596.81,0.171569,1
c280baff-6526-42b4-b010-8861943efa31,df5f2a94-fa46-46dc-b4fc-0a08486e8118,2025-11-28,186.80,30,4,12906.17,3226.542500,4,2,0.5000,0.7500,2,0.00,0.000000,1
ddca0d91-5c3a-4c9e-9e3b-4a739997f770,82241b4b-7959-4079-9369-bbfcffcbc453,2025-11-28,661.44,30,11,38862.83,3532.984545,9,1,0.1111,1.2222,11,18148.79,0.466996,0
e2423c33-8592-425f-aeca-fad8cdfbb605,54739a70-fe3b-45f0-b6da-5eb96fddebc6,2025-11-28,3890.36,30,13,38052.14,2927.087692,11,4,0.3636,0.6364,3,6719.56,0.176588,1
fea55a59-42d5-4b1a-8a69-235d667487cc,e9152f33-f58e-4690-a02f-18066572acda,2025-11-28,964.18,15,5,11650.87,2330.174000,4,2,0.5000,1.0000,3,756.54,0.064934,1
0c0a1e8a-f159-4d7a-baed-9a31ef3c3269,066b0bf5-5f5a-4c95-a709-b1fc1d059f94,2025-11-29,5645.87,45,11,37168.44,3378.949091,9,3,0.3333,0.5556,3,7723.71,0.207803,1
1e47fe16-24ed-46f4-8480-d912cea73851,fc625523-78f4-4bf4-920a-ec3d6bf61de9,2025-11-29,360.97,30,3,4540.13,1513.376667,3,1,0.3333,0.3333,1,0.00,0.000000,0
5f5b4282-a663-45b1-83a6-7df3e931a3ba,12be2694-e03e-4703-878e-8ce9ad582cf1,2025-11-29,3858.04,30,4,12398.63,3099.657500,3,1,0.3333,0.3333,1,3128.76,0.252347,0
cd235a23-5bad-4d75-b32d-67ba9fa67513,cb4bc77a-ba12-4fd1-b1f2-811b234a5c61,2025-11-29,6879.84,30,3,6855.75,2285.250000,2,2,1.0000,8.0000,15,4114.47,0.600149,0
ff026a8e-398b-49c1-8d7c-28928cd250a8,108df563-ddcd-4802-83f7-6f5da40664d0,2025-11-29,821.30,30,4,17166.64,4291.660000,3,0,0.0000,0.0000,0,2119.50,0.123466,0
11883c5b-b346-4de2-b7c2-6e8f1d565a63,2576b737-f022-4e9c-8640-a88226cea0ff,2025-11-30,3600.45,30,7,22037.26,3148.180000,6,3,0.5000,1.1667,3,1171.61,0.053165,1
1ca5d158-db8b-496c-ab5a-9f497a146ffb,49d4f65c-a7f6-423f-97b2-75571396471e,2025-11-30,1249.46,15,4,15726.10,3931.525000,3,2,0.6667,1.3333,3,4203.57,0.267299,0
1f6bac02-4a3f-42e9-a73f-64a26c58422a,1762b46f-b7ef-481c-9e0b-7e6d2033bcf4,2025-11-30,6446.96,15,13,33102.37,2546.336154,10,2,0.2000,0.3000,2,10214.56,0.308575,0
252889c9-eb05-48bd-9620-f4e62e8017ca,a955f9af-0de0-488d-9638-13b909991020,2025-11-30,4247.83,15,3,4718.18,1572.726667,3,2,0.6667,1.3333,2,0.00,0.000000,1
5c0e4127-649d-4feb-8c6d-c92fa1b32bd4,8daa11dd-d410-44bf-a0de-622a9ca7c78d,2025-11-30,4412.45,15,11,33144.34,3013.121818,10,4,0.4000,1.2000,4,627.48,0.018932,0
621dc1cf-ec1a-4db5-8ffb-a605dc1ec480,7b3011de-1fd5-49d7-8cd0-565a3af5b5da,2025-11-30,2484.06,30,10,17371.23,1737.123000,8,5,0.6250,2.0000,9,444.61,0.025595,1
6e388015-076e-4ea4-85af-6215e3a6c3f4,03d535e6-bab9-4699-93ff-729d55e623f0,2025-11-30,3973.66,30,7,12003.72,1714.817143,4,3,0.7500,1.5000,3,5042.78,0.420101,0
896f0f81-4cb1-4c34-85e8-c3fc823f8c49,7be8de25-a69e-4e0f-9ac9-cd6405a73f68,2025-11-30,1792.52,45,3,7625.86,2541.953333,2,1,0.5000,11.5000,23,271.30,0.035576,1
9dd491d9-a14b-4904-a175-fc0317a94306,78106c04-2615-4323-b215-3172fb34fc72,2025-11-30,8641.31,30,5,22773.94,4554.788000,3,2,0.6667,2.0000,3,8494.70,0.373001,1
da14710e-d726-41e8-be3e-eff8ec57b751,e223a14f-9752-4dfc-b998-04cfae44ca10,2025-11-30,7824.29,30,14,40183.90,2870.278571,13,6,0.4615,0.8462,3,8346.29,0.207702,0
000698d1-554e-40db-be11-73be0c9aa3bc,05f197bf-0bdd-44a5-84bb-1878a08666b6,2025-12-01,2782.10,15,12,30917.19,2576.432500,10,5,0.5000,2.1000,12,4283.93,0.138561,0
12a4d65b-da67-4084-b99e-d201c3b920f5,6d07afb5-e45f-49c8-8fe6-ab313f89ab9c,2025-12-01,560.55,30,16,57486.31,3592.894375,10,5,0.5000,1.2000,3,24093.53,0.419118,1
69f107f7-61c9-489a-99d6-dbe7055badab,d768ded2-0e1f-4338-a373-8cb12093b6b9,2025-12-01,9478.86,30,11,31756.44,2886.949091,7,5,0.7143,1.4286,3,10012.62,0.315294,0
6cc734a3-d455-4da1-b460-92e66622f35f,e74c4bf9-90b2-4723-8b21-9af623c5b124,2025-12-01,1874.27,45,11,34579.34,3143.576364,8,1,0.1250,1.0000,8,16225.20,0.469217,1
b198c828-df9d-4f2e-9b97-8e17688801d1,48689e01-09c4-46f3-9d8e-5d6c440e56cb,2025-12-01,517.70,30,3,4761.84,1587.280000,2,0,0.0000,0.0000,0,3060.10,0.642630,0
c71dd924-f983-4760-a64f-0153d0e13574,9cbf413a-a00b-482b-9441-e8fce7668a2e,2025-12-01,3355.19,45,14,43714.03,3122.430714,11,2,0.1818,1.0000,8,13953.53,0.319200,1
033bfe68-4a84-4453-b5fc-ce4d18a8dea2,79ce75bd-e156-4762-a109-91880fa27abc,2025-12-02,11340.57,45,14,33785.22,2413.230000,9,1,0.1111,0.6667,6,14268.03,0.422316,1
3cd1efad-be9b-4ac8-b69a-e6fcb9a7fa0e,73c3d633-4b34-49ad-a380-07fa31442bd6,2025-12-02,3163.35,30,4,7770.88,1942.720000,3,1,0.3333,0.3333,1,2671.47,0.343780,1
51c3bcf4-3b0c-4c01-b281-9e71178b2a61,9013910b-257e-462f-8142-555578e385a5,2025-12-02,3885.60,45,8,31661.65,3957.706250,6,6,1.0000,6.8333,14,7800.45,0.246369,0
636aac1f-d300-4c10-9f54-673da3ff3bcf,744605d3-9330-457d-9c53-8b4b59950976,2025-12-02,3885.60,30,11,45206.48,4109.680000,6,3,0.5000,1.5000,7,25132.50,0.555949,1
854de283-a83e-4a6e-9efe-92e8366ae208,d3ceae53-5516-4152-a247-d101c45a4912,2025-12-02,5967.34,30,9,30285.24,3365.026667,6,2,0.3333,0.6667,2,15270.37,0.504218,1
d8991efa-8d49-4f51-9d2f-ce8a0d4ee3a4,6774c3a7-d951-43fa-9c75-eaca2ced5391,2025-12-02,2281.09,30,10,21922.69,2192.269000,7,5,0.7143,2.4286,10,7700.46,0.351255,1
eacc499b-8866-4821-9fb1-25715fc73125,f311db56-da65-41a9-a889-888c821ca32c,2025-12-02,5437.82,30,4,5938.23,1484.557500,3,0,0.0000,0.0000,0,1349.88,0.227320,0
f0809d46-cf79-44df-8090-43d58de4829d,ff29a3b3-fb27-44ad-8dcc-9551fb3c7420,2025-12-02,2384.40,45,12,25756.42,2146.368333,11,5,0.4545,4.0909,14,2325.92,0.090304,0
1f720879-078f-46d9-8237-ec60aeea2816,3a4a12e8-a3c4-4fe3-a0bc-ed28dee70ff0,2025-12-03,1420.81,45,3,5742.41,1914.136667,2,2,1.0000,17.0000,20,199.38,0.034721,1
d0374b91-b90e-43a4-95f1-45ea9089884f,03d535e6-bab9-4699-93ff-729d55e623f0,2025-12-03,1140.55,30,8,15977.38,1997.172500,4,3,0.7500,1.5000,3,9016.44,0.564325,0
7a112998-425b-46ab-9cdd-ebd3ad0a1507,a955f9af-0de0-488d-9638-13b909991020,2025-12-04,4587.03,15,4,8966.01,2241.502500,3,2,0.6667,1.3333,2,4247.83,0.473770,1
9723fd26-ded4-432e-8bac-51c0027a4d9c,88f8cded-9e9f-4c71-9504-8cae260151bf,2025-12-04,2301.97,15,4,7469.54,1867.385000,4,2,0.5000,1.2500,3,0.00,0.000000,0
d2467e8d-9b1e-4b0b-85cc-77adec51fe15,b4a140af-8af0-4074-8c4e-f1e587fff314,2025-12-04,1420.81,45,14,52936.53,3781.180714,8,4,0.5000,1.2500,3,23904.38,0.451567,1
ecb274f1-6c43-465b-a9be-07345172758c,c3bc5bb3-aee9-4150-b36a-c89a22162e7d,2025-12-04,5588.78,45,12,36048.15,3004.012500,8,6,0.7500,2.7500,9,17856.55,0.495353,1
23b87f95-7163-4936-a8f8-95157bc58730,1fff1144-0a72-44bd-ae41-900fd84b9dec,2025-12-05,6447.22,30,6,34488.19,5748.031667,5,1,0.2000,0.6000,3,7112.81,0.206239,1
2a8778b1-0f6c-4c4e-a448-25d46e4ea721,556c3740-52fd-4022-8755-b92b9fa5342d,2025-12-05,2175.01,45,9,29660.60,3295.622222,6,4,0.6667,1.5000,3,6024.26,0.203106,0
6a73eb01-8e55-40be-87ab-dec015c4367c,5a60bb30-d49d-430c-b819-619528fa0373,2025-12-05,480.77,15,4,14170.10,3542.525000,4,1,0.2500,0.7500,3,0.00,0.000000,1
761b38be-3943-4ee5-b7c2-f0ca0e34713e,d3ceae53-5516-4152-a247-d101c45a4912,2025-12-05,4498.57,30,10,36252.58,3625.258000,6,2,0.3333,0.6667,2,21237.71,0.585826,1
7f3d8e68-18e2-4782-9912-0793b027c1d2,91f0a872-33ad-4dbe-9801-ac03b375f584,2025-12-05,398.77,30,7,19595.77,2799.395714,6,5,0.8333,1.8333,6,1977.38,0.100909,1
a560c5b6-07ff-43ff-b25a-7ac16ba18c5c,feb9f5f4-bed9-4b39-bb94-062fa9706005,2025-12-05,1538.96,45,8,33641.46,4205.182500,8,4,0.5000,0.6250,2,0.00,0.000000,0
b265d6a0-5168-4c13-980e-3acc099d7b22,d5bde5d5-ffb3-40af-bfb0-e1fbc0fc8ac6,2025-12-05,1140.55,30,6,25176.95,4196.158333,5,5,1.0000,8.0000,17,2923.50,0.116118,1
d58aeace-f2ea-4c3b-9636-eae6f80c9a83,f3d3da1e-a146-45f1-bea7-4e9b3d5e991e,2025-12-05,9524.24,30,3,13370.99,4456.996667,2,1,0.5000,0.5000,1,7780.71,0.581910,0
d64ccafb-1b3c-428a-b34c-12c0d0f79f45,a281fc1b-5e0e-400e-9760-0f4eecb192e1,2025-12-05,2898.06,30,7,19140.41,2734.344286,4,2,0.5000,2.0000,7,10397.16,0.543205,0
fed82e43-f776-4c4f-98b6-2f9dd9bd5fb7,28e3eb2f-4e60-491c-8ecf-9260a4a4ced4,2025-12-05,9922.99,45,15,57428.58,3828.572000,13,7,0.5385,2.1538,11,3494.13,0.060843,0
3f2a7d70-6f18-4c7d-829b-63cdc0b882b7,20791844-68d1-4c47-8940-96e45daf918f,2025-12-06,6530.39,30,12,32802.88,2733.573333,10,3,0.3000,0.7000,3,8713.21,0.265623,0
4145d129-ce70-46a8-bba3-8ea3bacccb11,8f10e8bf-c7a4-4bd6-93ce-4de936a938ef,2025-12-06,4993.45,45,5,15589.49,3117.898000,4,2,0.5000,1.0000,3,4590.15,0.294439,1
48129caf-e6b1-4c14-99a6-9a8dffd3d780,2576b737-f022-4e9c-8640-a88226cea0ff,2025-12-06,7824.29,30,8,25637.71,3204.713750,6,3,0.5000,1.1667,3,4772.06,0.186134,0
482e1e75-869d-4c19-88fb-54e565efb122,d2b88436-ba26-4efa-bc74-287512167c81,2025-12-06,13887.65,15,3,2847.93,949.310000,3,1,0.3333,4.0000,12,0.00,0.000000,1
59e3d1a1-0cd5-426f-a03b-59e418cb4b97,f201cdf9-cb7c-4b4b-8da0-68bccc439429,2025-12-06,964.18,15,7,21129.45,3018.492857,7,4,0.5714,4.0000,11,0.00,0.000000,1
8118252e-5421-426e-9739-4b1d9b3ad9a7,d768ded2-0e1f-4338-a373-8cb12093b6b9,2025-12-06,1899.07,30,12,41235.30,3436.275000,7,5,0.7143,1.4286,3,19491.48,0.472689,0
ae5f268c-6cc5-4bab-8635-2046345d546e,20791844-68d1-4c47-8940-96e45daf918f,2025-12-06,5528.82,30,12,32802.88,2733.573333,10,3,0.3000,0.7000,3,8713.21,0.265623,1
b792bf8a-e939-4ce3-8482-6bd4d5e14e9c,e74c4bf9-90b2-4723-8b21-9af623c5b124,2025-12-06,4181.21,45,12,36453.61,3037.800833,8,1,0.1250,1.0000,8,18099.47,0.496507,1
cae3181a-3e74-47a4-9235-e4f5c8d6ed3b,31e4bcb5-1a69-45eb-a2c7-5bfa73cdfca1,2025-12-06,1248.37,15,18,38536.60,2140.922222,16,8,0.5000,0.9375,3,4265.49,0.110687,1
f11164c4-1503-42de-892d-997d47e28f3d,c07f630a-a6d1-41a2-9f27-8f85f52260c4,2025-12-06,10832.99,30,10,28361.82,2836.182000,7,2,0.2857,0.8571,3,4997.27,0.176197,0
5286cb0d-2807-48d9-b577-86ca62ff935c,c07f630a-a6d1-41a2-9f27-8f85f52260c4,2025-12-07,12014.28,30,11,39194.81,3563.164545,7,2,0.2857,0.8571,3,15830.26,0.403887,1
7a7ea3d5-362c-4cb7-b6d7-972afbc87141,bc2eaeff-d2cb-413b-8716-a7fa6d9507c2,2025-12-07,11057.63,15,14,39052.51,2789.465000,9,2,0.2222,1.2222,9,18734.69,0.479731,0
92fbefa2-a4ac-4064-bba0-83b2af5c828e,05f197bf-0bdd-44a5-84bb-1878a08666b6,2025-12-07,3517.67,15,13,33699.29,2592.253077,11,5,0.4545,1.9091,12,5660.32,0.167966,0
2be51afd-599d-41d5-b44d-46386ab5b77d,28e3eb2f-4e60-491c-8ecf-9260a4a4ced4,2025-12-08,7308.78,45,16,67351.57,4209.473125,13,7,0.5385,2.1538,11,13417.12,0.199210,0
4a1d04d3-6083-4f6a-a33c-a683fae8b430,3773055e-a1f8-4fba-8846-a4b4eca5c2b7,2025-12-08,1440.18,45,6,18110.17,3018.361667,5,3,0.6000,1.4000,4,1840.65,0.101636,0
55992af7-f433-4704-a45e-4938d6179a7d,05f197bf-0bdd-44a5-84bb-1878a08666b6,2025-12-08,3139.99,15,14,37216.96,2658.354286,11,5,0.4545,1.9091,12,9177.99,0.246608,1
6cf8e17f-ef63-41aa-8bfb-ed75c3e8b8a7,32ab5f7d-2c86-49a3-b8c6-009538e6624d,2025-12-08,4153.92,30,8,24881.80,3110.225000,6,4,0.6667,3.8333,16,2319.08,0.093204,0
72c108e7-a407-4cfb-a060-fb470a7c882c,e223a14f-9752-4dfc-b998-04cfae44ca10,2025-12-08,9453.06,30,15,48008.19,3200.546000,13,6,0.4615,0.8462,3,16170.58,0.336830,0
860e1157-09e9-41c4-b6a4-e76005dbaac5,88f8cded-9e9f-4c71-9504-8cae260151bf,2025-12-08,144.39,15,5,9771.51,1954.302000,4,2,0.5000,1.2500,3,2301.97,0.235580,0
9f158ef5-8c70-47dc-a7c4-de153a3f2586,8daa11dd-d410-44bf-a0de-622a9ca7c78d,2025-12-08,4004.20,15,12,37556.79,3129.732500,10,4,0.4000,1.2000,4,5039.93,0.134195,1
bcb65408-99b1-4c7d-a18f-469a3be09adc,3b80de3a-118c-4393-9d4e-1994031e22b9,2025-12-08,2841.60,15,5,7367.68,1473.536000,4,2,0.5000,0.7500,2,1513.07,0.205366,0
d18f42a4-d15d-436f-a93c-34f37728f860,7010920b-f9d5-4e97-9d6a-a57cfe832fad,2025-12-08,5980.88,45,8,25472.63,3184.078750,5,1,0.2000,0.2000,1,15369.08,0.603357,0
17b6a8cb-1394-4949-bca5-ec7623bb8c91,c3bc5bb3-aee9-4150-b36a-c89a22162e7d,2025-12-09,934.00,45,13,41636.93,3202.840769,9,7,0.7778,2.6667,9,21060.93,0.505823,0
205600c3-badd-40eb-af70-273e5be1b5c1,5772f550-5886-44ab-b618-cc525d22c053,2025-12-09,5485.96,30,13,44888.90,3452.992308,10,5,0.5000,2.1000,8,12553.59,0.279659,0
305658a7-b517-4301-bec1-49a25b179979,c3bc5bb3-aee9-4150-b36a-c89a22162e7d,2025-12-09,185.01,45,13,41636.93,3202.840769,9,7,0.7778,2.6667,9,21060.93,0.505823,1
4589ed80-d284-4ce6-ab24-64cd41ef915e,9b131352-2e3f-4966-865e-a01b50bde6e5,2025-12-09,360.97,30,8,19437.60,2429.700000,6,0,0.0000,0.0000,0,10808.20,0.556046,0
4fef53c1-9c5f-4f86-9e4b-4bcd7a77fbb1,f3d3da1e-a146-45f1-bea7-4e9b3d5e991e,2025-12-09,3309.59,30,4,22895.23,5723.807500,2,1,0.5000,0.5000,1,17304.95,0.755832,0
55dd3f92-6bca-4872-895f-3d094942742d,43b1d0a0-404f-48c8-96ee-46291e3ceaa3,2025-12-09,2101.79,15,6,13300.81,2216.801667,4,1,0.2500,3.5000,14,2158.09,0.162253,0
a9022d57-e495-4c09-b5cd-fce02db91a3c,f6a6bafb-8098-4f2d-ae6d-689b77c84f2b,2025-12-09,3788.81,30,3,8560.37,2853.456667,3,1,0.3333,1.0000,3,0.00,0.000000,1
cdd36dfc-7d03-417b-b644-b61ca4fdd5d4,34fc1ab3-f5c6-4545-9ba9-158e780f74bd,2025-12-09,404.67,45,4,8629.15,2157.287500,3,0,0.0000,0.0000,0,809.34,0.093791,0
e8345511-ce90-408f-b19e-b526e36017c2,db49dbe2-b046-4b0c-8d11-6e496b852270,2025-12-09,1172.56,30,19,69520.43,3658.970000,17,8,0.4706,1.7647,12,9343.51,0.134399,1
e8a55d16-a19c-4cf0-a9c0-78cd6a447a85,456196a3-f5fd-4769-85c9-fe12f73de5b9,2025-12-09,1495.22,15,7,14716.97,2102.424286,6,1,0.1667,0.1667,1,1285.89,0.087375,0
0a438b21-9a5e-4c21-9e41-f9b65ef07a08,1fff1144-0a72-44bd-ae41-900fd84b9dec,2025-12-10,6293.91,30,7,40935.41,5847.915714,5,1,0.2000,0.6000,3,13560.03,0.331254,0
302ba45f-0311-4e1e-a30f-06e849e7a869,ec0b1685-64bd-41e0-8aa1-e25e3abe480b,2025-12-10,5298.22,45,6,19276.52,3212.753333,4,2,0.5000,4.7500,16,3735.53,0.193787,0
3c0aedec-348c-4165-bebe-6e6f86ae8651,614d73fd-8846-4895-a773-7898e1678216,2025-12-10,3279.98,30,7,18117.86,2588.265714,4,1,0.2500,3.7500,15,11890.44,0.656283,0
3f29602d-e58e-4038-8448-b91d658d3f2b,b21eb80b-84a0-490b-abcb-151568e54d64,2025-12-10,2229.89,30,5,18491.26,3698.252000,5,0,0.0000,0.0000,0,0.00,0.000000,0
623ce245-07fb-4507-9695-61dcec94af91,97c341f3-26c0-47ee-949b-ec2349709b82,2025-12-10,6480.98,30,8,24537.88,3067.235000,6,3,0.5000,2.0000,9,3370.51,0.137359,0
8432117b-fbfe-4ab9-8b25-b15617cb1404,744605d3-9330-457d-9c53-8b4b59950976,2025-12-10,385.68,30,12,49092.08,4091.006667,8,3,0.3750,1.1250,7,14127.16,0.287769,1
86b168ce-ab93-4370-989d-1c362c52f7e3,6a7efc18-882b-4c4c-a75d-1b8aecdbf4a6,2025-12-10,642.65,30,7,5424.16,774.880000,6,3,0.5000,1.0000,3,468.57,0.086386,0
bd79c6de-6f0d-4d5f-b628-de359b054fb0,c1a55833-8139-41dd-8bb5-59ab8a090d3b,2025-12-10,4282.95,45,4,11242.77,2810.692500,3,2,0.6667,8.6667,18,1050.05,0.093398,1
0e973c66-19c0-4a4d-b810-a45315432a7f,456196a3-f5fd-4769-85c9-fe12f73de5b9,2025-12-11,4762.12,15,8,16212.19,2026.523750,6,1,0.1667,0.1667,1,2781.11,0.171544,1
5e649c89-61cf-4941-89ce-5b60277f41fb,b7d62bbb-f2b2-4bee-ac69-0e320b4b310f,2025-12-11,821.30,45,19,68177.88,3588.309474,13,5,0.3846,1.6923,8,11579.32,0.169840,1
60bcb493-41ca-4eba-8448-f8597c5b5be5,48871682-8627-402c-b359-46e536c8c5f8,2025-12-11,9271.88,45,5,11675.84,2335.168000,2,0,0.0000,0.0000,0,9514.75,0.814909,0
6ff2973e-19f2-4fd6-b84a-5d1ae9d94089,80425ba2-13bc-407f-9a1c-ff4f30480010,2025-12-11,1428.04,30,7,11578.44,1654.062857,5,0,0.0000,0.0000,0,2321.68,0.200518,0
965cd244-16a8-45d4-a524-86bc130c392c,bc2eaeff-d2cb-413b-8716-a7fa6d9507c2,2025-12-11,3851.66,15,15,50110.14,3340.676000,10,3,0.3000,1.2000,9,28655.23,0.571845,1
988c7f15-f603-47d0-b99e-ca844a888e50,f201cdf9-cb7c-4b4b-8da0-68bccc439429,2025-12-11,10772.76,15,8,22093.63,2761.703750,7,4,0.5714,4.0000,11,964.18,0.043641,0
ad049f9d-b6a0-450a-aaa3-6a07b088d400,9b131352-2e3f-4966-865e-a01b50bde6e5,2025-12-11,172.57,30,9,19798.57,2199.841111,6,0,0.0000,0.0000,0,11169.17,0.564140,1
af1a6fad-8fff-4537-9a78-f179668d6bfa,e400fe49-64f8-4e45-8877-6c5fd0a7747d,2025-12-11,1112.37,15,7,24796.12,3542.302857,6,3,0.5000,0.6667,2,2619.94,0.105659,0
0298f8e4-36a4-496e-a8ee-ff2b5b0ab897,91f0a872-33ad-4dbe-9801-ac03b375f584,2025-12-12,4083.11,30,8,19994.54,2499.317500,6,5,0.8333,1.8333,6,2376.15,0.118840,0
1e0b1dc7-eb08-454a-9b59-6c1698d095fc,d3f21a44-d6a7-4183-9e3d-ca1e2f665ada,2025-12-12,12432.40,30,6,9295.54,1549.256667,5,4,0.8000,5.4000,18,830.45,0.089339,1
3f859ba8-35e7-4e4d-92bd-4dc50f782058,bab05b4b-0196-4bb2-a10a-34baf0750132,2025-12-12,1356.47,45,4,11229.03,2807.257500,3,1,0.3333,0.3333,1,1121.11,0.099840,1
692cd296-b018-4972-b580-ad43be7d0b6c,03d535e6-bab9-4699-93ff-729d55e623f0,2025-12-12,1945.18,30,9,17117.93,1901.992222,5,3,0.6000,1.2000,3,8618.03,0.503450,0
8b5fbf49-c0ba-4dde-b009-97f191d8a523,79ce75bd-e156-4762-a109-91880fa27abc,2025-12-12,4505.35,45,15,45125.79,3008.386000,10,1,0.1000,0.6000,6,20170.78,0.446990,0
9bb7ff12-8832-43f9-b707-b6ce803445b9,4f4f2ef2-6350-45b8-af19-6bd90adfc454,2025-12-12,2835.15,15,14,29776.00,2126.857143,13,4,0.3077,1.1538,10,152.09,0.005108,0
b21ca4e4-47cc-4278-9777-f2fd8ea227ef,229edd85-4113-4b2a-be5b-1cc986fd5173,2025-12-12,5017.44,30,12,35697.97,2974.830833,6,3,0.5000,1.8333,7,27321.60,0.765354,1
f1668cbd-5262-488e-8abf-6e92bb4729d6,3cc7350b-72e0-4990-a2f4-79f0e19bfe72,2025-12-12,11282.18,15,19,56674.70,2982.878947,15,6,0.4000,0.8667,3,3130.40,0.055235,1
f6154ac2-e83a-49ab-84a1-ea6bfa4e02c2,3cc7350b-72e0-4990-a2f4-79f0e19bfe72,2025-12-12,1242.86,15,19,56674.70,2982.878947,15,6,0.4000,0.8667,3,3130.40,0.055235,0
0cc0846c-4100-4b94-b26b-4c2564a54be2,8daa11dd-d410-44bf-a0de-622a9ca7c78d,2025-12-13,6689.92,15,13,41560.99,3196.999231,11,4,0.3636,1.0909,4,4631.68,0.111443,1
3494eb45-c33c-4a8c-a461-34766f79b730,debb1669-0087-4b21-a027-8766438b09f1,2025-12-13,4984.70,30,5,18029.49,3605.898000,4,4,1.0000,12.5000,23,4121.63,0.228605,1
4aaaac00-f7ac-40d6-8fb1-371183557e4f,e05c9e8f-2852-4c9d-9c2a-756d89ba64a0,2025-12-13,5515.99,30,17,48231.55,2837.150000,15,7,0.4667,1.0000,3,4388.57,0.090990,1
52e71138-078d-48f0-9dec-e31a33cc4b1f,2fdb2470-7bb8-4ff4-90ef-b13139714701,2025-12-13,3028.91,15,4,17718.71,4429.677500,3,2,0.6667,5.3333,15,12893.92,0.727701,1
7184571d-bea0-4cc7-a056-2d6df75e9ca3,34f539cb-584e-4259-ac9f-44e6d5484ebf,2025-12-13,847.10,15,12,39763.49,3313.624167,10,5,0.5000,1.6000,10,5320.67,0.133808,0
7a610c85-4bdb-4928-b2af-06d80a5e0011,51833259-a233-414c-85fb-6ed59e50dfed,2025-12-13,8058.70,30,12,40382.89,3365.240833,9,6,0.6667,1.8889,6,15372.15,0.380660,0
a06a86f3-56f6-475d-9dae-28936fecdbb2,b247c235-943b-4c46-91c2-168e86d26161,2025-12-13,4365.54,45,12,12134.07,1011.172500,8,4,0.5000,0.7500,2,5390.50,0.444245,0
aa3fcf30-85e3-4106-8aa3-0e73b55c8883,90ef6a35-c0dc-4b20-aede-0d1b3e525838,2025-12-13,5553.48,30,6,26178.27,4363.045000,6,3,0.5000,4.1667,17,0.00,0.000000,1
d13300b0-df29-4323-aa07-69ffb4c19b4e,4f4f2ef2-6350-45b8-af19-6bd90adfc454,2025-12-13,7153.22,15,15,32611.15,2174.076667,13,4,0.3077,1.1538,10,2987.24,0.091602,0
f1cdef90-5031-4dbf-ba1a-ac6e89277663,34f539cb-584e-4259-ac9f-44e6d5484ebf,2025-12-13,1754.75,15,12,39763.49,3313.624167,10,5,0.5000,1.6000,10,5320.67,0.133808,0
2fd9988e-2c1c-43c8-8bae-956a25c065f3,d6e6f2c0-9d75-46fe-a6d0-19f4998b8aa0,2025-12-14,628.52,30,3,4605.08,1535.026667,3,1,0.3333,2.3333,7,0.00,0.000000,1
33fa992b-a5c2-4c6e-a577-fec5a5d6bf52,6fb7d847-f44b-41dc-a325-7b26c61cbc96,2025-12-14,2685.63,45,16,67259.38,4203.711250,10,3,0.3000,1.9000,10,37718.45,0.560791,0
539bf951-8b7c-41ac-af63-cd8525a87c70,82d60e37-f049-4852-9464-c94b4e5c3244,2025-12-14,560.40,30,9,15127.14,1680.793333,7,3,0.4286,1.7143,9,1146.84,0.075813,0
a2d8522e-fe6e-4b58-9fb9-7d2d003e97c2,f201cdf9-cb7c-4b4b-8da0-68bccc439429,2025-12-14,6530.39,15,9,32866.39,3651.821111,7,4,0.5714,4.0000,11,11736.94,0.357111,0
07051455-31dd-49c2-bb44-0f2cc433e69a,28e3eb2f-4e60-491c-8ecf-9260a4a4ced4,2025-12-15,1099.91,45,17,74660.35,4391.785294,13,7,0.5385,2.1538,11,20725.90,0.277603,0
1d341c0c-3aa9-4cce-b927-63f09468c591,b247c235-943b-4c46-91c2-168e86d26161,2025-12-15,258.85,45,13,16499.61,1269.200769,8,4,0.5000,0.7500,2,9756.04,0.591289,0
2cc2ce58-de60-4524-afaf-bc8d8e3c4215,1445cd5d-91a8-417f-b07d-805a30ad7fb7,2025-12-15,205.33,15,5,23535.53,4707.106000,5,1,0.2000,0.2000,1,0.00,0.000000,1
9102eece-65f9-465e-bd68-1131adabaa9e,ff29a3b3-fb27-44ad-8dcc-9551fb3c7420,2025-12-15,4412.79,45,13,28140.82,2164.678462,11,5,0.4545,4.0909,14,4710.32,0.167384,0
bdd69e16-452f-44e4-b982-5befb5a87757,7010920b-f9d5-4e97-9d6a-a57cfe832fad,2025-12-15,5553.48,45,9,31453.51,3494.834444,5,1,0.2000,0.2000,1,21349.96,0.678778,0
0dc5fa50-c7ee-4bc5-b592-06f5d2196d26,b247c235-943b-4c46-91c2-168e86d26161,2025-12-16,10091.13,45,14,16758.46,1197.032857,8,4,0.5000,0.7500,2,10014.89,0.597602,0
1766cfc3-58e3-4b79-b25c-8bd8ac08e4a1,6bb31b8a-5c85-4549-9106-7183256248ff,2025-12-16,4197.90,45,4,8369.60,2092.400000,4,1,0.2500,1.7500,7,0.00,0.000000,1
944e9caf-2c21-4cfd-883c-cee45680d52f,1c22a6c4-3de0-4f96-b62a-3a6edbbaf732,2025-12-16,2235.51,30,16,32750.35,2046.896875,12,7,0.5833,1.9167,9,9502.29,0.290143,0
c27f73f9-1ea7-4fab-bd36-ad3a20f03f0b,911f8116-248a-4e3d-afb4-62a632746852,2025-12-16,2802.75,30,21,41274.05,1965.430952,17,7,0.4118,1.3529,10,8832.15,0.213988,0
eaa2a87b-728f-4069-afbf-4b27c7d0ffea,585a8991-c44f-4e18-b8e0-6283bf6f9aff,2025-12-16,403.59,15,4,11285.83,2821.457500,3,2,0.6667,4.3333,12,1864.86,0.165239,0
031155d7-f12b-4dc4-8c9c-aff7ae711f5d,d3ceae53-5516-4152-a247-d101c45a4912,2025-12-17,621.43,30,11,40751.15,3704.650000,6,2,0.3333,0.6667,2,25736.28,0.631547,0
46b141cb-761a-4ade-9966-fe92bace4b93,c47da78e-a80f-46b0-b907-4867b0ac75da,2025-12-17,1137.09,30,3,3676.44,1225.480000,2,1,0.5000,6.5000,13,925.06,0.251618,1
5f3356ec-d322-4ba7-ad48-127b9382135c,20791844-68d1-4c47-8940-96e45daf918f,2025-12-17,1442.32,30,14,44862.09,3204.435000,10,3,0.3000,0.7000,3,20772.42,0.463028,1
64b7ad17-7cbc-45d4-b042-c84f85a7b933,3137607b-7cb7-42f6-bf45-44b8618d38d2,2025-12-17,776.83,45,3,10020.83,3340.276667,2,0,0.0000,0.0000,0,5045.57,0.503508,0
1e26c8f4-bb05-46e8-8ec6-611f1c31a44b,88f8cded-9e9f-4c71-9504-8cae260151bf,2025-12-18,5645.87,15,6,9915.90,1652.650000,5,2,0.4000,1.0000,3,144.39,0.014561,1
540e1455-c982-4382-8cf4-92848430d5e3,e05c9e8f-2852-4c9d-9c2a-756d89ba64a0,2025-12-18,873.11,30,18,53747.54,2985.974444,15,7,0.4667,1.0000,3,9904.56,0.184279,0
c7a96331-8ae4-425b-ad0c-735b68c3c2cc,4f4f2ef2-6350-45b8-af19-6bd90adfc454,2025-12-18,10596.43,15,16,39764.37,2485.273125,13,4,0.3077,1.1538,10,10140.46,0.255014,0
cfc6f973-86d4-4496-bc7f-29e66f5e49de,b247c235-943b-4c46-91c2-168e86d26161,2025-12-18,1107.54,45,15,26849.59,1789.972667,9,4,0.4444,0.6667,2,19770.27,0.736334,1
284ac841-bd77-4d2c-980c-a04eb90fb092,db49dbe2-b046-4b0c-8d11-6e496b852270,2025-12-19,508.26,30,20,70692.99,3534.649500,17,8,0.4706,1.7647,12,10516.07,0.148757,0
2f83c3ef-66e3-45a0-8ad8-8b57fdae1e72,f2c6c870-59a5-4df4-8f5a-85d42b868208,2025-12-19,1427.65,45,3,4780.30,1593.433333,2,2,1.0000,52.0000,67,1486.59,0.310983,1
38258af7-9f63-49c7-b77d-895a757b4f75,7010920b-f9d5-4e97-9d6a-a57cfe832fad,2025-12-19,847.10,45,10,37006.99,3700.699000,5,1,0.2000,0.2000,1,24591.48,0.664509,0
5e07041d-181f-4d05-b85f-ff5ee0e8f874,4ee7f9a8-1985-4e04-82b5-332cbc70c187,2025-12-19,1417.57,30,4,3080.68,770.170000,3,2,0.6667,3.3333,9,812.39,0.263705,1
70b84648-2751-4f71-8827-2e3eb3b0fd3b,97c341f3-26c0-47ee-949b-ec2349709b82,2025-12-19,2842.73,30,9,31018.86,3446.540000,6,3,0.5000,2.0000,9,9851.49,0.317597,1
93bc3652-bdf7-4d61-8262-b757edcf14a1,027e2c71-76f6-44d8-b214-51097fc3e605,2025-12-19,508.26,15,10,24870.84,2487.084000,10,4,0.4000,2.5000,14,0.00,0.000000,0
cf851bc9-3c1e-40e6-9714-efc4512061a0,79ce75bd-e156-4762-a109-91880fa27abc,2025-12-19,335.75,45,16,49631.14,3101.946250,10,1,0.1000,0.6000,6,24676.13,0.497190,1
f6afd0d5-3420-4128-92b4-ae2aa99e1211,bab05b4b-0196-4bb2-a10a-34baf0750132,2025-12-19,6622.77,45,5,12585.50,2517.100000,3,1,0.3333,0.3333,1,2477.58,0.196860,1
20267273-e024-408e-ab7a-88b63e5548d7,91f0a872-33ad-4dbe-9801-ac03b375f584,2025-12-20,603.98,30,9,24077.65,2675.294444,6,5,0.8333,1.8333,6,6459.26,0.268268,1
28bb6610-2dba-44d4-bd21-26954ddf8d24,54739a70-fe3b-45f0-b6da-5eb96fddebc6,2025-12-20,4857.00,30,14,41942.50,2995.892857,12,5,0.4167,0.7500,3,7386.31,0.176106,1
47558a9f-f08e-4763-8d2b-6b1554c4cdbd,2fd49fb9-c8b2-4ec3-b38c-a061a73e1168,2025-12-20,3979.82,15,3,4570.14,1523.380000,3,3,1.0000,6.0000,13,0.00,0.000000,0
943329cf-6e74-4c62-b68a-f590a6fad310,d768ded2-0e1f-4338-a373-8cb12093b6b9,2025-12-20,2916.51,30,13,43134.37,3318.028462,9,7,0.7778,2.7778,13,13970.97,0.323894,0
95eb9c11-077f-4f1e-8d23-418de8bd7b8c,529b58fc-1d6b-4a46-bcf3-bd50c058a284,2025-12-20,1150.98,15,7,22275.81,3182.258571,5,4,0.8000,6.4000,14,6007.23,0.269675,1
98236f64-5f62-4a9c-a6ab-d6f4153339e6,e9152f33-f58e-4690-a02f-18066572acda,2025-12-20,11424.37,15,6,12615.05,2102.508333,4,2,0.5000,1.0000,3,1190.42,0.094365,0
60804b82-ca53-4331-a74e-4c353c86e673,3de6f533-5503-4109-875b-33f40109353f,2025-12-21,8811.47,30,5,9172.48,1834.496000,5,4,0.8000,9.0000,16,0.00,0.000000,1
362c34ae-b3a3-4d18-b3a5-3b8d66723061,46ced229-ee4c-418c-badd-2f91fc1ab760,2025-12-22,9271.88,30,4,18987.37,4746.842500,4,3,0.7500,3.7500,13,0.00,0.000000,1
4d4bda92-378d-4614-96aa-08130317f394,ff29a3b3-fb27-44ad-8dcc-9551fb3c7420,2025-12-22,9922.99,45,14,32553.61,2325.257857,11,5,0.4545,4.0909,14,9123.11,0.280249,1
8c4db955-906d-4cf3-b3bc-1c269f21fe6e,c7e971e5-62a6-49c9-a239-e17ea1f253a5,2025-12-22,2101.79,45,6,16807.80,2801.300000,6,6,1.0000,11.0000,20,0.00,0.000000,1
b409a47f-fcd9-4a0a-9ceb-5ddba34a2410,f8a3ae68-a437-491d-b88b-abad9164379f,2025-12-22,3440.27,45,9,17309.26,1923.251111,7,4,0.5714,2.5714,12,4987.13,0.288119,1
d3e7fadd-bfa7-4674-a4d6-aa70ad136cc0,10cb2e84-0bd1-4b29-8db3-06ae3488789d,2025-12-22,1292.25,45,3,7820.50,2606.833333,2,2,1.0000,3.0000,3,5035.13,0.643837,1
e6b68a2d-c71e-4c38-9cf9-40002d394293,fc625523-78f4-4bf4-920a-ec3d6bf61de9,2025-12-22,12572.43,30,4,4901.10,1225.275000,3,1,0.3333,0.3333,1,360.97,0.073651,0
01c16065-d695-493b-9d4e-5a43133a393d,c07f630a-a6d1-41a2-9f27-8f85f52260c4,2025-12-23,6678.69,30,12,51209.09,4267.424167,7,2,0.2857,0.8571,3,27844.54,0.543742,1
09f1e366-6bff-4e63-8f7d-7a1cb158d010,f6176f19-c718-4746-9808-d110ecf53a50,2025-12-23,3332.09,45,7,9523.65,1360.521429,7,4,0.5714,1.5714,3,0.00,0.000000,1
11fe0b8b-e6c9-4f68-8cbf-92220aeda030,5cda614e-b389-4e48-8b36-5612a91c11ba,2025-12-23,7752.75,15,3,3496.09,1165.363333,2,2,1.0000,6.0000,7,527.23,0.150806,1
6e763367-9289-4aa0-8f77-7168f3c017dd,267963b4-ed35-41d7-b2ce-cc6088afbd06,2025-12-23,9922.99,30,4,6026.00,1506.500000,2,2,1.0000,3.5000,6,3165.88,0.525370,1
76be9c8e-0929-4ff0-9977-00243e50a859,fd071015-793c-469e-bc3a-2f94a20f8f62,2025-12-23,5238.66,30,3,14147.92,4715.973333,2,2,1.0000,77.0000,80,4666.41,0.329830,1
985ff678-5f9f-4f27-80ba-3dcdd83a0f2d,f5f339bf-3ab5-4a2e-916f-2db044568f67,2025-12-23,3322.61,45,7,24128.92,3446.988571,6,5,0.8333,4.0000,10,12311.72,0.510247,0
c542ad4c-b6f8-4d81-ace9-5d3b768e8130,a6818a6e-0465-4009-81b6-822245dae013,2025-12-23,577.54,30,5,6389.41,1277.882000,4,2,0.5000,1.5000,3,908.96,0.142260,1
e65ad098-745b-48f6-bd40-ac484d559797,80425ba2-13bc-407f-9a1c-ff4f30480010,2025-12-23,9010.71,30,8,13006.48,1625.810000,5,0,0.0000,0.0000,0,3749.72,0.288296,1
0613a623-2540-4426-917e-a93af1be910c,e05c9e8f-2852-4c9d-9c2a-756d89ba64a0,2025-12-24,9670.44,30,19,54620.65,2874.771053,16,8,0.5000,1.6250,11,9774.22,0.178947,1
193f3535-687f-451f-b737-de97276004a8,e9152f33-f58e-4690-a02f-18066572acda,2025-12-24,6808.13,15,7,24039.42,3434.202857,5,3,0.6000,2.8000,10,12180.91,0.506706,0
2bd2c81a-0a21-4882-b657-8f613e7b0308,82d60e37-f049-4852-9464-c94b4e5c3244,2025-12-24,5712.19,30,10,15687.54,1568.754000,7,3,0.4286,1.7143,9,1707.24,0.108828,0
4f2c9b66-99ed-42d5-a54e-9b2f545c9112,911f8116-248a-4e3d-afb4-62a632746852,2025-12-24,364.47,30,22,44076.80,2003.490909,17,7,0.4118,1.3529,10,11634.90,0.263969,0
75d0e897-e647-4179-a877-e934357cb016,f5f339bf-3ab5-4a2e-916f-2db044568f67,2025-12-24,13460.58,45,8,27451.53,3431.441250,6,5,0.8333,4.0000,10,15634.33,0.569525,1
2234cd2c-5543-4884-a94c-840f51c4b819,5173c47a-a140-490b-afc1-af84817a605e,2025-12-25,5702.75,30,3,7362.45,2454.150000,3,1,0.3333,1.0000,3,0.00,0.000000,1
23b269e3-c220-4e79-88c0-aea00296590f,f8435633-4f8d-462d-872a-e6a541d39872,2025-12-25,5515.57,30,6,19065.24,3177.540000,6,2,0.3333,1.8333,8,0.00,0.000000,0
25dbffc7-eeb3-456b-a55e-88beaf55c334,091ba1e5-58cf-4e6c-badc-17dbe89dea69,2025-12-25,7721.78,45,14,52814.79,3772.485000,12,5,0.4167,2.4167,11,18081.67,0.342360,1
3a2196c4-f76f-464c-8592-9d51a2065e0e,43b1d0a0-404f-48c8-96ee-46291e3ceaa3,2025-12-25,2221.39,15,7,15402.60,2200.371429,5,1,0.2000,2.8000,14,2158.09,0.140112,1
420b58db-2004-46fc-9d8a-de72295678e3,033361ce-6653-4ee7-bee4-3fdbd06887c9,2025-12-25,458.49,30,3,7378.94,2459.646667,2,2,1.0000,4.5000,6,3173.44,0.430067,1
68fd9dee-1429-473c-b969-12b864f3832e,a69011f4-c3f9-4f91-92f2-3df9072b53e7,2025-12-25,9957.93,15,15,31769.48,2117.965333,14,4,0.2857,0.6429,3,1422.56,0.044778,0
95130827-5fa0-4142-ac16-c23580375fba,b88bef53-7397-4409-b454-f68fa7827873,2025-12-25,5238.66,15,4,8459.71,2114.927500,3,2,0.6667,3.3333,7,738.47,0.087293,0
9f5b6361-8403-42c1-a0fc-b8385a2d05c3,31e4bcb5-1a69-45eb-a2c7-5bfa73cdfca1,2025-12-25,472.46,15,19,39784.97,2093.945789,18,10,0.5556,1.0000,3,3322.71,0.083517,1
b2e8ca26-7db8-4189-88e4-11a52addf0a6,4ee7f9a8-1985-4e04-82b5-332cbc70c187,2025-12-25,403.59,30,5,4498.25,899.650000,3,2,0.6667,3.3333,9,2229.96,0.495739,0
baa2b10c-183a-403e-b341-e9890b31e7ca,fc625523-78f4-4bf4-920a-ec3d6bf61de9,2025-12-25,1007.24,30,5,17473.53,3494.706000,3,1,0.3333,0.3333,1,12933.40,0.740171,1
c3f918ab-5584-40cd-b305-7b45f912f8c4,585a8991-c44f-4e18-b8e0-6283bf6f9aff,2025-12-25,9986.91,15,5,11689.42,2337.884000,3,2,0.6667,4.3333,12,2268.45,0.194060,1
c9a07c76-0f88-42a4-bc0c-c502b192457f,e05c9e8f-2852-4c9d-9c2a-756d89ba64a0,2025-12-25,1569.99,30,20,64291.09,3214.554500,16,8,0.5000,1.6250,11,19444.66,0.302447,1
1121ed26-5424-4cea-a3a4-407b2466da30,48689e01-09c4-46f3-9d8e-5d6c440e56cb,2025-12-26,471.39,30,4,5279.54,1319.885000,2,0,0.0000,0.0000,0,3577.80,0.677673,0
41e76e1d-9112-4c3b-8243-e2750779ba81,54739a70-fe3b-45f0-b6da-5eb96fddebc6,2025-12-26,1918.31,30,15,46799.50,3119.966667,12,5,0.4167,0.7500,3,12243.31,0.261612,1
c7b4838c-ce93-42e0-89b1-a6ea8885c949,4ee7f9a8-1985-4e04-82b5-332cbc70c187,2025-12-26,403.59,30,6,4901.84,816.973333,3,2,0.6667,3.3333,9,2633.55,0.537257,0
ef31240a-dc15-4e99-b15a-6b8ed05aadd6,f8a3ae68-a437-491d-b88b-abad9164379f,2025-12-26,4501.05,45,10,20749.53,2074.953000,7,4,0.5714,2.5714,12,8427.40,0.406149,1
f638193d-4597-4d59-99a0-e9f6b9118a82,78106c04-2615-4323-b215-3172fb34fc72,2025-12-26,1292.25,30,6,31415.25,5235.875000,4,3,0.7500,1.7500,3,9672.70,0.307898,0
f7ca3a6d-3c48-4d1a-9014-05d1db62c358,f8a3ae68-a437-491d-b88b-abad9164379f,2025-12-26,1568.45,45,10,20749.53,2074.953000,7,4,0.5714,2.5714,12,8427.40,0.406149,1
03c60792-c5d8-4aa5-8b46-8b7ebbc4e447,4985763f-1aec-4bc7-8147-1beeb7a2d9c0,2025-12-27,7947.32,45,3,4535.24,1511.746667,3,1,0.3333,5.0000,15,0.00,0.000000,1
6b005bf6-355e-414f-9bd2-6b054e66392d,066b0bf5-5f5a-4c95-a709-b1fc1d059f94,2025-12-27,10512.50,45,12,42814.31,3567.859167,9,3,0.3333,0.5556,3,13369.58,0.312269,0
7bcd88ea-1a99-45d5-815c-10e4282c0128,4f4f2ef2-6350-45b8-af19-6bd90adfc454,2025-12-27,7572.29,15,17,50360.80,2962.400000,15,4,0.2667,1.0000,10,10748.52,0.213430,1
af2f60bd-7b05-4b8d-98a5-1fb42b10266a,8daa11dd-d410-44bf-a0de-622a9ca7c78d,2025-12-27,7936.87,15,14,48250.91,3446.493571,12,5,0.4167,1.2500,4,7317.40,0.151653,0
cf582ff7-b7af-4aaa-ae81-f2f9a444bbf1,44e18ff7-c6c4-4f05-810a-10acda026843,2025-12-27,2186.80,30,11,40703.35,3700.304545,10,2,0.2000,1.9000,10,8014.43,0.196899,1
d601d0a6-0708-44b0-a0e6-923af025e557,51833259-a233-414c-85fb-6ed59e50dfed,2025-12-27,1050.89,30,13,48441.59,3726.276154,10,6,0.6000,1.7000,6,20093.74,0.414803,0
db27e898-6b01-409e-b7d9-c43c696ad74a,1445cd5d-91a8-417f-b07d-805a30ad7fb7,2025-12-27,11057.63,15,6,23740.86,3956.810000,5,1,0.2000,0.2000,1,205.33,0.008649,0
ee7aaa4d-6e44-41da-9e71-b65541c8d87e,eb632b3d-7715-4810-ac99-01c19831c220,2025-12-27,5372.68,30,5,13683.55,2736.710000,5,1,0.2000,0.6000,3,0.00,0.000000,1
fc3bc038-fb1d-4558-927e-605528bc3aa9,fec6b81b-c723-45e8-a11f-75a4cb6a1381,2025-12-27,5035.13,30,13,31291.34,2407.026154,11,8,0.7273,5.5455,17,6252.65,0.199820,1
3ec10e1a-2ffe-44cf-896e-185f36199733,7010920b-f9d5-4e97-9d6a-a57cfe832fad,2025-12-28,4562.20,45,11,37854.09,3441.280909,5,1,0.2000,0.2000,1,25438.58,0.672017,1
4c054561-b2f8-4f6b-abf3-c16592ddc657,a6818a6e-0465-4009-81b6-822245dae013,2025-12-28,556.19,30,6,6966.95,1161.158333,4,2,0.5000,1.5000,3,1486.50,0.213365,1
4cf6eb7c-3b5b-40d7-85d8-66aee889c753,28fe8878-f7c1-4a80-9dc8-ab4bf2bbd40a,2025-12-28,2931.39,30,4,15421.46,3855.365000,4,3,0.7500,1.7500,3,0.00,0.000000,1
5b8a45ef-d6da-4256-b15f-301cef2a63e7,f288b108-b674-41c7-91d6-0f5fdb761b37,2025-12-28,5847.02,15,3,11590.91,3863.636667,2,1,0.5000,1.0000,2,6119.30,0.527940,1
f964743a-fd16-4f2e-ad8c-bd65111de183,60ce8a0f-d7a4-4ed2-ac8e-6e0a87d50d90,2025-12-28,847.10,45,6,25600.01,4266.668333,5,1,0.2000,0.4000,2,1494.78,0.058390,0
18118d1a-cf6b-4573-ae94-2a04fc1c071e,e51c365e-179f-4c2e-92f5-bc4c2fc6282a,2025-12-29,1945.18,30,13,34957.65,2689.050000,12,5,0.4167,1.1667,6,1082.78,0.030974,1
4a95fe9e-18df-45cc-8386-66cf1428c2ff,1a467aee-8d4c-4127-8afb-fde18c339771,2025-12-29,646.13,30,6,14586.11,2431.018333,6,2,0.3333,0.5000,2,0.00,0.000000,1
b413470c-3e32-462a-94d4-be8794648ecb,0d0e2d20-27bb-4c93-9f8f-b7710b37194a,2025-12-29,1316.06,30,5,11826.57,2365.314000,3,2,0.6667,4.0000,10,2543.00,0.215024,0
bf2559b3-5e26-4bec-997c-a25bd5e28ef6,20791844-68d1-4c47-8940-96e45daf918f,2025-12-29,765.03,30,15,46304.41,3086.960667,10,3,0.3000,0.7000,3,22214.74,0.479754,1
079879eb-77e1-4ee9-97b5-19ad00f892e8,fec6b81b-c723-45e8-a11f-75a4cb6a1381,2025-12-30,1307.59,30,14,36326.47,2594.747857,11,8,0.7273,5.5455,17,11287.78,0.310732,1
4a737f99-cbc9-4405-b722-f2ab342fafc3,d6b350eb-48ff-4268-b8d2-d00fb5bd3417,2025-12-30,8568.27,15,3,16774.03,5591.343333,2,1,0.5000,2.5000,5,8942.04,0.533088,0
5be58da5-fa06-4b1a-989e-2b1246ec7266,a9a14d19-86ba-40be-883c-0be4db2e7555,2025-12-30,275.09,15,6,20433.95,3405.658333,6,1,0.1667,0.3333,2,0.00,0.000000,0
83717b1a-1d9f-4f8c-81de-1bc8f70e39f1,9b131352-2e3f-4966-865e-a01b50bde6e5,2025-12-30,2708.24,30,10,19971.14,1997.114000,7,1,0.1429,0.1429,1,6301.11,0.315511,1
88321496-0b37-425a-9b2c-745bdec64523,2576b737-f022-4e9c-8640-a88226cea0ff,2025-12-30,5254.46,30,9,33462.00,3718.000000,6,3,0.5000,1.1667,3,12596.35,0.376437,0
c43e4bcd-e5f1-440b-bb0c-dca02f686963,0915900f-d22e-42b0-8e9e-810e55498a13,2025-12-30,383.66,15,19,51480.96,2709.524211,19,7,0.3684,1.4211,11,0.00,0.000000,1
cdb2c5d2-9471-4d3b-818b-032943dcf4ed,21a51334-c936-4d66-b3de-22e7b162ade5,2025-12-30,2798.60,15,3,3433.85,1144.616667,2,1,0.5000,3.0000,6,1417.57,0.412822,0
12df0e5f-03fd-4361-bc4a-335e60ea2a15,8daa11dd-d410-44bf-a0de-622a9ca7c78d,2025-12-31,169.42,15,15,56187.78,3745.852000,12,5,0.4167,1.2500,4,11574.81,0.206002,1
34873230-dc39-4702-9585-d1e682d95cb9,9cbf413a-a00b-482b-9441-e8fce7668a2e,2025-12-31,3834.51,45,15,47069.22,3137.948000,12,2,0.1667,0.9167,8,10827.74,0.230039,0
4928de08-ca69-4c10-99f9-db4b265c4133,7bb9c97f-e27e-426f-b400-1ecf5e49b6f2,2025-12-31,1140.55,30,4,11960.54,2990.135000,4,3,0.7500,5.0000,9,0.00,0.000000,1
59f3f4f6-b4cf-4a2e-b3b2-0616c06b1ad5,8b278dae-e043-44f3-a5f0-8466df24d3a2,2025-12-31,12893.92,30,11,14799.39,1345.399091,10,5,0.5000,1.5000,6,3077.93,0.207977,0
6f1082c1-3938-43a7-828c-7d56ef293813,66aa9f2d-de6b-4def-8269-b6d0177dbf9a,2025-12-31,1437.27,30,16,56283.54,3517.721250,14,7,0.5000,1.0714,3,7304.25,0.129776,1
9cd66a49-0915-4ea4-a7de-6f3419008f1e,c5f7e86b-b9fe-4062-bae1-fcb4707e393e,2025-12-31,3428.72,30,3,8966.99,2988.996667,2,2,1.0000,9.5000,17,2866.61,0.319685,1
b0f5b400-9db8-41a4-ad50-5f5f65e67e02,80425ba2-13bc-407f-9a1c-ff4f30480010,2025-12-31,877.38,30,9,22017.19,2446.354444,5,0,0.0000,0.0000,0,12760.43,0.579567,0
ca16dc46-5449-47aa-89a2-2cd642001721,7b3011de-1fd5-49d7-8cd0-565a3af5b5da,2025-12-31,219.35,30,11,19855.29,1805.026364,8,5,0.6250,2.0000,9,2928.67,0.147501,0
15460026-1eb0-4e9f-a198-f152b5697e5c,ed2171b1-c19b-4e0d-8734-299f1f997a16,2026-01-01,1195.82,15,7,29692.87,4241.838571,7,6,0.8571,10.2857,23,0.00,0.000000,1
881373ea-76c1-4de3-af5e-a310e32e70a9,1762b46f-b7ef-481c-9e0b-7e6d2033bcf4,2026-01-01,1068.39,15,14,39549.33,2824.952143,11,2,0.1818,0.2727,2,10214.56,0.258274,0
921a163c-daf0-43a2-a222-8f971f4a6e48,9cbf413a-a00b-482b-9441-e8fce7668a2e,2026-01-01,331.95,45,16,50903.73,3181.483125,12,2,0.1667,0.9167,8,14662.25,0.288039,1
940eac0f-a0a0-43dc-a644-eea3beee3f1b,e400fe49-64f8-4e45-8877-6c5fd0a7747d,2026-01-01,646.75,15,8,25908.49,3238.561250,7,3,0.4286,0.5714,2,2619.94,0.101123,1
a0fb2e00-ea63-4432-8d1d-a87193fb9281,2576b737-f022-4e9c-8640-a88226cea0ff,2026-01-01,1101.18,30,10,38716.46,3871.646000,7,4,0.5714,1.1429,3,14250.36,0.368070,0
e724dca3-ec23-4ba2-a493-4fdaa7cf6c14,8aa74529-c59e-4daf-9b98-321ebfce7306,2026-01-01,608.37,30,10,14306.09,1430.609000,9,6,0.6667,1.4444,3,817.18,0.057121,1
2c2a6204-d660-42eb-8a42-f9ff39d651aa,20791844-68d1-4c47-8940-96e45daf918f,2026-01-02,127.83,30,16,47069.44,2941.840000,10,3,0.3000,0.7000,3,22979.77,0.488210,1
40d404aa-d741-4d62-83f5-ab802fb272ee,456196a3-f5fd-4769-85c9-fe12f73de5b9,2026-01-02,2878.22,15,9,20974.31,2330.478889,7,1,0.1429,0.1429,1,3428.84,0.163478,0
4c0f9c1b-5512-460f-b526-e82e5bf2dd7b,6bb31b8a-5c85-4549-9106-7183256248ff,2026-01-02,1382.09,45,5,12567.50,2513.500000,4,1,0.2500,1.7500,7,4197.90,0.334028,1
6fa12b42-c6fd-4d7e-a890-7fcc93147917,957f9181-281b-4ff6-9370-462fb40cb6e5,2026-01-02,1716.12,30,3,10331.35,3443.783333,2,1,0.5000,1.5000,3,2272.41,0.219953,1
7ca6228a-6fed-47b6-b9eb-c4b4fbb99ef6,e223a14f-9752-4dfc-b998-04cfae44ca10,2026-01-02,2643.80,30,16,57461.25,3591.328125,15,6,0.4000,0.7333,3,9453.06,0.164512,0
83e913a1-7bf5-4788-aa82-aaf4b49ba3df,43b1d0a0-404f-48c8-96ee-46291e3ceaa3,2026-01-02,1315.60,15,8,17623.99,2202.998750,5,1,0.2000,2.8000,14,4379.48,0.248495,1
9cf8a6fd-6cc3-45f9-9fde-6964154829ff,855f6897-60c0-42cc-aa5a-bbcf4dfcfd28,2026-01-02,864.15,45,3,4552.25,1517.416667,3,2,0.6667,7.0000,14,0.00,0.000000,1
bd4a2b33-f54b-4c87-b5c8-2f3a45f59912,20791844-68d1-4c47-8940-96e45daf918f,2026-01-02,432.08,30,16,47069.44,2941.840000,10,3,0.3000,0.7000,3,22979.77,0.488210,0
be08c6a8-e61e-4b18-9938-058c568445ef,a69011f4-c3f9-4f91-92f2-3df9072b53e7,2026-01-02,1634.24,15,16,41727.41,2607.963125,14,4,0.2857,0.6429,3,11380.49,0.272734,1
e0193445-e191-4d0a-a181-2c908cc5a83f,267963b4-ed35-41d7-b2ce-cc6088afbd06,2026-01-02,1864.86,30,5,15948.99,3189.798000,2,2,1.0000,3.5000,6,13088.87,0.820671,1
1bca909c-bc02-4d75-9f37-07ad8efccf33,744605d3-9330-457d-9c53-8b4b59950976,2026-01-03,2097.69,30,13,49477.76,3805.981538,10,4,0.4000,1.0000,7,5486.27,0.110884,0
686ea2c2-751b-4d5a-9b04-ec8a56e5d3c1,1762b46f-b7ef-481c-9e0b-7e6d2033bcf4,2026-01-03,1139.97,15,15,40617.72,2707.848000,11,2,0.1818,0.2727,2,11282.95,0.277784,1
84d156a4-1e6e-4d86-aa74-1ef86baf029b,cd796877-895f-4bcc-8fe0-0c8c6c4e68b0,2026-01-03,1136.77,30,6,13732.37,2288.728333,5,2,0.4000,1.8000,6,4076.57,0.296858,1
cdfd112a-6eef-486e-9403-dc6effbe928b,41cc51fc-74f3-43aa-b9e8-c4269becb375,2026-01-03,781.07,45,7,33269.66,4752.808571,5,3,0.6000,3.8000,15,16878.25,0.507317,1
cf524a0f-3cb1-44d1-9da0-8f42570a25d8,86ab916f-9734-41f0-b5c0-9bbc082b3251,2026-01-03,1952.69,30,15,42150.73,2810.048667,14,5,0.3571,1.2143,10,2242.20,0.053195,1
e1ed5c70-6398-40ce-8991-d5f8e9efbac0,31e4bcb5-1a69-45eb-a2c7-5bfa73cdfca1,2026-01-03,827.97,15,20,40257.43,2012.871500,18,10,0.5556,1.0000,3,3795.17,0.094273,0
05878200-5798-4dc1-944c-e61564f3e824,73c3d633-4b34-49ad-a380-07fa31442bd6,2026-01-04,590.77,30,5,10934.23,2186.846000,4,2,0.5000,0.7500,2,3163.35,0.289307,0
62d42290-fc42-44bf-a5b3-4586b7153b15,73c3d633-4b34-49ad-a380-07fa31442bd6,2026-01-04,560.40,30,5,10934.23,2186.846000,4,2,0.5000,0.7500,2,3163.35,0.289307,1
8d974d71-2dac-43ac-a9aa-9e0d511ceab6,3a4a12e8-a3c4-4fe3-a0bc-ed28dee70ff0,2026-01-04,1716.12,45,4,7163.22,1790.805000,3,2,0.6667,11.3333,20,1420.81,0.198348,1
aac18a90-171a-4b06-8d30-d67602238dc8,98c0d934-599f-43f0-b624-02fafa9a625d,2026-01-04,152.09,30,5,9982.84,1996.568000,5,1,0.2000,0.2000,1,0.00,0.000000,0
b4e323a2-a112-4a95-91d3-e08612c7a788,a6818a6e-0465-4009-81b6-822245dae013,2026-01-04,2013.12,30,7,7523.14,1074.734286,4,2,0.5000,1.5000,3,2042.69,0.271521,0
eacbed26-c391-4e97-bef0-9e10e90171b8,dc32c9bc-f5b1-425c-b068-0f753d9baf2f,2026-01-04,125.50,30,6,11518.28,1919.713333,5,4,0.8000,3.0000,7,615.97,0.053478,0
f10633cd-bd4c-444c-a974-47305132cc5a,744605d3-9330-457d-9c53-8b4b59950976,2026-01-04,319.57,30,14,51575.45,3683.960714,10,4,0.4000,1.0000,7,7583.96,0.147046,1
1ac9306a-e152-459d-949b-990e7c5a32ab,b2109776-616b-488c-9721-f3f116afd30f,2026-01-05,1235.97,30,6,18208.88,3034.813333,6,2,0.3333,1.6667,8,0.00,0.000000,1
46625516-e49c-4003-b3ed-fc97593afaa0,2576b737-f022-4e9c-8640-a88226cea0ff,2026-01-05,754.40,30,11,39817.64,3619.785455,8,4,0.5000,1.0000,3,7527.25,0.189043,0
5dfc8fb9-c618-46ba-9f40-3dcbab17ecaa,31e4bcb5-1a69-45eb-a2c7-5bfa73cdfca1,2026-01-05,2400.36,15,21,41085.40,1956.447619,18,10,0.5556,1.0000,3,4623.14,0.112525,1
6d5e7d17-e587-4773-bba4-4f3ec2b4de9e,c29cb1e1-b422-45f3-829a-82a9e80f8c8f,2026-01-05,4012.22,30,3,10405.72,3468.573333,3,2,0.6667,2.0000,3,0.00,0.000000,0
6dfbf899-fa13-438c-9a7d-2b1fdfa0b9c1,44e18ff7-c6c4-4f05-810a-10acda026843,2026-01-05,646.75,30,12,42890.15,3574.179167,10,2,0.2000,1.9000,10,10201.23,0.237846,0
ae721c72-5dce-4f50-a16d-a80de1ef3609,4ee7f9a8-1985-4e04-82b5-332cbc70c187,2026-01-05,2400.36,30,7,5305.43,757.918571,3,2,0.6667,3.3333,9,3037.14,0.572459,0
f900473c-2836-4e7a-bbd9-a9e759743dbf,88f8cded-9e9f-4c71-9504-8cae260151bf,2026-01-05,319.57,15,7,15561.77,2223.110000,6,2,0.3333,0.8333,3,5645.87,0.362804,0
91422f7e-7d39-49fa-b3b4-85c7b273b89e,3773055e-a1f8-4fba-8846-a4b4eca5c2b7,2026-01-06,2387.86,45,7,19550.35,2792.907143,6,3,0.5000,1.1667,4,1440.18,0.073665,0
a32c6360-d18d-4a08-8e70-95ea8ec94445,5cda614e-b389-4e48-8b36-5612a91c11ba,2026-01-06,1175.83,15,4,11248.84,2812.210000,3,3,1.0000,6.0000,7,7752.75,0.689204,1
c812daf2-b583-458d-b147-8731ff8ad282,9b131352-2e3f-4966-865e-a01b50bde6e5,2026-01-06,411.99,30,11,22679.38,2061.761818,8,1,0.1250,0.1250,1,8648.38,0.381332,0
f9f83613-273e-4f1b-bc46-8a3f2190f750,556c3740-52fd-4022-8755-b92b9fa5342d,2026-01-06,434.28,45,10,31835.61,3183.561000,8,4,0.5000,1.1250,3,4283.91,0.134563,0
fa400924-ed8b-46e0-b2d1-168713601591,e223a14f-9752-4dfc-b998-04cfae44ca10,2026-01-06,2161.31,30,17,60105.05,3535.591176,16,6,0.3750,0.6875,3,2643.80,0.043986,0
1031745a-bcfd-4087-9fc0-6b9c928977ee,7b3011de-1fd5-49d7-8cd0-565a3af5b5da,2026-01-07,883.11,30,12,20074.64,1672.886667,9,6,0.6667,2.0000,9,663.96,0.033075,1
14cefb6b-6732-4902-a0b0-6de346adef6d,b2109776-616b-488c-9721-f3f116afd30f,2026-01-07,1977.38,30,7,19444.85,2777.835714,6,2,0.3333,1.6667,8,1235.97,0.063563,0
17745968-6d04-4f94-8e98-9cbfa1742a5e,4ed5562c-399a-4f63-8123-7496d2617ad8,2026-01-07,1902.05,15,5,11352.61,2270.522000,4,3,0.7500,5.7500,14,552.53,0.048670,1
39b0780f-5d8f-4358-8a2f-14f8bc923607,6dd97a45-7233-4f75-bf2b-a02f9e2403f5,2026-01-07,608.37,30,6,31166.42,5194.403333,5,1,0.2000,0.6000,3,5835.22,0.187228,1
44f96a2a-4ae0-444f-a961-78dd28bdc0f8,34fc1ab3-f5c6-4545-9ba9-158e780f74bd,2026-01-07,613.35,45,5,9033.82,1806.764000,4,0,0.0000,0.0000,0,404.67,0.044795,0
57dee0d6-a5a5-4b1d-81f6-8dd6f1eefc60,9013910b-257e-462f-8142-555578e385a5,2026-01-07,5119.28,45,9,35547.25,3949.694444,7,7,1.0000,6.2857,14,6829.05,0.192112,1
809c6319-b24a-4462-ba72-cb8014c4357c,54739a70-fe3b-45f0-b6da-5eb96fddebc6,2026-01-07,1851.05,30,16,48717.81,3044.863125,13,6,0.4615,0.9231,3,10271.26,0.210832,0
82dae6b9-8167-4311-9e99-c781d51c8a14,feb9f5f4-bed9-4b39-bb94-062fa9706005,2026-01-07,2860.20,45,9,35180.42,3908.935556,8,4,0.5000,0.6250,2,1538.96,0.043745,1
a360bf75-851b-49ac-a5e0-1451c9d63494,f8a3ae68-a437-491d-b88b-abad9164379f,2026-01-07,1978.87,45,12,26819.03,2234.919167,7,4,0.5714,2.5714,12,14496.90,0.540545,1
bbd75769-b55d-42dc-9a2e-b9ca4ed18c28,34f539cb-584e-4259-ac9f-44e6d5484ebf,2026-01-07,1382.09,15,14,42365.34,3026.095714,12,5,0.4167,1.3333,10,5320.67,0.125590,0
cb06ea99-982a-451c-95db-343749a8191f,b88b94e7-2bbd-4939-98cc-217258c364d3,2026-01-07,501.98,15,6,15278.05,2546.341667,4,1,0.2500,0.2500,1,4176.77,0.273384,0
19b6a2ff-517c-4efd-bb02-b9c456270c58,456196a3-f5fd-4769-85c9-fe12f73de5b9,2026-01-08,3602.18,15,10,23852.53,2385.253000,8,2,0.2500,1.3750,10,4164.11,0.174577,1
4d297076-e770-47cc-a224-b8cd5f6ece87,36526e5e-f875-4c3e-a8d6-c50ede833ade,2026-01-08,690.48,15,5,17652.30,3530.460000,5,2,0.4000,0.6000,2,0.00,0.000000,0
57d7a867-5c52-42df-ba23-22972b682e91,091ba1e5-58cf-4e6c-badc-17dbe89dea69,2026-01-08,795.95,45,15,60536.57,4035.771333,12,5,0.4167,2.4167,11,25803.45,0.426246,1
f9fee83b-c4c4-45e0-83c2-cfa0e5b50ccd,8f10e8bf-c7a4-4bd6-93ce-4de936a938ef,2026-01-08,1285.89,45,6,20582.94,3430.490000,5,2,0.4000,0.8000,3,4993.45,0.242601,1
82334a19-790d-416d-9d0a-555c83908a52,549276f5-7982-4ddd-9090-30fd37f31bf6,2026-01-09,5969.41,15,7,24192.80,3456.114286,7,6,0.8571,10.0000,16,0.00,0.000000,1
910ce452-ff72-4567-a053-f0565ffa85b3,2c3ca1b8-7c76-4a4c-80bf-5314fb7f22ae,2026-01-09,4012.22,30,6,15760.45,2626.741667,6,3,0.5000,0.8333,3,0.00,0.000000,1
996407c9-d3f2-4113-be89-2a7cc992cfc0,f311db56-da65-41a9-a889-888c821ca32c,2026-01-09,1952.69,30,5,11376.05,2275.210000,4,0,0.0000,0.0000,0,1349.88,0.118660,1
e2537ecd-deeb-4cad-9492-3afda7101384,fec6b81b-c723-45e8-a11f-75a4cb6a1381,2026-01-09,3365.46,30,15,37634.06,2508.937333,11,8,0.7273,5.5455,17,12595.37,0.334680,1
0200c2e8-ff36-4d8c-8dbf-58aa83fcf8b7,dcdc70f5-6a80-4b14-8487-b99c29cfcb2e,2026-01-10,5096.18,45,3,17286.47,5762.156667,2,1,0.5000,0.5000,1,9524.24,0.550965,0
0d800a2d-e848-460c-8ca9-564ac8e2952e,b8bfbbb5-a5a0-4d3d-905f-57ced220ffd3,2026-01-10,5015.27,30,6,13994.16,2332.360000,5,3,0.6000,2.8000,11,8885.57,0.634948,0
2a1f4319-2c00-4642-83b1-94df51586314,34f539cb-584e-4259-ac9f-44e6d5484ebf,2026-01-10,590.77,15,15,43747.43,2916.495333,12,5,0.4167,1.3333,10,6702.76,0.153215,1
7755b1da-d9e6-4db5-b496-f376f589d82b,9013910b-257e-462f-8142-555578e385a5,2026-01-10,299.75,45,10,40666.53,4066.653000,7,7,1.0000,6.2857,14,11948.33,0.293812,1
9e39b64b-ff26-41d2-ba5c-a268bae983a3,d768ded2-0e1f-4338-a373-8cb12093b6b9,2026-01-10,951.03,30,14,46050.88,3289.348571,11,7,0.6364,2.2727,13,5509.55,0.119640,1
cb226bf4-2f41-4db5-9593-4badf1b5b9d4,2576b737-f022-4e9c-8640-a88226cea0ff,2026-01-10,1068.39,30,12,40572.04,3381.003333,8,4,0.5000,1.0000,3,8281.65,0.204122,0
dfb3241b-0572-4923-b62d-30c89f4cc990,403ba4f6-3b05-4fb0-9c95-6068878e01b1,2026-01-10,797.69,30,15,66970.59,4464.706000,13,3,0.2308,1.4615,14,5709.48,0.085254,1
e17d1cab-a235-44ff-a388-66d4b487f361,44e18ff7-c6c4-4f05-810a-10acda026843,2026-01-10,4113.69,30,13,43536.90,3348.992308,10,2,0.2000,1.9000,10,10847.98,0.249167,1
e9bc6e75-eab0-497f-a716-02426178e792,33879d3b-ca28-410e-9d37-7a429d1c33aa,2026-01-10,443.08,30,3,1947.84,649.280000,3,1,0.3333,1.0000,3,0.00,0.000000,0
0b6fba7f-4615-426d-ae90-9ab4234d17ab,614d73fd-8846-4895-a773-7898e1678216,2026-01-11,1315.60,30,8,21397.84,2674.730000,8,2,0.2500,2.1250,15,0.00,0.000000,1
3719b007-5925-4e54-812a-3f0480e9d27d,6a7efc18-882b-4c4c-a75d-1b8aecdbf4a6,2026-01-11,812.39,30,8,6066.81,758.351250,7,3,0.4286,0.8571,3,468.57,0.077235,0
5b162143-1ddf-4629-bbfe-0b0550c09eda,2576b737-f022-4e9c-8640-a88226cea0ff,2026-01-11,1440.87,30,13,41640.43,3203.110000,8,4,0.5000,1.0000,3,9350.04,0.224542,1
8d899c50-4323-4a2a-b5b6-122eace741c5,5a2542d2-8392-4c53-bbf2-259d1b7de2ba,2026-01-11,712.26,30,10,28024.74,2802.474000,10,9,0.9000,12.1000,20,0.00,0.000000,1
0b7e8bb3-a3ea-46ca-966d-0396ef4b0d0f,20538050-69a2-4a47-9dd1-b9142fb76c57,2026-01-12,1162.96,45,3,5902.02,1967.340000,2,0,0.0000,0.0000,0,1618.67,0.274257,0
0bc29262-14cf-45f8-983e-75003f7279ca,403ba4f6-3b05-4fb0-9c95-6068878e01b1,2026-01-12,1868.73,30,16,67768.28,4235.517500,13,3,0.2308,1.4615,14,6507.17,0.096021,1
0edd6bea-0af3-4cff-99a2-dceed674556a,45b35575-e766-4b46-861c-910c86237813,2026-01-12,98.58,15,15,36561.93,2437.462000,10,4,0.4000,1.8000,10,15243.21,0.416915,1
0f910736-4d03-4da3-940e-eb4d9d9b8471,855f6897-60c0-42cc-aa5a-bbcf4dfcfd28,2026-01-12,3268.73,45,4,5416.40,1354.100000,3,2,0.6667,7.0000,14,864.15,0.159543,1
27ca9cd3-3df5-4da7-8675-ff8365a51d42,9cbf413a-a00b-482b-9441-e8fce7668a2e,2026-01-12,1864.86,45,17,51235.68,3013.863529,13,2,0.1538,0.8462,8,11934.10,0.232926,1
3a56d768-f2ab-461a-93b3-1f77536adbf4,e51c365e-179f-4c2e-92f5-bc4c2fc6282a,2026-01-12,1978.87,30,14,36902.83,2635.916429,12,5,0.4167,1.1667,6,3027.96,0.082052,0
3aec6249-05cf-4f5e-9436-b057d4df6a91,f288b108-b674-41c7-91d6-0f5fdb761b37,2026-01-12,1660.89,15,4,17437.93,4359.482500,3,1,0.3333,0.6667,2,5847.02,0.335305,0
5090aafb-bd1c-40a2-bf93-6cd697e36da4,a137cf0f-749a-402e-9913-60a7f4a47b92,2026-01-12,432.08,30,12,29191.59,2432.632500,11,5,0.4545,1.8182,9,6769.95,0.231914,1
6d9eb44f-390e-444c-bfaf-550b828601e8,556c3740-52fd-4022-8755-b92b9fa5342d,2026-01-12,781.07,45,11,32269.89,2933.626364,8,4,0.5000,1.1250,3,4718.19,0.146210,0
73478856-07bb-4e9a-bd63-70e2c6a4688b,dcdc70f5-6a80-4b14-8487-b99c29cfcb2e,2026-01-12,3702.09,45,4,22382.65,5595.662500,2,1,0.5000,0.5000,1,14620.42,0.653203,0
8c3faca3-7062-4427-8784-11fcd50592bd,ebbc4745-0985-45f9-b142-3002a577acc3,2026-01-12,1004.80,15,4,7691.14,1922.785000,4,1,0.2500,0.7500,3,0.00,0.000000,0
be99fae2-d874-4928-9cca-514d4f8677c8,43b1d0a0-404f-48c8-96ee-46291e3ceaa3,2026-01-12,548.18,15,9,18939.59,2104.398889,6,2,0.3333,2.5000,14,3473.69,0.183409,1
bec65740-337b-4cd8-9324-d685fb838420,121edff8-dfb7-4758-a559-7855430672f3,2026-01-12,2097.69,45,5,14263.81,2852.762000,5,2,0.4000,1.4000,6,0.00,0.000000,0
f6abbeca-38a0-452b-a68f-55ab44faf90c,744605d3-9330-457d-9c53-8b4b59950976,2026-01-12,1962.30,30,15,51895.02,3459.668000,10,4,0.4000,1.0000,7,7691.41,0.148211,0
20633cd5-e81e-4086-b523-1e7abc75f9ce,ecee2fcb-7259-46bb-a6a3-c2683069ec25,2026-01-13,5562.17,30,7,21089.59,3012.798571,6,2,0.3333,2.0000,9,868.56,0.041184,1
28b31572-6ff7-40d7-93d5-3f2bb9492bd1,d16d5f0e-f1af-4ab1-8b14-12ce745ddd9b,2026-01-13,1600.24,30,9,29182.64,3242.515556,2,1,0.5000,8.0000,16,18555.19,0.635830,0
63efd4ec-7b71-4582-893a-8e1eaefe41a6,e51c365e-179f-4c2e-92f5-bc4c2fc6282a,2026-01-13,3322.71,30,15,38881.70,2592.113333,12,5,0.4167,1.1667,6,5006.83,0.128771,1
6eb19650-beae-4ff0-b003-b8a53a4c0957,c3bc5bb3-aee9-4150-b36a-c89a22162e7d,2026-01-13,501.98,45,15,42755.94,2850.396000,11,8,0.7273,2.3636,9,11157.52,0.260958,1
d32ed011-65f2-4c39-af83-074f3ced3f70,033361ce-6653-4ee7-bee4-3fdbd06887c9,2026-01-13,3419.92,30,4,7837.43,1959.357500,2,2,1.0000,4.5000,6,3631.93,0.463408,0
d6b198f5-2633-4aa2-b0a8-b8233cecfddc,d768ded2-0e1f-4338-a373-8cb12093b6b9,2026-01-13,4224.26,30,15,47001.91,3133.460667,11,7,0.6364,2.2727,13,6460.58,0.137454,0
e0429eae-f93e-4237-9ac7-b9fdc6bfe1b7,3da770f9-a532-48df-a2e4-cf550c263161,2026-01-13,3173.44,30,9,31355.66,3483.962222,8,1,0.1250,1.5000,12,1257.04,0.040090,1
ee55f28e-80b6-4e9b-af0e-5c68b6525374,e85ec7b9-dc33-474f-b99d-d8ce41ac3c81,2026-01-13,53.48,15,4,20616.36,5154.090000,3,3,1.0000,11.3333,15,3240.49,0.157181,1
09d2df0b-3ee2-47ee-a479-21285113ee35,ff29a3b3-fb27-44ad-8dcc-9551fb3c7420,2026-01-14,2797.29,45,15,42476.60,2831.773333,11,5,0.4545,4.0909,14,19046.10,0.448390,0
21afb579-5914-4cb8-9ed0-e81900a31ee3,9b131352-2e3f-4966-865e-a01b50bde6e5,2026-01-14,2210.12,30,12,23091.37,1924.280833,9,2,0.2222,0.2222,1,8887.80,0.384897,1
6ded9fac-111d-4c46-9ef8-781b5d16b332,88f8cded-9e9f-4c71-9504-8cae260151bf,2026-01-14,778.44,15,8,15881.34,1985.167500,7,3,0.4286,1.1429,3,319.57,0.020122,0
a36669d0-f216-4c8a-9bee-cf94193584ae,97c341f3-26c0-47ee-949b-ec2349709b82,2026-01-14,5032.81,30,10,33861.59,3386.159000,7,3,0.4286,1.7143,9,4649.74,0.137316,1
a52cf4aa-c886-4933-b2fc-82a19c49c12e,fec6b81b-c723-45e8-a11f-75a4cb6a1381,2026-01-14,135.85,30,16,40999.52,2562.470000,12,9,0.7500,6.0833,17,11462.26,0.279571,1
d1238011-2c9d-4aa6-80c2-1e78326420e3,6853ff18-9673-4369-b96a-eb7e1eb71169,2026-01-14,434.28,30,7,22241.87,3177.410000,5,2,0.4000,0.6000,2,6081.87,0.273442,0
e1745f45-6fd5-4efe-bea6-c0703e835647,d3ceae53-5516-4152-a247-d101c45a4912,2026-01-14,4668.17,30,12,41372.58,3447.715000,9,3,0.3333,0.7778,3,5914.24,0.142951,1
ffcb71cc-ff91-44a6-bff8-50d0dd94a702,4f4f2ef2-6350-45b8-af19-6bd90adfc454,2026-01-14,1440.87,15,18,57933.09,3218.505000,16,4,0.2500,0.9375,10,7724.38,0.133333,0
4610696f-a716-4ee3-868c-2bf8aab95283,ff29a3b3-fb27-44ad-8dcc-9551fb3c7420,2026-01-15,1851.05,45,16,45273.89,2829.618125,11,5,0.4545,4.0909,14,21843.39,0.482472,1
592a025c-f635-43b3-8622-f78b7e9791e1,e400fe49-64f8-4e45-8877-6c5fd0a7747d,2026-01-15,1754.08,15,9,26555.24,2950.582222,7,3,0.4286,0.5714,2,3266.69,0.123015,0
8acd41a5-945f-4d71-baab-bb4c7a096fb3,091ba1e5-58cf-4e6c-badc-17dbe89dea69,2026-01-15,373.05,45,16,61332.52,3833.282500,12,5,0.4167,2.4167,11,26599.40,0.433692,0
ae7ad107-1655-4032-9b79-2e5b5a42130d,20791844-68d1-4c47-8940-96e45daf918f,2026-01-15,2788.09,30,18,47629.35,2646.075000,12,4,0.3333,0.8333,3,11480.47,0.241038,1
cdd4cc0d-244d-4cd6-805a-a064decaf49e,1762b46f-b7ef-481c-9e0b-7e6d2033bcf4,2026-01-15,1394.04,15,16,41757.69,2609.855625,12,2,0.1667,0.2500,2,11354.53,0.271915,1
11468eb5-c354-4b32-8568-3b399412dd3a,c7e971e5-62a6-49c9-a239-e17ea1f253a5,2026-01-16,230.16,45,7,18909.59,2701.370000,6,6,1.0000,11.0000,20,2101.79,0.111149,1
171a7e15-ddad-4d3e-81ab-8f26c8ac14c7,7b3011de-1fd5-49d7-8cd0-565a3af5b5da,2026-01-16,2451.55,30,13,20957.75,1612.134615,9,6,0.6667,2.0000,9,1547.07,0.073819,0
475e7de0-02a9-4e5b-a397-7671afc370e0,3773055e-a1f8-4fba-8846-a4b4eca5c2b7,2026-01-16,803.84,45,8,21938.21,2742.276250,6,3,0.5000,1.1667,4,3828.04,0.174492,1
a1b4feaf-49e3-4639-9cd7-73f3b38de2e4,6fb7d847-f44b-41dc-a325-7b26c61cbc96,2026-01-16,1716.12,45,17,69945.01,4114.412353,14,4,0.2857,1.4286,10,9774.51,0.139746,0
b633e83f-2149-4c2c-a61d-ab91161d89ee,d1907207-2f2d-4486-87e7-7b004fd2fab1,2026-01-16,2801.98,30,9,27800.91,3088.990000,8,5,0.6250,2.3750,13,2215.14,0.079679,0
d029f1b0-5ba2-4e4a-abfd-536c33d8d6fc,0b94772b-0571-4308-92cc-ac6baf2ac02b,2026-01-16,1647.95,45,7,33682.45,4811.778571,6,0,0.0000,0.0000,0,7771.19,0.230719,0
fdc22ea4-5b05-4d31-addb-1a5644a14587,e51c365e-179f-4c2e-92f5-bc4c2fc6282a,2026-01-16,5562.17,30,16,42204.41,2637.775625,12,5,0.4167,1.1667,6,8329.54,0.197362,1
130241f2-2345-487d-9eee-4bcc688602b7,03d535e6-bab9-4699-93ff-729d55e623f0,2026-01-17,694.18,30,10,19063.11,1906.311000,8,3,0.3750,0.7500,3,3503.82,0.183801,1
434e5bab-92f3-4448-96f9-a0212e00b1f5,e223a14f-9752-4dfc-b998-04cfae44ca10,2026-01-17,373.05,30,18,62266.36,3459.242222,16,6,0.3750,0.6875,3,4805.11,0.077170,1
88e713fe-89e9-45b4-9942-ca0607767ed2,c3bc5bb3-aee9-4150-b36a-c89a22162e7d,2026-01-17,2911.04,45,16,43257.92,2703.620000,11,8,0.7273,2.3636,9,11659.50,0.269534,1
a07fedae-a2a6-4cf8-ac3f-458e249b997d,0443c1b9-9e56-4bed-b673-1441efe40f38,2026-01-17,615.39,15,4,13012.03,3253.007500,3,2,0.6667,1.0000,2,581.96,0.044725,1
e33aa926-69a3-4b91-a749-c0053441d711,31e4bcb5-1a69-45eb-a2c7-5bfa73cdfca1,2026-01-17,4101.98,15,22,43485.76,1976.625455,19,10,0.5263,0.9474,3,6195.53,0.142473,0
ee28f2cc-6882-452e-a381-a6b9121be33f,79ce75bd-e156-4762-a109-91880fa27abc,2026-01-17,1302.84,45,17,49966.89,2939.228824,11,2,0.1818,0.7273,6,19176.35,0.383781,0
0c5b636a-1e0b-49d8-a668-5b6a364bce89,0e83066e-d18a-4165-9e12-fbcb5945fbb6,2026-01-18,4076.94,30,3,11857.08,3952.360000,3,2,0.6667,6.0000,16,0.00,0.000000,1
0ce347fb-ae00-4861-b24e-dc7eb4831676,dbc5aa6b-529c-4c91-8331-7ec33c8503bb,2026-01-18,2073.04,30,15,38097.33,2539.822000,11,6,0.5455,3.7273,17,10079.03,0.264560,1
0f25d491-dcad-449d-ba68-063965864c0d,db49dbe2-b046-4b0c-8d11-6e496b852270,2026-01-18,191.74,30,21,71201.25,3390.535714,19,9,0.4737,1.7368,12,9343.51,0.131227,0
1b7e599c-c627-4400-b02f-ee8a6a08f780,f631940b-26c5-4144-a328-f2b93f3b2f7e,2026-01-18,1655.93,30,3,3338.40,1112.800000,2,0,0.0000,0.0000,0,931.62,0.279062,1
300ae6fc-f663-4d8d-b193-f87d47ce02cc,8867ed0f-4c50-4aa9-8fb4-993893bd97df,2026-01-18,754.40,15,3,8870.33,2956.776667,2,2,1.0000,1.5000,2,1144.08,0.128978,0
36d36f0c-56d1-4236-8a92-2211badd4c73,f8435633-4f8d-462d-872a-e6a541d39872,2026-01-18,349.18,30,7,24580.81,3511.544286,6,2,0.3333,1.8333,8,5515.57,0.224385,1
41d2253e-0dbd-403b-b6f7-70f0efc716ee,cfa38335-ed20-4254-b309-74d0dadee3bb,2026-01-18,478.61,45,3,7200.48,2400.160000,2,2,1.0000,2.0000,3,2685.63,0.372979,0
98b984db-85ca-4fdc-9fa3-e7b35fb94674,76c7e6e2-ab70-4430-9c0e-611b3e8e3f7d,2026-01-18,2788.09,15,3,17957.69,5985.896667,3,0,0.0000,0.0000,0,0.00,0.000000,1
9c0867e6-c48c-46fb-ab78-0f65ab0090b7,027e2c71-76f6-44d8-b214-51097fc3e605,2026-01-18,951.03,15,11,25379.10,2307.190909,11,4,0.3636,2.2727,14,0.00,0.000000,0
a92ef693-c1db-4f97-a3b4-e1a111ba6e86,8bd2e91f-b7be-4b2c-95e8-9b9f6936c3fe,2026-01-18,3729.73,45,4,3085.57,771.392500,4,3,0.7500,3.0000,7,0.00,0.000000,1
033ff465-b516-4db1-ba6d-725baceef5cc,dc32c9bc-f5b1-425c-b068-0f753d9baf2f,2026-01-19,4623.57,30,7,11643.78,1663.397143,5,4,0.8000,3.0000,7,741.47,0.063679,1
54ddb0cc-a115-4cd6-a282-3f4801d9539e,c34e266e-6b0c-4505-b1cc-f98b610c4986,2026-01-19,456.28,30,3,6145.69,2048.563333,2,2,1.0000,11.5000,12,2534.55,0.412411,0
5b95a003-9fbf-4863-ae64-860f4edac852,f311db56-da65-41a9-a889-888c821ca32c,2026-01-19,1523.88,30,6,13328.74,2221.456667,4,0,0.0000,0.0000,0,3302.57,0.247778,0
62fe61c1-dbc2-44dd-a029-df3f87349c3c,e05c9e8f-2852-4c9d-9c2a-756d89ba64a0,2026-01-19,2105.72,30,21,65861.08,3136.241905,17,8,0.4706,1.5294,11,17107.75,0.259755,1
6d200471-c21c-4458-9e88-1237f0b088d0,a69011f4-c3f9-4f91-92f2-3df9072b53e7,2026-01-19,2877.16,15,17,43361.65,2550.685294,15,4,0.2667,0.6000,3,3056.80,0.070495,0
7be711da-b654-467f-bc2e-ec166a9cdcc9,0833337f-d730-49c9-98d3-adc98d0ffdd5,2026-01-19,2073.14,30,5,7375.81,1475.162000,5,5,1.0000,13.6000,29,0.00,0.000000,1
8372e891-9775-4ba8-92e7-7a1d2c576138,3e80243e-ed4d-46b5-a4ec-9aa1107c32da,2026-01-19,817.18,30,6,17867.05,2977.841667,6,2,0.3333,1.6667,8,0.00,0.000000,1
8639b0d8-4bc5-48b5-ab98-892ce2cb3cd8,40abd3f4-34c6-407b-8dfe-8ff445cce235,2026-01-19,3737.45,15,5,11390.73,2278.146000,5,3,0.6000,0.6000,1,0.00,0.000000,1
a6c3484a-bd48-4f22-9a3e-97f8cdd85bf3,0d0e2d20-27bb-4c93-9f8f-b7710b37194a,2026-01-19,5879.16,30,6,13142.63,2190.438333,3,2,0.6667,4.0000,10,3859.06,0.293629,1
dc3b4c3f-890b-4d74-8f4d-a2bb311372e0,51833259-a233-414c-85fb-6ed59e50dfed,2026-01-19,2241.58,30,14,49492.48,3535.177143,11,6,0.5455,1.5455,6,13085.93,0.264402,1
16a14a13-005a-417a-899d-c10d8c51d744,dc32c9bc-f5b1-425c-b068-0f753d9baf2f,2026-01-20,2477.75,30,8,16267.35,2033.418750,5,4,0.8000,3.0000,7,5365.04,0.329804,0
352e62d0-b493-437c-9cc6-5fbd8879400a,51833259-a233-414c-85fb-6ed59e50dfed,2026-01-20,1681.19,30,15,51734.06,3448.937333,11,6,0.5455,1.5455,6,15327.51,0.296275,0
3b0ecdf2-b210-462e-91f8-4c5b27cbead3,60ce8a0f-d7a4-4ed2-ac8e-6e0a87d50d90,2026-01-20,4224.26,45,7,26447.11,3778.158571,5,1,0.2000,0.4000,2,2341.88,0.088550,1
77fd254c-3cab-415a-bfde-558a95fcb0d5,d3f21a44-d6a7-4183-9e3d-ca1e2f665ada,2026-01-20,2115.04,30,7,21727.94,3103.991429,5,4,0.8000,5.4000,18,6425.03,0.295704,1
8d1ff9d5-63a3-46e4-b5b6-10a3c4e72712,20791844-68d1-4c47-8940-96e45daf918f,2026-01-20,5152.04,30,19,50417.44,2653.549474,13,5,0.3846,0.9231,3,12826.24,0.254401,0
97a2ca5b-78ce-42a2-a81d-b4083930939e,40abd3f4-34c6-407b-8dfe-8ff445cce235,2026-01-20,597.91,15,6,15128.18,2521.363333,5,3,0.6000,0.6000,1,3737.45,0.247052,0
a83a35c8-c60e-4fb4-84c7-c492d3df89bf,c1d6c130-eed3-43da-a713-c63009b0c952,2026-01-20,988.69,15,3,5892.96,1964.320000,2,2,1.0000,7.0000,11,4095.42,0.694968,1
cb704313-debf-4c77-81eb-d88b608e6449,c07f630a-a6d1-41a2-9f27-8f85f52260c4,2026-01-20,6231.75,30,13,57887.78,4452.906154,9,3,0.3333,0.8889,3,11675.96,0.201700,0
cebfdf83-f6f6-4eee-9636-6ef1b5849062,9de44d71-02d0-4684-a314-54f9abd3f2cd,2026-01-20,3527.50,15,5,7855.10,1571.020000,5,3,0.6000,1.0000,2,0.00,0.000000,0
d371e9c7-9c4c-4c80-9b70-462390829ca9,df5f2a94-fa46-46dc-b4fc-0a08486e8118,2026-01-20,3488.88,30,5,13092.97,2618.594000,4,2,0.5000,0.7500,2,186.80,0.014267,0
d5ee4d10-d328-476b-b478-0ea9e19bad9c,05f197bf-0bdd-44a5-84bb-1878a08666b6,2026-01-20,197.17,15,15,40356.95,2690.463333,13,5,0.3846,1.6154,12,6018.21,0.149125,1
fd181dda-1062-435c-9348-6f21caab9502,97c341f3-26c0-47ee-949b-ec2349709b82,2026-01-20,476.30,30,11,38894.40,3535.854545,7,3,0.4286,1.7143,9,9682.55,0.248945,1
02a6cf4a-d96f-46e3-96fc-298e19f5cf16,d3ceae53-5516-4152-a247-d101c45a4912,2026-01-21,149.88,30,13,46040.75,3541.596154,10,4,0.4000,2.1000,14,8558.05,0.185880,1
0bb727f1-01a1-4c5b-948c-fb32cb81035e,a69011f4-c3f9-4f91-92f2-3df9072b53e7,2026-01-21,1144.08,15,18,46238.81,2568.822778,15,4,0.2667,0.6000,3,5933.96,0.128333,1
40322589-ba2c-4b30-8113-62ce70615ef0,c1a55833-8139-41dd-8bb5-59ab8a090d3b,2026-01-21,1363.45,45,5,15525.72,3105.144000,3,2,0.6667,8.6667,18,5333.00,0.343495,1
434eab2e-a0dd-499a-8399-f1b249ffec72,79ce75bd-e156-4762-a109-91880fa27abc,2026-01-21,149.88,45,18,51269.73,2848.318333,11,2,0.1818,0.7273,6,20479.19,0.399440,1
4e952fda-fbb1-47a6-96d1-7b31c150f0d0,4f4f2ef2-6350-45b8-af19-6bd90adfc454,2026-01-21,1940.69,15,19,59373.96,3124.945263,16,4,0.2500,0.9375,10,5000.49,0.084220,1
53c54fa0-deb6-43b4-a83b-6c3c2b498d73,42b4250f-96b0-4ca7-b063-8722469fafa6,2026-01-21,1657.59,15,3,18424.06,6141.353333,2,2,1.0000,49.5000,52,5295.74,0.287436,1
9138f4f9-9999-46fa-ab08-dedd30d88063,ecee2fcb-7259-46bb-a6a3-c2683069ec25,2026-01-21,124.35,30,8,26651.76,3331.470000,6,2,0.3333,2.0000,9,6430.73,0.241287,1
a189492d-c99a-43d9-8f12-cf438a9ec8f8,05f197bf-0bdd-44a5-84bb-1878a08666b6,2026-01-21,230.16,15,16,40554.12,2534.632500,13,5,0.3846,1.6154,12,6215.38,0.153261,0
bf090538-75ed-48f7-bc3e-9395adccb1b1,28e3eb2f-4e60-491c-8ecf-9260a4a4ced4,2026-01-21,1136.77,45,18,75760.26,4208.903333,15,7,0.4667,1.8667,11,4594.04,0.060639,0
e0c954ac-35fd-4b6f-b7bf-6150e15fc773,cfc90a2e-3eb4-476f-8b9b-493b93566dcb,2026-01-21,649.91,30,3,7914.61,2638.203333,2,1,0.5000,5.5000,11,1428.12,0.180441,1
f8e72af9-5940-497f-8b57-a7cae8363231,30234645-3e34-4245-a4e4-e0e65a95e222,2026-01-21,1133.20,30,3,9660.28,3220.093333,3,3,1.0000,6.6667,14,0.00,0.000000,1
36c7256a-e51b-4fe4-a44c-7ff5f5e92bdb,a9a14d19-86ba-40be-883c-0be4db2e7555,2026-01-22,4101.98,15,7,20709.04,2958.434286,7,1,0.1429,0.2857,2,0.00,0.000000,1
a0c6fdd2-c886-4ccf-aff0-ae0fba024ab2,ff29a3b3-fb27-44ad-8dcc-9551fb3c7420,2026-01-22,331.95,45,17,47124.94,2772.055294,12,5,0.4167,3.7500,14,21310.04,0.452203,0
ad7fd105-4cf2-4f79-9272-3694e49ccacb,3907704e-d22a-40f9-9591-9c06dfc1b6d2,2026-01-22,883.11,15,11,27250.01,2477.273636,7,4,0.5714,3.2857,13,11711.76,0.429789,0
c639def5-3ecf-4d80-af94-0331b18ee1b4,ba0a6120-4b67-4e2b-b2c4-9036a195b99a,2026-01-22,2801.98,45,4,6647.49,1661.872500,4,1,0.2500,0.5000,2,0.00,0.000000,1
0bd89eaf-f37f-4fe4-a7be-4462a58b46bf,2fdb2470-7bb8-4ff4-90ef-b13139714701,2026-01-23,844.85,15,5,20747.62,4149.524000,3,2,0.6667,5.3333,15,15922.83,0.767453,1
48eebbac-1f25-438b-a48e-dd4dcc8bc364,456196a3-f5fd-4769-85c9-fe12f73de5b9,2026-01-23,2091.06,15,11,27454.71,2495.882727,9,2,0.2222,1.2222,10,4888.07,0.178041,1
4e07711f-aeab-4ef0-8940-98d5e2ec2879,98c0d934-599f-43f0-b624-02fafa9a625d,2026-01-23,1150.86,30,6,10134.93,1689.155000,5,1,0.2000,0.2000,1,152.09,0.015007,1
1f876816-553e-4ae8-b26f-93dbbb97403a,34f539cb-584e-4259-ac9f-44e6d5484ebf,2026-01-24,920.64,15,16,44338.20,2771.137500,13,5,0.3846,1.2308,10,5911.44,0.133326,0
2bdcc9fc-ad31-4a85-8a00-618c35eda704,dc32c9bc-f5b1-425c-b068-0f753d9baf2f,2026-01-24,1139.97,30,9,18745.10,2082.788889,5,4,0.8000,3.0000,7,7842.79,0.418391,1
42da080e-3b9b-4557-9563-d84ba43521ac,c9b37375-0f54-4110-983e-7b7635c1257f,2026-01-24,1689.70,45,5,9970.75,1994.150000,5,3,0.6000,1.4000,3,0.00,0.000000,1
62255fed-b54c-48a8-8677-5625c862f0cf,ce1c7e34-50d9-4f3b-ab54-cbb7cab9fa18,2026-01-24,1162.96,30,9,24851.96,2761.328889,8,4,0.5000,2.0000,12,1144.04,0.046034,1
7aa90a86-f1b6-47a7-843f-750495c6d6bf,44e18ff7-c6c4-4f05-810a-10acda026843,2026-01-24,846.28,30,14,47650.59,3403.613571,10,2,0.2000,1.9000,10,14961.67,0.313987,1
a67c4eab-7dce-4e5a-b728-93719fab2cde,8f10e8bf-c7a4-4bd6-93ce-4de936a938ef,2026-01-24,147.69,45,7,21868.83,3124.118571,5,2,0.4000,0.8000,3,3532.94,0.161551,1
bfbc0595-d4aa-4f2f-a532-7a4bdf7346e9,9f79997b-8bf3-45ae-a535-abb872b46a2f,2026-01-24,137.05,45,3,5480.52,1826.840000,2,2,1.0000,27.5000,32,443.08,0.080846,1
e4d1791f-0fec-4048-a2a6-9214e6c6dfae,e74c4bf9-90b2-4723-8b21-9af623c5b124,2026-01-24,1315.60,45,13,40634.82,3125.755385,13,6,0.4615,1.8462,8,0.00,0.000000,0
11f358c8-b65d-4732-8df7-2d9818b7a232,b4ff4a71-e2cb-40a7-afaa-04a5be660e06,2026-01-25,295.39,45,6,12370.45,2061.741667,6,2,0.3333,0.8333,3,0.00,0.000000,1
37d09137-2587-4524-b510-506265183fac,f8a3ae68-a437-491d-b88b-abad9164379f,2026-01-25,2266.74,45,13,28797.90,2215.223077,7,4,0.5714,2.5714,12,16475.77,0.572117,0
460cde6f-1bae-4e3f-a1a7-a4e8e743439f,ec0b1685-64bd-41e0-8aa1-e25e3abe480b,2026-01-25,248.70,45,7,24574.74,3510.677143,7,4,0.5714,3.1429,16,0.00,0.000000,0
69fb31e7-051c-4c61-a15d-7e25f772caee,614d73fd-8846-4895-a773-7898e1678216,2026-01-25,691.85,30,9,22713.44,2523.715556,8,2,0.2500,2.1250,15,1315.60,0.057922,0
72240179-b4eb-4b60-b282-c0636343eb4b,e223a14f-9752-4dfc-b998-04cfae44ca10,2026-01-25,1292.55,30,19,62639.41,3296.811053,16,6,0.3750,0.6875,3,5178.16,0.082666,0
85c15733-d933-48cc-93a3-047a7b953b25,79ce75bd-e156-4762-a109-91880fa27abc,2026-01-25,1600.20,45,19,51419.61,2706.295263,12,2,0.1667,0.6667,6,16123.72,0.313571,0
b1dfa584-7d50-4f0a-84f5-90613475637a,614d73fd-8846-4895-a773-7898e1678216,2026-01-25,2279.95,30,9,22713.44,2523.715556,8,2,0.2500,2.1250,15,1315.60,0.057922,1
c6576b66-ee3a-4e8d-b477-2fb19de9479f,7b3011de-1fd5-49d7-8cd0-565a3af5b5da,2026-01-25,295.39,30,14,23409.30,1672.092857,9,6,0.6667,2.0000,9,3998.62,0.170813,1
cad62592-d987-499c-8baf-a087b620fb80,066b0bf5-5f5a-4c95-a709-b1fc1d059f94,2026-01-25,566.60,45,13,53326.81,4102.062308,10,4,0.4000,0.7000,3,19081.87,0.357829,0
fcfa1fa2-2ef6-4402-9998-554eed4bacb9,c7af740f-1d7a-4321-9d3e-ec9107c05254,2026-01-25,456.28,15,8,18982.38,2372.797500,7,3,0.4286,0.8571,3,232.79,0.012263,1
1dcbaeff-5ea7-46bb-9f9b-3baef4c55be2,027e2c71-76f6-44d8-b214-51097fc3e605,2026-01-26,135.85,15,12,26330.13,2194.177500,11,4,0.3636,2.2727,14,951.03,0.036119,0
4f17c37b-93a1-44fe-8c92-7b05b1033bd3,d3ceae53-5516-4152-a247-d101c45a4912,2026-01-26,571.37,30,14,46190.63,3299.330714,10,4,0.4000,2.1000,14,8707.93,0.188522,1
62affaf4-7f1c-45b9-8328-38a8473d60a8,80425ba2-13bc-407f-9a1c-ff4f30480010,2026-01-26,3322.71,30,10,22894.57,2289.457000,7,1,0.1429,0.4286,3,3199.06,0.139730,1
afb575c6-9c8d-47dc-bc80-1d83b4db580a,fc90d768-4902-4267-aee4-185b5584cee7,2026-01-26,1363.45,30,13,33302.56,2561.735385,12,4,0.3333,1.5833,15,1573.27,0.047242,0
b6ab31bf-d63e-441a-950a-ff0a37b99f14,1fff1144-0a72-44bd-ae41-900fd84b9dec,2026-01-26,993.26,30,8,47229.32,5903.665000,8,2,0.2500,0.5000,3,0.00,0.000000,1
bfc8bec0-8d95-4477-a3fe-5c2a992d46b9,51833259-a233-414c-85fb-6ed59e50dfed,2026-01-26,749.39,30,16,53415.25,3338.453125,12,6,0.5000,1.4167,6,15957.81,0.298750,1
d544ac09-3686-417c-918a-d605c59268de,fec6b81b-c723-45e8-a11f-75a4cb6a1381,2026-01-26,349.97,30,17,41135.37,2419.727647,12,9,0.7500,6.0833,17,11598.11,0.281950,1
3c4bdaff-b12b-47c7-ac12-15f13e065846,9c75b413-efd7-4171-9aa3-e4f50c8b52ea,2026-01-27,1766.23,15,3,6195.44,2065.146667,2,1,0.5000,0.5000,1,2380.19,0.384184,1
7cab14e9-73e7-4076-be5c-d3f9feb0679b,45b35575-e766-4b46-861c-910c86237813,2026-01-27,4085.60,15,16,36660.51,2291.281875,10,4,0.4000,1.8000,10,15341.79,0.418483,0
b00afdd7-f189-459f-81e9-a17c0a2db3fd,a618b414-7505-48a2-9047-6d0fbd16fb88,2026-01-27,4139.84,45,3,14770.66,4923.553333,2,0,0.0000,0.0000,0,1437.94,0.097351,0
b151cfc9-4bb1-4398-a33b-d222914de9c1,44e3f736-1e1f-478d-876f-f18c9b474ec7,2026-01-27,649.91,45,3,10083.53,3361.176667,3,1,0.3333,0.6667,2,0.00,0.000000,1
bb9ec10c-d681-4e12-81c1-ac5074de3d4a,1fff1144-0a72-44bd-ae41-900fd84b9dec,2026-01-27,638.15,30,9,48222.58,5358.064444,8,2,0.2500,0.5000,3,993.26,0.020597,0
becf64ca-dc0c-4be8-9526-562fed635f0a,3b80de3a-118c-4393-9d4e-1994031e22b9,2026-01-27,4231.25,15,6,10209.28,1701.546667,6,2,0.3333,0.5000,2,0.00,0.000000,1
c2733c8f-3576-4f93-84e9-bbdb7f3a61f1,f5905fb3-1b37-4afd-80b2-3e6bb136b5b1,2026-01-27,2400.36,15,3,15228.48,5076.160000,2,0,0.0000,0.0000,0,3152.68,0.207025,1
d9c6ccb9-6eba-4590-b714-8356add67f6d,48871682-8627-402c-b359-46e536c8c5f8,2026-01-27,2133.60,45,6,20947.72,3491.286667,5,0,0.0000,0.0000,0,5289.06,0.252489,1
f246f0db-e731-4767-a9d2-8799591a84f8,bab05b4b-0196-4bb2-a10a-34baf0750132,2026-01-27,691.05,45,6,19208.27,3201.378333,3,1,0.3333,0.3333,1,9100.35,0.473772,0
f4c70541-df56-4ac3-a6d0-4e5fc50c968c,98c0d934-599f-43f0-b624-02fafa9a625d,2026-01-27,415.11,30,7,11285.79,1612.255714,5,1,0.2000,0.2000,1,1302.95,0.115450,1
0232fcbe-ba5e-4960-9ff6-f73db102e0a5,66aa9f2d-de6b-4def-8269-b6d0177dbf9a,2026-01-28,295.39,30,17,57720.81,3395.341765,14,7,0.5000,1.0714,3,8741.52,0.151445,0
27624ba1-6226-4a8b-812f-badd4fae7417,13d8502b-672a-495d-a3f4-30157008db99,2026-01-28,331.95,15,4,13287.35,3321.837500,4,2,0.5000,1.0000,3,0.00,0.000000,0
45eed9e0-2b1d-424f-a207-d8c4bd00ee9c,957f9181-281b-4ff6-9370-462fb40cb6e5,2026-01-28,1905.20,30,4,12047.47,3011.867500,2,1,0.5000,1.5000,3,3988.53,0.331068,0
7776538d-79b8-42e0-b9f9-13f9c124edf9,a9a14d19-86ba-40be-883c-0be4db2e7555,2026-01-28,465.57,15,8,24811.02,3101.377500,7,1,0.1429,0.2857,2,4101.98,0.165329,1
b481a383-c8da-4fb1-94f9-689f959507a9,b88b94e7-2bbd-4939-98cc-217258c364d3,2026-01-28,492.92,15,7,15780.03,2254.290000,5,1,0.2000,0.2000,1,4176.77,0.264687,1
d6ba71ad-c81b-492c-a83c-61d8ba773b35,edf4822d-49a2-4ae7-95c1-975b85069210,2026-01-28,1112.43,30,3,4247.11,1415.703333,3,1,0.3333,3.0000,9,0.00,0.000000,0
20b0ecff-3ee3-4114-9c41-ef362a0d8035,59749859-a81e-48e6-bc39-a362a3eada9b,2026-01-29,528.76,30,4,8656.56,2164.140000,4,2,0.5000,0.7500,2,0.00,0.000000,0
5406a467-39ac-4e48-99f1-6796974755cd,d6e6f2c0-9d75-46fe-a6d0-19f4998b8aa0,2026-01-29,795.95,30,4,5233.60,1308.400000,3,1,0.3333,2.3333,7,628.52,0.120093,1
6a3be630-af79-4c04-be28-a1c95b776781,403ba4f6-3b05-4fb0-9c95-6068878e01b1,2026-01-29,1699.80,30,17,69637.01,4096.294706,13,3,0.2308,1.4615,14,8375.90,0.120279,0
82e85d9e-7575-4958-9b3c-5e7a18a0f922,ebbc4745-0985-45f9-b142-3002a577acc3,2026-01-29,137.05,15,5,8695.94,1739.188000,5,1,0.2000,0.6000,3,0.00,0.000000,0
8b71d7d9-81ea-49a4-b810-4fda5939038b,c1a55833-8139-41dd-8bb5-59ab8a090d3b,2026-01-29,4651.84,45,6,16889.17,2814.861667,3,2,0.6667,8.6667,18,6696.45,0.396494,0
8fe6b2d1-ebb1-4afc-b4b1-00d6175c6ebe,51833259-a233-414c-85fb-6ed59e50dfed,2026-01-29,1238.87,30,17,54164.64,3186.155294,12,6,0.5000,1.4167,6,16707.20,0.308452,1
9bfadccc-c46d-4e60-89d6-bb719e134780,fc90d768-4902-4267-aee4-185b5584cee7,2026-01-29,924.71,30,14,34666.01,2476.143571,12,4,0.3333,1.5833,15,2936.72,0.084715,1
a02f998f-a108-470b-ae29-43a619450429,403ba4f6-3b05-4fb0-9c95-6068878e01b1,2026-01-29,3071.57,30,17,69637.01,4096.294706,13,3,0.2308,1.4615,14,8375.90,0.120279,0
a696bf22-8965-4a24-bd7c-2876d50cd945,7010920b-f9d5-4e97-9d6a-a57cfe832fad,2026-01-29,2031.83,45,12,42416.29,3534.690833,9,2,0.2222,1.5556,13,14089.08,0.332162,1
a8e638fb-67a7-4a72-889c-5bbbb3d77e68,e05c9e8f-2852-4c9d-9c2a-756d89ba64a0,2026-01-29,4668.17,30,22,67966.80,3089.400000,19,10,0.5263,1.8947,11,7060.83,0.103886,1
bb4a9a91-d2f0-48a0-9f3a-d7a2eaffde0e,f5905fb3-1b37-4afd-80b2-3e6bb136b5b1,2026-01-29,3091.22,15,4,17628.84,4407.210000,2,0,0.0000,0.0000,0,5553.04,0.314997,0
c8cf398e-9903-4d70-a984-9605bd1cd2e1,5be61d8d-e5a3-403f-b61d-c9096e40b7fb,2026-01-29,349.97,30,3,17398.11,5799.370000,3,1,0.3333,1.0000,3,0.00,0.000000,0
07be3923-048f-431e-86b7-e393b2b808c5,066b0bf5-5f5a-4c95-a709-b1fc1d059f94,2026-01-30,323.14,45,14,53893.41,3849.529286,10,4,0.4000,0.7000,3,19648.47,0.364580,0
112bc7b3-a4c5-41c7-ad84-45783f44970a,aa210298-0ad5-4fe1-9a49-04d9c35709c6,2026-01-30,135.85,15,3,4404.28,1468.093333,3,3,1.0000,6.6667,13,0.00,0.000000,1
22ca427d-fb6d-45b6-b884-59500605ac34,9b131352-2e3f-4966-865e-a01b50bde6e5,2026-01-30,3365.46,30,13,25301.49,1946.268462,9,2,0.2222,0.2222,1,9608.39,0.379756,1
4ce2bbec-1eeb-4f22-8935-05462e7edbd4,05f197bf-0bdd-44a5-84bb-1878a08666b6,2026-01-30,1048.85,15,17,40784.28,2399.075294,13,5,0.3846,1.6154,12,6445.54,0.158040,1
519bc4f7-ca6f-4dc9-bdad-98dd17f2677c,3d036612-3ff3-451e-a921-d163e55b4c30,2026-01-30,2477.75,30,8,22156.81,2769.601250,6,5,0.8333,3.5000,9,6381.69,0.288024,0
6841d8ff-d79b-47aa-8c96-1cc94fac1b5c,44e18ff7-c6c4-4f05-810a-10acda026843,2026-01-30,3532.45,30,15,48496.87,3233.124667,11,3,0.2727,1.9091,10,13621.15,0.280867,1
6e79dbcc-7934-499a-9e1d-9a27d7cc18ce,3907704e-d22a-40f9-9591-9c06dfc1b6d2,2026-01-30,1962.30,15,12,28133.12,2344.426667,7,4,0.5714,3.2857,13,12594.87,0.447688,1
8562cdc5-7992-44bb-9fe7-84c6c6d1f0ca,73c3d633-4b34-49ad-a380-07fa31442bd6,2026-01-30,1591.91,30,7,12085.40,1726.485714,5,2,0.4000,0.6000,2,3723.75,0.308120,1
8f3daaaf-95e1-49a0-8b70-bbd269497804,34f539cb-584e-4259-ac9f-44e6d5484ebf,2026-01-30,230.16,15,17,45258.84,2662.284706,13,5,0.3846,1.2308,10,6507.16,0.143777,0
c10df385-cef6-4884-b9ab-2c3fe942efb0,c3bc5bb3-aee9-4150-b36a-c89a22162e7d,2026-01-30,1079.90,45,17,46168.96,2715.821176,12,8,0.6667,2.1667,9,13534.78,0.293158,0
c9066454-8577-428d-a668-6b682ebef19e,b0d81eaf-60e0-4aa5-b3e9-64fdea18f5e9,2026-01-30,449.63,30,5,18329.19,3665.838000,4,1,0.2500,0.2500,1,7393.89,0.403394,0
d313c1f4-f77b-4a52-a12e-b08f07ea4c52,6272b3b9-197b-4be0-bf82-5b6e74a51d18,2026-01-30,4947.18,30,5,21375.75,4275.150000,5,2,0.4000,0.6000,2,0.00,0.000000,1
092e03a0-6a48-4c3f-83d3-d6945a1aefb6,6a7efc18-882b-4c4c-a75d-1b8aecdbf4a6,2026-01-31,2224.87,30,9,6879.20,764.355556,7,3,0.4286,0.8571,3,1280.96,0.186208,1
7bfa4f05-38b7-4bcc-8f29-e62a044d0db8,f3d3da1e-a146-45f1-bea7-4e9b3d5e991e,2026-01-31,1388.35,30,5,26204.82,5240.964000,5,1,0.2000,0.2000,1,0.00,0.000000,1
8c04ff91-fe51-4793-9cf9-f5789fd5aca0,2576b737-f022-4e9c-8640-a88226cea0ff,2026-01-31,3161.25,30,14,43081.30,3077.235714,10,4,0.4000,0.8000,3,4435.27,0.102951,0
aec3fe97-a836-4026-a517-1320c9fe4557,a618b414-7505-48a2-9047-6d0fbd16fb88,2026-01-31,970.35,45,4,18910.50,4727.625000,2,0,0.0000,0.0000,0,5577.78,0.294957,0
e07e2fa8-3246-4caf-bca6-e7222fc3ef75,9a48cdff-42f6-4b91-80ce-e531f3622d2b,2026-01-31,3772.02,45,4,5518.25,1379.562500,3,1,0.3333,3.6667,11,2288.16,0.414653,0
e7762e37-d51b-4ad9-adc8-b559d023cb99,7010920b-f9d5-4e97-9d6a-a57cfe832fad,2026-01-31,1600.20,45,13,44448.12,3419.086154,9,2,0.2222,1.5556,13,16120.91,0.362690,1
24b8de50-14b5-4380-b1d3-baf49016b609,fec6b81b-c723-45e8-a11f-75a4cb6a1381,2026-02-01,1657.59,30,18,41485.34,2304.741111,12,9,0.7500,6.0833,17,11948.08,0.288007,0
2d585b80-0b43-4723-b4b4-7dde46c142a5,36526e5e-f875-4c3e-a8d6-c50ede833ade,2026-02-01,4076.94,15,6,18342.78,3057.130000,6,2,0.3333,0.5000,2,0.00,0.000000,1
473620ae-b537-4584-b8c7-00811b9205ae,18f1b310-96f4-4c2e-b99b-5b091b3e0999,2026-02-01,1428.12,45,7,26678.62,3811.231429,5,1,0.2000,3.0000,15,5583.78,0.209298,1
69be707b-acda-4017-a244-01d91d10e98e,90ef6a35-c0dc-4b20-aede-0d1b3e525838,2026-02-01,3979.76,30,7,31731.75,4533.107143,7,4,0.5714,4.4286,17,0.00,0.000000,1
6adc12ef-cd60-4447-aa38-95c547b48bbc,bab05b4b-0196-4bb2-a10a-34baf0750132,2026-02-01,1112.43,45,7,19899.32,2842.760000,4,2,0.5000,0.7500,2,8434.93,0.423880,0
6b239135-914e-4cc8-bfcd-53c347dc13e2,32ab5f7d-2c86-49a3-b8c6-009538e6624d,2026-02-01,4943.45,30,9,29035.72,3226.191111,7,4,0.5714,3.2857,16,2319.08,0.079870,0
6edb98e4-90c6-4402-9db9-0ca99e6a3726,86ab916f-9734-41f0-b5c0-9bbc082b3251,2026-02-01,2263.21,30,16,44103.42,2756.463750,14,5,0.3571,1.2143,10,4194.89,0.095115,1
7f8df11c-c995-4daa-82b4-d2bbefa4ad76,2fd49fb9-c8b2-4ec3-b38c-a061a73e1168,2026-02-01,2006.11,15,4,8549.96,2137.490000,4,3,0.7500,4.5000,13,0.00,0.000000,1
9396ec4d-49e7-47bf-9526-91aa5fb689ee,529b58fc-1d6b-4a46-bcf3-bd50c058a284,2026-02-01,1324.34,15,8,23426.79,2928.348750,6,5,0.8333,6.0000,14,6007.23,0.256426,1
c22d8b17-30ae-4a28-97ef-d40a2820d480,267963b4-ed35-41d7-b2ce-cc6088afbd06,2026-02-01,5699.87,30,6,17813.85,2968.975000,3,3,1.0000,2.6667,6,5030.74,0.282406,1
15e6d34b-7ae0-4421-816d-0343f0636a69,108df563-ddcd-4802-83f7-6f5da40664d0,2026-02-02,3892.19,30,5,17987.94,3597.588000,5,1,0.2000,2.2000,11,0.00,0.000000,0
3fef69d4-d817-44e9-b506-db460605b85e,feb9f5f4-bed9-4b39-bb94-062fa9706005,2026-02-02,142.84,45,10,38040.62,3804.062000,9,4,0.4444,0.5556,2,2860.20,0.075188,0
4e710b72-2c27-468b-975a-56de70bc3425,ebe34170-88a5-4097-a231-ec6187114560,2026-02-02,1195.82,30,4,10436.48,2609.120000,2,1,0.5000,0.5000,1,4073.37,0.390301,1
5fc3f3b0-3bbb-44e3-affa-afb855d6f398,79ce75bd-e156-4762-a109-91880fa27abc,2026-02-02,1107.57,45,20,53019.81,2650.990500,12,2,0.1667,0.6667,6,17723.92,0.334289,1
61b72cee-5983-459b-a149-8aebe2171c26,8aa74529-c59e-4daf-9b98-321ebfce7306,2026-02-02,1133.37,30,11,14914.46,1355.860000,9,6,0.6667,1.4444,3,1425.55,0.095582,1
781cc163-2082-47ed-be75-8b98894b86dc,9cbf413a-a00b-482b-9441-e8fce7668a2e,2026-02-02,1573.27,45,18,53100.54,2950.030000,13,2,0.1538,0.8462,8,13798.96,0.259865,0
cbc296ed-2f5b-49ef-ad45-a3e7d381d661,6774c3a7-d951-43fa-9c75-eaca2ced5391,2026-02-02,1403.26,30,11,24203.78,2200.343636,9,6,0.6667,2.2222,10,7296.87,0.301476,0
fa3719f8-ef81-4c08-83b5-463441e9b306,3907704e-d22a-40f9-9591-9c06dfc1b6d2,2026-02-02,2243.64,15,13,30095.42,2315.032308,7,4,0.5714,3.2857,13,14557.17,0.483701,0
00e171bb-0ad8-486a-9acb-e123ce63f113,0d5cae3a-3f1a-4ef0-b794-ba9364aaff19,2026-02-03,2266.40,30,3,4701.95,1567.316667,2,0,0.0000,0.0000,0,1977.38,0.420545,1
2084173b-4e6e-4f19-9036-a4179042780d,31e4bcb5-1a69-45eb-a2c7-5bfa73cdfca1,2026-02-03,213.91,15,23,47587.74,2069.032174,21,11,0.5238,1.0000,3,3795.17,0.079751,1
23671e81-aa37-4853-b822-55b48cc1fdd6,614d73fd-8846-4895-a773-7898e1678216,2026-02-03,5015.27,30,11,25685.24,2335.021818,8,2,0.2500,2.1250,15,4287.40,0.166921,0
45dc7a7e-e756-43da-8c65-bc723d941d06,cd796877-895f-4bcc-8fe0-0c8c6c4e68b0,2026-02-03,1015.92,30,7,14869.14,2124.162857,5,2,0.4000,1.8000,6,5213.34,0.350615,1
6432f664-433c-4552-8c83-d4693994bbaf,6f363f3d-a553-4343-928a-865ef7efa488,2026-02-03,319.07,30,3,20426.99,6808.996667,2,1,0.5000,0.5000,1,12698.98,0.621677,0
7bdfc202-307a-4d2b-936d-2c6cd1dd0d91,066b0bf5-5f5a-4c95-a709-b1fc1d059f94,2026-02-03,797.69,45,15,54216.55,3614.436667,10,4,0.4000,0.7000,3,19971.61,0.368367,0
a1f5721f-c6b7-471f-b55a-f96a5e771278,1a980af4-4a6b-40eb-a9a0-f4ffc25c68aa,2026-02-03,812.39,15,4,16197.73,4049.432500,4,0,0.0000,0.0000,0,0.00,0.000000,1
f39daa8a-11aa-4557-9198-3a4b3d1df198,091ba1e5-58cf-4e6c-badc-17dbe89dea69,2026-02-03,1640.79,45,17,61705.57,3629.739412,12,5,0.4167,2.4167,11,26972.45,0.437115,0
0cc19696-d74d-450a-92f1-fb371b2585c0,54739a70-fe3b-45f0-b6da-5eb96fddebc6,2026-02-04,271.70,30,17,50568.86,2974.638824,15,7,0.4667,0.9333,3,8352.95,0.165180,0
29c95ef9-ddb9-4d6c-95b9-84c76b12339c,454e54ed-b5e4-4096-9693-090f3ddaa42e,2026-02-04,1193.88,30,5,20991.23,4198.246000,4,1,0.2500,0.7500,3,817.12,0.038927,0
35bdca59-b655-4cfc-b9a3-eee8f2716b4e,88f8cded-9e9f-4c71-9504-8cae260151bf,2026-02-04,2060.81,15,9,16659.78,1851.086667,9,3,0.3333,0.8889,3,0.00,0.000000,1
91c36e20-87d5-4af1-8fcf-2f4c71a89f16,3de6f533-5503-4109-875b-33f40109353f,2026-02-04,2774.14,30,6,17983.95,2997.325000,6,5,0.8333,9.1667,16,0.00,0.000000,1
a4d550b8-70b1-4ac2-9fec-28664fd365f7,f311db56-da65-41a9-a889-888c821ca32c,2026-02-04,1053.75,30,7,14852.62,2121.802857,4,0,0.0000,0.0000,0,4826.45,0.324956,0
f5637ad0-e076-4fc0-82f7-72959abd69fe,7b3011de-1fd5-49d7-8cd0-565a3af5b5da,2026-02-04,147.69,30,15,23704.69,1580.312667,10,6,0.6000,1.8000,9,4074.66,0.171893,1
200b532d-7efd-457d-8992-a04abcfb3406,d3291ebb-1cad-4398-80c7-e968f0d6b8e3,2026-02-05,2266.40,45,3,6703.86,2234.620000,2,0,0.0000,0.0000,0,147.69,0.022031,1
2b15c8c7-f2ab-4a26-b88e-d39b31b45325,403ba4f6-3b05-4fb0-9c95-6068878e01b1,2026-02-05,608.37,30,19,74408.38,3916.230526,13,3,0.2308,1.4615,14,13147.27,0.176691,0
2c4208a4-5097-4fb5-8572-acf004fc6bb5,e9152f33-f58e-4690-a02f-18066572acda,2026-02-05,1698.90,15,8,30847.55,3855.943750,7,3,0.4286,2.0000,10,756.54,0.024525,1
6b115f60-5107-4092-939e-db435dcea97c,5173c47a-a140-490b-afc1-af84817a605e,2026-02-05,200.96,30,4,13065.20,3266.300000,4,2,0.5000,1.5000,3,0.00,0.000000,1
6bbe4468-b98d-4676-96b5-73afdf905501,a54b8eca-fc5f-46cd-9407-2f103beabcc7,2026-02-05,4000.61,15,4,6820.53,1705.132500,4,2,0.5000,3.7500,13,0.00,0.000000,0
7e176680-fb7c-4ebc-9d6b-3ec3f8df56ee,45b88888-2215-4e91-9647-006d4a1e9e88,2026-02-05,4012.22,30,4,13647.84,3411.960000,4,2,0.5000,1.2500,3,0.00,0.000000,0
af746dbf-d41b-4ed4-9a4d-a476ea807bd8,744605d3-9330-457d-9c53-8b4b59950976,2026-02-05,1144.08,30,16,53857.32,3366.082500,12,5,0.4167,1.0833,7,7382.46,0.137074,0
f787b33b-3a52-4cc8-a55c-84a8920d2b7c,e223a14f-9752-4dfc-b998-04cfae44ca10,2026-02-05,1978.87,30,20,63931.96,3196.598000,17,6,0.3529,0.6471,3,3826.91,0.059859,0
fea8063c-b58b-4aee-b14e-588a8d9f788c,dbc5aa6b-529c-4c91-8331-7ec33c8503bb,2026-02-05,1394.04,30,16,40170.37,2510.648125,11,6,0.5455,3.7273,17,12152.07,0.302513,1
0c3b7836-eeac-4fc2-a68b-eacb0b158ab7,e9afc85a-81e7-4518-a4f2-c3650f0c8105,2026-02-06,295.75,45,4,9331.91,2332.977500,4,3,0.7500,8.5000,13,0.00,0.000000,0
2ee09573-9378-4571-b9aa-09bd6accfe47,e74c4bf9-90b2-4723-8b21-9af623c5b124,2026-02-06,1065.14,45,14,41950.42,2996.458571,13,6,0.4615,1.8462,8,1315.60,0.031361,1
447b9bca-56a5-4b7c-87bb-cdc2c7eb918b,66aa9f2d-de6b-4def-8269-b6d0177dbf9a,2026-02-06,3365.46,30,18,58016.20,3223.122222,14,7,0.5000,1.0714,3,8246.41,0.142140,0
57020483-d417-4956-a97d-513b12941edc,e400fe49-64f8-4e45-8877-6c5fd0a7747d,2026-02-06,4668.17,15,10,28309.32,2830.932000,9,4,0.4444,0.7778,3,2619.94,0.092547,1
70ed1791-e718-4419-a052-f34f109f923b,a8a318fe-4ac5-43e5-819c-0493f94dfd8e,2026-02-06,575.43,15,5,5951.00,1190.200000,3,0,0.0000,0.0000,0,4131.16,0.694196,1
c43a1e58-be68-4efe-93cf-08a398199bec,1a980af4-4a6b-40eb-a9a0-f4ffc25c68aa,2026-02-06,1324.34,15,5,17010.12,3402.024000,4,0,0.0000,0.0000,0,812.39,0.047759,1
c5d11f6d-855e-45d5-92df-495eb08aa967,8f10e8bf-c7a4-4bd6-93ce-4de936a938ef,2026-02-06,5609.10,45,8,22016.52,2752.065000,6,3,0.5000,1.3333,4,1433.58,0.065114,0
d0e8f1bb-57b6-47fb-8826-eee8627d87d0,3773055e-a1f8-4fba-8846-a4b4eca5c2b7,2026-02-06,116.39,45,9,22742.05,2526.894444,7,3,0.4286,1.0000,4,3191.70,0.140344,1
dbfe75b8-4027-4505-9c4f-aa41abaf168c,73c3d633-4b34-49ad-a380-07fa31442bd6,2026-02-06,3379.40,30,8,13677.31,1709.663750,5,2,0.4000,0.6000,2,5315.66,0.388648,1
1c5fa740-9ff3-4de4-8276-772f43682d74,feb9f5f4-bed9-4b39-bb94-062fa9706005,2026-02-07,1562.15,45,11,38183.46,3471.223636,9,4,0.4444,0.5556,2,3003.04,0.078648,0
217a6c56-7310-49bb-9c41-8d16e55a42a2,e74c4bf9-90b2-4723-8b21-9af623c5b124,2026-02-07,1428.12,45,15,43015.56,2867.704000,13,6,0.4615,1.8462,8,2380.74,0.055346,1
3595e3ff-6f8b-4444-8f72-d04cdbdf15ff,ecee2fcb-7259-46bb-a6a3-c2683069ec25,2026-02-07,3455.24,30,9,26776.11,2975.123333,6,2,0.3333,2.0000,9,6555.08,0.244811,0
39a6a7ba-cc86-4728-af51-c53aa0ec51f1,8b278dae-e043-44f3-a5f0-8466df24d3a2,2026-02-07,3076.97,30,12,27693.31,2307.775833,11,5,0.4545,1.3636,6,3077.93,0.111143,0
416bd714-f1e6-43e4-9cc9-0f977186ff7d,e9afc85a-81e7-4518-a4f2-c3650f0c8105,2026-02-07,5182.59,45,5,9627.66,1925.532000,4,3,0.7500,8.5000,13,295.75,0.030719,1
598d3744-9463-4189-9ecf-00aac80749e2,29da7f9b-7059-4c90-999f-3737f7557ee5,2026-02-07,106.95,45,3,6040.06,2013.353333,2,1,0.5000,5.0000,10,3846.19,0.636780,1
72f3a041-e4a5-41d4-8e4b-6c03e9eeff4e,b812927c-5d6a-4cb6-9794-94ec8e44c0bd,2026-02-07,2483.90,15,3,4574.01,1524.670000,3,3,1.0000,12.0000,15,0.00,0.000000,1
7a7fb7c0-01a6-425e-a306-ccee97069e6c,d16d5f0e-f1af-4ab1-8b14-12ce745ddd9b,2026-02-07,797.69,30,10,30782.88,3078.288000,4,2,0.5000,4.2500,16,14734.40,0.478656,0
832bc2f9-0b06-4d3e-affa-aa391c7b2cca,a137cf0f-749a-402e-9913-60a7f4a47b92,2026-02-07,3076.97,30,13,29623.67,2278.743846,11,5,0.4545,1.8182,9,7202.03,0.243117,0
93e3b408-dd49-4bcb-bb10-60f77ea08c54,911f8116-248a-4e3d-afb4-62a632746852,2026-02-07,1716.12,30,23,44441.27,1932.229130,20,7,0.3500,1.1500,10,2061.53,0.046388,0
9a91acce-c1a4-4154-9d33-a92ac0d71fe0,4ed5562c-399a-4f63-8123-7496d2617ad8,2026-02-07,2006.11,15,6,13254.66,2209.110000,5,4,0.8000,4.8000,14,552.53,0.041686,1
9c1fbdae-6e30-480e-aba0-102a1016530d,8f10e8bf-c7a4-4bd6-93ce-4de936a938ef,2026-02-07,3492.34,45,9,27625.62,3069.513333,6,3,0.5000,1.3333,4,7042.68,0.254933,1
c5feb322-5cc2-4122-806d-73b777a45e94,cbf3e2e4-9c43-4976-afaa-bc231bff129c,2026-02-07,719.55,45,7,24196.84,3456.691429,7,7,1.0000,8.1429,15,0.00,0.000000,1
d92df0bb-ef89-4a18-9593-aed287970064,44e18ff7-c6c4-4f05-810a-10acda026843,2026-02-07,2483.90,30,16,52029.32,3251.832500,12,3,0.2500,1.7500,10,16506.85,0.317261,0
fcd34c32-5ed0-4084-8e71-efc25b9966c2,bc69f988-30c6-4bf2-b27f-beafca1b2282,2026-02-07,646.75,45,3,6530.12,2176.706667,2,0,0.0000,0.0000,0,2158.66,0.330570,0
0a3e4572-d0ca-4c2e-8252-c7619b66a323,d768ded2-0e1f-4338-a373-8cb12093b6b9,2026-02-08,552.53,30,16,51226.17,3201.635625,13,7,0.5385,1.9231,13,3544.07,0.069185,1
2623fe4a-8cb5-4481-88d2-f551e0ce695a,8f10e8bf-c7a4-4bd6-93ce-4de936a938ef,2026-02-08,4627.61,45,10,31117.96,3111.796000,6,3,0.5000,1.3333,4,10535.02,0.338551,1
429f4377-25fb-4b1a-970e-6461aba33d73,06771e16-c89d-4440-9d23-12b982301e00,2026-02-08,5262.39,45,4,17876.58,4469.145000,2,2,1.0000,5.5000,6,11310.33,0.632690,0
47d0e6b2-51cd-4f84-8abc-33538bcebcf3,82d60e37-f049-4852-9464-c94b4e5c3244,2026-02-08,137.05,30,11,21399.73,1945.430000,9,3,0.3333,1.3333,9,1146.84,0.053591,1
4b6ae5df-b669-4e6f-938c-d6b71ca0bcb7,33879d3b-ca28-410e-9d37-7a429d1c33aa,2026-02-08,809.93,30,4,2390.92,597.730000,4,1,0.2500,0.7500,3,0.00,0.000000,0
63053767-30a7-40c1-9bad-6506a4908ae6,bc2eaeff-d2cb-413b-8716-a7fa6d9507c2,2026-02-08,331.09,15,16,53961.80,3372.612500,12,4,0.3333,1.0833,9,17597.60,0.326112,1
a07e5736-50e4-4294-8fe1-c6f45a7d4a66,229edd85-4113-4b2a-be5b-1cc986fd5173,2026-02-08,501.98,30,13,40715.41,3131.954615,9,4,0.4444,2.2222,9,19693.75,0.483693,1
a8d9809a-431a-491b-baab-5092cc3dbe65,12be2694-e03e-4703-878e-8ce9ad582cf1,2026-02-08,701.63,30,5,16256.67,3251.334000,5,1,0.2000,0.2000,1,0.00,0.000000,1
dbf7e424-ec50-44a7-aaa0-3634b7d8e698,ce1c7e34-50d9-4f3b-ab54-cbb7cab9fa18,2026-02-08,3113.75,30,10,26014.92,2601.492000,8,4,0.5000,2.0000,12,2307.00,0.088680,1
e2e1b153-eaad-49df-bd15-12781bfc001d,4db8450b-3473-4e34-abb8-61b270b04333,2026-02-08,1849.43,30,3,6594.40,2198.133333,3,2,0.6667,2.3333,4,0.00,0.000000,0
fbeaacfc-8b46-4815-ae74-83930f1f2f72,454e54ed-b5e4-4096-9693-090f3ddaa42e,2026-02-08,1388.35,30,6,22185.11,3697.518333,4,1,0.2500,0.7500,3,2011.00,0.090646,1
068ad9c4-a576-4b5a-9828-423bffe34103,e05c9e8f-2852-4c9d-9c2a-756d89ba64a0,2026-02-09,4200.21,30,23,72634.97,3158.042174,19,10,0.5263,1.8947,11,11729.00,0.161479,1
0d7e8597-b4ae-4d15-87cc-e34ddf627e52,31e4bcb5-1a69-45eb-a2c7-5bfa73cdfca1,2026-02-09,355.05,15,24,47801.65,1991.735417,21,11,0.5238,1.0000,3,4009.08,0.083869,0
2538200c-634d-460b-ad64-0e2967dfa973,44e18ff7-c6c4-4f05-810a-10acda026843,2026-02-09,1615.69,30,17,54513.22,3206.660000,12,3,0.2500,1.7500,10,18990.75,0.348370,0
4d7f72d0-197d-42be-84fe-35e7ba1c3008,34f539cb-584e-4259-ac9f-44e6d5484ebf,2026-02-09,2774.14,15,18,45489.00,2527.166667,15,6,0.4000,2.0000,14,5550.83,0.122026,1
642448cb-dd22-44c9-823a-7ead386557a5,e51c365e-179f-4c2e-92f5-bc4c2fc6282a,2026-02-09,4449.73,30,17,47766.58,2809.798824,13,5,0.3846,1.0769,6,11912.84,0.249397,1
e371e2be-ff48-4153-b340-b821bdda0c67,7010920b-f9d5-4e97-9d6a-a57cfe832fad,2026-02-09,159.54,45,14,46048.32,3289.165714,10,2,0.2000,1.4000,13,16874.01,0.366441,0
fb920dfe-61e2-4a05-a8de-3cecca0fb061,1948ea27-1b6a-4dd3-8c99-b399dcf88ed3,2026-02-09,1600.24,30,9,25472.80,2830.311111,8,3,0.3750,2.3750,10,1618.67,0.063545,1
00e7ef4e-edbd-4532-83ef-1348185ae5f8,dbc5aa6b-529c-4c91-8331-7ec33c8503bb,2026-02-10,497.41,30,17,41564.41,2444.965294,11,6,0.5455,3.7273,17,13546.11,0.325906,0
01f33fc0-c50c-4185-8b1c-84e086d9ec20,66aa9f2d-de6b-4def-8269-b6d0177dbf9a,2026-02-10,4943.45,30,19,61381.66,3230.613684,15,8,0.5333,1.5333,8,10965.10,0.178638,0
06739f07-5c5d-4dfb-b7c0-558e51332fa6,e9152f33-f58e-4690-a02f-18066572acda,2026-02-10,1494.78,15,9,32546.45,3616.272222,7,3,0.4286,2.0000,10,2455.44,0.075444,1
2daa13e6-ed61-4530-b5a8-c469034b1058,091ba1e5-58cf-4e6c-badc-17dbe89dea69,2026-02-10,2097.69,45,18,63346.36,3519.242222,12,5,0.4167,2.4167,11,28613.24,0.451695,1
5777d83b-a329-41d8-8dcf-1a813c0645f9,bc69f988-30c6-4bf2-b27f-beafca1b2282,2026-02-10,3173.44,45,4,7176.87,1794.217500,2,0,0.0000,0.0000,0,2805.41,0.390896,1
5ad2c255-b156-49f2-a652-2c2e860060bf,3cc7350b-72e0-4990-a2f4-79f0e19bfe72,2026-02-10,5119.28,15,21,69199.74,3295.225714,17,7,0.4118,0.8824,3,3130.40,0.045237,1
5f9ac169-6845-4248-a380-061a4a5e525b,da7dbacc-46a8-44dc-b4c5-5e21bf437da6,2026-02-10,1766.23,30,17,42433.43,2496.084118,17,6,0.3529,2.9412,14,0.00,0.000000,1
7e794708-1e4b-43b1-8873-e6656b78e94b,54739a70-fe3b-45f0-b6da-5eb96fddebc6,2026-02-10,822.74,30,18,50840.56,2824.475556,15,7,0.4667,0.9333,3,8624.65,0.169641,0
849766b5-9a11-455c-ad0c-cefc948d2f71,fc90d768-4902-4267-aee4-185b5584cee7,2026-02-10,1167.04,30,15,35590.72,2372.714667,12,4,0.3333,1.5833,15,3861.43,0.108495,0
8a6d4744-9862-43e9-8bfa-011bdd3bf11a,f8435633-4f8d-462d-872a-e6a541d39872,2026-02-10,608.37,30,8,24929.99,3116.248750,7,2,0.2857,1.5714,8,349.18,0.014006,0
a20ca691-031b-4333-912a-76d66aebb1de,34f539cb-584e-4259-ac9f-44e6d5484ebf,2026-02-10,1420.97,15,19,48263.14,2540.165263,15,6,0.4000,2.0000,14,8324.97,0.172491,1
d3a53120-5628-4ea2-a6e0-998a124f940b,b0d81eaf-60e0-4aa5-b3e9-64fdea18f5e9,2026-02-10,3739.05,30,6,18778.82,3129.803333,4,1,0.2500,0.2500,1,7843.52,0.417679,1
d9b1f1e4-9c71-4615-8069-a504654d0687,90ef6a35-c0dc-4b20-aede-0d1b3e525838,2026-02-10,2038.47,30,8,35711.51,4463.938750,7,4,0.5714,4.4286,17,3979.76,0.111442,1
dd1f6ceb-17fc-4fc7-b5d5-f9ed22532dda,6f363f3d-a553-4343-928a-865ef7efa488,2026-02-10,306.67,30,4,20746.06,5186.515000,2,1,0.5000,0.5000,1,13018.05,0.627495,1
e61a1c7e-7c8a-4df0-bac3-c2d19e6e6355,f819f234-f7a8-41f3-8b26-732ac35c4d0b,2026-02-10,1133.20,30,4,5920.79,1480.197500,4,3,0.7500,1.5000,3,0.00,0.000000,1
f08ca8bb-fff0-474d-a490-01b07f34b03f,fec6b81b-c723-45e8-a11f-75a4cb6a1381,2026-02-10,3091.22,30,19,43142.93,2270.680526,13,10,0.7692,6.6923,17,8570.54,0.198655,1
f93251c7-4af6-45de-a54d-e45123d6f16f,1762b46f-b7ef-481c-9e0b-7e6d2033bcf4,2026-02-10,685.23,15,17,43151.73,2538.337059,13,3,0.2308,0.4615,3,11354.53,0.263130,0
354d98bf-52a9-447f-a165-6c05b45190b2,119de36d-41b2-4136-a3a2-0b81cfcdf6f9,2026-02-11,2534.55,30,4,16639.16,4159.790000,3,1,0.3333,0.6667,2,191.74,0.011523,0
418dedc3-153a-4c9d-b62c-3586e13090a8,1fff1144-0a72-44bd-ae41-900fd84b9dec,2026-02-11,4449.73,30,10,48860.73,4886.073000,8,2,0.2500,0.5000,3,1631.41,0.033389,0
4d551e0f-2b96-4ec3-ab7f-fc8d4ef66a68,8d6d15dd-e8cf-4c06-aacd-238932fec46c,2026-02-11,597.91,45,3,7670.86,2556.953333,2,0,0.0000,0.0000,0,4627.61,0.603271,0
544411ea-a264-4bfa-a7b7-1498d930cef3,9de44d71-02d0-4684-a314-54f9abd3f2cd,2026-02-11,1494.78,15,6,11382.60,1897.100000,6,3,0.5000,0.8333,2,0.00,0.000000,1
951d6d01-8e00-4c33-9d07-8a178cc8f6db,8aa74529-c59e-4daf-9b98-321ebfce7306,2026-02-11,2966.07,30,12,16047.83,1337.319167,10,7,0.7000,1.6000,3,1950.55,0.121546,1
ac73eff0-dae2-4cdf-a3ea-175e3fdf25b1,8f10e8bf-c7a4-4bd6-93ce-4de936a938ef,2026-02-11,1315.60,45,11,35745.57,3249.597273,6,3,0.5000,1.3333,4,15162.63,0.424182,0
b8f81e90-2c56-4a6f-a6c0-1ca26851cfe8,dbc5aa6b-529c-4c91-8331-7ec33c8503bb,2026-02-11,2279.95,30,18,42061.82,2336.767778,11,6,0.5455,3.7273,17,14043.52,0.333878,1
d365983f-976f-497b-8036-437c7a363568,556c3740-52fd-4022-8755-b92b9fa5342d,2026-02-11,1079.90,45,12,33050.96,2754.246667,9,4,0.4444,1.0000,3,3324.25,0.100580,0
e31ece32-53c2-4dde-a74c-195b82a6182a,b2ef61f5-8a4e-44af-9b72-983eb8729127,2026-02-11,568.39,15,3,3637.73,1212.576667,2,2,1.0000,10.0000,18,487.43,0.133993,1
ed830a19-39fb-402d-98b0-67c2ff614dfc,05f197bf-0bdd-44a5-84bb-1878a08666b6,2026-02-11,2764.19,15,18,41833.13,2324.062778,14,5,0.3571,1.5000,12,7155.79,0.171056,0
f1501148-11ed-4e26-b2b4-fea0a918c213,8bd2e91f-b7be-4b2c-95e8-9b9f6936c3fe,2026-02-11,3057.71,45,5,6815.30,1363.060000,4,3,0.7500,3.0000,7,3729.73,0.547258,0
0a6ff818-a9a4-47c4-9046-64c3273dd963,108df563-ddcd-4802-83f7-6f5da40664d0,2026-02-12,3602.18,30,6,21880.13,3646.688333,5,1,0.2000,2.2000,11,3892.19,0.177887,1
b15d3562-34ec-4b3d-8ac0-1b4b4f3bf93c,3b80de3a-118c-4393-9d4e-1994031e22b9,2026-02-12,1245.67,15,7,14440.53,2062.932857,6,2,0.3333,0.5000,2,4231.25,0.293012,1
cd7eea6c-e611-42af-bfc0-386a96e1839f,b0d81eaf-60e0-4aa5-b3e9-64fdea18f5e9,2026-02-12,1640.79,30,7,22517.87,3216.838571,4,1,0.2500,0.2500,1,11582.57,0.514372,0
f42878ea-fc10-4f4b-84c9-7426ab0bb5e0,6272b3b9-197b-4be0-bf82-5b6e74a51d18,2026-02-12,934.36,30,6,26322.93,4387.155000,5,2,0.4000,0.6000,2,4947.18,0.187942,1
13d2cdb4-55c2-4226-8781-e959c290b6f7,f5f339bf-3ab5-4a2e-916f-2db044568f67,2026-02-13,5262.39,45,9,40912.11,4545.790000,8,6,0.7500,3.2500,10,12311.72,0.300931,1
4ad1dedc-0ebe-41b1-8d42-3f077e177672,529b58fc-1d6b-4a46-bcf3-bd50c058a284,2026-02-13,1640.79,15,9,24751.13,2750.125556,6,5,0.8333,6.0000,14,7331.57,0.296212,0
5fd4d7c1-8769-4245-89e5-51e52d6be962,e05c9e8f-2852-4c9d-9c2a-756d89ba64a0,2026-02-13,844.85,30,24,76835.18,3201.465833,19,10,0.5263,1.8947,11,15929.21,0.207317,1
73295e09-4aac-488f-9f8c-c85350c86bfc,e9152f33-f58e-4690-a02f-18066572acda,2026-02-13,323.14,15,10,34041.23,3404.123000,7,3,0.4286,2.0000,10,3950.22,0.116042,1
84d143d0-c494-4208-aff9-d5932823b974,e05c9e8f-2852-4c9d-9c2a-756d89ba64a0,2026-02-13,339.62,30,24,76835.18,3201.465833,19,10,0.5263,1.8947,11,15929.21,0.207317,0
99bc5d52-3307-4225-a3c8-8f8f626cdccf,86208847-cfb3-449d-a634-075a2b7c33cc,2026-02-13,1121.82,45,4,8432.53,2108.132500,4,4,1.0000,7.0000,14,0.00,0.000000,1
9a19f758-ebbb-48db-bad9-9cc47f7c5f38,cbf3e2e4-9c43-4976-afaa-bc231bff129c,2026-02-13,1388.35,45,8,24916.39,3114.548750,7,7,1.0000,8.1429,15,719.55,0.028879,0
ab23fef3-fa61-414d-837c-638ad78ca6f1,121edff8-dfb7-4758-a559-7855430672f3,2026-02-13,3946.79,45,6,16361.50,2726.916667,5,2,0.4000,1.4000,6,2097.69,0.128209,0
b676f164-ef46-4911-af5a-e4b81e5e9e28,2fd49fb9-c8b2-4ec3-b38c-a061a73e1168,2026-02-13,4121.63,15,5,10556.07,2111.214000,4,3,0.7500,4.5000,13,2006.11,0.190043,0
b7f4ceee-9828-458e-bea4-21941dd286f7,b247c235-943b-4c46-91c2-168e86d26161,2026-02-13,456.28,45,16,27957.13,1747.320625,15,5,0.3333,0.5333,2,701.63,0.025097,1
c6fd0998-aedb-45b9-bf7a-40564a8b31cc,027e2c71-76f6-44d8-b214-51097fc3e605,2026-02-13,3946.79,15,13,26465.98,2035.844615,13,4,0.3077,1.9231,14,0.00,0.000000,1
d85b7326-f3cc-488e-a875-6f2c6e1bbe01,43b1d0a0-404f-48c8-96ee-46291e3ceaa3,2026-02-13,533.40,15,10,19487.77,1948.777000,7,3,0.4286,3.1429,14,3473.69,0.178250,0
e5eed838-f1fe-4cbc-b650-f4b022ba6f84,e040241c-efa6-453e-8e84-6caae95e5811,2026-02-13,952.60,30,3,7810.65,2603.550000,3,2,0.6667,5.0000,13,0.00,0.000000,1
ed58ffe3-48da-4da8-b0d6-d2fbd5487c51,66aa9f2d-de6b-4def-8269-b6d0177dbf9a,2026-02-13,3379.40,30,20,66325.11,3316.255500,15,8,0.5333,1.5333,8,15908.55,0.239857,0
f7bfd84c-dd4f-49da-827e-c03189150664,a9a14d19-86ba-40be-883c-0be4db2e7555,2026-02-13,1050.05,15,9,25276.59,2808.510000,7,1,0.1429,0.2857,2,2311.46,0.091447,0
1ba1362a-0290-456a-aeab-6076b801ae9b,7b3011de-1fd5-49d7-8cd0-565a3af5b5da,2026-02-14,719.55,30,16,23852.38,1490.773750,12,7,0.5833,1.6667,9,887.69,0.037216,0
293fc78c-502d-4ab0-812f-d095369a6071,6bb31b8a-5c85-4549-9106-7183256248ff,2026-02-14,5119.28,45,6,13949.59,2324.931667,5,2,0.4000,3.4000,10,1382.09,0.099077,1
31d08cf4-0030-4255-ae11-9f68627b3477,b067038f-9577-43c4-a072-0376499a6f51,2026-02-14,2272.41,15,5,16962.92,3392.584000,4,1,0.2500,0.2500,1,5293.97,0.312091,1
3d528e7a-dcfe-41b7-a8b7-377679d41a53,f6176f19-c718-4746-9808-d110ecf53a50,2026-02-14,3729.73,45,8,12855.74,1606.967500,7,4,0.5714,1.5714,3,3332.09,0.259191,0
4ad3da31-d764-4ae9-a526-18dc5c8fc791,82241b4b-7959-4079-9369-bbfcffcbc453,2026-02-14,1940.69,30,12,39524.27,3293.689167,11,2,0.1818,1.2727,11,9995.64,0.252899,0
8cfa9612-9f37-4de4-a709-1ae59badf275,957f9181-281b-4ff6-9370-462fb40cb6e5,2026-02-14,2073.14,30,5,13952.67,2790.534000,3,2,0.6667,2.0000,3,4177.61,0.299413,0
98aa2654-a7a4-48a6-8774-04d71959b2aa,b7d62bbb-f2b2-4bee-ac69-0e320b4b310f,2026-02-14,2943.45,45,20,68999.18,3449.959000,16,7,0.4375,1.9375,8,4288.27,0.062150,0
d084ef2f-ae3b-4dcd-b34c-ca9dd1409810,b86f948a-d460-4c23-a79a-b2deafdc8880,2026-02-14,1645.48,30,5,9286.95,1857.390000,3,2,0.6667,0.6667,1,3768.18,0.405750,1
d3eb347c-9907-4ceb-b65e-d76db74daab8,feb9f5f4-bed9-4b39-bb94-062fa9706005,2026-02-14,3009.16,45,12,39745.61,3312.134167,9,4,0.4444,0.5556,2,4565.19,0.114860,1
d6d727dc-da56-474b-96ba-e5e2b70a38dd,0915900f-d22e-42b0-8e9e-810e55498a13,2026-02-14,1057.52,15,20,51864.62,2593.231000,20,8,0.4000,1.4000,11,0.00,0.000000,0
d9c2d1b7-6b9a-4a12-94c4-de7db7c9ca3e,b88b94e7-2bbd-4939-98cc-217258c364d3,2026-02-14,299.75,15,8,16272.95,2034.118750,5,1,0.2000,0.2000,1,4669.69,0.286960,0
dcccf8ab-18f9-4a97-bc1a-1b07098caade,3cc7350b-72e0-4990-a2f4-79f0e19bfe72,2026-02-14,1775.24,15,22,74319.02,3378.137273,17,7,0.4118,0.8824,3,8249.68,0.111004,0
fb1efbfb-2f1e-4dbe-8fae-cff8a2295c0d,51833259-a233-414c-85fb-6ed59e50dfed,2026-02-14,3492.34,30,18,55403.51,3077.972778,12,6,0.5000,1.4167,6,17946.07,0.323916,0
0e245118-be27-49e4-a5b7-ed8e27f051aa,43b1d0a0-404f-48c8-96ee-46291e3ceaa3,2026-02-15,274.09,15,11,20021.17,1820.106364,7,3,0.4286,3.1429,14,4007.09,0.200143,0
226384cc-e354-4cc5-8c1f-92deb760ecae,7613c703-00a5-4fcd-b61f-b4f85bd36ac2,2026-02-15,415.22,15,6,14445.15,2407.525000,6,2,0.3333,2.3333,12,0.00,0.000000,0
24e7f56c-67e5-46d4-8fd4-bb36c8f33236,b4ff4a71-e2cb-40a7-afaa-04a5be660e06,2026-02-15,63.91,45,7,12665.84,1809.405714,6,2,0.3333,0.8333,3,295.39,0.023322,1
37a38c23-aea2-430a-a5b9-f3e5b8457014,5d5fa6d8-0ad7-4ade-be35-1c481b16b275,2026-02-15,685.23,45,12,39663.75,3305.312500,10,8,0.8000,10.4000,18,9641.06,0.243070,1
4cbb26ce-44b7-4929-b695-38d6e592f2a8,272c06ef-927d-483b-b924-350e81ee8dfe,2026-02-15,1766.23,30,3,7765.31,2588.436667,2,1,0.5000,1.5000,3,3322.61,0.427879,0
8575a2f4-161e-48a6-a231-81c6cebfdce7,c8466347-f65e-48a7-a013-64f958a93e60,2026-02-15,1133.20,15,4,25862.88,6465.720000,2,1,0.5000,5.0000,10,7270.34,0.281111,1
a53258ec-495c-413f-9872-5a8272ef9953,b8bfbbb5-a5a0-4d3d-905f-57ced220ffd3,2026-02-15,553.48,30,7,19009.43,2715.632857,6,3,0.5000,2.3333,11,8885.57,0.467430,1
adf2ad6c-f08a-4bd5-b6b4-71abf738d508,86ab916f-9734-41f0-b5c0-9bbc082b3251,2026-02-15,868.56,30,17,46366.63,2727.448824,15,6,0.4000,1.2000,10,4505.41,0.097169,0
12e0b5fb-12a0-4990-8005-2fe0ae3784d9,b88bef53-7397-4409-b454-f68fa7827873,2026-02-16,1562.15,15,5,13698.37,2739.674000,4,2,0.5000,2.5000,7,738.47,0.053909,1
35312add-a3a5-4e7a-bc61-27a959aedb25,2576b737-f022-4e9c-8640-a88226cea0ff,2026-02-16,663.89,30,15,46242.55,3082.836667,12,4,0.3333,0.6667,3,5773.73,0.124858,1
4246b44a-717f-4c60-b51c-26a8e31716c9,556c3740-52fd-4022-8755-b92b9fa5342d,2026-02-16,276.74,45,13,34130.86,2625.450769,9,4,0.4444,1.0000,3,4404.15,0.129037,0
5918d6f5-b834-4315-b91f-16a020e925e4,8f10e8bf-c7a4-4bd6-93ce-4de936a938ef,2026-02-16,411.14,45,12,37061.17,3088.430833,6,3,0.5000,1.3333,4,16478.23,0.444622,1
5c47f541-6710-487e-911d-47bcda969fc1,e9152f33-f58e-4690-a02f-18066572acda,2026-02-16,829.87,15,11,34364.37,3124.033636,7,3,0.4286,2.0000,10,4273.36,0.124354,1
657b5da0-7bbd-40f0-8947-ef4fac4c46fb,32ab5f7d-2c86-49a3-b8c6-009538e6624d,2026-02-16,5820.57,30,10,33979.17,3397.917000,7,4,0.5714,3.2857,16,7262.53,0.213735,1
79675150-65b4-4684-8d4e-afdc051011fa,a6818a6e-0465-4009-81b6-822245dae013,2026-02-16,5562.17,30,8,9536.26,1192.032500,6,3,0.5000,1.1667,3,1465.15,0.153640,1
eb642043-afde-4bed-8aef-e5cae03baec3,13b4e054-f5c9-4aaa-adb2-89ae2ad3a8bb,2026-02-16,487.43,15,3,6403.93,2134.643333,2,1,0.5000,2.0000,4,590.77,0.092251,1
fb231d7c-8b24-42dc-ba60-735491f54857,2c3ca1b8-7c76-4a4c-80bf-5314fb7f22ae,2026-02-16,2801.98,30,7,19772.67,2824.667143,7,4,0.5714,1.5714,6,0.00,0.000000,0
12934065-802a-4495-94b6-504cdf283062,f5f339bf-3ab5-4a2e-916f-2db044568f67,2026-02-17,1533.37,45,10,46174.50,4617.450000,8,6,0.7500,3.2500,10,17574.11,0.380602,0
1d5a001d-6e94-436e-8db1-6ea1963d52b5,2c3ca1b8-7c76-4a4c-80bf-5314fb7f22ae,2026-02-17,4331.12,30,8,22574.65,2821.831250,7,4,0.5714,1.5714,6,2801.98,0.124121,1
34c6fed7-9ad9-4376-869d-152f52fe030e,4ed5562c-399a-4f63-8123-7496d2617ad8,2026-02-17,5143.57,15,7,15260.77,2180.110000,5,4,0.8000,4.8000,14,2558.64,0.167661,1
43d07b6b-0093-439d-ae98-7a1f7bc60c3b,ebbc4745-0985-45f9-b142-3002a577acc3,2026-02-17,2571.79,15,6,8832.99,1472.165000,6,1,0.1667,0.5000,3,0.00,0.000000,0
4b9147ae-b179-4583-b0b9-696c0adb12ad,d2b88436-ba26-4efa-bc74-287512167c81,2026-02-17,908.96,15,4,16735.58,4183.895000,4,2,0.5000,3.7500,12,0.00,0.000000,0
4f428758-52e8-46a0-9dfb-03f508b77d98,6d07afb5-e45f-49c8-8fe6-ab313f89ab9c,2026-02-17,1660.89,30,17,58046.86,3414.521176,13,6,0.4615,1.1538,3,15080.85,0.259805,0
6f5451db-d23c-46fa-b03d-9ece7f3d20ef,1a980af4-4a6b-40eb-a9a0-f4ffc25c68aa,2026-02-17,295.75,15,6,18334.46,3055.743333,4,0,0.0000,0.0000,0,2136.73,0.116542,1
6fa0ee5c-3bd6-4f71-a76b-b198471e2471,0e76c917-2eca-40e2-9cbd-346ac241a7fa,2026-02-17,970.35,30,4,11520.91,2880.227500,2,1,0.5000,1.0000,2,3573.07,0.310138,1
79d8d035-a20c-4f9f-86a2-480878a49389,fc90d768-4902-4267-aee4-185b5584cee7,2026-02-17,2643.80,30,16,36757.76,2297.360000,12,4,0.3333,1.5833,15,5028.47,0.136800,0
80d04adf-7cae-4349-889c-8366c2ef0b4e,8daa11dd-d410-44bf-a0de-622a9ca7c78d,2026-02-17,4012.22,15,16,56357.20,3522.325000,15,7,0.4667,1.6667,8,627.48,0.011134,0
908288bb-d2ad-4846-a201-6a15a7111dfb,8f10e8bf-c7a4-4bd6-93ce-4de936a938ef,2026-02-17,2774.14,45,13,37472.31,2882.485385,6,3,0.5000,1.3333,4,16889.37,0.450716,1
9d690818-6dba-41d3-9fac-ff1b23fbb78a,48689e01-09c4-46f3-9d8e-5d6c440e56cb,2026-02-17,1057.52,30,5,5750.93,1150.186000,5,1,0.2000,1.2000,6,0.00,0.000000,0
c5af1da1-ee05-4e77-a7eb-e3b209cc7525,f8a3ae68-a437-491d-b88b-abad9164379f,2026-02-17,3804.11,45,14,31064.64,2218.902857,9,6,0.6667,2.4444,12,11258.21,0.362412,0
db3b869b-e520-44ed-9a60-3c7f0fa28b6c,cfa38335-ed20-4254-b309-74d0dadee3bb,2026-02-17,2100.11,45,4,7679.09,1919.772500,2,2,1.0000,2.0000,3,3164.24,0.412059,0
0f16b5ab-4b7c-40de-b356-3a09e6a7ab25,e408e6a2-589e-4b0f-a98f-6a5e0f9e9e53,2026-02-18,2288.16,45,7,10311.84,1473.120000,5,2,0.4000,3.6000,14,1699.25,0.164786,0
3b144bd8-4d94-4bdc-b518-8fb584d0d658,a54b8eca-fc5f-46cd-9407-2f103beabcc7,2026-02-18,5699.87,15,5,10821.14,2164.228000,5,2,0.4000,3.0000,13,0.00,0.000000,1
3d1a47b3-1fb1-4318-9519-82804e2156d7,403ba4f6-3b05-4fb0-9c95-6068878e01b1,2026-02-18,1066.80,30,20,75016.75,3750.837500,15,5,0.3333,1.5333,14,11089.22,0.147823,0
65c02ddf-9c5d-4be2-a311-6a758ea4dc37,6bb31b8a-5c85-4549-9106-7183256248ff,2026-02-18,1428.90,45,7,19068.87,2724.124286,5,2,0.4000,3.4000,10,6501.37,0.340942,0
97fbe6f4-43c9-4725-9575-685362655eb1,86ab916f-9734-41f0-b5c0-9bbc082b3251,2026-02-18,602.88,30,18,47235.19,2624.177222,15,6,0.4000,1.2000,10,5373.97,0.113770,0
9b9f5580-8bc5-41ce-857d-1febb108b2ba,6b35501e-08f6-41b4-8699-30281befd8ec,2026-02-18,5015.27,45,5,17210.46,3442.092000,4,3,0.7500,1.5000,3,2073.14,0.120458,0
bc4d7e62-4e4d-4b75-9b63-4ce46cd807bb,6dd97a45-7233-4f75-bf2b-a02f9e2403f5,2026-02-18,2966.07,30,7,31774.79,4539.255714,6,2,0.3333,1.0000,3,5835.22,0.183643,0
38904842-0120-4dfe-9cb6-67fa61640f05,1a980af4-4a6b-40eb-a9a0-f4ffc25c68aa,2026-02-19,3924.61,15,7,18630.21,2661.458571,4,0,0.0000,0.0000,0,2432.48,0.130566,1
3983af52-f26a-49c8-88ef-d20a767ee084,8daa11dd-d410-44bf-a0de-622a9ca7c78d,2026-02-19,339.62,15,17,60369.42,3551.142353,15,7,0.4667,1.6667,8,4639.70,0.076855,1
408702ce-9ed2-49c0-8131-f3638d713b93,db49dbe2-b046-4b0c-8d11-6e496b852270,2026-02-19,701.63,30,22,71392.99,3245.135909,20,9,0.4500,1.6500,12,9343.51,0.130874,1
c531aaae-f75a-4907-832e-30e4b162fec8,c1a55833-8139-41dd-8bb5-59ab8a090d3b,2026-02-19,697.02,45,7,21541.01,3077.287143,4,3,0.7500,10.7500,18,7065.34,0.327995,1
c7ae4fee-a76e-45df-8712-b199bbd0f1b4,97a7e174-c5da-4d97-b94b-09d5f4788809,2026-02-19,1023.86,45,8,17426.88,2178.360000,4,1,0.2500,0.5000,2,7538.47,0.432577,0
0073e659-7b93-4fe9-9126-c3793d9eb6ee,f8a3ae68-a437-491d-b88b-abad9164379f,2026-02-20,394.34,45,15,34868.75,2324.583333,10,7,0.7000,3.0000,12,11948.47,0.342670,1
521a378f-aa78-47bf-91d5-79cff95c8c19,78106c04-2615-4323-b215-3172fb34fc72,2026-02-20,5289.06,30,7,32707.50,4672.500000,5,3,0.6000,1.4000,3,9672.70,0.295733,0
e16d0306-7d47-45cd-94bd-67793e85e8fb,fffb4a19-e27c-48c5-9b1d-d72cf9f00485,2026-02-20,1651.77,15,3,9211.85,3070.616667,3,2,0.6667,12.0000,21,0.00,0.000000,1
e6db633f-e128-4173-a15a-78bf9744772c,32ab5f7d-2c86-49a3-b8c6-009538e6624d,2026-02-20,5096.18,30,11,39799.74,3618.158182,7,4,0.5714,3.2857,16,13083.10,0.328723,1
03b6d793-6b00-4a96-9c55-8d40afe8e8ae,3773055e-a1f8-4fba-8846-a4b4eca5c2b7,2026-02-21,279.97,45,10,22858.44,2285.844000,8,3,0.3750,0.8750,4,920.23,0.040258,1
3de988d3-24cf-4aac-84a5-d2e32bcbb576,229edd85-4113-4b2a-be5b-1cc986fd5173,2026-02-21,230.16,30,14,41217.39,2944.099286,9,4,0.4444,2.2222,9,20195.73,0.489981,1
a6b4d55e-c214-4750-8dc1-be4d9fb231c1,c3bc5bb3-aee9-4150-b36a-c89a22162e7d,2026-02-21,613.35,45,18,47248.86,2624.936667,13,9,0.6923,3.1538,15,14531.43,0.307551,0
e4b65b9b-a0ce-43ca-af50-6cd98d896a43,f8a3ae68-a437-491d-b88b-abad9164379f,2026-02-21,3581.64,45,16,35263.09,2203.943125,10,7,0.7000,3.0000,12,12342.81,0.350021,1
ecc9b189-2565-4092-b568-2e5141d49ab0,f819f234-f7a8-41f3-8b26-732ac35c4d0b,2026-02-21,4113.69,30,5,7053.99,1410.798000,4,3,0.7500,1.5000,3,1133.20,0.160647,0
062e7abf-8d09-41ba-aced-d1bd9d9aa529,614d73fd-8846-4895-a773-7898e1678216,2026-02-22,2878.22,30,12,30700.51,2558.375833,9,3,0.3333,2.1111,15,7987.07,0.260161,1
38d77fa4-115e-4397-8e03-e003330b5c5b,2576b737-f022-4e9c-8640-a88226cea0ff,2026-02-22,1640.79,30,16,46906.44,2931.652500,12,4,0.3333,0.6667,3,6437.62,0.137244,0
4959f4cd-efee-44d5-bc78-2ee0bebec1c0,456196a3-f5fd-4769-85c9-fe12f73de5b9,2026-02-22,749.39,15,12,29545.77,2462.147500,9,2,0.2222,1.2222,10,6979.13,0.236214,0
60ab206d-530b-4491-8d15-b755d477e7e7,ebbc4745-0985-45f9-b142-3002a577acc3,2026-02-22,69.99,15,7,11404.78,1629.254286,6,1,0.1667,0.5000,3,2571.79,0.225501,0
7acc3b0b-4975-4d45-b7cd-e6537fe0a341,9b4342ff-79f2-40db-9669-bbab65d50e2f,2026-02-22,3419.92,30,3,8647.05,2882.350000,2,2,1.0000,11.0000,14,5562.17,0.643245,1
a47bfb50-62fa-40e9-89cb-1d1344d4ead9,121edff8-dfb7-4758-a559-7855430672f3,2026-02-22,2100.11,45,7,20308.29,2901.184286,5,2,0.4000,1.4000,6,6044.48,0.297636,0
a6a18bd1-caaa-4363-8dce-f7dc3988c6f1,ced1be46-44d9-42f9-913f-bf359f04d616,2026-02-22,2649.34,15,8,18848.16,2356.020000,7,5,0.7143,1.7143,3,1865.83,0.098993,1
d3a87af7-93c7-4939-8cbe-9cd838f3d03e,c29cb1e1-b422-45f3-829a-82a9e80f8c8f,2026-02-22,663.89,30,4,14417.94,3604.485000,4,2,0.5000,1.5000,3,0.00,0.000000,1
164fb77d-ac3b-4439-831c-fbdb7c7e2350,3773055e-a1f8-4fba-8846-a4b4eca5c2b7,2026-02-23,2115.62,45,11,23138.41,2103.491818,8,3,0.3750,0.8750,4,1200.20,0.051870,1
629d7416-32fe-4e0b-a619-1d653eb86821,8f10e8bf-c7a4-4bd6-93ce-4de936a938ef,2026-02-23,2115.62,45,14,40246.45,2874.746429,6,3,0.5000,1.3333,4,19663.51,0.488578,0
66ad7f09-fea4-4a86-a586-052df6d65152,5a60bb30-d49d-430c-b819-619528fa0373,2026-02-23,279.97,15,5,14650.87,2930.174000,4,1,0.2500,0.7500,3,480.77,0.032815,0
9312882a-15f2-449f-92b4-1e9958c09365,c1a55833-8139-41dd-8bb5-59ab8a090d3b,2026-02-23,1235.97,45,8,22238.03,2779.753750,4,3,0.7500,10.7500,18,7762.36,0.349058,1
a30e9927-f041-42c9-b2bf-2fc0813f86b6,e223a14f-9752-4dfc-b998-04cfae44ca10,2026-02-23,920.02,30,21,65910.83,3138.610952,19,6,0.3158,0.5789,3,2351.92,0.035683,1
a9064391-56a4-42ba-b746-042fc9dbc2fc,9013910b-257e-462f-8142-555578e385a5,2026-02-23,1655.93,45,11,40966.28,3724.207273,9,8,0.8889,5.0000,14,3243.20,0.079168,1
b4236963-299e-448c-b77c-4c51b4f1ec47,a281fc1b-5e0e-400e-9760-0f4eecb192e1,2026-02-23,2968.31,30,8,22038.47,2754.808750,5,2,0.4000,1.6000,7,10397.16,0.471773,0
c8546f07-eab0-480b-8807-c39adc5f7598,6fb7d847-f44b-41dc-a325-7b26c61cbc96,2026-02-23,4985.40,45,18,71661.13,3981.173889,15,4,0.2667,1.3333,10,8805.00,0.122870,0
0fbb840a-3722-475b-9aac-ea2c3f41b62d,d3ceae53-5516-4152-a247-d101c45a4912,2026-02-24,4703.33,30,15,46762.00,3117.466667,12,6,0.5000,2.2500,14,4461.25,0.095403,0
89f248d1-8e38-4052-851b-21138c0a5fd4,614d73fd-8846-4895-a773-7898e1678216,2026-02-24,925.52,30,13,33578.73,2582.979231,10,3,0.3000,1.9000,15,10173.44,0.302973,0
ea9164f6-0b85-418c-be2c-cb86f5d1517c,4985763f-1aec-4bc7-8147-1beeb7a2d9c0,2026-02-24,1403.26,45,4,12482.56,3120.640000,4,2,0.5000,6.0000,15,0.00,0.000000,1
0d3fff0c-658f-497d-aaa9-2cf9a58f8aa0,b4a140af-8af0-4074-8c4e-f1e587fff314,2026-02-25,1615.69,45,15,54357.34,3623.822667,11,5,0.4545,1.4545,6,16897.02,0.310851,0
10fc5847-918e-4a18-af0b-75239a3d5eb4,54739a70-fe3b-45f0-b6da-5eb96fddebc6,2026-02-25,2123.63,30,19,51663.30,2719.121053,15,7,0.4667,0.9333,3,9447.39,0.182865,0
20ba71d5-25eb-4885-85e8-14cd5c9a147c,1fff1144-0a72-44bd-ae41-900fd84b9dec,2026-02-25,4985.40,30,11,53310.46,4846.405455,9,2,0.2222,0.4444,3,5442.99,0.102100,0
37a1335e-f485-45c2-85d5-c6c086ff51ea,80425ba2-13bc-407f-9a1c-ff4f30480010,2026-02-25,4775.53,30,11,26217.28,2383.389091,8,1,0.1250,0.3750,3,5644.39,0.215293,0
3cc39064-f055-48bc-b9d2-5b7cce42089b,3a4a12e8-a3c4-4fe3-a0bc-ed28dee70ff0,2026-02-25,5820.57,45,5,8879.34,1775.868000,4,3,0.7500,9.2500,20,1716.12,0.193271,1
51f136a1-dae9-4bec-b753-f89f724e8f4a,d1907207-2f2d-4486-87e7-7b004fd2fab1,2026-02-25,1726.29,30,10,30602.89,3060.289000,9,5,0.5556,2.1111,13,2215.14,0.072383,0
83658118-2c92-400e-899f-744b8267b3ed,8aa74529-c59e-4daf-9b98-321ebfce7306,2026-02-25,415.22,30,13,19013.90,1462.607692,10,7,0.7000,1.6000,3,4916.62,0.258580,0
e3228a59-f76d-439d-979c-ea809e36f993,066b0bf5-5f5a-4c95-a709-b1fc1d059f94,2026-02-25,4231.40,45,16,55014.24,3438.390000,11,4,0.3636,0.6364,3,10256.80,0.186439,1
0a971071-96b9-4855-86ee-92299058d377,d3f21a44-d6a7-4183-9e3d-ca1e2f665ada,2026-02-26,1851.05,30,8,23842.98,2980.372500,7,6,0.8571,5.5714,18,830.45,0.034830,1
15d11d00-b7cf-41d3-b938-8aeb6b3a7d0b,bc69f988-30c6-4bf2-b27f-beafca1b2282,2026-02-26,1851.05,45,5,10350.31,2070.062000,2,0,0.0000,0.0000,0,5978.85,0.577649,0
579232c1-1661-45c9-935c-d35cde9c9e53,826855e8-3a9a-4032-ad5b-6ca64c822572,2026-02-26,376.49,30,3,4775.53,1591.843333,2,1,0.5000,4.0000,8,3702.09,0.775221,0
603b3598-5634-4cdc-a0e8-81f2d0333442,feb9f5f4-bed9-4b39-bb94-062fa9706005,2026-02-26,5119.28,45,13,42754.77,3288.828462,9,4,0.4444,0.5556,2,6001.24,0.140364,0
8e6ffbe7-98e7-4831-81ed-966f55638684,44e18ff7-c6c4-4f05-810a-10acda026843,2026-02-26,2031.83,30,18,56128.91,3118.272778,13,4,0.3077,1.8462,10,16492.75,0.293837,0
0923db52-09e8-49ec-8174-81dda636a289,655a8a99-8ea7-4fab-8686-b6e0a9369c3b,2026-02-27,267.38,45,4,5905.10,1476.275000,2,1,0.5000,1.0000,2,2990.04,0.506349,1
14bd5961-da75-408e-92d5-2b1a0a7d433a,c1a9f9e4-02c9-4e11-9ae3-d7f5eec25bdf,2026-02-27,1285.89,30,3,3944.90,1314.966667,2,0,0.0000,0.0000,0,1437.27,0.364336,1
6b390505-d504-4a0b-9990-7a97f6ca7ecf,e51c365e-179f-4c2e-92f5-bc4c2fc6282a,2026-02-27,1105.06,30,18,52216.31,2900.906111,14,6,0.4286,1.1429,6,13039.86,0.249728,0
83b9e787-ee6d-4c84-b06a-fc94d3685056,efa9353f-2d88-426a-a592-e6a1f87c7b1b,2026-02-27,981.15,30,3,5820.24,1940.080000,3,1,0.3333,1.0000,3,0.00,0.000000,0
8c102de1-d088-449d-8885-f112932bc75c,8f10e8bf-c7a4-4bd6-93ce-4de936a938ef,2026-02-27,1952.69,45,15,42362.07,2824.138000,7,4,0.5714,1.2857,4,20493.24,0.483764,1
994cc5e1-285d-44d0-96c1-09e3f9c22012,9cbf413a-a00b-482b-9441-e8fce7668a2e,2026-02-27,2762.66,45,19,54673.81,2877.568947,15,3,0.2000,0.8000,8,10180.10,0.186197,0
c7f80f01-9d48-4aa0-a165-6b0a60311f57,00acfd4d-b8a4-441a-b965-3c900cea01a1,2026-02-27,497.41,30,8,36872.40,4609.050000,7,2,0.2857,2.2857,12,492.92,0.013368,0
29f4f9f7-97f9-468a-a956-01e0014a7225,1948ea27-1b6a-4dd3-8c99-b399dcf88ed3,2026-02-28,581.96,30,10,27073.04,2707.304000,8,3,0.3750,2.3750,10,3218.91,0.118897,1
2acfadf1-7265-4caa-8dea-7f3331538ea2,30234645-3e34-4245-a4e4-e0e65a95e222,2026-02-28,2667.00,30,4,10793.48,2698.370000,3,3,1.0000,6.6667,14,1133.20,0.104989,1
2b9786a5-2a4c-4579-85a2-20d103dba4f3,334ea671-bdee-4328-983b-35a799b372d6,2026-02-28,4668.17,30,5,9025.46,1805.092000,3,0,0.0000,0.0000,0,2964.24,0.328431,0
57798d90-7197-414a-9c1d-cdfba7a5bef6,dbc5aa6b-529c-4c91-8331-7ec33c8503bb,2026-02-28,460.32,30,19,44341.77,2333.777368,12,7,0.5833,3.6667,17,14250.43,0.321377,1
a1287b27-caa7-461d-ba65-9988adf1e0aa,67fc2766-666c-4de5-9a16-9a35603b9a46,2026-02-28,3233.74,30,5,24680.48,4936.096000,5,5,1.0000,43.4000,66,0.00,0.000000,1
a9891906-de0a-4907-9667-cdff04f87690,bc69f988-30c6-4bf2-b27f-beafca1b2282,2026-02-28,1036.52,45,6,12201.36,2033.560000,2,0,0.0000,0.0000,0,7829.90,0.641724,0
b5d5d5be-ee0f-4e9d-ba90-5ba10d5fb9b6,0d5cae3a-3f1a-4ef0-b794-ba9364aaff19,2026-02-28,528.76,30,4,6968.35,1742.087500,3,0,0.0000,0.0000,0,2266.40,0.325242,0
bf25ab25-61e9-44ca-80af-79b339bfe394,456196a3-f5fd-4769-85c9-fe12f73de5b9,2026-02-28,1324.34,15,13,30295.16,2330.396923,9,2,0.2222,1.2222,10,7728.52,0.255107,0
c08840e5-db5d-412a-9ad1-ff13e494e273,fec6b81b-c723-45e8-a11f-75a4cb6a1381,2026-02-28,2483.90,30,20,46234.15,2311.707500,15,12,0.8000,7.4000,17,10218.32,0.221012,0
c2f944d5-2263-4e2f-a391-7f30dcafbf1e,3773055e-a1f8-4fba-8846-a4b4eca5c2b7,2026-02-28,3581.64,45,12,25254.03,2104.502500,8,3,0.3750,0.8750,4,3315.82,0.131299,0
c4c39e98-58a7-4530-b4d5-c9595d7233b8,1c22a6c4-3de0-4f96-b62a-3a6edbbaf732,2026-02-28,1246.35,30,17,34985.86,2057.991765,14,7,0.5000,1.6429,9,2659.00,0.076002,1
da7af02a-e189-44bd-8a38-54e13246fb3d,80425ba2-13bc-407f-9a1c-ff4f30480010,2026-02-28,2788.09,30,12,30992.81,2582.734167,9,2,0.2222,0.4444,3,7097.21,0.228995,0
dd38782d-bcaa-4858-8dd1-fafe978ab637,e630e7cb-c24b-49e2-af83-702facb0c4b9,2026-02-28,2774.14,15,5,18744.91,3748.982000,4,0,0.0000,0.0000,0,1573.27,0.083931,1
de2a0ac8-b6ce-4908-a4e7-d53fe46c7d99,505deb96-02b0-4484-ae43-533961fa661d,2026-02-28,2334.09,45,9,17796.15,1977.350000,9,2,0.2222,0.2222,1,0.00,0.000000,0
df1d06e6-00f0-4425-aae9-e1612bf79b0a,0c75c934-71c3-45ff-9de2-91babfa75c3f,2026-02-28,390.54,30,6,22146.06,3691.010000,6,1,0.1667,0.5000,3,0.00,0.000000,1
110d5ab6-01be-42a1-983f-b7b4bf996f3a,27121f78-6ac9-48b9-bd1d-14e1b17b0217,2026-03-01,1420.19,45,4,6824.51,1706.127500,4,3,0.7500,1.7500,4,0.00,0.000000,1
16a77f3a-4f80-4c66-a363-0cd77b3a5cd2,20538050-69a2-4a47-9dd1-b9142fb76c57,2026-03-01,3337.30,45,4,7064.98,1766.245000,4,0,0.0000,0.0000,0,0.00,0.000000,0
18065885-d454-40e0-9231-d5523fb1ac57,8daa11dd-d410-44bf-a0de-622a9ca7c78d,2026-03-01,304.19,15,18,60709.04,3372.724444,15,7,0.4667,1.6667,8,4979.32,0.082019,1
1bc363d1-1b11-4bc3-a981-0331a602441e,744605d3-9330-457d-9c53-8b4b59950976,2026-03-01,5262.39,30,17,55001.40,3235.376471,14,6,0.4286,1.1429,7,6244.67,0.113537,0
21d77227-1385-4730-9a65-9f312225bf68,456196a3-f5fd-4769-85c9-fe12f73de5b9,2026-03-01,376.49,15,14,31619.50,2258.535714,9,2,0.2222,1.2222,10,9052.86,0.286306,0
34597068-5141-4956-886d-fb839618f2d2,d768ded2-0e1f-4338-a373-8cb12093b6b9,2026-03-01,271.70,30,17,51778.70,3045.805882,13,7,0.5385,1.9231,13,4096.60,0.079117,0
652121c9-345b-4bd8-86b8-1ae3ad1abf5b,c7af740f-1d7a-4321-9d3e-ec9107c05254,2026-03-01,203.77,15,9,19438.66,2159.851111,8,4,0.5000,0.8750,3,232.79,0.011976,1
84f08c5d-79de-4f64-aec2-a2ef997b63e3,9a48cdff-42f6-4b91-80ce-e531f3622d2b,2026-03-01,1591.91,45,5,9290.27,1858.054000,3,1,0.3333,3.6667,11,6060.18,0.652315,0
ba2becfe-965d-4e69-b60c-5c0b5892f394,13d8502b-672a-495d-a3f4-30157008db99,2026-03-01,5262.39,15,5,13619.30,2723.860000,5,2,0.4000,0.8000,3,0.00,0.000000,1
c0871773-672f-4af6-a345-3b729f1cb3c2,b0d81eaf-60e0-4aa5-b3e9-64fdea18f5e9,2026-03-01,6577.99,30,8,24158.66,3019.832500,5,1,0.2000,0.2000,1,12773.73,0.528743,1
ccfb9f6f-7a42-455c-baa9-b6623c3cb6e3,86208847-cfb3-449d-a634-075a2b7c33cc,2026-03-01,993.26,45,5,9554.35,1910.870000,4,4,1.0000,7.0000,14,1121.82,0.117415,1
d082b223-4ef0-4bcf-8ddf-6ffaf82082f0,0443c1b9-9e56-4bed-b673-1441efe40f38,2026-03-01,4085.60,15,5,13627.42,2725.484000,4,3,0.7500,1.5000,3,581.96,0.042705,1
d3ccf346-d498-4fbe-a6ba-7fd501254f47,97a7e174-c5da-4d97-b94b-09d5f4788809,2026-03-01,2667.00,45,9,18450.74,2050.082222,4,1,0.2500,0.5000,2,8562.33,0.464064,0
e249e5e6-1859-435a-9d26-64c84c070f3f,403ba4f6-3b05-4fb0-9c95-6068878e01b1,2026-03-01,3772.02,30,21,76083.55,3623.026190,17,5,0.2941,1.3529,14,7384.65,0.097060,0
e5b30c06-778f-474a-b493-c72749224840,c3bc5bb3-aee9-4150-b36a-c89a22162e7d,2026-03-01,2468.21,45,19,47862.21,2519.063684,13,9,0.6923,3.1538,15,14868.69,0.310656,0
139b0514-be5a-49bb-a85b-914652a4436a,a20f7825-b033-409c-9c97-b044b61bae47,2026-03-02,3954.76,30,5,23650.16,4730.032000,5,4,0.8000,6.8000,13,0.00,0.000000,1
15e3cb16-9448-4144-a37f-5576b318d45d,b4a140af-8af0-4074-8c4e-f1e587fff314,2026-03-02,1735.44,45,16,55973.03,3498.314375,11,5,0.4545,1.4545,6,18512.71,0.330743,0
3dc4c633-cd9f-4419-b711-acc3236fe393,e9152f33-f58e-4690-a02f-18066572acda,2026-03-02,394.34,15,12,35194.24,2932.853333,9,5,0.5556,2.2222,10,1453.12,0.041289,1
5cc100b4-598e-4d8e-b610-41923c5b67aa,6bb31b8a-5c85-4549-9106-7183256248ff,2026-03-02,1940.69,45,8,20497.77,2562.221250,5,2,0.4000,3.4000,10,7930.27,0.386885,1
837093ad-73ec-4382-986d-49643df58f21,10cb2e84-0bd1-4b29-8db3-06ae3488789d,2026-03-02,1394.04,45,4,9112.75,2278.187500,2,2,1.0000,3.0000,3,6327.38,0.694344,0
a5dbf3b6-9072-4da4-befd-eff65e55f22c,399ee9ba-2674-41aa-a50a-7b370668b523,2026-03-02,1700.06,30,4,25039.03,6259.757500,3,0,0.0000,0.0000,0,6673.66,0.266530,0
c7734137-e1bd-4d98-99ce-7467b0f43b13,1fff1144-0a72-44bd-ae41-900fd84b9dec,2026-03-02,2752.94,30,12,58295.86,4857.988333,10,3,0.3000,0.6000,3,9435.13,0.161849,1
e8719ac9-7eac-4ca1-95d3-b751cd54f046,7bb9c97f-e27e-426f-b400-1ecf5e49b6f2,2026-03-02,6429.47,30,5,13101.09,2620.218000,5,4,0.8000,4.2000,9,0.00,0.000000,1
2272096d-0855-4b60-bcbf-f907a98a714e,34fc1ab3-f5c6-4545-9ba9-158e780f74bd,2026-03-03,3268.48,45,6,9647.17,1607.861667,6,0,0.0000,0.0000,0,0.00,0.000000,1
251827b6-d6fd-42c7-a4bc-0aa66c59e10d,3d036612-3ff3-451e-a921-d163e55b4c30,2026-03-03,2115.62,30,9,24634.56,2737.173333,7,5,0.7143,3.0000,9,6381.69,0.259054,0
25fa6961-b298-474c-88a5-c3d9845ce3da,b0d81eaf-60e0-4aa5-b3e9-64fdea18f5e9,2026-03-03,1246.35,30,9,30736.65,3415.183333,5,1,0.2000,0.2000,1,19351.72,0.629598,0
34a47649-19e9-4e34-b1c6-d72a083b6305,fc90d768-4902-4267-aee4-185b5584cee7,2026-03-03,3804.11,30,17,39401.56,2317.738824,13,4,0.3077,1.4615,15,6308.82,0.160116,1
387ab776-1e4d-425b-957b-a6da6c3dafbc,fc625523-78f4-4bf4-920a-ec3d6bf61de9,2026-03-03,710.09,30,6,18480.77,3080.128333,6,2,0.3333,0.6667,3,0.00,0.000000,0
7eb4cbfc-374e-48d0-b515-75ce8f8eab79,267963b4-ed35-41d7-b2ce-cc6088afbd06,2026-03-03,2534.55,30,7,23513.72,3359.102857,4,4,1.0000,2.2500,6,8865.75,0.377046,1
91d83220-ecf3-4285-849e-87d9cd681fae,8daa11dd-d410-44bf-a0de-622a9ca7c78d,2026-03-03,2038.47,15,19,61013.23,3211.222632,16,7,0.4375,1.5625,8,1271.29,0.020836,1
d03bae7c-ed92-4ce6-a2ef-aa865d5d7b4e,44e18ff7-c6c4-4f05-810a-10acda026843,2026-03-03,4026.25,30,19,58160.74,3061.091579,13,4,0.3077,1.8462,10,16581.73,0.285102,1
e90d84cd-795b-46bd-8e54-f9fddb5e2bf8,6b35501e-08f6-41b4-8699-30281befd8ec,2026-03-03,3946.79,45,6,22225.73,3704.288333,4,3,0.7500,1.5000,3,7088.41,0.318928,0
f5caf9b5-b01a-483d-962f-31c73fde0ba7,a618b414-7505-48a2-9047-6d0fbd16fb88,2026-03-03,925.52,45,5,19880.85,3976.170000,2,0,0.0000,0.0000,0,6548.13,0.329369,0
3089dd62-eb17-4ac1-b9a8-8b704b0d87de,fc90d768-4902-4267-aee4-185b5584cee7,2026-03-04,830.45,30,18,43205.67,2400.315000,13,4,0.3077,1.4615,15,10112.93,0.234065,1
5edf15ae-fd4b-477e-bb4c-74b286501837,ff29a3b3-fb27-44ad-8dcc-9551fb3c7420,2026-03-04,1868.73,45,18,47456.89,2636.493889,15,6,0.4000,3.0667,14,4508.92,0.095011,1
62f5e2fe-5b2e-47ea-a0b7-e637f197d8b8,957f9181-281b-4ff6-9370-462fb40cb6e5,2026-03-04,106.95,30,6,16025.81,2670.968333,4,2,0.5000,1.5000,3,4345.55,0.271159,1
79503d57-f775-4310-9dfa-a770022ec9dd,c8466347-f65e-48a7-a013-64f958a93e60,2026-03-04,883.11,15,5,26996.08,5399.216000,2,1,0.5000,5.0000,10,7780.28,0.288200,1
881cd6e4-aea4-48d7-abef-20dd479ffc99,86208847-cfb3-449d-a634-075a2b7c33cc,2026-03-04,2571.79,45,6,10547.61,1757.935000,4,4,1.0000,7.0000,14,2115.08,0.200527,1
93300be0-ad0e-49c9-84d4-adf1980b9268,41cc51fc-74f3-43aa-b9e8-c4269becb375,2026-03-04,572.04,45,8,34050.73,4256.341250,7,5,0.7143,3.4286,15,5537.68,0.162630,0
b08089f5-e6ef-4581-ba7d-d81316f441b9,e9152f33-f58e-4690-a02f-18066572acda,2026-03-04,1315.60,15,13,35588.58,2737.583077,10,6,0.6000,2.3000,10,1524.32,0.042832,0
d4cbea34-779b-498d-9bc3-83bfb7905217,d6b350eb-48ff-4268-b8d2-d00fb5bd3417,2026-03-04,1245.67,15,4,25342.30,6335.575000,4,2,0.5000,4.7500,14,0.00,0.000000,1
dc7d8853-d25b-41f4-a428-f258a622e9f9,78106c04-2615-4323-b215-3172fb34fc72,2026-03-04,1868.73,30,8,37996.56,4749.570000,5,3,0.6000,1.4000,3,14961.76,0.393766,0
ec71b6b2-81fb-4e73-b84a-f432431e3ab1,b4ff4a71-e2cb-40a7-afaa-04a5be660e06,2026-03-04,2334.09,45,8,12729.75,1591.218750,6,2,0.3333,0.8333,3,359.30,0.028225,0
f2f4f6d0-5800-4cbf-b922-793f12102e62,d16d5f0e-f1af-4ab1-8b14-12ce745ddd9b,2026-03-04,2038.47,30,11,31580.57,2870.960909,5,2,0.4000,3.4000,16,13931.85,0.441153,0
00f16070-d222-4dc1-b580-9aaae190d799,5772f550-5886-44ab-b618-cc525d22c053,2026-03-05,1817.93,30,14,50374.86,3598.204286,11,5,0.4545,1.9091,8,12553.59,0.249203,0
0d96b940-3ed8-46dc-b4b2-401c07f16763,da7dbacc-46a8-44dc-b4c5-5e21bf437da6,2026-03-05,1424.51,30,18,44199.66,2455.536667,17,6,0.3529,2.9412,14,1766.23,0.039960,0
3f2356e6-7ed4-424f-bbee-935b5f5b6a74,82c5a7aa-2ec7-45dc-9d03-be3531473f2f,2026-03-05,2381.51,30,3,5566.64,1855.546667,2,1,0.5000,2.5000,5,2461.58,0.442202,0
45b9b98c-91c9-41a2-b82f-d1176eb24bf2,88f8cded-9e9f-4c71-9504-8cae260151bf,2026-03-05,685.23,15,10,18720.59,1872.059000,10,4,0.4000,1.1000,3,0.00,0.000000,1
55c41d3c-a259-4111-a188-fa078d993075,34f539cb-584e-4259-ac9f-44e6d5484ebf,2026-03-05,2006.11,15,20,49684.11,2484.205500,17,7,0.4118,1.8824,14,6741.64,0.135690,0
dbf30626-d1c3-4a80-a1a8-72eb64a03378,585a8991-c44f-4e18-b8e0-6283bf6f9aff,2026-03-05,1112.43,15,6,21676.33,3612.721667,5,3,0.6000,3.2000,12,1864.86,0.086032,0
e2725041-d5c1-4aff-82d9-49a0afdba3f3,a69011f4-c3f9-4f91-92f2-3df9072b53e7,2026-03-05,1754.08,15,19,47382.89,2493.836316,17,5,0.2941,1.0588,9,3056.80,0.064513,0
fe56b1fb-36a1-4d84-9df3-b1a7b47bc38d,3378475b-b350-4593-9546-01468d85dcd8,2026-03-05,1195.82,30,7,10644.23,1520.604286,7,2,0.2857,1.5714,8,0.00,0.000000,0
fe6b2588-5f49-4dac-a0cd-31878b7c47bf,119de36d-41b2-4136-a3a2-0b81cfcdf6f9,2026-03-05,3248.34,30,5,19173.71,3834.742000,3,1,0.3333,0.6667,2,2726.29,0.142189,1
005d4f45-ba51-4a16-afe3-a88908b04b2e,5a2542d2-8392-4c53-bbf2-259d1b7de2ba,2026-03-06,844.85,30,11,28737.00,2612.454545,11,10,0.9091,11.6364,20,0.00,0.000000,1
453dcfbe-b8a8-40a0-923e-22ed112a274b,e223a14f-9752-4dfc-b998-04cfae44ca10,2026-03-06,1048.85,30,22,66830.85,3037.765909,19,6,0.3158,0.5789,3,3271.94,0.048959,0
4d0d44b7-65c5-4201-a2e6-927f1837d664,121edff8-dfb7-4758-a559-7855430672f3,2026-03-06,1716.12,45,8,22408.40,2801.050000,6,2,0.3333,1.1667,6,6046.90,0.269850,1
67405d8a-79e5-4b29-ba84-04d103c3eb16,ad10f2bd-d571-4f42-aec5-a7a10eaa3ca9,2026-03-06,908.96,15,4,15922.08,3980.520000,4,0,0.0000,0.0000,0,0.00,0.000000,0
7eebae88-99f4-48da-b14a-3225cc5b2846,6fb7d847-f44b-41dc-a325-7b26c61cbc96,2026-03-06,3857.68,45,19,76646.53,4034.027895,16,4,0.2500,1.2500,10,12074.28,0.157532,1
8e35e622-bf1f-4284-9539-d5844f13f5e0,050980d5-34a4-4416-b487-3ba57e340fdf,2026-03-06,3009.16,45,3,8396.04,2798.680000,2,2,1.0000,46.5000,54,602.88,0.071805,1
a527a458-a8c4-418c-a25e-6886ee5582e7,066b0bf5-5f5a-4c95-a709-b1fc1d059f94,2026-03-06,817.12,45,17,59245.64,3485.037647,11,4,0.3636,0.6364,3,14488.20,0.244545,0
b15a4588-31e3-4600-ada9-11bdbeced37e,dbc5aa6b-529c-4c91-8331-7ec33c8503bb,2026-03-06,1904.15,30,20,44802.09,2240.104500,12,7,0.5833,3.6667,17,13944.03,0.311236,1
b32b59c0-88c7-4812-8b1f-230d7872e685,b0d043da-1294-4ab0-8fa2-ebb68dbb62a2,2026-03-06,2334.09,30,4,9877.85,2469.462500,3,3,1.0000,1.6667,2,701.63,0.071031,0
c12ffb17-fb36-4513-bd94-77864a59aee9,824fbcc7-5420-4ca2-84b0-15b0b4a2292b,2026-03-06,3957.74,45,3,17613.31,5871.103333,3,0,0.0000,0.0000,0,0.00,0.000000,0
fe4fea64-10ba-49c2-ba35-65d3a8bff94c,e818ffda-4cf8-4137-92f5-f73ec2be9aac,2026-03-06,1175.83,30,4,14302.37,3575.592500,4,1,0.2500,0.5000,2,0.00,0.000000,1
005a02c1-1c86-429b-9880-122cabe9dad4,ecee2fcb-7259-46bb-a6a3-c2683069ec25,2026-03-07,434.28,30,10,30231.35,3023.135000,8,4,0.5000,2.0000,9,4323.80,0.143024,0
12d0fb81-727e-4e06-b736-91e210592507,3ce5849f-19ca-4eca-8a46-e4a3b8828dc2,2026-03-07,3076.97,30,4,9360.42,2340.105000,4,4,1.0000,48.2500,66,0.00,0.000000,1
2e2e1bc3-852c-4808-9b8c-b21d863182e7,a54b8eca-fc5f-46cd-9407-2f103beabcc7,2026-03-07,3979.76,15,6,16521.01,2753.501667,5,2,0.4000,3.0000,13,5699.87,0.345007,1
32840687-9eb7-4e36-abb8-9b6dd7e995ff,456196a3-f5fd-4769-85c9-fe12f73de5b9,2026-03-07,5814.80,15,15,31995.99,2133.066000,9,2,0.2222,1.2222,10,9429.35,0.294704,1
3f8dcf61-65b1-4e40-831f-8a614d76bd05,45b35575-e766-4b46-861c-910c86237813,2026-03-07,1647.95,15,17,40746.11,2396.830000,12,5,0.4167,2.9167,17,15243.21,0.374102,0
505308da-28a7-43a0-a7ee-6c3b47e9ac84,9cbf413a-a00b-482b-9441-e8fce7668a2e,2026-03-07,4085.60,45,20,57436.47,2871.823500,15,3,0.2000,0.8000,8,12942.76,0.225340,1
79f57fb0-577c-4689-8a3f-8bf7c948fccf,34f539cb-584e-4259-ac9f-44e6d5484ebf,2026-03-07,4656.46,15,21,51690.22,2461.439048,17,7,0.4118,1.8824,14,8747.75,0.169234,1
f3599390-4464-449f-903e-5adbc2b36a2c,41cc51fc-74f3-43aa-b9e8-c4269becb375,2026-03-07,1019.24,45,9,34622.77,3846.974444,7,5,0.7143,3.4286,15,6109.72,0.176465,1
f3c9f178-f1fb-45f6-a5bd-beb5d3018e66,f201cdf9-cb7c-4b4b-8da0-68bccc439429,2026-03-07,324.95,15,10,39396.78,3939.678000,10,5,0.5000,3.6000,11,0.00,0.000000,1
168a8a14-7838-4df2-8444-80db3dd1e08e,ecee2fcb-7259-46bb-a6a3-c2683069ec25,2026-03-08,4656.46,30,11,30665.63,2787.784545,8,4,0.5000,2.0000,9,2857.70,0.093189,1
9b39f875-87b4-46e4-ac77-61168a26445b,49d4f65c-a7f6-423f-97b2-75571396471e,2026-03-08,2492.70,15,5,16975.56,3395.112000,4,2,0.5000,1.0000,3,4203.57,0.247625,1
a358f5aa-caf0-489d-99b5-740a9d0d558a,48871682-8627-402c-b359-46e536c8c5f8,2026-03-08,1079.90,45,7,23081.32,3297.331429,5,0,0.0000,0.0000,0,7422.66,0.321587,1
a5bdd301-015c-48c6-ad76-707305303662,d536df89-ae17-40cc-ae90-1ec234f2db3e,2026-03-08,4623.57,45,6,19604.31,3267.385000,6,4,0.6667,4.6667,9,0.00,0.000000,1
f07282b2-19a7-4b17-8700-d7280bf7f1fc,a62bcc77-cf9c-44a3-920f-2e2e57c723dc,2026-03-08,817.18,30,7,36279.87,5182.838571,7,5,0.7143,3.8571,9,0.00,0.000000,0
171a2412-bf03-472d-8458-282919fcdae9,28e3eb2f-4e60-491c-8ecf-9260a4a4ced4,2026-03-09,2013.12,45,19,76897.03,4047.212105,17,7,0.4118,1.6471,11,3494.13,0.045439,1
2c6a69fb-2edf-4907-a9d9-be609ae45bde,a8091949-9c95-4f66-b956-b61849aa17d1,2026-03-09,920.02,30,3,9048.13,3016.043333,3,2,0.6667,0.6667,1,0.00,0.000000,1
363963dd-cf8e-4659-a0bd-7b46469973fe,3137607b-7cb7-42f6-bf45-44b8618d38d2,2026-03-09,1940.69,45,4,10797.66,2699.415000,3,0,0.0000,0.0000,0,5045.57,0.467284,0
5eafb1a5-ce77-4dc8-90e1-4f4a4b7d35d2,505deb96-02b0-4484-ae43-533961fa661d,2026-03-09,1053.75,45,10,20130.24,2013.024000,9,2,0.2222,0.2222,1,2334.09,0.115949,1
71382f31-46af-4bb4-863b-ee41c613789f,420464c7-e05c-4002-9ab4-902acb471c60,2026-03-09,2073.04,45,5,5622.55,1124.510000,4,1,0.2500,0.5000,2,797.69,0.141873,0
bf493168-5fee-464c-9a33-f50b099b8276,505deb96-02b0-4484-ae43-533961fa661d,2026-03-09,497.41,45,10,20130.24,2013.024000,9,2,0.2222,0.2222,1,2334.09,0.115949,1
cb7f7b1a-6e5b-4d07-8d49-3284adc72fa5,d6e6f2c0-9d75-46fe-a6d0-19f4998b8aa0,2026-03-09,5814.80,30,5,6029.55,1205.910000,4,2,0.5000,2.5000,7,628.52,0.104240,0
4ecff872-c64a-44ff-b125-1d1a255d3302,27121f78-6ac9-48b9-bd1d-14e1b17b0217,2026-03-10,3527.50,45,5,8244.70,1648.940000,4,3,0.7500,1.7500,4,1420.19,0.172255,1
866f378b-ce5d-410c-a9a4-d9b82b7973f8,c7e971e5-62a6-49c9-a239-e17ea1f253a5,2026-03-10,5289.06,45,8,19139.75,2392.468750,8,8,1.0000,10.0000,20,0.00,0.000000,0
86cd936c-1979-4703-b15d-80f8bd9ea325,a9a14d19-86ba-40be-883c-0be4db2e7555,2026-03-10,4851.74,15,10,26326.64,2632.664000,10,3,0.3000,1.3000,10,0.00,0.000000,0
9f3a05cd-465e-4c0e-a024-2123b1d602e4,403ba4f6-3b05-4fb0-9c95-6068878e01b1,2026-03-10,3076.97,30,22,79855.57,3629.798636,18,5,0.2778,1.2778,14,10548.30,0.132092,1
bf84799d-3e51-4f4c-9796-04b86e9d77e3,0b94772b-0571-4308-92cc-ac6baf2ac02b,2026-03-10,456.28,45,8,35330.40,4416.300000,7,0,0.0000,0.0000,0,7771.19,0.219958,0
cc7f4df2-ee7c-4ac5-9551-d7ed4c23e201,6774c3a7-d951-43fa-9c75-eaca2ced5391,2026-03-10,69.99,30,12,25607.04,2133.920000,10,6,0.6000,2.0000,10,7296.87,0.284956,1
d1f60e7e-6acc-4ef5-9b8a-7ca3c34c4444,da7dbacc-46a8-44dc-b4c5-5e21bf437da6,2026-03-10,908.96,30,19,45624.17,2401.272105,17,6,0.3529,2.9412,14,3190.74,0.069935,1
f20c1660-d032-4ade-96e3-d3937f2cfb89,027e2c71-76f6-44d8-b214-51097fc3e605,2026-03-10,4755.14,15,14,30412.77,2172.340714,14,5,0.3571,1.8571,14,0.00,0.000000,1
f22648d1-049a-473a-a851-17c72a2c22a4,6d07afb5-e45f-49c8-8fe6-ab313f89ab9c,2026-03-10,2115.04,30,18,59707.75,3317.097222,13,6,0.4615,1.1538,3,16741.74,0.280395,1
f6529cac-50d3-460d-a6dd-77de38338531,a137cf0f-749a-402e-9913-60a7f4a47b92,2026-03-10,3739.05,30,14,32700.64,2335.760000,13,6,0.4615,1.6923,9,6769.95,0.207028,1
0fcd80a0-7fe1-49f4-916a-980b2060ae93,e223a14f-9752-4dfc-b998-04cfae44ca10,2026-03-11,3365.46,30,23,67879.70,2951.291304,20,6,0.3000,0.5500,3,2341.92,0.034501,0
2fa6f174-7391-49b6-a152-64271033cc1e,3bd0dd5d-7d24-48da-856a-69e393e5e5b9,2026-03-11,3337.30,30,4,12086.28,3021.570000,3,0,0.0000,0.0000,0,1120.79,0.092732,1
3dfbc66a-340b-42fa-9699-ab94041d92d5,bc2eaeff-d2cb-413b-8716-a7fa6d9507c2,2026-03-11,1728.30,15,17,54292.89,3193.699412,13,5,0.3846,1.2308,9,17597.60,0.324123,1
596143a8-fa7e-4160-a1c8-cc9a549c6d83,911f8116-248a-4e3d-afb4-62a632746852,2026-03-11,3017.62,30,24,46157.39,1923.224583,21,7,0.3333,1.0952,10,2061.53,0.044663,1
5d2c5046-1e78-44f1-b442-f4c0bcc25742,f6a6bafb-8098-4f2d-ae6d-689b77c84f2b,2026-03-11,3183.81,30,4,12349.18,3087.295000,4,2,0.5000,1.0000,3,0.00,0.000000,1
6b2187e9-70a8-41f0-8e2e-8659bfbc764e,267963b4-ed35-41d7-b2ce-cc6088afbd06,2026-03-11,1754.08,30,8,26048.27,3256.033750,5,5,1.0000,2.2000,6,5700.43,0.218841,0
8c9ae17a-c815-4d08-b4b1-730e222d2098,d5bde5d5-ffb3-40af-bfb0-e1fbc0fc8ac6,2026-03-11,2105.72,30,7,26317.50,3759.642857,7,7,1.0000,10.8571,18,0.00,0.000000,1
98a9bbd1-00d2-41d1-bc88-628ef5d378b4,debb1669-0087-4b21-a027-8766438b09f1,2026-03-11,197.17,30,6,23014.19,3835.698333,5,5,1.0000,13.4000,23,4121.63,0.179091,1
997ec553-1e80-4081-9498-2cd4fd334668,bc2eaeff-d2cb-413b-8716-a7fa6d9507c2,2026-03-11,1962.30,15,17,54292.89,3193.699412,13,5,0.3846,1.2308,9,17597.60,0.324123,1
99c9e39e-95ea-452b-9fdc-0b760f78abb4,8f10e8bf-c7a4-4bd6-93ce-4de936a938ef,2026-03-11,142.84,45,16,44314.76,2769.672500,7,4,0.5714,1.2857,4,22445.93,0.506511,0
b354ad55-a3bf-4c50-8eee-9bef1e4110d7,e74c4bf9-90b2-4723-8b21-9af623c5b124,2026-03-11,3268.48,45,16,44443.68,2777.730000,14,6,0.4286,1.7143,8,2493.26,0.056099,0
b7caab3c-c281-4a43-8b0a-0719b9a4631e,e400fe49-64f8-4e45-8877-6c5fd0a7747d,2026-03-11,613.35,15,11,32977.49,2997.953636,9,4,0.4444,0.7778,3,7288.11,0.221003,0
eae2ca24-e0d8-4c91-8fbd-283d98dfe1ff,b88b94e7-2bbd-4939-98cc-217258c364d3,2026-03-11,3979.76,15,9,16572.70,1841.411111,7,2,0.2857,0.5714,3,4176.77,0.252027,1
1e965c11-920d-4c51-8488-f7a7a2e117a3,b2ef61f5-8a4e-44af-9b72-983eb8729127,2026-03-12,1698.90,15,4,4206.12,1051.530000,3,3,1.0000,10.6667,18,487.43,0.115886,1
33de9444-f6b4-4378-839a-4d71945e87d0,e9152f33-f58e-4690-a02f-18066572acda,2026-03-12,2038.47,15,14,36904.18,2636.012857,10,6,0.6000,2.3000,10,2839.92,0.076954,1
67be6113-59e1-4424-a4bf-3b4fc3d4e756,df5f2a94-fa46-46dc-b4fc-0a08486e8118,2026-03-12,106.95,30,6,16581.85,2763.641667,5,2,0.4000,0.6000,2,186.80,0.011265,0
77fbfe11-d935-4da6-bd0d-794cf1ca8100,c34e266e-6b0c-4505-b1cc-f98b610c4986,2026-03-12,3924.61,30,4,6601.97,1650.492500,4,3,0.7500,11.2500,22,0.00,0.000000,1
7ee3c8dd-4789-4e82-880a-d05c11e274ef,2e532847-959f-4087-bd6e-85a52170ee01,2026-03-12,331.09,15,4,5951.86,1487.965000,4,2,0.5000,3.5000,12,0.00,0.000000,1
8b843c76-9a00-4815-99f6-6754fea21276,df5f2a94-fa46-46dc-b4fc-0a08486e8118,2026-03-12,331.09,30,6,16581.85,2763.641667,5,2,0.4000,0.6000,2,186.80,0.011265,0
e0fa7050-0b38-4e5e-b38b-2917af7ac3a9,bab05b4b-0196-4bb2-a10a-34baf0750132,2026-03-12,3419.92,45,8,21011.75,2626.468750,6,3,0.5000,0.8333,2,2233.54,0.106300,0
0572d274-3c78-4bcf-8499-19fe432ec542,9b131352-2e3f-4966-865e-a01b50bde6e5,2026-03-13,1057.52,30,14,28666.95,2047.639286,13,5,0.3846,1.3077,7,5767.57,0.201192,0
2517b384-dd7e-485a-b405-054acb2e2daa,ff29a3b3-fb27-44ad-8dcc-9551fb3c7420,2026-03-13,390.54,45,19,49325.62,2596.085263,17,7,0.4118,2.8824,14,4194.65,0.085040,1
60d977a6-2fdd-4c9b-a755-9c97fe3180ab,76c7e6e2-ab70-4430-9c0e-611b3e8e3f7d,2026-03-13,2833.43,15,4,20745.78,5186.445000,4,1,0.2500,0.7500,3,0.00,0.000000,1
64c58726-9a63-48a4-b853-231d5fa27ce8,c9b37375-0f54-4110-983e-7b7635c1257f,2026-03-13,1523.88,45,6,11660.45,1943.408333,5,3,0.6000,1.4000,3,1689.70,0.144909,0
71cf9bb7-0751-45d5-82ac-f08765c2e5a7,22c9e11f-8a46-446c-a948-06b756976159,2026-03-13,952.08,30,5,6736.47,1347.294000,5,3,0.6000,1.0000,3,0.00,0.000000,1
7b63eec5-2a22-404e-a1d1-31f346d71655,1b167ea1-66cf-416e-82fc-b6448dbddf75,2026-03-13,823.98,15,3,10633.25,3544.416667,2,0,0.0000,0.0000,0,2266.40,0.213143,1
852dfd7f-ad83-40dc-9f11-439e68f19811,6d07afb5-e45f-49c8-8fe6-ab313f89ab9c,2026-03-13,3311.87,30,19,61822.79,3253.831053,13,6,0.4615,1.1538,3,18856.78,0.305013,0
a400c0a1-85f5-48d3-898a-4bbac2c65270,119de36d-41b2-4136-a3a2-0b81cfcdf6f9,2026-03-13,2586.99,30,6,22422.05,3737.008333,4,1,0.2500,0.5000,2,3440.08,0.153424,0
ca472f1d-16eb-4424-b8d0-137c59df3e53,c8466347-f65e-48a7-a013-64f958a93e60,2026-03-13,454.48,15,6,27879.19,4646.531667,2,1,0.5000,5.0000,10,8663.39,0.310748,1
d0c7bd72-133e-4e44-be00-c444188cc82e,6d07afb5-e45f-49c8-8fe6-ab313f89ab9c,2026-03-13,2853.08,30,19,61822.79,3253.831053,13,6,0.4615,1.1538,3,18856.78,0.305013,1
ef7c0266-e189-49a5-adc7-09a7b9c434ec,505deb96-02b0-4484-ae43-533961fa661d,2026-03-13,4430.29,45,12,21681.40,1806.783333,9,2,0.2222,0.2222,1,3885.25,0.179197,1
fab62b43-5062-45da-95a3-18582e1aa7ea,51833259-a233-414c-85fb-6ed59e50dfed,2026-03-13,694.18,30,19,58895.85,3099.781579,15,8,0.5333,1.4000,6,16766.25,0.284676,1
1a7b874d-4758-4c54-9d1c-fce78d3bca2c,a20f7825-b033-409c-9c97-b044b61bae47,2026-03-14,3892.19,30,6,27604.92,4600.820000,5,4,0.8000,6.8000,13,3954.76,0.143263,1
1d01fb99-90e3-4317-8783-108fb748ebae,c07f630a-a6d1-41a2-9f27-8f85f52260c4,2026-03-14,778.44,30,14,64119.53,4579.966429,11,4,0.3636,0.9091,3,4997.27,0.077937,0
31ced1c8-e9e5-4ce4-b78b-a88cccd259d3,6e04016c-b9dc-4b48-ac9b-8e9eff3d52ef,2026-03-14,2571.79,15,4,7123.53,1780.882500,3,1,0.3333,0.6667,2,3834.22,0.538247,0
34da0f4c-5d4a-42a1-9c23-7b355e0bbf5e,13b4e054-f5c9-4aaa-adb2-89ae2ad3a8bb,2026-03-14,970.35,15,4,6891.36,1722.840000,3,2,0.6667,2.3333,4,590.77,0.085726,1
51298347-16a4-4d07-b16d-d94cee8b186c,e74c4bf9-90b2-4723-8b21-9af623c5b124,2026-03-14,720.44,45,17,47712.16,2806.597647,14,6,0.4286,1.7143,8,5761.74,0.120760,1
5b819fbf-6e39-4d2a-91e0-ac0e2f589ecc,3a2f88d5-e75e-4285-9b59-ed2b46276d42,2026-03-14,795.95,30,4,17764.38,4441.095000,3,3,1.0000,10.0000,13,5835.53,0.328496,1
5f64369f-12a7-491d-8267-c263fb9a9bcb,1762b46f-b7ef-481c-9e0b-7e6d2033bcf4,2026-03-14,5969.41,15,18,43836.96,2435.386667,14,3,0.2143,0.4286,3,11354.53,0.259017,0
611c7730-df70-4516-830e-b1aff69ab91a,54739a70-fe3b-45f0-b6da-5eb96fddebc6,2026-03-14,2762.66,30,20,53786.93,2689.346500,17,7,0.4118,0.8235,3,10476.58,0.194779,0
8d491a05-e53b-4868-bd90-7e2961fcecde,59749859-a81e-48e6-bc39-a362a3eada9b,2026-03-14,1904.15,30,5,9185.32,1837.064000,5,2,0.4000,0.6000,2,0.00,0.000000,0
c551b2b2-af16-4674-80d0-8110871e441d,9cbf413a-a00b-482b-9441-e8fce7668a2e,2026-03-14,2762.66,45,21,61522.07,2929.622381,16,4,0.2500,1.4375,11,16189.17,0.263144,0
c94627ea-ccd7-4ca6-8440-8a9a8e2ae443,3d036612-3ff3-451e-a921-d163e55b4c30,2026-03-14,1735.44,30,10,26750.18,2675.018000,7,5,0.7143,3.0000,9,8497.31,0.317654,0
01b134af-65e2-4dc4-83ca-8000ecddae68,6d07afb5-e45f-49c8-8fe6-ab313f89ab9c,2026-03-15,1728.30,30,21,67987.74,3237.511429,13,6,0.4615,1.1538,3,25021.73,0.368033,1
34cc793c-9d95-4c84-b208-122c5d6cc0f2,2fd49fb9-c8b2-4ec3-b38c-a061a73e1168,2026-03-15,209.98,15,6,14677.70,2446.283333,6,4,0.6667,3.1667,13,0.00,0.000000,0
34faf9bf-9f9c-49cf-8f83-ddfa68f51549,108df563-ddcd-4802-83f7-6f5da40664d0,2026-03-15,1660.89,30,7,25482.31,3640.330000,6,1,0.1667,1.8333,11,3602.18,0.141360,0
74eda4f6-c784-42bc-870d-9ae7d13b52fc,1948ea27-1b6a-4dd3-8c99-b399dcf88ed3,2026-03-15,5609.10,30,11,27655.00,2514.090909,9,4,0.4444,2.4444,10,2200.63,0.079574,0
8fff7527-b701-4b0f-8d21-42d00109e8e6,a9a14d19-86ba-40be-883c-0be4db2e7555,2026-03-15,3979.76,15,11,31178.38,2834.398182,10,3,0.3000,1.3000,10,4851.74,0.155612,0
b254b4bd-b4ea-47af-b446-08a27e0043e0,8aa74529-c59e-4daf-9b98-321ebfce7306,2026-03-15,98.58,30,14,19429.12,1387.794286,11,8,0.7273,1.5455,3,2365.77,0.121764,0
cc738802-01f3-452c-a8eb-64c9eef489f8,e05c9e8f-2852-4c9d-9c2a-756d89ba64a0,2026-03-15,1053.75,30,26,78019.65,3000.755769,22,12,0.5455,1.7727,11,7905.68,0.101329,0
e8676bcf-d77d-45e6-b862-6faf3380184a,12be2694-e03e-4703-878e-8ce9ad582cf1,2026-03-15,1634.24,30,6,16958.30,2826.383333,6,2,0.3333,0.5000,2,0.00,0.000000,0
f4d9ae52-ca1c-4594-b434-b74fff1e143f,ce1c7e34-50d9-4f3b-ab54-cbb7cab9fa18,2026-03-15,1586.28,30,11,29128.67,2648.060909,8,4,0.5000,2.0000,12,3708.19,0.127304,1
fb62368d-575c-4fdb-a26f-c30d621d7381,36526e5e-f875-4c3e-a8d6-c50ede833ade,2026-03-15,232.79,15,7,22419.72,3202.817143,7,3,0.4286,0.5714,2,0.00,0.000000,0
2e20106e-935f-40fd-96f3-7f69fedd6b6d,066b0bf5-5f5a-4c95-a709-b1fc1d059f94,2026-03-16,738.47,45,18,60062.76,3336.820000,13,4,0.3077,0.5385,3,14415.58,0.240009,0
43300700-d6c7-4b0f-8802-4f02be6aeb55,1b167ea1-66cf-416e-82fc-b6448dbddf75,2026-03-16,4139.84,15,4,11457.23,2864.307500,2,0,0.0000,0.0000,0,3090.38,0.269732,0
5f6bae03-802d-4a6c-989b-4974115aca83,b247c235-943b-4c46-91c2-168e86d26161,2026-03-16,4231.25,45,17,28413.41,1671.377059,15,5,0.3333,0.5333,2,1157.91,0.040752,0
87731b20-cd9e-4f9e-a5c4-8aae4fb808fb,b4ff4a71-e2cb-40a7-afaa-04a5be660e06,2026-03-16,67.92,45,9,15063.84,1673.760000,6,2,0.3333,0.8333,3,2693.39,0.178798,0
e3b785bf-776a-4d4a-8b01-c87b95fd10da,9cbf413a-a00b-482b-9441-e8fce7668a2e,2026-03-16,920.64,45,22,64284.73,2922.033182,17,4,0.2353,1.3529,11,17378.56,0.270337,0
e73107e3-b343-4fa9-8825-157e658ea620,27121f78-6ac9-48b9-bd1d-14e1b17b0217,2026-03-16,3772.02,45,6,11772.20,1962.033333,4,3,0.7500,1.7500,4,4947.69,0.420286,0
ee8cad9a-0fc3-482b-bad2-ef53a93b1562,31e4bcb5-1a69-45eb-a2c7-5bfa73cdfca1,2026-03-16,823.98,15,25,48156.70,1926.268000,22,11,0.5000,0.9545,3,4009.08,0.083251,0
593fee40-7089-440a-af8c-baebf968bd5e,1c22a6c4-3de0-4f96-b62a-3a6edbbaf732,2026-03-17,1112.43,30,18,36232.21,2012.900556,14,7,0.5000,1.6429,9,3905.35,0.107787,1
6844dddd-253c-4da7-9878-eafdc21de419,cb4bc77a-ba12-4fd1-b1f2-811b234a5c61,2026-03-17,1698.90,30,4,13735.59,3433.897500,4,3,0.7500,5.2500,15,0.00,0.000000,1
69574c51-b8ca-4005-b47e-9de8664f74e6,e223a14f-9752-4dfc-b998-04cfae44ca10,2026-03-17,1302.84,30,24,71245.16,2968.548333,20,6,0.3000,0.5500,3,5707.38,0.080109,0
7b8011c3-34cb-4428-bdb8-b0cb6c86e68d,befa24a1-1459-4d2c-b2af-a4db90fa9666,2026-03-17,1556.88,15,3,7291.42,2430.473333,2,1,0.5000,3.0000,6,2076.11,0.284733,1
807accee-cde2-4238-976b-78939d6ae5e5,20791844-68d1-4c47-8940-96e45daf918f,2026-03-17,269.98,30,20,55569.48,2778.474000,17,7,0.4118,1.1765,7,9478.24,0.170566,0
896fcbfd-3605-492d-9c1a-19ef90cacc53,d3ceae53-5516-4152-a247-d101c45a4912,2026-03-17,2165.56,30,16,51465.33,3216.583125,12,6,0.5000,2.2500,14,9164.58,0.178073,0
8ba90b96-92d6-4b59-8991-f8385cf1f931,855f6897-60c0-42cc-aa5a-bbcf4dfcfd28,2026-03-17,924.71,45,5,8685.13,1737.026000,5,4,0.8000,6.8000,14,0.00,0.000000,0
9324432c-ea86-4105-ad9f-0d8fac80a482,e630e7cb-c24b-49e2-af83-702facb0c4b9,2026-03-17,539.95,15,6,21519.05,3586.508333,4,0,0.0000,0.0000,0,4347.41,0.202026,0
a3d2d9c1-45d0-4220-b752-c5e96cc915a8,7dc50afb-0eaa-4b38-8b2f-04eb2c57446e,2026-03-17,3233.74,30,3,4168.85,1389.616667,3,2,0.6667,3.0000,7,0.00,0.000000,1
d0fd2361-d8a7-4692-92b4-9b0b45e63c59,454e54ed-b5e4-4096-9693-090f3ddaa42e,2026-03-17,754.40,30,7,23573.46,3367.637143,6,2,0.3333,0.8333,3,817.12,0.034663,0
d2ba8bc5-9eeb-4fec-86eb-4e306c89f8e7,b4a140af-8af0-4074-8c4e-f1e587fff314,2026-03-17,738.47,45,17,57708.47,3394.615882,11,5,0.4545,1.4545,6,20248.15,0.350870,1
d4009145-b769-4dc2-a9aa-1cf36f12329d,7010920b-f9d5-4e97-9d6a-a57cfe832fad,2026-03-17,5537.86,45,15,46207.86,3080.524000,11,3,0.2727,1.4545,13,12471.35,0.269897,1
dac3705d-9068-47e2-a86d-606542501b59,1c22a6c4-3de0-4f96-b62a-3a6edbbaf732,2026-03-17,694.18,30,18,36232.21,2012.900556,14,7,0.5000,1.6429,9,3905.35,0.107787,1
eb58177c-b0ed-4064-a7a6-72a7f01c5d75,ff29a3b3-fb27-44ad-8dcc-9551fb3c7420,2026-03-17,1904.15,45,20,49716.16,2485.808000,17,7,0.4118,2.8824,14,4585.19,0.092227,0
ef39aa67-9e0e-44e3-9db6-3bfc1b46dcb7,cfa38335-ed20-4254-b309-74d0dadee3bb,2026-03-17,323.14,45,5,9779.20,1955.840000,3,2,0.6667,1.3333,3,4785.74,0.489379,0
f43b2883-06d4-4a43-8560-9fa485a99495,d3ceae53-5516-4152-a247-d101c45a4912,2026-03-17,3597.77,30,16,51465.33,3216.583125,12,6,0.5000,2.2500,14,9164.58,0.178073,1
f4e5171f-8964-427b-ae69-1f1191ae3dca,c5f7e86b-b9fe-4062-bae1-fcb4707e393e,2026-03-17,1424.51,30,4,12395.71,3098.927500,3,3,1.0000,16.0000,29,2866.61,0.231258,1
fcfa033e-2c2c-4177-a914-f730cc4ddee9,1b167ea1-66cf-416e-82fc-b6448dbddf75,2026-03-17,2301.73,15,5,15597.07,3119.414000,2,0,0.0000,0.0000,0,7230.22,0.463563,0
5caa2a04-8989-46f2-9cd1-facac71fd4ee,f17f8b99-61d1-4e7b-a6d3-4d0334235cc5,2026-03-18,3109.55,30,4,26252.51,6563.127500,2,2,1.0000,9.5000,10,11905.25,0.453490,1
a3887153-526a-483e-a073-9e66e8cb1c22,7010920b-f9d5-4e97-9d6a-a57cfe832fad,2026-03-18,147.69,45,16,51745.72,3234.107500,11,3,0.2727,1.4545,13,17129.10,0.331024,1
fed1f933-0829-46c9-b519-d25483156ba7,d768ded2-0e1f-4338-a373-8cb12093b6b9,2026-03-18,1726.29,30,18,52050.40,2891.688889,14,8,0.5714,2.2143,13,3815.77,0.073309,1
0171daac-af4d-43c9-b5a6-e171100b1fe6,5a2542d2-8392-4c53-bbf2-259d1b7de2ba,2026-03-19,3009.16,30,12,29581.85,2465.154167,11,10,0.9091,11.6364,20,844.85,0.028560,1
1703550c-c5b8-4f80-a446-75d990960748,d5bde5d5-ffb3-40af-bfb0-e1fbc0fc8ac6,2026-03-19,1902.05,30,8,28423.22,3552.902500,7,7,1.0000,10.8571,18,2105.72,0.074084,1
20231b19-c9d6-4f4c-8ba9-7a60e1765ec7,9a48cdff-42f6-4b91-80ce-e531f3622d2b,2026-03-19,255.65,45,6,10882.18,1813.696667,4,1,0.2500,2.7500,11,3880.07,0.356553,0
44217c8a-ab07-47a3-b19c-12c5f5d8d902,5be61d8d-e5a3-403f-b61d-c9096e40b7fb,2026-03-19,1952.69,30,4,17748.08,4437.020000,4,1,0.2500,0.7500,3,0.00,0.000000,0
57937bcb-e88d-4ef0-b80e-3d652db7a954,0833337f-d730-49c9-98d3-adc98d0ffdd5,2026-03-19,720.44,30,6,9448.95,1574.825000,6,6,1.0000,12.1667,29,0.00,0.000000,1
5b0ca082-b611-46e7-9b69-b102ad21640c,90ef6a35-c0dc-4b20-aede-0d1b3e525838,2026-03-19,566.60,30,9,37749.98,4194.442222,8,5,0.6250,4.7500,17,2038.47,0.053999,1
810e9b73-0f65-41d4-a711-17dd56769d95,e05c9e8f-2852-4c9d-9c2a-756d89ba64a0,2026-03-19,152.09,30,27,79073.40,2928.644444,23,13,0.5652,1.8261,11,8114.58,0.102621,1
ac22dba7-de2b-4f07-96c7-d2013c8e950e,0833337f-d730-49c9-98d3-adc98d0ffdd5,2026-03-19,5562.17,30,6,9448.95,1574.825000,6,6,1.0000,12.1667,29,0.00,0.000000,1
f404e9c2-9096-4ed2-8cfa-c0e546e00acd,229edd85-4113-4b2a-be5b-1cc986fd5173,2026-03-19,2643.80,30,15,41447.55,2763.170000,10,5,0.5000,2.2000,9,19923.91,0.480702,0
24a3c5b0-5d4c-4adc-b931-d061cff8d76f,1762b46f-b7ef-481c-9e0b-7e6d2033bcf4,2026-03-20,846.28,15,19,49806.37,2621.387895,14,3,0.2143,0.4286,3,17323.94,0.347826,1
32dd63de-3059-494d-9f44-af2aa953ff09,ed2171b1-c19b-4e0d-8734-299f1f997a16,2026-03-20,1394.04,15,8,30888.69,3861.086250,8,7,0.8750,10.5000,23,0.00,0.000000,1
834c227c-46f9-4364-860c-c1fb80ecf77f,10cb2e84-0bd1-4b29-8db3-06ae3488789d,2026-03-20,2492.70,45,5,10506.79,2101.358000,2,2,1.0000,3.0000,3,7721.42,0.734898,0
857a9892-b47e-42a1-ad0d-47a129cbf7b0,ddb8a068-3cf7-4f6c-b653-fdf0d420c391,2026-03-20,2059.94,30,3,13156.05,4385.350000,3,3,1.0000,8.6667,14,0.00,0.000000,1
b0a35c09-aa50-4bc2-b057-4722cefe5e3d,27121f78-6ac9-48b9-bd1d-14e1b17b0217,2026-03-20,3892.19,45,7,15544.22,2220.602857,4,3,0.7500,1.7500,4,8719.71,0.560962,1
cca8d2a9-239b-40ba-925d-384343a18663,6e04016c-b9dc-4b48-ac9b-8e9eff3d52ef,2026-03-20,2774.14,15,5,9695.32,1939.064000,3,1,0.3333,0.6667,2,6406.01,0.660732,0
f04955e5-11a6-43d8-9faf-b7feb927b4e6,c5f7e86b-b9fe-4062-bae1-fcb4707e393e,2026-03-20,1164.11,30,5,13820.22,2764.044000,3,3,1.0000,16.0000,29,4291.12,0.310496,1
00acf374-3f1f-4cdd-88b3-bb85ceaf1a0f,d3291ebb-1cad-4398-80c7-e968f0d6b8e3,2026-03-21,852.58,45,4,8970.26,2242.565000,3,0,0.0000,0.0000,0,2266.40,0.252657,0
012e842d-d836-41c4-a6a5-04585e2342e1,910bd8ae-df74-4feb-9e1a-4e8966115c12,2026-03-21,2266.74,30,7,24711.51,3530.215714,2,0,0.0000,0.0000,0,22002.26,0.890365,0
534b1b78-a635-4849-b1b2-a6ec5cb72fd6,86ab916f-9734-41f0-b5c0-9bbc082b3251,2026-03-21,3946.79,30,19,47838.07,2517.793158,18,7,0.3889,1.7222,13,2242.20,0.046871,0
71479577-ea25-4f9e-89c8-330f10f4ffd5,54739a70-fe3b-45f0-b6da-5eb96fddebc6,2026-03-21,2115.62,30,21,56549.59,2692.837619,17,7,0.4118,0.8235,3,13239.24,0.234117,1
977896a4-1412-444a-8a31-b6cf4d4d10f3,9a48cdff-42f6-4b91-80ce-e531f3622d2b,2026-03-21,5250.26,45,7,11137.83,1591.118571,4,1,0.2500,2.7500,11,4135.72,0.371322,0
cb44308b-9a50-43f0-bdbb-6df920b51c0e,34a16a66-821a-489f-8fc2-67d38c8256d4,2026-03-21,3379.40,15,5,20385.02,4077.004000,5,3,0.6000,1.2000,3,0.00,0.000000,1
cd74a310-9715-4de0-8410-8073398865e6,556c3740-52fd-4022-8755-b92b9fa5342d,2026-03-21,2877.16,45,14,34407.60,2457.685714,11,4,0.3636,0.8182,3,3465.54,0.100720,1
cdbf198f-0244-4332-a4b9-e197636afcaf,34a16a66-821a-489f-8fc2-67d38c8256d4,2026-03-21,1349.88,15,5,20385.02,4077.004000,5,3,0.6000,1.2000,3,0.00,0.000000,1
e268f60b-dd3a-4b7a-ab51-48ee41af83f5,fc90d768-4902-4267-aee4-185b5584cee7,2026-03-21,760.46,30,19,44036.12,2317.690526,15,4,0.2667,1.2667,15,7132.54,0.161970,0
ea1ede73-4e73-41a7-83c1-e6651c29c5de,31e4bcb5-1a69-45eb-a2c7-5bfa73cdfca1,2026-03-21,2351.66,15,26,48980.68,1883.872308,22,11,0.5000,0.9545,3,4833.06,0.098673,0
15f3a619-d7c2-4945-90d4-d9a1dc6bb5f2,033361ce-6653-4ee7-bee4-3fdbd06887c9,2026-03-22,2334.09,30,5,11257.35,2251.470000,4,3,0.7500,4.5000,9,3173.44,0.281899,1
1c7235b0-5b71-4816-a88a-2ca54c8543bf,fc625523-78f4-4bf4-920a-ec3d6bf61de9,2026-03-22,550.59,30,7,19190.86,2741.551429,6,2,0.3333,0.6667,3,710.09,0.037001,0
1da48b7d-7af2-4bad-9d11-fa037303a809,43b1d0a0-404f-48c8-96ee-46291e3ceaa3,2026-03-22,2943.45,15,12,20295.26,1691.271667,9,3,0.3333,2.4444,14,3473.69,0.171158,1
244b4530-2804-40c1-b87d-013edc69e275,6272b3b9-197b-4be0-bf82-5b6e74a51d18,2026-03-22,319.57,30,7,27257.29,3893.898571,6,3,0.5000,1.6667,7,4947.18,0.181499,1
37d64bde-8c12-456f-8025-b6075317efb4,a20f7825-b033-409c-9c97-b044b61bae47,2026-03-22,2451.55,30,7,31497.11,4499.587143,5,4,0.8000,6.8000,13,7846.95,0.249132,1
615bb851-d65c-43f4-a5ba-e8fa99a94739,ebe34170-88a5-4097-a231-ec6187114560,2026-03-22,411.14,30,5,11632.30,2326.460000,5,2,0.4000,0.4000,1,0.00,0.000000,0
664c5ab6-4543-4956-8e82-6baf3df10d17,28fe8878-f7c1-4a80-9dc8-ab4bf2bbd40a,2026-03-22,738.47,30,5,18352.85,3670.570000,4,3,0.7500,1.7500,3,2931.39,0.159724,1
9d47739e-c5e7-4b7e-9bf5-a7421d3ab14b,feb9f5f4-bed9-4b39-bb94-062fa9706005,2026-03-22,5152.04,45,14,47874.05,3419.575000,11,5,0.4545,2.0000,17,9690.59,0.202418,0
c65b0496-6e92-48fc-9f2d-9198e4e3f1fc,b4ff4a71-e2cb-40a7-afaa-04a5be660e06,2026-03-22,1737.12,45,10,15131.76,1513.176000,6,2,0.3333,0.8333,3,2761.31,0.182484,0
d4cfbb8a-03b5-40c6-b06f-3b4322843b35,3d036612-3ff3-451e-a921-d163e55b4c30,2026-03-22,1050.05,30,11,28485.62,2589.601818,7,5,0.7143,3.0000,9,10232.75,0.359225,0
daee73fd-3f14-47ec-a6eb-8bcd71d0b59a,456196a3-f5fd-4769-85c9-fe12f73de5b9,2026-03-22,248.70,15,16,37810.79,2363.174375,12,2,0.1667,0.9167,10,12793.93,0.338367,1
dcbd64c3-7a75-4733-a6e1-0bab52c71482,b0a7ac9f-5dc3-43d5-bf2f-2201d6f385b2,2026-03-22,331.95,15,4,3153.13,788.282500,4,1,0.2500,0.2500,1,0.00,0.000000,1
0193d18c-74a7-4e9f-88f1-e821b4913525,20538050-69a2-4a47-9dd1-b9142fb76c57,2026-03-23,2776.57,45,5,10402.28,2080.456000,4,0,0.0000,0.0000,0,3337.30,0.320824,0
1cb1a222-242f-4190-b13b-795970d09a71,9b4342ff-79f2-40db-9669-bbab65d50e2f,2026-03-23,1195.82,30,4,12066.97,3016.742500,3,2,0.6667,7.3333,14,3419.92,0.283412,1
2c6ca5ef-2404-4553-bf55-8a5e1ef88c96,3da770f9-a532-48df-a2e4-cf550c263161,2026-03-23,5250.26,30,10,34529.10,3452.910000,9,2,0.2222,1.6667,12,1257.04,0.036405,1
569d80f4-ba3d-4ef6-bd07-219887162050,82241b4b-7959-4079-9369-bbfcffcbc453,2026-03-23,1079.90,30,13,41464.96,3189.612308,12,2,0.1667,1.1667,11,9995.64,0.241062,1
9fae7698-714e-4746-980d-6895da97a57a,403ba4f6-3b05-4fb0-9c95-6068878e01b1,2026-03-23,1600.24,30,23,82932.54,3605.762609,19,5,0.2632,1.2105,14,12558.47,0.151430,1
b78989ae-eb26-4568-a34a-e3d1d498ba2d,df5f2a94-fa46-46dc-b4fc-0a08486e8118,2026-03-23,356.13,30,8,17019.89,2127.486250,5,2,0.4000,0.6000,2,624.84,0.036712,0
be82b243-77f1-488a-8b54-8eafe48391af,45b88888-2215-4e91-9647-006d4a1e9e88,2026-03-23,597.91,30,5,17660.06,3532.012000,5,2,0.4000,1.0000,3,0.00,0.000000,0
d76ce2a6-0c04-486a-8f12-7b7c31444de5,b7d62bbb-f2b2-4bee-ac69-0e320b4b310f,2026-03-23,2059.94,45,21,71942.63,3425.839524,16,7,0.4375,1.9375,8,7231.72,0.100521,1
eab1463e-2fa2-4c70-bff0-5440fd42219f,6853ff18-9673-4369-b96a-eb7e1eb71169,2026-03-23,497.41,30,8,22676.15,2834.518750,6,2,0.3333,0.5000,2,6081.87,0.268206,0
10dae207-1f47-42ca-ab13-3a16104863cd,b4ff4a71-e2cb-40a7-afaa-04a5be660e06,2026-03-24,349.18,45,11,16868.88,1533.534545,6,2,0.3333,0.8333,3,4498.43,0.266670,0
293b707c-9c26-4382-aff2-44e189302835,272c06ef-927d-483b-b924-350e81ee8dfe,2026-03-24,1136.77,30,4,9531.54,2382.885000,3,1,0.3333,1.0000,3,3322.61,0.348591,0
3774f7ae-370e-47fd-8caf-b703a5eb7970,51833259-a233-414c-85fb-6ed59e50dfed,2026-03-24,1150.80,30,20,59590.03,2979.501500,16,8,0.5000,1.3125,6,13968.09,0.234403,0
663e935d-1197-4ea5-a7aa-953c3d3c09e5,229edd85-4113-4b2a-be5b-1cc986fd5173,2026-03-24,1849.43,30,16,44091.35,2755.709375,10,5,0.5000,2.2000,9,22567.71,0.511840,1
967c1582-34bc-4df6-8279-f07b4046a46b,d5bde5d5-ffb3-40af-bfb0-e1fbc0fc8ac6,2026-03-24,1101.18,30,9,30325.27,3369.474444,7,7,1.0000,10.8571,18,4007.77,0.132159,1
a29b07cf-efe9-4b12-9c14-aa68f9c5f828,9de44d71-02d0-4684-a314-54f9abd3f2cd,2026-03-24,347.09,15,7,12877.38,1839.625714,7,4,0.5714,1.4286,5,0.00,0.000000,0
c08ee0b5-f93e-4301-8ea7-d4caf09e0372,d3ceae53-5516-4152-a247-d101c45a4912,2026-03-24,415.11,30,18,57228.66,3179.370000,12,6,0.5000,2.2500,14,14927.91,0.260847,1
c99f8eb5-9689-4ae7-9aa3-88ef0a8948cf,e51c365e-179f-4c2e-92f5-bc4c2fc6282a,2026-03-24,2571.79,30,19,53321.37,2806.387895,15,7,0.4667,1.2000,6,9695.19,0.181826,1
1f6adc13-67d9-45fb-a1fe-838c8d6508bc,6f43c820-6bb0-443a-a276-f436ff5cc816,2026-03-25,908.96,45,3,7545.31,2515.103333,2,0,0.0000,0.0000,0,1645.48,0.218080,1
4472f7f5-f9e4-4e49-b8f9-6782d3b26c34,82241b4b-7959-4079-9369-bbfcffcbc453,2026-03-25,2477.75,30,14,42544.86,3038.918571,12,2,0.1667,1.1667,11,11075.54,0.260326,1
a5cf1e92-dabc-46c5-8ce1-27a449597920,c07f630a-a6d1-41a2-9f27-8f85f52260c4,2026-03-25,507.96,30,15,64897.97,4326.531333,11,4,0.3636,0.9091,3,5775.71,0.088997,1
b8819819-9afa-4919-908a-cd0d0142db56,3137607b-7cb7-42f6-bf45-44b8618d38d2,2026-03-25,3150.16,45,5,12738.35,2547.670000,3,0,0.0000,0.0000,0,6986.26,0.548443,0
c11391c3-6dae-4e42-9b8a-693cb9b91463,ba0a6120-4b67-4e2b-b2c4-9036a195b99a,2026-03-25,3281.59,45,5,9449.47,1889.894000,5,2,0.4000,0.8000,2,0.00,0.000000,0
d36a3e8f-eb81-4f0d-97e2-c41995078c59,b88b94e7-2bbd-4939-98cc-217258c364d3,2026-03-25,627.48,15,10,20552.46,2055.246000,7,2,0.2857,0.5714,3,8156.53,0.396864,1
079f697a-68f2-45ae-b8c5-5c89abd59b23,6f43c820-6bb0-443a-a276-f436ff5cc816,2026-03-26,2387.76,45,4,8454.27,2113.567500,2,0,0.0000,0.0000,0,2554.44,0.302148,1
10687617-35da-477e-a456-5b9f37c0244f,e74c4bf9-90b2-4723-8b21-9af623c5b124,2026-03-26,6429.47,45,18,48432.60,2690.700000,14,6,0.4286,1.7143,8,6482.18,0.133839,0
29b7dac8-13f5-4b9b-86f8-24175b8adfce,824fbcc7-5420-4ca2-84b0-15b0b4a2292b,2026-03-26,2266.40,45,4,21571.05,5392.762500,3,0,0.0000,0.0000,0,3957.74,0.183475,0
332db55c-9d3b-4b36-b12b-60f7a621101c,229edd85-4113-4b2a-be5b-1cc986fd5173,2026-03-26,2224.87,30,17,45940.78,2702.398824,10,5,0.5000,2.2000,9,24417.14,0.531492,0
6f73eca2-96e3-46a7-9974-902c8e850870,ebbc4745-0985-45f9-b142-3002a577acc3,2026-03-26,1962.30,15,8,11474.77,1434.346250,8,1,0.1250,0.3750,3,0.00,0.000000,1
83d687e7-625f-46e0-859b-bcb9940609da,ad10f2bd-d571-4f42-aec5-a7a10eaa3ca9,2026-03-26,1363.45,15,5,16831.04,3366.208000,5,0,0.0000,0.0000,0,0.00,0.000000,1
8aa18ee4-8f03-4d5f-869a-50af46382172,cfc90a2e-3eb4-476f-8b9b-493b93566dcb,2026-03-26,1952.69,30,4,8564.52,2141.130000,2,1,0.5000,5.5000,11,2078.03,0.242632,1
93d4243b-b7de-4a6f-a382-1e2577c1570a,b7d62bbb-f2b2-4bee-ac69-0e320b4b310f,2026-03-26,4231.40,45,22,74002.57,3363.753182,16,7,0.4375,1.9375,8,9291.66,0.125559,0
97327db8-d66e-4686-a0a4-893874cc89e0,33879d3b-ca28-410e-9d37-7a429d1c33aa,2026-03-26,2539.79,30,5,3200.85,640.170000,5,1,0.2000,0.6000,3,0.00,0.000000,0
974a379e-4589-42fb-a8ac-7d076fc45c6a,910bd8ae-df74-4feb-9e1a-4e8966115c12,2026-03-26,1121.82,30,8,26978.25,3372.281250,2,0,0.0000,0.0000,0,24269.00,0.899577,0
d283410b-4c31-4ab9-904a-54c548b9b10a,911f8116-248a-4e3d-afb4-62a632746852,2026-03-26,2943.45,30,25,49175.01,1967.000400,21,7,0.3333,1.0952,10,5079.15,0.103287,1
e75dee9b-ba25-4356-985c-100bbf786d4a,e51c365e-179f-4c2e-92f5-bc4c2fc6282a,2026-03-26,53.48,30,20,55893.16,2794.658000,15,7,0.4667,1.2000,6,12266.98,0.219472,0
e9522857-0cd6-4fed-be3e-1b4f0fccf587,13b4e054-f5c9-4aaa-adb2-89ae2ad3a8bb,2026-03-26,2631.20,15,5,7861.71,1572.342000,3,2,0.6667,2.3333,4,1561.12,0.198573,0
ef09de0a-8e22-47a2-90b6-871dfced77bb,7b3011de-1fd5-49d7-8cd0-565a3af5b5da,2026-03-26,5969.41,30,17,24571.93,1445.407647,15,9,0.6000,1.8667,9,444.61,0.018094,0
02f0f95b-2740-48dc-bb13-8ab5726d78de,e05c9e8f-2852-4c9d-9c2a-756d89ba64a0,2026-03-27,646.28,30,28,79225.49,2829.481786,23,13,0.5652,1.8261,11,8266.67,0.104344,0
1d790d33-fb79-46ed-bf7b-cc8913816a5b,aa210298-0ad5-4fe1-9a49-04d9c35709c6,2026-03-27,988.69,15,4,4540.13,1135.032500,4,4,1.0000,11.0000,24,0.00,0.000000,1
53cf1f60-5bd2-41e1-9feb-45b9eee1f5f2,a955f9af-0de0-488d-9638-13b909991020,2026-03-27,3492.34,15,5,13553.04,2710.608000,4,3,0.7500,1.5000,2,4247.83,0.313423,1
5ff04f0b-4c17-4fe6-94bc-592967996904,027e2c71-76f6-44d8-b214-51097fc3e605,2026-03-27,304.19,15,15,35167.91,2344.527333,14,5,0.3571,1.8571,14,2139.81,0.060846,0
6498c6ea-cbdb-45b8-b7b0-a496c1415ce8,c4abe8e7-17ea-4981-acd2-0e286bf0080b,2026-03-27,2492.70,30,3,5109.77,1703.256667,2,2,1.0000,11.0000,17,971.58,0.190142,1
6a65c10c-faed-4535-83e7-2943a42351b6,01a1b558-e312-42e2-ae36-718f30634861,2026-03-27,2328.23,30,3,12526.33,4175.443333,3,3,1.0000,16.6667,18,0.00,0.000000,1
89dd7e05-4a3f-48dd-9ae9-2ff33d502b64,f5f339bf-3ab5-4a2e-916f-2db044568f67,2026-03-27,4627.61,45,11,47707.87,4337.079091,8,6,0.7500,3.2500,10,19107.48,0.400510,1
9e42ffec-67ae-4df6-a2a0-86de90b589c7,f8435633-4f8d-462d-872a-e6a541d39872,2026-03-27,2115.04,30,9,25538.36,2837.595556,9,3,0.3333,1.3333,8,0.00,0.000000,1
aaf4e8f8-8a7f-4c0d-9f47-bb442c5a8c2b,82241b4b-7959-4079-9369-bbfcffcbc453,2026-03-27,1292.55,30,15,45022.61,3001.507333,12,2,0.1667,1.1667,11,13553.29,0.301033,0
bfabede7-f0f8-4195-868c-99652de06888,1445cd5d-91a8-417f-b07d-805a30ad7fb7,2026-03-27,3532.45,15,7,34798.49,4971.212857,7,2,0.2857,0.4286,2,0.00,0.000000,1
cde29e3f-ab42-499e-a776-32cd9c50408f,79ce75bd-e156-4762-a109-91880fa27abc,2026-03-27,2171.40,45,21,54127.38,2577.494286,16,4,0.2500,0.8125,6,14671.00,0.271046,1
1faa2d75-44b5-4e29-b7b4-660c330c634c,c07f630a-a6d1-41a2-9f27-8f85f52260c4,2026-03-28,213.91,30,16,65405.93,4087.870625,11,4,0.3636,0.9091,3,6283.67,0.096072,1
24761607-94dd-4265-8ed4-3e772ca170a6,0b94772b-0571-4308-92cc-ac6baf2ac02b,2026-03-28,147.69,45,9,35786.68,3976.297778,7,0,0.0000,0.0000,0,8227.47,0.229903,1
29b9353f-14df-4fd7-be8d-4f0f5f485520,1c22a6c4-3de0-4f96-b62a-3a6edbbaf732,2026-03-28,4231.25,30,20,38038.82,1901.941000,14,7,0.5000,1.6429,9,5711.96,0.150161,0
56202476-2aba-44b0-90de-923a85606869,6d07afb5-e45f-49c8-8fe6-ab313f89ab9c,2026-03-28,1112.43,30,22,69716.04,3168.910909,14,6,0.4286,1.0714,3,25089.14,0.359876,0
5cb6d06d-d2cf-428b-81a5-b7c0a87cd3b0,4ed5562c-399a-4f63-8123-7496d2617ad8,2026-03-28,2105.72,15,8,20404.34,2550.542500,7,6,0.8571,9.0000,21,552.53,0.027079,1
5e136885-ee5f-4c22-8e1b-2f22c1c6a844,d768ded2-0e1f-4338-a373-8cb12093b6b9,2026-03-28,2105.72,30,19,53776.69,2830.352105,14,8,0.5714,2.2143,13,5542.06,0.103057,1
61e757fb-90a5-405d-962a-809da51500ed,dbc5aa6b-529c-4c91-8331-7ec33c8503bb,2026-03-28,4651.84,30,21,46706.24,2224.106667,15,9,0.6000,3.4667,17,12443.50,0.266421,0
775d1578-dde6-4b6e-a61f-ea82946de56b,46131e6b-4c77-4840-8255-973dc2b72450,2026-03-28,376.49,30,3,2928.24,976.080000,2,2,1.0000,6.0000,9,478.61,0.163446,1
9a0b1161-f11e-4c90-b737-ba9ec2aba94b,6dd97a45-7233-4f75-bf2b-a02f9e2403f5,2026-03-28,608.37,30,8,34740.86,4342.607500,7,2,0.2857,0.8571,3,5835.22,0.167964,1
ade8958f-8704-4c6f-94ac-c7cc75eac1c4,2c3ca1b8-7c76-4a4c-80bf-5314fb7f22ae,2026-03-28,2115.62,30,9,26905.77,2989.530000,8,4,0.5000,1.3750,6,4331.12,0.160974,1
b3184b94-8c41-42a7-8f25-e9805d4a8cc0,44e18ff7-c6c4-4f05-810a-10acda026843,2026-03-28,2160.38,30,20,62186.99,3109.349500,17,5,0.2941,2.0000,10,12886.96,0.207229,1
ec420784-b1f8-4a6a-9f5f-7d21d3cd0275,e74c4bf9-90b2-4723-8b21-9af623c5b124,2026-03-28,160.43,45,19,54862.07,2887.477368,14,6,0.4286,1.7143,8,12126.18,0.221030,1
33cc5a26-7cf6-4edc-811d-ea000992b1a0,6cad4c9f-a37c-452d-9e24-b927cd585be0,2026-03-29,823.98,15,3,4734.95,1578.316667,2,2,1.0000,31.5000,46,3885.60,0.820621,1
454c6620-8d97-4d9a-93cf-ad8b7bd6db23,6bb31b8a-5c85-4549-9106-7183256248ff,2026-03-29,969.41,45,9,22438.46,2493.162222,5,2,0.4000,3.4000,10,9870.96,0.439913,1
4dfa8440-7a5c-49bb-b80f-252c7b86c502,31e4bcb5-1a69-45eb-a2c7-5bfa73cdfca1,2026-03-29,970.35,15,27,51332.34,1901.197778,22,11,0.5000,0.9545,3,7184.72,0.139965,1
4e90c7a0-7ffd-4f11-9013-593597d55efc,82241b4b-7959-4079-9369-bbfcffcbc453,2026-03-29,2752.94,30,16,46315.16,2894.697500,12,2,0.1667,1.1667,11,14845.84,0.320540,1
5931090c-e459-4c3f-a428-e32f3f2958b8,05f197bf-0bdd-44a5-84bb-1878a08666b6,2026-03-29,988.69,15,19,44597.32,2347.227368,17,7,0.4118,2.0588,13,6018.21,0.134946,1
7dd56c1f-51d4-4fcb-9c44-79cd96a5b5df,66aa9f2d-de6b-4def-8269-b6d0177dbf9a,2026-03-29,4012.22,30,21,69704.51,3319.262381,19,8,0.4211,1.2105,8,7304.25,0.104789,0
855a8797-b16e-493a-af37-50d9e6c81f3a,28e3eb2f-4e60-491c-8ecf-9260a4a4ced4,2026-03-29,1846.18,45,20,78910.15,3945.507500,17,7,0.4118,1.6471,11,5507.25,0.069791,1
babc58d2-34c9-41e0-a1a0-de95793d444d,06771e16-c89d-4440-9d23-12b982301e00,2026-03-29,1846.18,45,5,23138.97,4627.794000,4,3,0.7500,4.0000,6,3834.22,0.165704,1
d104b772-d099-454b-bef9-c629d571a400,f288b108-b674-41c7-91d6-0f5fdb761b37,2026-03-29,5096.18,15,5,19098.82,3819.764000,4,1,0.2500,0.5000,2,5847.02,0.306146,0
e1840dcf-33e7-43c7-a60c-28642a108aec,fec6b81b-c723-45e8-a11f-75a4cb6a1381,2026-03-29,125.50,30,21,48718.05,2319.907143,17,13,0.7647,7.1176,17,10694.66,0.219522,0
ea110be1-9a77-48d0-9a03-0f8096d528a4,d74a8b02-d712-4df5-b21a-91890f17146e,2026-03-29,590.77,15,3,9527.08,3175.693333,2,2,1.0000,7.0000,8,4475.50,0.469766,1
0bf44b08-9ef1-4259-bc1a-1d4326c89200,027e2c71-76f6-44d8-b214-51097fc3e605,2026-03-30,2764.19,15,16,35472.10,2217.006250,14,5,0.3571,1.8571,14,2444.00,0.068899,0
0fe8ffc1-0fd5-4a15-9305-3b8bf28e368b,fd071015-793c-469e-bc3a-2f94a20f8f62,2026-03-30,849.45,30,4,19386.58,4846.645000,4,4,1.0000,66.7500,80,0.00,0.000000,1
3d6d9b3c-4f3d-45e2-910d-6e3ae03808f1,027e2c71-76f6-44d8-b214-51097fc3e605,2026-03-30,2387.76,15,16,35472.10,2217.006250,14,5,0.3571,1.8571,14,2444.00,0.068899,1
545fcab7-75e0-45fa-b5b2-dd3d9abf835b,614d73fd-8846-4895-a773-7898e1678216,2026-03-30,2215.14,30,14,34504.25,2464.589286,12,3,0.2500,1.5833,15,5158.17,0.149494,0
5a9caa29-11c5-4ba8-9532-2cdf393dfec4,e9152f33-f58e-4690-a02f-18066572acda,2026-03-30,1246.35,15,15,38942.65,2596.176667,14,9,0.6429,2.5714,10,756.54,0.019427,0
ba461142-93e4-4af0-9a93-bd5e2e1d5d9c,27121f78-6ac9-48b9-bd1d-14e1b17b0217,2026-03-30,1015.92,45,8,19436.41,2429.551250,4,3,0.7500,1.7500,4,12611.90,0.648880,1
c203f1d1-2cde-4103-a254-10a783f386cb,826855e8-3a9a-4032-ad5b-6ca64c822572,2026-03-30,1230.79,30,4,5152.02,1288.005000,3,1,0.3333,2.6667,8,3702.09,0.718571,0
d7d247a7-38b7-4e02-ae9f-509d90ba30d4,31e4bcb5-1a69-45eb-a2c7-5bfa73cdfca1,2026-03-30,1195.82,15,28,52302.69,1867.953214,22,11,0.5000,0.9545,3,8155.07,0.155921,0
ea0020ef-8bd5-4679-9642-938ef1bf8574,b2ef61f5-8a4e-44af-9b72-983eb8729127,2026-03-30,797.69,15,5,5905.02,1181.004000,3,3,1.0000,10.6667,18,2186.33,0.370249,0
fb7b4636-8f91-4fb2-b606-e5ff88d04156,e51c365e-179f-4c2e-92f5-bc4c2fc6282a,2026-03-30,3379.40,30,21,55946.64,2664.125714,16,7,0.4375,1.1250,6,11215.40,0.200466,0
07d9709d-173c-4783-a7e5-41672b3e2046,5d5fa6d8-0ad7-4ade-be35-1c481b16b275,2026-03-31,1692.56,45,13,40348.98,3103.767692,10,8,0.8000,10.4000,18,10326.29,0.255924,1
2f0ac2f9-cbf6-4d85-91af-a13121b0a177,0d5cae3a-3f1a-4ef0-b794-ba9364aaff19,2026-03-31,1150.80,30,5,7497.11,1499.422000,5,1,0.2000,0.4000,2,0.00,0.000000,1
3ec85eec-ff81-4e68-8f26-7948fa1ee98f,73c3d633-4b34-49ad-a380-07fa31442bd6,2026-03-31,2073.14,30,9,17056.71,1895.190000,6,3,0.5000,1.0000,3,5315.66,0.311646,0
73d399cf-f1ac-4807-a8be-3f64341d15ac,1762b46f-b7ef-481c-9e0b-7e6d2033bcf4,2026-03-31,1657.59,15,20,50652.65,2532.632500,15,3,0.2000,0.4000,3,12200.81,0.240872,1
796a4bd7-422f-489b-92ec-5a22bae2f255,1762b46f-b7ef-481c-9e0b-7e6d2033bcf4,2026-03-31,5562.17,15,20,50652.65,2532.632500,15,3,0.2000,0.4000,3,12200.81,0.240872,0
c4547ece-8517-42ff-b689-5206d27e5689,3907704e-d22a-40f9-9591-9c06dfc1b6d2,2026-03-31,4146.07,15,14,32339.06,2309.932857,10,5,0.5000,2.4000,13,11711.76,0.362155,1
d5a3e60c-65f7-4a6e-a1fa-a210561e5101,6d07afb5-e45f-49c8-8fe6-ab313f89ab9c,2026-03-31,5969.41,30,23,70828.47,3079.498696,14,6,0.4286,1.0714,3,26201.57,0.369930,0
1573ef85-55d2-4f23-a868-30a7ce97e151,f5f339bf-3ab5-4a2e-916f-2db044568f67,2026-04-01,1050.05,45,12,52335.48,4361.290000,9,6,0.6667,2.8889,10,22201.72,0.424219,0
2c497428-c81f-4af0-9e1a-4a688f294edd,5a60bb30-d49d-430c-b819-619528fa0373,2026-04-01,3173.44,15,6,14930.84,2488.473333,5,1,0.2000,0.6000,3,480.77,0.032200,0
3d0dff5d-5294-44cd-955e-eda8b671c404,b7d62bbb-f2b2-4bee-ac69-0e320b4b310f,2026-04-01,1004.80,45,23,78233.97,3401.476957,17,7,0.4118,1.8235,8,10579.61,0.135230,0
3ed65cbd-3aaf-4dc5-ac7a-fad6626558b4,86ab916f-9734-41f0-b5c0-9bbc082b3251,2026-04-01,4146.07,30,20,51784.86,2589.243000,18,7,0.3889,1.7222,13,6188.99,0.119514,1
57e4a144-2b24-4c06-aeb9-853d28208626,f201cdf9-cb7c-4b4b-8da0-68bccc439429,2026-04-01,2649.34,15,11,39721.73,3611.066364,11,6,0.5455,3.7273,11,0.00,0.000000,1
6c084eb4-a7db-4b4e-94aa-c3293d454f40,6774c3a7-d951-43fa-9c75-eaca2ced5391,2026-04-01,1591.91,30,13,25677.03,1975.156154,10,6,0.6000,2.0000,10,7366.86,0.286905,0
93711e8d-e0aa-47c9-8054-5a7035f2e993,f8a3ae68-a437-491d-b88b-abad9164379f,2026-04-01,4985.40,45,17,38844.73,2284.984118,13,8,0.6154,3.1538,12,8963.11,0.230742,1
966fde64-3047-4006-829d-82899dde8500,bc2eaeff-d2cb-413b-8716-a7fa6d9507c2,2026-04-01,424.73,15,19,57983.49,3051.762632,14,6,0.4286,1.2857,9,18375.33,0.316906,1
9d96a59d-1b28-4ca2-bc5a-da1bdd0256f7,066b0bf5-5f5a-4c95-a709-b1fc1d059f94,2026-04-01,2381.51,45,19,60801.23,3200.064737,14,4,0.2857,0.5000,3,14356.36,0.236120,0
a1be5c41-c726-48d4-b2fb-942eb0df67e3,6853ff18-9673-4369-b96a-eb7e1eb71169,2026-04-01,3957.74,30,9,23173.56,2574.840000,6,2,0.3333,0.5000,2,6579.28,0.283913,1
a20c409e-f01e-4f31-8bee-6a9bed145c93,db49dbe2-b046-4b0c-8d11-6e496b852270,2026-04-01,2911.04,30,23,72094.62,3134.548696,21,10,0.4762,1.6667,12,9343.51,0.129601,0
c56c5858-a489-4b1e-8d7f-293c0c47dd37,5d5fa6d8-0ad7-4ade-be35-1c481b16b275,2026-04-01,3200.48,45,14,42041.54,3002.967143,10,8,0.8000,10.4000,18,12018.85,0.285880,1
e304f0cd-a12f-4002-9f37-724b1acbbb8f,40abd3f4-34c6-407b-8dfe-8ff445cce235,2026-04-01,2100.11,15,7,15726.09,2246.584286,7,4,0.5714,0.8571,3,0.00,0.000000,0
f3b9f61f-12dc-4658-bc8e-d962bec06774,dbc5aa6b-529c-4c91-8331-7ec33c8503bb,2026-04-01,1849.43,30,22,51358.08,2334.458182,15,9,0.6000,3.4667,17,17095.34,0.332866,0
1209c69d-22ff-41fd-a66d-5af06ca4b116,5772f550-5886-44ab-b618-cc525d22c053,2026-04-02,3385.12,30,15,52192.79,3479.519333,12,5,0.4167,1.7500,8,12553.59,0.240523,1
2a7fdce6-adab-41b2-a589-aef1972ca422,655a8a99-8ea7-4fab-8686-b6e0a9369c3b,2026-04-02,1121.82,45,5,6172.48,1234.496000,4,1,0.2500,0.5000,2,267.38,0.043318,1
30b0f9f5-9496-461f-b88c-467735dab4d0,3d036612-3ff3-451e-a921-d163e55b4c30,2026-04-02,754.40,30,12,29535.67,2461.305833,7,5,0.7143,3.0000,9,11282.80,0.382006,1
321bd1bc-5f65-4330-ac5b-675f886f1158,86ab916f-9734-41f0-b5c0-9bbc082b3251,2026-04-02,106.95,30,21,55930.93,2663.377619,18,7,0.3889,1.7222,13,10335.06,0.184783,0
513e020d-52f3-4d12-8137-a5b687ff158b,d3ceae53-5516-4152-a247-d101c45a4912,2026-04-02,4231.25,30,19,57643.77,3033.882632,13,6,0.4615,2.0769,14,10639.69,0.184577,0
580a41af-ec9b-47d4-a211-c02309d1a246,0e83066e-d18a-4165-9e12-fbcb5945fbb6,2026-04-02,415.22,30,4,15934.02,3983.505000,4,3,0.7500,5.5000,16,0.00,0.000000,1
85ae5631-aeae-44d6-ac92-8308abc59492,d1907207-2f2d-4486-87e7-7b004fd2fab1,2026-04-02,2006.11,30,11,32329.18,2939.016364,10,5,0.5000,1.9000,13,2215.14,0.068518,0
ab377c09-9295-49b4-9bd8-7c5e14d7b072,121edff8-dfb7-4758-a559-7855430672f3,2026-04-02,2381.51,45,9,24124.52,2680.502222,7,2,0.2857,1.0000,6,3816.23,0.158189,0
afd39a45-6af9-43e0-acb8-5bfcbe76fba6,5a2542d2-8392-4c53-bbf2-259d1b7de2ba,2026-04-02,2241.58,30,13,32591.01,2507.000769,11,10,0.9091,11.6364,20,3854.01,0.118254,1
e36c38ed-3280-4db8-8eb9-53fca606c18e,44e3f736-1e1f-478d-876f-f18c9b474ec7,2026-04-02,1902.05,45,4,10733.44,2683.360000,4,2,0.5000,1.0000,2,0.00,0.000000,1
19c56573-8279-46f2-9ccd-5d2f6ce63e97,e9afc85a-81e7-4518-a4f2-c3650f0c8105,2026-04-03,797.69,45,6,14810.25,2468.375000,6,4,0.6667,7.0000,13,0.00,0.000000,1
268f65f9-8f77-47d4-a52c-f1b7128903cc,c4abe8e7-17ea-4981-acd2-0e286bf0080b,2026-04-03,213.91,30,4,7602.47,1900.617500,2,2,1.0000,11.0000,17,3464.28,0.455678,0
c6ca94a1-15c9-4804-a298-dda8cae3bade,b5597188-1096-40f6-bb3c-7eae56f49e62,2026-04-03,2165.56,30,4,6114.87,1528.717500,3,3,1.0000,5.6667,12,760.46,0.124362,0
dab16a6e-d6ee-4ddc-9ab9-064de024d09a,b0a7ac9f-5dc3-43d5-bf2f-2201d6f385b2,2026-04-03,3173.44,15,5,3485.08,697.016000,4,1,0.2500,0.2500,1,331.95,0.095249,1
ec9ddce0-9b0e-48cc-9b0a-f05285c666f7,e223a14f-9752-4dfc-b998-04cfae44ca10,2026-04-03,1052.45,30,25,72548.00,2901.920000,21,7,0.3333,0.6667,3,6090.20,0.083947,0
ef348271-9a9f-4e66-ab45-56031c227011,272c06ef-927d-483b-b924-350e81ee8dfe,2026-04-03,602.88,30,5,10668.31,2133.662000,3,1,0.3333,1.0000,3,4459.38,0.418002,0
16044e12-0806-4e0e-8c9d-c37cf38eb6c1,1c22a6c4-3de0-4f96-b62a-3a6edbbaf732,2026-04-04,970.35,30,21,42270.07,2012.860476,14,7,0.5000,1.6429,9,9257.72,0.219014,0
2bcb6ffe-b1e6-4055-8a98-a80f692f3575,27415395-c694-42d4-a2b5-04dfddb578f5,2026-04-04,4121.63,15,8,24611.12,3076.390000,7,1,0.1429,0.4286,3,925.52,0.037606,0
30434dcb-9376-415c-95e6-7aaa33b24429,d16a7971-11f5-4284-b4c4-063a25f1f892,2026-04-04,1107.57,45,5,17178.64,3435.728000,3,2,0.6667,6.6667,10,9718.98,0.565760,0
427e640f-aa97-4e54-a50b-d0df19b77bb0,97c341f3-26c0-47ee-949b-ec2349709b82,2026-04-04,829.87,30,12,39370.70,3280.891667,9,5,0.5556,2.0000,9,8403.32,0.213441,1
84222035-d705-4e98-aa81-16b987ee374f,db49dbe2-b046-4b0c-8d11-6e496b852270,2026-04-04,1230.79,30,24,75005.66,3125.235833,21,10,0.4762,1.6667,12,12254.55,0.163382,0
9f1010ce-dbeb-469e-8aac-6708ff32cd9f,6e04016c-b9dc-4b48-ac9b-8e9eff3d52ef,2026-04-04,2649.34,15,6,12469.46,2078.243333,5,1,0.2000,0.4000,2,3834.22,0.307489,0
a02b9af8-a1f8-4ee1-adc5-e714959985fc,d3f21a44-d6a7-4183-9e3d-ca1e2f665ada,2026-04-04,1120.79,30,9,25694.03,2854.892222,7,6,0.8571,5.5714,18,2681.50,0.104363,1
a8e16688-d19a-44e1-bc54-4439390e52cd,e818ffda-4cf8-4137-92f5-f73ec2be9aac,2026-04-04,1105.06,30,5,15478.20,3095.640000,4,1,0.2500,0.5000,2,1175.83,0.075967,1
adf12ee4-e30a-4fef-a794-bd692ce51b0e,a20f7825-b033-409c-9c97-b044b61bae47,2026-04-04,2097.69,30,8,33948.66,4243.582500,5,4,0.8000,6.8000,13,10298.50,0.303355,1
c8517f84-ffa2-4d7f-9a76-8a84acaf7fdc,532c0027-0a87-4b04-8cd6-433b7eda14e0,2026-04-04,1230.79,30,3,6024.28,2008.093333,2,0,0.0000,0.0000,0,472.46,0.078426,1
cd215b65-8b03-4622-a2c6-0bb00ae65118,8aa74529-c59e-4daf-9b98-321ebfce7306,2026-04-04,319.57,30,15,19527.70,1301.846667,12,8,0.6667,1.4167,3,2049.13,0.104935,1
d8547986-8818-40d5-94ab-b2c6e3dc5e6a,d3291ebb-1cad-4398-80c7-e968f0d6b8e3,2026-04-04,2105.72,45,5,9822.84,1964.568000,3,0,0.0000,0.0000,0,3118.98,0.317523,1
0f7f3fef-2d68-4bf3-bee7-e7df8691e7d3,c7af740f-1d7a-4321-9d3e-ec9107c05254,2026-04-05,3337.30,15,10,19642.43,1964.243000,8,4,0.5000,0.8750,3,436.56,0.022225,1
37de28f9-f761-4e32-b853-37b7cfdda1a7,3cc7350b-72e0-4990-a2f4-79f0e19bfe72,2026-04-05,2803.09,15,23,76094.26,3308.446087,18,7,0.3889,0.8333,3,8249.68,0.108414,0
4d9543aa-c0ef-418f-b335-62be9b522458,8f10e8bf-c7a4-4bd6-93ce-4de936a938ef,2026-04-05,2266.40,45,17,44457.60,2615.152941,14,9,0.6429,1.4286,4,4211.15,0.094723,1
56347e9e-e786-4eca-bcb2-a90a703f4d81,8d6d15dd-e8cf-4c06-aacd-238932fec46c,2026-04-05,1105.06,45,4,8268.77,2067.192500,4,1,0.2500,3.5000,14,0.00,0.000000,1
7a05dfe1-b244-4152-bf2c-4ac8a6f823c0,5173c47a-a140-490b-afc1-af84817a605e,2026-04-05,4559.90,30,5,13266.16,2653.232000,5,3,0.6000,1.4000,3,0.00,0.000000,1
9688e5ef-e102-4257-9a3f-accefd6a2a1e,54739a70-fe3b-45f0-b6da-5eb96fddebc6,2026-04-05,250.99,30,22,58665.21,2666.600455,18,7,0.3889,0.7778,3,13231.23,0.225538,1
9c8da856-14ff-4a69-83fa-613995e7fd22,45b35575-e766-4b46-861c-910c86237813,2026-04-05,5032.81,15,18,42394.06,2355.225556,13,5,0.3846,2.6923,17,15243.21,0.359560,0
a794cffe-ef2e-44ae-9e5d-4ab85c15cd6c,a137cf0f-749a-402e-9913-60a7f4a47b92,2026-04-05,4947.18,30,15,36439.69,2429.312667,13,6,0.4615,1.6923,9,10509.00,0.288394,0
b13c3463-367f-426c-bccf-7ad0c18612bf,27121f78-6ac9-48b9-bd1d-14e1b17b0217,2026-04-05,1120.79,45,9,20452.33,2272.481111,4,3,0.7500,1.7500,4,13627.82,0.666321,0
b4a79a56-7bc3-4174-aaba-309bb1f3c410,f5f339bf-3ab5-4a2e-916f-2db044568f67,2026-04-05,267.38,45,13,53385.53,4106.579231,9,6,0.6667,2.8889,10,23251.77,0.435544,0
b808c64d-4d9e-4fc6-b202-a77ae4e04083,824fbcc7-5420-4ca2-84b0-15b0b4a2292b,2026-04-05,5969.41,45,5,23837.45,4767.490000,3,0,0.0000,0.0000,0,6224.14,0.261108,1
d3e708e2-9d24-41c0-b69f-37e9f6f4abab,86ab916f-9734-41f0-b5c0-9bbc082b3251,2026-04-05,137.05,30,22,56037.88,2547.176364,18,7,0.3889,1.7222,13,10442.01,0.186338,0
487a2d1a-e4eb-4071-bcbd-5e82c0faa34a,98c0d934-599f-43f0-b624-02fafa9a625d,2026-04-06,989.44,30,8,11700.90,1462.612500,7,2,0.2857,0.4286,2,415.11,0.035477,0
52b5c479-88c1-42b0-9919-9d1afdf97938,13b4e054-f5c9-4aaa-adb2-89ae2ad3a8bb,2026-04-06,376.49,15,6,10492.91,1748.818333,5,3,0.6000,1.6000,4,590.77,0.056302,1
94fb5a82-a0c2-457c-9d90-fe8c74e5d101,e9152f33-f58e-4690-a02f-18066572acda,2026-04-06,2241.58,15,16,40189.00,2511.812500,14,9,0.6429,2.5714,10,2002.89,0.049837,0
b1dc7e16-afcf-47b3-a8c5-1b76c5726b38,e05c9e8f-2852-4c9d-9c2a-756d89ba64a0,2026-04-06,800.12,30,29,79871.77,2754.198966,23,13,0.5652,1.8261,11,8912.95,0.111591,0
c892c3d9-fb1b-4483-a730-18371601590d,e51c365e-179f-4c2e-92f5-bc4c2fc6282a,2026-04-06,4415.57,30,22,59326.04,2696.638182,16,7,0.4375,1.1250,6,14594.80,0.246010,0
f10de2ad-03ea-4861-840f-28e16e3fb6b6,32ab5f7d-2c86-49a3-b8c6-009538e6624d,2026-04-06,434.28,30,12,44895.92,3741.326667,8,4,0.5000,2.8750,16,13235.83,0.294811,0
f6df23f9-6a1f-48ae-8a76-3c59b5d2d0ea,01a1b558-e312-42e2-ae36-718f30634861,2026-04-06,98.58,30,4,14854.56,3713.640000,3,3,1.0000,16.6667,18,2328.23,0.156735,1
fb60525b-5457-4711-b6ae-781c2ce1db56,556c3740-52fd-4022-8755-b92b9fa5342d,2026-04-06,738.47,45,15,37284.76,2485.650667,13,4,0.3077,0.6923,3,4986.06,0.133729,1
fe9670fe-1fc4-43ae-8890-c2d76b099b37,7010920b-f9d5-4e97-9d6a-a57cfe832fad,2026-04-06,139.99,45,17,51893.41,3052.553529,13,4,0.3077,2.2308,13,16397.16,0.315978,0
4535b775-2479-496b-95d7-aaa387eee4cd,ff29a3b3-fb27-44ad-8dcc-9551fb3c7420,2026-04-07,4656.46,45,21,51620.31,2458.110000,17,7,0.4118,2.8824,14,6489.34,0.125713,1
55a4311c-51c1-449a-a625-110aae3b40e5,45b35575-e766-4b46-861c-910c86237813,2026-04-07,6429.47,15,19,47426.87,2496.151053,13,5,0.3846,2.6923,17,20276.02,0.427522,1
6a291b41-887f-4d2f-96d4-331f3ba4cd5c,7dc50afb-0eaa-4b38-8b2f-04eb2c57446e,2026-04-07,3268.48,30,4,7402.59,1850.647500,3,2,0.6667,3.0000,7,3233.74,0.436839,1
71c038da-e276-4753-b9e6-59132294eedc,97a7e174-c5da-4d97-b94b-09d5f4788809,2026-04-07,1136.77,45,10,21117.74,2111.774000,5,1,0.2000,0.4000,2,10205.47,0.483265,1
89b3f1e6-4f2e-4bd2-ad2d-e4881e3fcff3,18f1b310-96f4-4c2e-b99b-5b091b3e0999,2026-04-07,2381.51,45,8,28106.74,3513.342500,5,1,0.2000,3.0000,15,7011.90,0.249474,0
8d2be298-5201-470e-8a92-182a55cf725f,05f197bf-0bdd-44a5-84bb-1878a08666b6,2026-04-07,2241.58,15,20,45586.01,2279.300500,17,7,0.4118,2.0588,13,7006.90,0.153707,1
a3e39627-ba45-4a71-83f0-ff0f98898d2e,98c0d934-599f-43f0-b624-02fafa9a625d,2026-04-07,331.09,30,9,12690.34,1410.037778,7,2,0.2857,0.4286,2,1404.55,0.110679,1
a4f7fcfa-0cca-46cf-b417-343975324f17,953c5953-375c-42a1-89e5-7b370fa868be,2026-04-07,487.43,30,3,3086.71,1028.903333,2,2,1.0000,4.0000,5,250.99,0.081313,1
c25b99bf-8b32-4a2c-a386-29d5ed61d372,d929f86f-98cb-4302-a254-db21f53e0255,2026-04-07,3602.18,30,5,26419.01,5283.802000,5,2,0.4000,4.0000,15,0.00,0.000000,0
ceb3224e-d796-4435-8e53-dbc1cfd2555c,82d60e37-f049-4852-9464-c94b4e5c3244,2026-04-07,5182.59,30,12,21536.78,1794.731667,10,4,0.4000,1.4000,9,1146.84,0.053250,0
05d12c3d-edc7-4aab-b6b5-4a3eea611697,5d5fa6d8-0ad7-4ade-be35-1c481b16b275,2026-04-08,478.61,45,15,45242.02,3016.134667,10,8,0.8000,10.4000,18,15219.33,0.336398,1
12bba353-7451-476f-819a-30af51de13c5,5cda614e-b389-4e48-8b36-5612a91c11ba,2026-04-08,1296.23,15,5,12424.67,2484.934000,5,5,1.0000,4.8000,7,0.00,0.000000,0
483d0d53-2f8a-47c8-81a2-0e208253dd3a,3773055e-a1f8-4fba-8846-a4b4eca5c2b7,2026-04-08,350.82,45,13,28835.67,2218.128462,9,4,0.4444,1.0000,4,6093.62,0.211322,1
66b58be6-fb48-4a85-91eb-4f0a56e05a8a,6cad4c9f-a37c-452d-9e24-b927cd585be0,2026-04-08,159.54,15,4,5558.93,1389.732500,2,2,1.0000,31.5000,46,4709.58,0.847210,1
b3a0c5f7-da42-460f-9b1e-88684c605851,121edff8-dfb7-4758-a559-7855430672f3,2026-04-08,135.85,45,10,26506.03,2650.603000,7,2,0.2857,1.0000,6,6197.74,0.233824,1
cd9146cc-48d8-45c6-82f7-9413e6c4543b,bc69f988-30c6-4bf2-b27f-beafca1b2282,2026-04-08,2161.31,45,7,13237.88,1891.125714,4,1,0.2500,0.2500,1,5046.23,0.381196,1
f1356fa9-2f8a-4277-8268-3a32ea3da7ee,ed2171b1-c19b-4e0d-8734-299f1f997a16,2026-04-08,2288.16,15,9,32282.73,3586.970000,8,7,0.8750,10.5000,23,1394.04,0.043182,1
f6ec8a1c-e8d3-418a-b252-e5d9d2c433fe,8b278dae-e043-44f3-a5f0-8466df24d3a2,2026-04-08,230.16,30,13,30770.28,2366.944615,12,5,0.4167,1.2500,6,3077.93,0.100029,0
366e1d39-b0c8-4f83-af8a-8d42675c9459,13b4e054-f5c9-4aaa-adb2-89ae2ad3a8bb,2026-04-09,597.91,15,7,10869.40,1552.771429,5,3,0.6000,1.6000,4,967.26,0.088989,1
3af044d4-ed80-4f72-8404-d11c70d75a10,a137cf0f-749a-402e-9913-60a7f4a47b92,2026-04-09,3488.88,30,16,41386.87,2586.679375,13,6,0.4615,1.6923,9,15456.18,0.373456,0
5a53b742-7ef5-4d2c-9b12-403dee647ab4,5a60bb30-d49d-430c-b819-619528fa0373,2026-04-09,1902.05,15,7,18104.28,2586.325714,5,1,0.2000,0.6000,3,3654.21,0.201842,0
75730516-976f-4d79-83b5-05cc906d48ae,28e3eb2f-4e60-491c-8ecf-9260a4a4ced4,2026-04-09,738.47,45,21,80756.33,3845.539524,17,7,0.4118,1.6471,11,7353.43,0.091057,1
787792cd-0795-4d24-8ce5-befa4f7a8feb,0c9d8d71-baa9-4ddf-936f-0c9137dc6dc6,2026-04-09,2833.01,30,3,9493.03,3164.343333,2,2,1.0000,31.0000,44,138.37,0.014576,1
81a3cee9-46d9-41dd-988f-5c2b42219606,48871682-8627-402c-b359-46e536c8c5f8,2026-04-09,1655.43,45,8,24161.22,3020.152500,6,1,0.1667,0.5000,3,6368.96,0.263603,1
891a18f4-f526-4b91-96e9-7e3f979c9b38,a6818a6e-0465-4009-81b6-822245dae013,2026-04-09,456.28,30,9,15098.43,1677.603333,7,4,0.5714,1.1429,3,1465.15,0.097040,0
93a34d74-8026-4e97-b001-c2ae88d7ec27,33879d3b-ca28-410e-9d37-7a429d1c33aa,2026-04-09,2133.60,30,6,5740.64,956.773333,5,1,0.2000,0.6000,3,2539.79,0.442423,0
afe2b420-8216-4828-8bd6-9d4836c94c55,066b0bf5-5f5a-4c95-a709-b1fc1d059f94,2026-04-09,2076.11,45,20,63182.74,3159.137000,14,4,0.2857,0.5000,3,16737.87,0.264912,0
b353c73e-b23a-48d5-be69-3a253f0bcfbe,7dc50afb-0eaa-4b38-8b2f-04eb2c57446e,2026-04-09,2380.19,30,5,10671.07,2134.214000,3,2,0.6667,3.0000,7,6502.22,0.609332,1
7f920d23-2fdc-4155-bfd1-b9f66688a3d6,28e3eb2f-4e60-491c-8ecf-9260a4a4ced4,2026-04-10,3419.92,45,22,81494.80,3704.309091,17,7,0.4118,1.6471,11,8091.90,0.099293,1
ba2448e5-5670-48cf-bcfc-25badc7c4828,33ee3ff1-854d-447c-b205-31e8f43b9b20,2026-04-10,1846.18,30,3,11016.36,3672.120000,3,1,0.3333,5.3333,16,0.00,0.000000,0
fe6314db-8f4a-462d-87db-875096f20a27,bc2eaeff-d2cb-413b-8716-a7fa6d9507c2,2026-04-10,1600.20,15,20,58408.22,2920.411000,15,7,0.4667,2.0000,12,18022.33,0.308558,0
01d33a12-491b-4734-a86d-ba6dd40389c3,46ced229-ee4c-418c-badd-2f91fc1ab760,2026-04-11,1978.87,30,5,28259.25,5651.850000,4,3,0.7500,3.7500,13,9271.88,0.328101,0
119190c4-21fa-4d83-a2cf-3fd6c326682c,ac9ed0cc-36d5-43e5-8b0f-11a8213d3173,2026-04-11,5537.86,15,3,7563.10,2521.033333,2,2,1.0000,49.0000,60,1775.24,0.234724,1
189da524-247e-447e-a1f7-4973b90062a8,e05c9e8f-2852-4c9d-9c2a-756d89ba64a0,2026-04-11,3281.59,30,30,80671.89,2689.063000,24,13,0.5417,1.7500,11,8659.32,0.107340,1
1d576869-a2f7-43cb-b7cd-cbfc5b49626e,a6818a6e-0465-4009-81b6-822245dae013,2026-04-11,1150.86,30,10,15554.71,1555.471000,7,4,0.5714,1.1429,3,1921.43,0.123527,0
2f8d402c-3925-4d6b-8109-8dd3e1b4359c,bc69f988-30c6-4bf2-b27f-beafca1b2282,2026-04-11,3113.75,45,8,15399.19,1924.898750,4,1,0.2500,0.2500,1,7207.54,0.468047,1
52a8c6e2-5efe-487b-8b22-81b366ef61d3,9a48cdff-42f6-4b91-80ce-e531f3622d2b,2026-04-11,3173.44,45,8,16388.09,2048.511250,5,1,0.2000,2.2000,11,7794.07,0.475594,1
538362b1-1b18-4b1e-8803-e0a214e6312b,c9b37375-0f54-4110-983e-7b7635c1257f,2026-04-11,299.75,45,7,13184.33,1883.475714,6,4,0.6667,3.6667,15,1523.88,0.115583,0
6a845f44-0f65-46da-88ab-0bdf8056dd95,2576b737-f022-4e9c-8640-a88226cea0ff,2026-04-11,1634.24,30,17,48547.23,2855.719412,15,5,0.3333,0.6000,3,2612.48,0.053813,1
7395f711-00a3-4abe-8d7e-e2b814f540a4,b4a140af-8af0-4074-8c4e-f1e587fff314,2026-04-11,849.45,45,18,58446.94,3247.052222,12,5,0.4167,1.3333,6,19370.93,0.331428,0
7a44522d-cc6a-48e6-95bc-e88a64633988,4f4f2ef2-6350-45b8-af19-6bd90adfc454,2026-04-11,3071.57,15,20,61314.65,3065.732500,18,5,0.2778,1.7778,17,2092.78,0.034132,1
8aa88204-2377-4039-b5cd-724d81fa1a51,ff29a3b3-fb27-44ad-8dcc-9551fb3c7420,2026-04-11,552.53,45,22,56276.77,2558.035000,17,7,0.4118,2.8824,14,11145.80,0.198053,0
8ecde321-5e9e-454c-8159-41b77e75b5bd,76c7e6e2-ab70-4430-9c0e-611b3e8e3f7d,2026-04-11,1864.86,15,5,23579.21,4715.842000,5,2,0.4000,1.2000,3,0.00,0.000000,0
9d08b4f1-22d8-48e7-af7e-6222b09a7393,3b80de3a-118c-4393-9d4e-1994031e22b9,2026-04-11,844.85,15,8,15686.20,1960.775000,7,3,0.4286,0.8571,3,4231.25,0.269743,0
aded75d5-2a40-4fc7-9884-d36197540bfc,456196a3-f5fd-4769-85c9-fe12f73de5b9,2026-04-11,3097.19,15,17,38059.49,2238.793529,14,4,0.2857,1.1429,10,6979.13,0.183374,1
c2191a14-0506-4438-b26c-aa1b999e96c8,45b35575-e766-4b46-861c-910c86237813,2026-04-11,1136.77,15,20,53856.34,2692.817000,13,5,0.3846,2.6923,17,26705.49,0.495865,1
c3e143c9-04f3-42a1-9b35-7f602b70b316,f17f8b99-61d1-4e7b-a6d3-4d0334235cc5,2026-04-11,4146.07,30,5,29362.06,5872.412000,2,2,1.0000,9.5000,10,15014.80,0.511367,1
d143c803-cdcc-4fee-85ce-0e919407d434,744605d3-9330-457d-9c53-8b4b59950976,2026-04-11,415.11,30,18,60263.79,3347.988333,16,6,0.3750,1.0000,7,5100.59,0.084638,0
e6e9b4eb-c8f5-45d2-95f9-6c13d2bc0758,027e2c71-76f6-44d8-b214-51097fc3e605,2026-04-11,1068.39,15,18,40624.05,2256.891667,16,6,0.3750,2.1875,14,5151.95,0.126820,0
0af56b39-bcf5-409d-ba1a-13da7f04550e,e51c365e-179f-4c2e-92f5-bc4c2fc6282a,2026-04-12,1030.41,30,23,63741.61,2771.374348,16,7,0.4375,1.1250,6,19010.37,0.298241,0
1f36d5ed-8ff9-4336-944b-b2d4cfacd1fc,911f8116-248a-4e3d-afb4-62a632746852,2026-04-12,415.11,30,26,52118.46,2004.556154,21,7,0.3333,1.0952,10,8022.60,0.153930,0
3bd86b4c-9339-4d1c-85bc-60c86316d29b,3e80243e-ed4d-46b5-a4ec-9aa1107c32da,2026-04-12,2586.99,30,7,18684.23,2669.175714,7,3,0.4286,2.8571,10,0.00,0.000000,0
558632e6-2199-4bf4-8ff2-5344856cd2df,31e4bcb5-1a69-45eb-a2c7-5bfa73cdfca1,2026-04-12,4101.98,15,29,53498.51,1844.776207,25,11,0.4400,0.8400,3,4979.43,0.093076,1
679806e9-b0d0-4d04-9c42-b844435462b9,fffb4a19-e27c-48c5-9b1d-d72cf9f00485,2026-04-12,827.97,15,4,10863.62,2715.905000,4,3,0.7500,9.7500,21,0.00,0.000000,1
a2329885-f510-428e-b9be-e288a939c826,86208847-cfb3-449d-a634-075a2b7c33cc,2026-04-12,5537.86,45,7,13119.40,1874.200000,5,5,1.0000,6.6000,14,3565.05,0.271739,1
be88c45d-389f-4114-8dca-5f83326dfe6d,e630e7cb-c24b-49e2-af83-702facb0c4b9,2026-04-12,2797.29,15,7,22059.00,3151.285714,6,1,0.1667,0.5000,3,1573.27,0.071321,0
ef38246e-f469-4a79-a5e2-3e81368788c1,82241b4b-7959-4079-9369-bbfcffcbc453,2026-04-12,2123.63,30,17,49068.10,2886.358824,12,2,0.1667,1.1667,11,17598.78,0.358660,1
2c884362-3bcb-4ab5-9d30-e8441f0694da,8daa11dd-d410-44bf-a0de-622a9ca7c78d,2026-04-13,1057.81,15,20,63051.70,3152.585000,17,8,0.4706,1.5294,8,3005.57,0.047668,0
4aa2aaf1-7ff6-43a6-8926-ec244db2668c,8f10e8bf-c7a4-4bd6-93ce-4de936a938ef,2026-04-13,4947.18,45,18,46724.00,2595.777778,15,9,0.6000,1.3333,4,4361.93,0.093355,1
6e1cf346-d05e-453f-852b-4410b4a0a2de,e400fe49-64f8-4e45-8877-6c5fd0a7747d,2026-04-13,1019.24,15,12,33590.84,2799.236667,10,4,0.4000,0.7000,3,7288.11,0.216967,0
8c8cf29e-78ab-4990-9bc3-41627868cf20,06771e16-c89d-4440-9d23-12b982301e00,2026-04-13,2266.40,45,6,24985.15,4164.191667,4,3,0.7500,4.0000,6,5680.40,0.227351,1
a615468d-955e-468e-8fe4-558649e1750e,f201cdf9-cb7c-4b4b-8da0-68bccc439429,2026-04-13,864.15,15,12,42371.07,3530.922500,11,6,0.5455,3.7273,11,2649.34,0.062527,0
b4f32a78-4485-440d-84c7-064e9f305102,d6e6f2c0-9d75-46fe-a6d0-19f4998b8aa0,2026-04-13,663.89,30,6,11844.35,1974.058333,5,2,0.4000,2.0000,7,628.52,0.053065,1
b7dc5b6a-dc4b-442c-941b-ae53a65f7ed9,1b167ea1-66cf-416e-82fc-b6448dbddf75,2026-04-13,1766.23,15,6,17898.80,2983.133333,5,1,0.2000,0.4000,2,2266.40,0.126623,0
c8c2d6de-aceb-43d0-ad6c-548402d95e04,6774c3a7-d951-43fa-9c75-eaca2ced5391,2026-04-13,250.99,30,14,27268.94,1947.781429,11,7,0.6364,2.0909,10,8888.78,0.325967,0
de967103-ee03-4a57-8961-64f04852d6ea,13b4e054-f5c9-4aaa-adb2-89ae2ad3a8bb,2026-04-13,2325.92,15,8,11467.31,1433.413750,5,3,0.6000,1.6000,4,1565.17,0.136490,0
25f9e55a-9175-40f9-a230-e3b47848c819,3e80243e-ed4d-46b5-a4ec-9aa1107c32da,2026-04-14,3739.05,30,8,21271.22,2658.902500,7,3,0.4286,2.8571,10,2586.99,0.121619,0
3ed8b8fa-1e2a-42be-87bf-54a8d4a74037,edf4822d-49a2-4ae7-95c1-975b85069210,2026-04-14,1851.05,30,4,5359.54,1339.885000,4,1,0.2500,2.2500,9,0.00,0.000000,1
53df05a6-e9f0-467f-b6c8-9a10e6b6dfaa,a9a14d19-86ba-40be-883c-0be4db2e7555,2026-04-14,646.75,15,12,35158.14,2929.845000,12,3,0.2500,1.0833,10,0.00,0.000000,1
69bb12f7-b78d-41b6-88cd-c3f63424754f,0b94772b-0571-4308-92cc-ac6baf2ac02b,2026-04-14,1036.52,45,10,35934.37,3593.437000,7,0,0.0000,0.0000,0,8375.16,0.233068,1
6a479b76-48b2-4782-9107-4cbdd3bdf079,ec0b1685-64bd-41e0-8aa1-e25e3abe480b,2026-04-14,5032.81,45,8,24823.44,3102.930000,8,4,0.5000,2.7500,16,0.00,0.000000,1
bbf18d3f-2baa-409c-b917-b0659dd0eadf,83fe13f3-1026-46b2-9abd-d7277ea2f653,2026-04-14,3150.16,30,3,5850.62,1950.206667,2,2,1.0000,55.0000,59,1296.23,0.221554,1
c030baa4-1cd9-4302-847d-acc7dd80420b,34f539cb-584e-4259-ac9f-44e6d5484ebf,2026-04-14,1817.93,15,22,56346.68,2561.212727,19,8,0.4211,1.8421,14,6741.64,0.119646,1
dddc7f6e-5905-483f-90a1-eb33dfad4794,c7e971e5-62a6-49c9-a239-e17ea1f253a5,2026-04-14,2667.00,45,9,24428.81,2714.312222,8,8,1.0000,10.0000,20,5289.06,0.216509,1
f4c6a07a-4cb9-4497-a656-4a7823ac9006,aa210298-0ad5-4fe1-9a49-04d9c35709c6,2026-04-14,138.37,15,5,5528.82,1105.764000,4,4,1.0000,11.0000,24,988.69,0.178825,1
15375acc-ddb3-4727-bc62-3018d0ddc311,119de36d-41b2-4136-a3a2-0b81cfcdf6f9,2026-04-15,2073.14,30,7,25009.04,3572.720000,6,2,0.3333,0.8333,3,191.74,0.007667,1
1f86104a-0538-4893-93dd-77eb2121a7c5,83d0d0b7-7f58-49ea-8dc3-fee8c20efb50,2026-04-15,952.60,45,3,16740.35,5580.116667,2,2,1.0000,18.5000,24,5268.74,0.314733,1
9322e0ed-480f-4e91-b7fe-c835f3631e5f,ce1c7e34-50d9-4f3b-ab54-cbb7cab9fa18,2026-04-15,1053.75,30,12,30714.95,2559.579167,9,5,0.5556,2.8889,12,3893.28,0.126755,0
99c028bc-345a-4872-9121-4ef9250e7e25,c29cb1e1-b422-45f3-829a-82a9e80f8c8f,2026-04-15,1902.05,30,5,15081.83,3016.366000,5,3,0.6000,1.8000,3,0.00,0.000000,0
eb8010e8-4118-4210-80ca-90c643a0bd9a,edf4822d-49a2-4ae7-95c1-975b85069210,2026-04-15,2107.50,30,5,7210.59,1442.118000,4,1,0.2500,2.2500,9,1851.05,0.256713,0
fc2e9614-2ebc-4859-8f9d-dfe55402f51c,910bd8ae-df74-4feb-9e1a-4e8966115c12,2026-04-15,883.11,30,9,28100.07,3122.230000,2,0,0.0000,0.0000,0,25390.82,0.903586,1
0401dba5-112c-46c2-92ec-277d4a5fecc4,0b94772b-0571-4308-92cc-ac6baf2ac02b,2026-04-16,1754.08,45,11,36970.89,3360.990000,7,0,0.0000,0.0000,0,9411.68,0.254570,0
3280052f-31dd-40a6-a255-d22cdd083724,b247c235-943b-4c46-91c2-168e86d26161,2026-04-16,137.05,45,18,32644.66,1813.592222,16,6,0.3750,0.6250,2,4932.88,0.151108,1
569f860a-5fa5-4cec-a04a-a63722cb1a44,e9152f33-f58e-4690-a02f-18066572acda,2026-04-16,5820.57,15,17,42430.58,2495.916471,15,9,0.6000,2.4000,10,2998.12,0.070659,0
7e24c7cd-fe1b-4e2a-b11b-f46163833ddf,69b42ebe-0ce1-4f78-b8cd-1bb12a098250,2026-04-16,5262.39,15,3,4359.99,1453.330000,3,2,0.6667,7.0000,18,0.00,0.000000,0
7e760232-b89c-4763-9016-e28554d395b1,d16a7971-11f5-4284-b4c4-063a25f1f892,2026-04-16,1065.14,45,6,18286.21,3047.701667,3,2,0.6667,6.6667,10,10826.55,0.592061,1
a55315a7-eef0-4d85-95df-ac79124d5951,7b3011de-1fd5-49d7-8cd0-565a3af5b5da,2026-04-16,2100.11,30,18,30541.34,1696.741111,15,9,0.6000,1.8667,9,6414.02,0.210011,0
a7a3bc9b-9267-4a6d-81fc-c71327ff5879,b247c235-943b-4c46-91c2-168e86d26161,2026-04-16,646.28,45,18,32644.66,1813.592222,16,6,0.3750,0.6250,2,4932.88,0.151108,0
d3ab1fe9-8eff-4b76-8dab-934cc12c2b70,229edd85-4113-4b2a-be5b-1cc986fd5173,2026-04-16,5879.16,30,18,48165.65,2675.869444,11,5,0.4545,2.0000,9,23998.21,0.498243,1
49dd032d-5362-4623-8d43-f36a65740abd,f5f339bf-3ab5-4a2e-916f-2db044568f67,2026-04-17,571.37,45,14,53652.91,3832.350714,9,6,0.6667,2.8889,10,23519.15,0.438357,1
7722f1b7-09d0-4c11-8e7a-03ccf215a04f,34f539cb-584e-4259-ac9f-44e6d5484ebf,2026-04-17,685.23,15,23,58164.61,2528.896087,19,8,0.4211,1.8421,14,8559.57,0.147161,0
838ba378-cd6a-4845-9f3d-d36542edf954,80425ba2-13bc-407f-9a1c-ff4f30480010,2026-04-17,230.16,30,13,33780.90,2598.530769,11,2,0.1818,0.3636,3,2321.68,0.068728,0
880c6457-798b-4155-af21-3509d0722a1a,e51c365e-179f-4c2e-92f5-bc4c2fc6282a,2026-04-17,4415.57,30,24,64772.02,2698.834167,16,7,0.4375,1.1250,6,20040.78,0.309405,0
9273f9ba-1531-4e20-8739-4364396348c3,532c0027-0a87-4b04-8cd6-433b7eda14e0,2026-04-17,295.39,30,4,7255.07,1813.767500,2,0,0.0000,0.0000,0,1703.25,0.234767,1
950929d7-0290-4d1a-941c-f630fbea1a86,a137cf0f-749a-402e-9913-60a7f4a47b92,2026-04-17,1041.26,30,17,44875.75,2639.750000,14,7,0.5000,1.7143,9,15206.01,0.338847,1
9af2aa85-fb9a-42f4-8354-2d356bc5ddc1,aa210298-0ad5-4fe1-9a49-04d9c35709c6,2026-04-17,2492.70,15,6,5667.19,944.531667,4,4,1.0000,11.0000,24,1127.06,0.198875,1
ab1c8c31-6624-493b-81f6-4999d115e58d,db49dbe2-b046-4b0c-8d11-6e496b852270,2026-04-17,597.91,30,25,76236.45,3049.458000,21,10,0.4762,1.6667,12,13485.34,0.176888,1
b845ca46-ae79-4bb8-9853-a1630983097c,4ed5562c-399a-4f63-8123-7496d2617ad8,2026-04-17,2060.81,15,9,22510.06,2501.117778,7,6,0.8571,9.0000,21,2658.25,0.118092,1
c5141eb2-ad39-4d0d-861f-eb9e7f6171e6,8f10e8bf-c7a4-4bd6-93ce-4de936a938ef,2026-04-17,497.92,45,19,51671.18,2719.535789,16,10,0.6250,1.3125,4,7356.42,0.142370,1
d8fe2c9e-fb1a-43c9-a2ed-75e92d39196e,0b94772b-0571-4308-92cc-ac6baf2ac02b,2026-04-17,1175.83,45,12,38724.97,3227.080833,7,0,0.0000,0.0000,0,11165.76,0.288335,0
da312654-808f-40d0-af55-ef95b8ca70eb,f8a3ae68-a437-491d-b88b-abad9164379f,2026-04-17,981.15,45,18,43830.13,2435.007222,15,10,0.6667,2.9333,12,9972.53,0.227527,1
305e52d1-094c-4792-908a-4fcd38899040,e400fe49-64f8-4e45-8877-6c5fd0a7747d,2026-04-18,478.61,15,13,34610.08,2662.313846,10,4,0.4000,0.7000,3,8307.35,0.240027,1
4e5b0b5c-0dd3-4b44-81d7-f6bc3e1df759,80425ba2-13bc-407f-9a1c-ff4f30480010,2026-04-18,4449.73,30,14,34011.06,2429.361429,11,2,0.1818,0.3636,3,2551.84,0.075030,0
53b2aae3-4b02-4263-9321-d7a492cff624,66aa9f2d-de6b-4def-8269-b6d0177dbf9a,2026-04-18,2380.19,30,22,73716.73,3350.760455,19,8,0.4211,1.2105,8,11316.47,0.153513,0
de7e0ef0-b22e-4b8a-b4b2-ab86b3ef94f8,a137cf0f-749a-402e-9913-60a7f4a47b92,2026-04-18,1698.90,30,18,45917.01,2550.945000,14,7,0.5000,1.7143,9,16247.27,0.353840,1
f13db402-0a10-4456-8467-f521c643d12f,454e54ed-b5e4-4096-9693-090f3ddaa42e,2026-04-18,2539.79,30,8,24327.86,3040.982500,7,2,0.2857,0.7143,3,817.12,0.033588,1
23cdcb2e-af1c-4170-a9a2-e7c7f4cd1972,32ab5f7d-2c86-49a3-b8c6-009538e6624d,2026-04-19,299.75,30,13,45330.20,3486.938462,8,4,0.5000,2.8750,16,13670.11,0.301567,0
50e6711c-3996-4553-8963-a3a27e42bdcd,98156cab-3a92-4dfa-9d5a-4e1528c73b35,2026-04-19,1858.31,45,3,11443.82,3814.606667,3,3,1.0000,6.6667,13,0.00,0.000000,1
5766f7cd-f8f7-4949-a3e6-388373d3ad1e,b4a140af-8af0-4074-8c4e-f1e587fff314,2026-04-19,868.56,45,19,59296.39,3120.862632,13,5,0.3846,1.2308,6,18484.94,0.311738,0
5c4a3698-3c72-4b2b-ad10-74517515c7d0,6853ff18-9673-4369-b96a-eb7e1eb71169,2026-04-19,1660.89,30,10,27131.30,2713.130000,6,2,0.3333,0.5000,2,10537.02,0.388371,1
64000a10-31d6-432b-9410-0b208a6624df,fdbf5f6b-5e04-401e-b01c-dadaea29b6bf,2026-04-19,827.97,15,4,4331.28,1082.820000,4,3,0.7500,9.0000,14,0.00,0.000000,1
b1751328-5208-4d72-866a-1dcb5abeba57,e9152f33-f58e-4690-a02f-18066572acda,2026-04-19,883.11,15,18,48251.15,2680.619444,16,9,0.5625,2.2500,10,6577.11,0.136310,1
b58ceb54-ab24-42d2-89ab-c47770df1f0c,b067038f-9577-43c4-a072-0376499a6f51,2026-04-19,1349.88,15,6,19235.33,3205.888333,5,2,0.4000,0.4000,1,5293.97,0.275221,0
cf7b114c-a98e-4455-8aab-6be0ae179207,ec0b1685-64bd-41e0-8aa1-e25e3abe480b,2026-04-19,3702.09,45,9,29856.25,3317.361111,8,4,0.5000,2.7500,16,5032.81,0.168568,0
e4cfac08-de62-4be0-b1b8-55fd4dca2311,f5905fb3-1b37-4afd-80b2-3e6bb136b5b1,2026-04-19,3804.11,15,5,20720.06,4144.012000,4,1,0.2500,0.7500,3,3152.68,0.152156,1
fa0b0279-5b71-4369-b499-bd98496ac5eb,6fb7d847-f44b-41dc-a325-7b26c61cbc96,2026-04-19,3057.71,45,20,80504.21,4025.210500,17,4,0.2353,1.1765,10,10946.56,0.135975,1
fc82318a-a157-4916-bbbe-a860c3903c16,bd918df4-d5fc-4b8a-9889-b0f92e0c438b,2026-04-19,191.74,30,5,5329.75,1065.950000,4,1,0.2500,0.2500,1,415.11,0.077885,1
306898d1-3456-414d-b55f-e24eb478ed5c,81aa5e22-d678-428b-b005-9b81178d3a85,2026-04-20,1692.56,30,3,7913.03,2637.676667,3,0,0.0000,0.0000,0,0.00,0.000000,0
442b8ca4-c6c6-44ac-8a33-1147251ea284,b4dd90f1-04a6-4d42-ac0a-2702bbc8d0db,2026-04-20,1817.93,15,3,10952.57,3650.856667,2,2,1.0000,18.0000,18,6231.75,0.568976,1
50831b45-d37a-4d60-b43f-75d9c141e6b8,c29cb1e1-b422-45f3-829a-82a9e80f8c8f,2026-04-20,4851.74,30,6,16983.88,2830.646667,5,3,0.6000,1.8000,3,1902.05,0.111991,0
65231d77-7a55-4fab-855e-87f3f3c6ac06,4db8450b-3473-4e34-abb8-61b270b04333,2026-04-20,1775.24,30,4,8443.83,2110.957500,4,2,0.5000,1.7500,4,0.00,0.000000,0
8e8c6cfe-a759-4641-9539-723aa100bee0,b2c24112-6ed5-433e-ae6e-c541f21defe5,2026-04-20,5268.74,30,3,7564.74,2521.580000,2,2,1.0000,18.5000,21,2833.43,0.374557,1
8f745e00-ef25-42e8-9c08-f1528cca27b5,575ab059-021e-48cf-a1f6-39e5a9719349,2026-04-20,279.97,15,3,7195.08,2398.360000,2,0,0.0000,0.0000,0,152.09,0.021138,1
a90d2141-7479-4eb2-b14c-2710e66294f1,debb1669-0087-4b21-a027-8766438b09f1,2026-04-20,106.95,30,7,23211.36,3315.908571,5,5,1.0000,13.4000,23,4318.80,0.186064,0
bbd602f2-889e-4ab1-b692-ded5edbcde4a,ad10f2bd-d571-4f42-aec5-a7a10eaa3ca9,2026-04-20,993.26,15,6,18194.49,3032.415000,6,1,0.1667,0.8333,5,0.00,0.000000,0
f2bd6ece-bc8e-4aba-889a-26bd51310704,e05c9e8f-2852-4c9d-9c2a-756d89ba64a0,2026-04-20,3501.13,30,31,83953.48,2708.176774,24,13,0.5417,1.7500,11,11940.91,0.142232,1
04944c65-124b-4167-ba8d-c92c69049762,027e2c71-76f6-44d8-b214-51097fc3e605,2026-04-21,2774.14,15,19,41692.44,2194.338947,17,6,0.3529,2.0588,14,3456.15,0.082896,1
3b5e13dd-d31e-41f3-80d5-b6c988b3e38f,27121f78-6ac9-48b9-bd1d-14e1b17b0217,2026-04-21,1315.60,45,10,21573.12,2157.312000,4,3,0.7500,1.7500,4,12808.48,0.593724,0
a320017d-e6d4-45b9-ae4c-95e7fadecf1d,403ba4f6-3b05-4fb0-9c95-6068878e01b1,2026-04-21,331.09,30,24,84532.78,3522.199167,21,6,0.2857,1.1429,14,7309.72,0.086472,1
bbb950ad-32e2-4a42-bee3-c00ef6251f3e,b21eb80b-84a0-490b-abcb-151568e54d64,2026-04-21,3200.48,30,6,20721.15,3453.525000,6,0,0.0000,0.0000,0,0.00,0.000000,0
e7bc1d03-54d2-4abf-b341-c637a327642d,0833337f-d730-49c9-98d3-adc98d0ffdd5,2026-04-21,663.89,30,8,15731.56,1966.445000,6,6,1.0000,12.1667,29,6282.61,0.399363,1
3e9df630-413b-4309-b441-bd5efc55cbe5,2fdb2470-7bb8-4ff4-90ef-b13139714701,2026-04-22,4905.76,15,6,21592.47,3598.745000,4,3,0.7500,4.2500,15,15922.83,0.737425,1
3ed9655a-7df7-44e6-afc3-cd5dd2d235bb,e223a14f-9752-4dfc-b998-04cfae44ca10,2026-04-22,5537.86,30,26,73600.45,2830.786538,24,7,0.2917,0.5833,3,1425.50,0.019368,1
7db49c90-d8e0-4b05-8eea-b9bcca3cbc0d,dbc5aa6b-529c-4c91-8331-7ec33c8503bb,2026-04-22,795.95,30,23,53207.51,2313.370000,15,9,0.6000,3.4667,17,18944.77,0.356054,0
87e897e2-699b-4d71-af8b-77a477c9f57b,44e18ff7-c6c4-4f05-810a-10acda026843,2026-04-22,127.83,30,21,64347.37,3064.160476,17,5,0.2941,2.0000,10,15047.34,0.233845,1
c3a036a5-8c9d-455b-975c-3d4021b9a185,a8091949-9c95-4f66-b956-b61849aa17d1,2026-04-22,714.21,30,4,9968.15,2492.037500,4,3,0.7500,2.7500,9,0.00,0.000000,1
c8c86918-a8f3-4e30-8387-378d595a3a3a,5cda614e-b389-4e48-8b36-5612a91c11ba,2026-04-22,492.92,15,6,13720.90,2286.816667,5,5,1.0000,4.8000,7,1296.23,0.094471,1
df31453e-7ea8-425d-89d2-0def5adacab8,f6c06ee2-7826-4de2-af26-9b9143bd5efb,2026-04-22,2091.06,30,3,4293.08,1431.026667,2,0,0.0000,0.0000,0,3492.34,0.813481,0
e4f19606-b369-4989-ab6a-e4cb36be7c55,091ba1e5-58cf-4e6c-badc-17dbe89dea69,2026-04-22,232.79,45,19,65444.05,3444.423684,16,7,0.4375,2.0625,11,18877.62,0.288454,0
f859f5c0-ee4e-44cb-891a-f50e2ba579ca,05f197bf-0bdd-44a5-84bb-1878a08666b6,2026-04-22,803.84,15,21,47827.59,2277.504286,18,8,0.4444,2.0556,13,8259.79,0.172699,0
19e208b5-2612-4b0e-8bf6-a15ef4f2cd4b,1762b46f-b7ef-481c-9e0b-7e6d2033bcf4,2026-04-23,1394.04,15,22,57872.41,2630.564091,18,5,0.2778,0.5556,3,11354.53,0.196199,1
1c5abf1f-dd65-4cb2-b8da-0c64d0b76f51,399ee9ba-2674-41aa-a50a-7b370668b523,2026-04-23,2263.21,30,5,26739.09,5347.818000,4,0,0.0000,0.0000,0,6673.66,0.249584,1
2629fcbb-94e0-49ee-af1d-0a3dc022dfc2,c29cb1e1-b422-45f3-829a-82a9e80f8c8f,2026-04-23,4415.57,30,7,21835.62,3119.374286,5,3,0.6000,1.8000,3,6753.79,0.309301,1
2ca038ca-5596-409c-aff7-c90388547342,83d0d0b7-7f58-49ea-8dc3-fee8c20efb50,2026-04-23,4415.57,45,4,17692.95,4423.237500,2,2,1.0000,18.5000,24,6221.34,0.351628,1
7238ab27-51aa-480c-84ee-98a570d068e5,97a7e174-c5da-4d97-b94b-09d5f4788809,2026-04-23,571.37,45,11,22254.51,2023.137273,6,1,0.1667,0.3333,2,8675.24,0.389819,0
8b200558-bcd9-428f-bb9c-bae31376234a,5cda614e-b389-4e48-8b36-5612a91c11ba,2026-04-23,1681.19,15,7,14213.82,2030.545714,6,5,0.8333,4.0000,7,492.92,0.034679,0
97b7a812-fe15-4366-ab46-e105e8c45573,826855e8-3a9a-4032-ad5b-6ca64c822572,2026-04-23,1439.11,30,5,6382.81,1276.562000,3,1,0.3333,2.6667,8,4932.88,0.772838,0
339bf097-01bd-4aed-b519-2c535389ae49,403ba4f6-3b05-4fb0-9c95-6068878e01b1,2026-04-24,476.04,30,25,84863.87,3394.554800,21,6,0.2857,1.1429,14,7640.81,0.090036,1
3a99af4c-cea0-43f9-8c60-c930c25f7b2a,5cda614e-b389-4e48-8b36-5612a91c11ba,2026-04-24,934.36,15,8,15895.01,1986.876250,6,5,0.8333,4.0000,7,2174.11,0.136779,0
3cea420a-2207-430f-874e-d073e797dab9,6853ff18-9673-4369-b96a-eb7e1eb71169,2026-04-24,3091.22,30,11,28792.19,2617.471818,7,2,0.2857,0.4286,2,11700.50,0.406378,0
5782754f-d6b2-467e-87cf-7c3a116fd065,3de6f533-5503-4109-875b-33f40109353f,2026-04-24,5143.57,30,7,20758.09,2965.441429,7,6,0.8571,10.2857,17,0.00,0.000000,1
69432207-9adf-4599-8ff4-7a8e9f34f218,d768ded2-0e1f-4338-a373-8cb12093b6b9,2026-04-24,5096.18,30,20,55882.41,2794.120500,16,9,0.5625,2.1250,13,5649.79,0.101101,0
6e282b55-e235-4d7e-a217-9ba535a86420,feb9f5f4-bed9-4b39-bb94-062fa9706005,2026-04-24,3857.68,45,15,53026.09,3535.072667,14,6,0.4286,1.6429,17,5152.04,0.097160,0
88cb5645-817b-47b1-aa71-3d5654508019,eb632b3d-7715-4810-ac99-01c19831c220,2026-04-24,2803.09,30,6,19056.23,3176.038333,6,2,0.3333,0.8333,3,0.00,0.000000,1
9b544cf4-28ab-4704-9c6a-5562dd3065ee,c9b37375-0f54-4110-983e-7b7635c1257f,2026-04-24,1868.73,45,8,13484.08,1685.510000,7,4,0.5714,3.1429,15,299.75,0.022230,1
a622bc59-bab2-47c1-8dcf-714378ce8cd4,a54b8eca-fc5f-46cd-9407-2f103beabcc7,2026-04-24,1591.91,15,7,20500.77,2928.681429,6,3,0.5000,3.5000,13,5699.87,0.278032,1
b625a3aa-c9c8-454a-99f1-333cadb0aeba,6d07afb5-e45f-49c8-8fe6-ab313f89ab9c,2026-04-24,1754.08,30,24,76797.88,3199.911667,18,9,0.5000,1.2222,3,22162.69,0.288585,0
cfd69e1d-91ce-4b53-9b88-a8631997291f,0b94772b-0571-4308-92cc-ac6baf2ac02b,2026-04-24,1175.83,45,13,39900.80,3069.292308,8,0,0.0000,0.0000,0,11885.31,0.297871,0
e119c176-3d37-40d4-9144-b4cbfda33214,82c5a7aa-2ec7-45dc-9d03-be3531473f2f,2026-04-24,432.08,30,4,7948.15,1987.037500,3,1,0.3333,1.6667,5,2461.58,0.309705,1
e87c3b37-038c-4bc2-9040-46a384e377ea,911f8116-248a-4e3d-afb4-62a632746852,2026-04-24,4656.46,30,27,52533.57,1945.687778,22,8,0.3636,1.4545,10,5420.09,0.103174,0
0057d581-b494-41a0-83f8-748acbde8c84,98156cab-3a92-4dfa-9d5a-4e1528c73b35,2026-04-25,424.73,45,4,13302.13,3325.532500,3,3,1.0000,6.6667,13,1858.31,0.139700,1
332ebc59-e6e1-49d2-bcf4-57ca501ab981,3bd0dd5d-7d24-48da-856a-69e393e5e5b9,2026-04-25,147.69,30,5,15423.58,3084.716000,4,1,0.2500,0.5000,2,1120.79,0.072667,0
3634bb89-411f-4573-9b6f-fd7e92c0e060,0e83066e-d18a-4165-9e12-fbcb5945fbb6,2026-04-25,4331.12,30,5,16349.24,3269.848000,4,3,0.7500,5.5000,16,415.22,0.025397,1
7ba01bb6-144b-4ceb-9dd5-b6f72467a640,0b94772b-0571-4308-92cc-ac6baf2ac02b,2026-04-25,3946.79,45,14,41076.63,2934.045000,8,0,0.0000,0.0000,0,13061.14,0.317970,1
957e40f5-c90d-4559-b9cf-661440cf17a8,2c3ca1b8-7c76-4a4c-80bf-5314fb7f22ae,2026-04-25,230.16,30,10,29021.39,2902.139000,8,4,0.5000,1.3750,6,6446.74,0.222138,0
afc25ce7-ef1f-4d14-aeef-fe832ca65b5d,98156cab-3a92-4dfa-9d5a-4e1528c73b35,2026-04-25,2031.83,45,4,13302.13,3325.532500,3,3,1.0000,6.6667,13,1858.31,0.139700,1
c902a983-5eeb-4161-a682-a2ec1753cdd9,43b1d0a0-404f-48c8-96ee-46291e3ceaa3,2026-04-25,800.12,15,13,23238.71,1787.593077,10,4,0.4000,2.5000,14,3473.69,0.149479,0
eebceba9-465e-411c-b0ff-dc529391b387,bc2eaeff-d2cb-413b-8716-a7fa6d9507c2,2026-04-25,5250.26,15,21,60008.42,2857.543810,17,8,0.4706,2.1765,12,17597.60,0.293252,0
f915855a-4da7-4af9-90a2-ad3766738276,c29cb1e1-b422-45f3-829a-82a9e80f8c8f,2026-04-25,2586.99,30,8,26251.19,3281.398750,5,3,0.6000,1.8000,3,11169.36,0.425480,1
0d84e474-f994-4dca-a725-c737d40f84cb,6d07afb5-e45f-49c8-8fe6-ab313f89ab9c,2026-04-26,3233.74,30,25,78551.96,3142.078400,19,9,0.4737,1.1579,3,22804.34,0.290309,1
38a5030d-cc33-43b9-8b17-6cf763ea9e5c,8b278dae-e043-44f3-a5f0-8466df24d3a2,2026-04-26,4430.29,30,14,31000.44,2214.317143,12,5,0.4167,1.2500,6,3308.09,0.106711,1
3d3c6a5b-37c6-43f8-a734-d84e1cc268d8,1c22a6c4-3de0-4f96-b62a-3a6edbbaf732,2026-04-26,5879.16,30,22,43240.42,1965.473636,16,9,0.5625,2.3125,12,8554.78,0.197842,0
45c8842a-229e-45b9-91d2-57974dbd06a1,8b278dae-e043-44f3-a5f0-8466df24d3a2,2026-04-26,1263.43,30,14,31000.44,2214.317143,12,5,0.4167,1.2500,6,3308.09,0.106711,1
775780ff-3fc6-46a1-a41a-ee1ce2e9a8d0,db49dbe2-b046-4b0c-8d11-6e496b852270,2026-04-26,566.69,30,26,76834.36,2955.167692,21,10,0.4762,1.6667,12,14083.25,0.183294,1
a938e5b5-f96e-4568-b3a1-6d8a0326ddbe,c47da78e-a80f-46b0-b907-4867b0ac75da,2026-04-26,3602.18,30,4,4813.53,1203.382500,3,1,0.3333,4.3333,13,1137.09,0.236228,0
b803f4ab-5a54-451a-992f-e0c791c9c2b4,f5f339bf-3ab5-4a2e-916f-2db044568f67,2026-04-26,295.39,45,15,54224.28,3614.952000,9,6,0.6667,2.8889,10,24090.52,0.444276,0
b9f009c9-4411-464e-8204-8e5e6b5d5f17,2576b737-f022-4e9c-8640-a88226cea0ff,2026-04-26,2351.66,30,18,50181.47,2787.859444,15,5,0.3333,0.6000,3,4246.72,0.084627,0
c1b8529f-920c-4cb3-bdc8-e960353687e7,12be2694-e03e-4703-878e-8ce9ad582cf1,2026-04-26,685.23,30,7,18592.54,2656.077143,7,2,0.2857,0.4286,2,0.00,0.000000,0
1669fd4c-24e0-4b0a-a5a0-79d7ff3a07ea,e85ec7b9-dc33-474f-b99d-d8ce41ac3c81,2026-04-27,1849.43,15,5,20669.84,4133.968000,5,5,1.0000,16.0000,28,0.00,0.000000,1
194877b1-fe86-4ebf-aff1-314791f278ab,5772f550-5886-44ab-b618-cc525d22c053,2026-04-27,2133.60,30,16,55577.91,3473.619375,12,5,0.4167,1.7500,8,15938.71,0.286781,0
226ec395-76be-4f37-b344-9feb51c3757d,6a7efc18-882b-4c4c-a75d-1b8aecdbf4a6,2026-04-27,952.08,30,10,9104.07,910.407000,9,4,0.4444,1.4444,7,468.57,0.051468,0
34505215-2687-415d-af2d-247a6b0d4c9b,00acfd4d-b8a4-441a-b965-3c900cea01a1,2026-04-27,1133.37,30,9,37369.81,4152.201111,8,2,0.2500,2.0000,12,492.92,0.013190,0
51bec8cd-c8f1-421f-817b-3dff0010267a,40abd3f4-34c6-407b-8dfe-8ff445cce235,2026-04-27,720.44,15,8,17826.20,2228.275000,8,4,0.5000,0.7500,3,0.00,0.000000,1
5383d39b-11ab-43e6-8f5b-cb6bdcc0a364,34f539cb-584e-4259-ac9f-44e6d5484ebf,2026-04-27,908.96,15,24,58849.84,2452.076667,19,8,0.4211,1.8421,14,9244.80,0.157091,0
9f0b3cd0-87e6-4d50-87eb-9287cf5ac096,614d73fd-8846-4895-a773-7898e1678216,2026-04-27,4026.25,30,15,36719.39,2447.959333,12,3,0.2500,1.5833,15,7373.31,0.200802,0
caf7111b-3229-4d74-a878-a7d462b5d7e4,b8bfbbb5-a5a0-4d3d-905f-57ced220ffd3,2026-04-27,2451.36,30,8,19562.91,2445.363750,6,3,0.5000,2.3333,11,9439.05,0.482497,0
11634399-59be-41a6-ab83-095738a9092b,dc32c9bc-f5b1-425c-b068-0f753d9baf2f,2026-04-28,1101.18,30,10,19885.07,1988.507000,8,5,0.6250,2.2500,7,1755.94,0.088304,1
1b60069f-06af-48d4-b269-a9e8f2e8d217,e9152f33-f58e-4690-a02f-18066572acda,2026-04-28,1428.90,15,19,49134.26,2586.013684,17,9,0.5294,2.1176,10,1639.65,0.033371,0
239c072f-3e0a-4817-8004-1fee9e6ccfd8,0c9d8d71-baa9-4ddf-936f-0c9137dc6dc6,2026-04-28,3322.71,30,4,12326.04,3081.510000,2,2,1.0000,31.0000,44,2971.38,0.241065,1
3ceaa60e-1b2f-4bec-a1dd-268199bb50f6,c895adf4-11e4-460d-bad6-1bc4560990aa,2026-04-28,1274.18,45,3,7446.03,2482.010000,2,2,1.0000,14.5000,16,5969.41,0.801690,0
46d66857-7cf5-4b54-b9aa-76af1df33824,2e532847-959f-4087-bd6e-85a52170ee01,2026-04-28,4000.61,15,5,6282.95,1256.590000,4,2,0.5000,3.5000,12,331.09,0.052697,0
574da694-6c46-4a36-a4cb-da54674eeb8a,69b42ebe-0ce1-4f78-b8cd-1bb12a098250,2026-04-28,2631.20,15,4,9622.38,2405.595000,3,2,0.6667,7.0000,18,5262.39,0.546891,1
afa3384a-556e-40de-8742-118c47c9054a,c3bc5bb3-aee9-4150-b36a-c89a22162e7d,2026-04-28,795.95,45,20,50330.42,2516.521000,18,11,0.6111,3.0556,15,10038.51,0.199452,1
e4ed6a01-7b8a-446e-b30a-c866965c793c,119de36d-41b2-4136-a3a2-0b81cfcdf6f9,2026-04-28,662.17,30,8,27082.18,3385.272500,6,2,0.3333,0.8333,3,2264.88,0.083630,0
0333fae1-4f4d-4689-8387-d0c4dc833d29,e05c9e8f-2852-4c9d-9c2a-756d89ba64a0,2026-04-29,822.74,30,32,87454.61,2732.956563,26,14,0.5385,1.7308,11,14643.67,0.167443,1
37bf9d4b-07b4-4047-9f37-65f7a2502727,0b94772b-0571-4308-92cc-ac6baf2ac02b,2026-04-29,581.96,45,15,45023.42,3001.561333,8,0,0.0000,0.0000,0,17007.93,0.377757,0
7af03ac7-4c91-427d-bfe1-fcad2fa7102f,7010920b-f9d5-4e97-9d6a-a57cfe832fad,2026-04-29,2451.55,45,18,52033.40,2890.744444,13,4,0.3077,2.2308,13,16455.92,0.316257,1
9ca17f2f-0d4b-4ac5-8ac0-08a8c7e97e22,e85ec7b9-dc33-474f-b99d-d8ce41ac3c81,2026-04-29,230.16,15,6,22519.27,3753.211667,5,5,1.0000,16.0000,28,1849.43,0.082127,1
b9eb3bb2-f170-4a9f-a2cf-f9af95c52f6b,532c0027-0a87-4b04-8cd6-433b7eda14e0,2026-04-29,817.18,30,5,7550.46,1510.092000,2,0,0.0000,0.0000,0,1998.64,0.264704,0
c795f61a-4aab-4b93-ba99-10f8ae74177d,82241b4b-7959-4079-9369-bbfcffcbc453,2026-04-29,638.15,30,18,51191.73,2843.985000,14,3,0.2143,1.0714,11,15952.11,0.311615,0
e0b7b7d6-0084-4399-b21e-520c31249612,31e4bcb5-1a69-45eb-a2c7-5bfa73cdfca1,2026-04-29,5969.41,15,30,57600.49,1920.016333,26,12,0.4615,1.0385,6,8111.06,0.140816,1
ec59f05e-c4a1-4f16-ae8a-2d823bd1068a,21a51334-c936-4d66-b3de-22e7b162ade5,2026-04-29,1003.05,15,4,6232.45,1558.112500,4,1,0.2500,1.5000,6,0.00,0.000000,1
f1aba3a5-80bf-4831-82a3-1f3aabdbff93,0e83066e-d18a-4165-9e12-fbcb5945fbb6,2026-04-29,6231.75,30,6,20680.36,3446.726667,4,3,0.7500,5.5000,16,4746.34,0.229510,1
2d2ba270-0ed1-4f13-9915-56d89ddaf0c6,091ba1e5-58cf-4e6c-badc-17dbe89dea69,2026-04-30,209.98,45,20,65676.84,3283.842000,16,7,0.4375,2.0625,11,19110.41,0.290976,0
494a6649-1acc-4124-8904-0a500550c3f8,e05c9e8f-2852-4c9d-9c2a-756d89ba64a0,2026-04-30,2171.40,30,33,88277.35,2675.071212,26,14,0.5385,1.7308,11,15466.41,0.175202,1
8268eb7b-ac58-467f-93a5-c01ba3672387,a8a318fe-4ac5-43e5-819c-0493f94dfd8e,2026-04-30,3183.81,15,6,6526.43,1087.738333,4,1,0.2500,0.2500,1,4131.16,0.632989,1
8678b889-eb00-438e-97e6-83ede91da9a1,79ce75bd-e156-4762-a109-91880fa27abc,2026-04-30,269.98,45,22,56298.78,2559.035455,16,4,0.2500,0.8125,6,16842.40,0.299161,0
8e366933-bfe9-4555-a59b-f1a35a757a32,8daa11dd-d410-44bf-a0de-622a9ca7c78d,2026-04-30,460.32,15,21,64109.51,3052.833810,18,8,0.4444,1.4444,8,3005.57,0.046882,1
ca6faabd-5dfd-4944-9402-2e2e5b263bd3,bc2eaeff-d2cb-413b-8716-a7fa6d9507c2,2026-04-30,1065.14,15,22,65258.68,2966.303636,17,8,0.4706,2.1765,12,22847.86,0.350112,0
d774e1c1-477a-4aaa-a963-704eb40d72b8,3378475b-b350-4593-9546-01468d85dcd8,2026-04-30,295.75,30,8,11840.05,1480.006250,8,2,0.2500,1.3750,8,0.00,0.000000,1
d7b2d69e-4eb3-4f0c-9239-1e46c45e5c46,614d73fd-8846-4895-a773-7898e1678216,2026-04-30,2878.22,30,16,40745.64,2546.602500,13,3,0.2308,1.4615,15,9184.42,0.225409,1
e57039cd-f230-4678-a14c-9e7d3e446791,3da770f9-a532-48df-a2e4-cf550c263161,2026-04-30,690.48,30,11,39779.36,3616.305455,9,2,0.2222,1.6667,12,3619.66,0.090993,1
f8edf55b-daff-4a80-a3ca-bb7b03597b9f,44e18ff7-c6c4-4f05-810a-10acda026843,2026-04-30,276.74,30,22,64475.20,2930.690909,18,6,0.3333,1.9444,10,13014.79,0.201857,1
0f0fe095-fa8d-47b4-8789-80001cee35e4,d768ded2-0e1f-4338-a373-8cb12093b6b9,2026-05-01,798.30,30,21,60978.59,2903.742381,16,9,0.5625,2.1250,13,10745.97,0.176225,1
23400a11-b041-47a6-b3ad-1e8d1694af55,7dd67799-87bf-4c47-944e-e495c976e50e,2026-05-01,2231.28,30,3,5555.19,1851.730000,3,1,0.3333,2.0000,6,0.00,0.000000,1
2358d63b-8e5d-4651-bdfb-a67da282f98a,48689e01-09c4-46f3-9d8e-5d6c440e56cb,2026-05-01,241.48,30,6,6808.45,1134.741667,6,1,0.1667,1.0000,6,0.00,0.000000,0
3d8a97c8-65aa-4073-b575-0c14a9134ebc,e630e7cb-c24b-49e2-af83-702facb0c4b9,2026-05-01,164.27,15,8,24856.29,3107.036250,7,1,0.1429,0.4286,3,1573.27,0.063295,1
56b4b948-e35d-4d73-8df7-a95eb51af0bd,b0d043da-1294-4ab0-8fa2-ebb68dbb62a2,2026-05-01,2123.11,30,5,12211.94,2442.388000,4,3,0.7500,1.2500,2,701.63,0.057454,1
725272e4-e374-4b23-98a1-36cebf65ebfe,0e83066e-d18a-4165-9e12-fbcb5945fbb6,2026-05-01,1019.08,30,7,26912.11,3844.587143,4,3,0.7500,5.5000,16,10978.09,0.407924,0
825c01f1-b380-447e-b6b4-639d317a02a2,a9a14d19-86ba-40be-883c-0be4db2e7555,2026-05-01,3832.11,15,13,35804.89,2754.222308,12,3,0.2500,1.0833,10,646.75,0.018063,0
8475f914-5545-4974-a6d2-2f6fb1e34124,3cc7350b-72e0-4990-a2f4-79f0e19bfe72,2026-05-01,4857.90,15,24,78897.35,3287.389583,19,7,0.3684,0.7895,3,8249.68,0.104562,0
a8144f9b-7640-4be8-8b81-5606cb67b1ab,c3bc5bb3-aee9-4150-b36a-c89a22162e7d,2026-05-01,1933.37,45,21,51126.37,2434.589048,18,11,0.6111,3.0556,15,10834.46,0.211915,0
bd0ad2d7-4cc4-44d7-b758-1f75caa67b3b,655a8a99-8ea7-4fab-8686-b6e0a9369c3b,2026-05-01,4056.62,45,6,7294.30,1215.716667,5,2,0.4000,0.8000,2,1121.82,0.153794,1
ec8dcf7d-2482-4ad0-8fdf-1997e760feef,6e04016c-b9dc-4b48-ac9b-8e9eff3d52ef,2026-05-01,5661.63,15,7,15118.80,2159.828571,6,1,0.1667,0.3333,2,3834.22,0.253606,1
006ec99f-42a9-4336-b349-9f7420e731c4,091ba1e5-58cf-4e6c-badc-17dbe89dea69,2026-05-02,432.96,45,21,65886.82,3137.467619,16,7,0.4375,2.0625,11,19320.39,0.293236,1
0a211f9b-af52-4cb2-9bea-4189635601aa,12be2694-e03e-4703-878e-8ce9ad582cf1,2026-05-02,1226.82,30,8,19277.77,2409.721250,7,2,0.2857,0.4286,2,685.23,0.035545,0
124cff26-3df6-4090-95c2-5c0e253d1d5a,34a16a66-821a-489f-8fc2-67d38c8256d4,2026-05-02,1906.23,15,7,25114.30,3587.757143,7,5,0.7143,1.5714,3,0.00,0.000000,1
1e6857b0-4cdd-4404-8239-c008057b1118,45b35575-e766-4b46-861c-910c86237813,2026-05-02,6812.55,15,21,54993.11,2618.719524,15,6,0.4000,2.4667,17,18136.47,0.329795,0
1f802429-754a-49c3-bd39-1b3fc28d27dd,910bd8ae-df74-4feb-9e1a-4e8966115c12,2026-05-02,1228.65,30,10,28983.18,2898.318000,4,0,0.0000,0.0000,0,22885.37,0.789609,0
39ff0bef-2b0f-48c9-922e-01e6630e2886,4f4f2ef2-6350-45b8-af19-6bd90adfc454,2026-05-02,449.12,15,21,64386.22,3066.010476,18,5,0.2778,1.7778,17,3474.99,0.053971,1
3b54bc79-8074-4476-b9b7-1beb7851e32f,2fdb2470-7bb8-4ff4-90ef-b13139714701,2026-05-02,2842.72,15,7,26498.23,3785.461429,4,3,0.7500,4.2500,15,20828.59,0.786037,0
5f126f7a-da82-4a85-bf73-b6d39cc67f3f,80425ba2-13bc-407f-9a1c-ff4f30480010,2026-05-02,2975.04,30,15,38460.79,2564.052667,11,2,0.1818,0.3636,3,7001.57,0.182044,0
72231ad8-d6c5-4f84-a200-e099011679ac,9b131352-2e3f-4966-865e-a01b50bde6e5,2026-05-02,4181.24,30,15,29724.47,1981.631333,14,5,0.3571,1.2143,7,5767.57,0.194034,1
8fbab58f-b201-44ef-8217-ce33795d26bd,3773055e-a1f8-4fba-8846-a4b4eca5c2b7,2026-05-02,6380.52,45,14,29186.49,2084.749286,12,6,0.5000,1.5000,6,467.21,0.016008,0
941388fc-ab08-4010-9707-0c2dfd795e24,c3bc5bb3-aee9-4150-b36a-c89a22162e7d,2026-05-02,7064.60,45,22,53059.74,2411.806364,18,11,0.6111,3.0556,15,12767.83,0.240631,0
a6288c9b-a748-4afb-a035-a4efb769868c,b88b94e7-2bbd-4939-98cc-217258c364d3,2026-05-02,3347.69,15,11,21179.94,1925.449091,9,4,0.4444,1.1111,3,4176.77,0.197204,1
d0739500-c070-4fee-8650-dc285560e30b,c47da78e-a80f-46b0-b907-4867b0ac75da,2026-05-02,4865.93,30,5,8415.71,1683.142000,3,1,0.3333,4.3333,13,4739.27,0.563146,0
d9fbd51b-617c-43bf-801e-4ed0be2df188,dbc5aa6b-529c-4c91-8331-7ec33c8503bb,2026-05-02,954.35,30,24,54003.46,2250.144167,17,9,0.5294,3.0588,17,13239.45,0.245159,1
e0d29bbe-393e-474f-b130-26202c5791a8,403ba4f6-3b05-4fb0-9c95-6068878e01b1,2026-05-02,2842.72,30,26,85339.91,3282.304231,21,6,0.2857,1.1429,14,8116.85,0.095112,0
ea623e57-9055-4af8-a25c-86a677541913,31e4bcb5-1a69-45eb-a2c7-5bfa73cdfca1,2026-05-02,2273.99,15,31,63569.90,2050.641935,26,12,0.4615,1.0385,6,14080.47,0.221496,1
f34d9644-60a9-4d69-a732-b36db3611d21,614d73fd-8846-4895-a773-7898e1678216,2026-05-02,1323.42,30,17,43623.86,2566.109412,13,3,0.2308,1.4615,15,12062.64,0.276515,1
fe9155bf-7709-4610-b0d4-5a95950880d5,8f10e8bf-c7a4-4bd6-93ce-4de936a938ef,2026-05-02,186.85,45,20,52169.10,2608.455000,17,10,0.5882,1.2353,4,7711.50,0.147817,0
18d7cdf0-deff-4e6c-ae88-b28b53332628,34a16a66-821a-489f-8fc2-67d38c8256d4,2026-05-03,1342.10,15,8,27020.53,3377.566250,7,5,0.7143,1.5714,3,1906.23,0.070547,0
29f22fe7-b670-4ee9-b4c8-5ac4893e9b81,e9152f33-f58e-4690-a02f-18066572acda,2026-05-03,858.03,15,20,50563.16,2528.158000,17,9,0.5294,2.1176,10,3068.55,0.060687,1
908e6c32-87ae-415f-8cda-91fdddfce159,f5905fb3-1b37-4afd-80b2-3e6bb136b5b1,2026-05-03,4907.28,15,6,24524.17,4087.361667,4,1,0.2500,0.7500,3,6956.79,0.283671,0
c46df2f2-8eae-4650-b2b0-d8c1dee82ff9,532c0027-0a87-4b04-8cd6-433b7eda14e0,2026-05-03,1824.22,30,6,8367.64,1394.606667,2,0,0.0000,0.0000,0,2815.82,0.336513,1
c557bf92-ef1f-473d-90d0-56e6e26bbf8a,31e4bcb5-1a69-45eb-a2c7-5bfa73cdfca1,2026-05-03,2387.53,15,32,65843.89,2057.621563,26,12,0.4615,1.0385,6,16354.46,0.248382,1
f37c232b-dee8-441f-be54-fbfdd13de484,6b35501e-08f6-41b4-8699-30281befd8ec,2026-05-03,2541.64,45,7,26172.52,3738.931429,6,3,0.5000,1.0000,3,2073.14,0.079211,1
fea60d2a-7952-4c2a-a70a-6385d04b9622,b2109776-616b-488c-9721-f3f116afd30f,2026-05-03,6093.48,30,8,21422.23,2677.778750,8,3,0.3750,2.6250,11,0.00,0.000000,0
046f762e-3a79-446d-895c-02d49a33027e,e05c9e8f-2852-4c9d-9c2a-756d89ba64a0,2026-05-04,4561.82,30,34,90448.75,2660.257353,26,14,0.5385,1.7308,11,17637.81,0.195003,1
42ad52a5-4dba-4ac5-a0ee-4fdf99f0e501,ba0a6120-4b67-4e2b-b2c4-9036a195b99a,2026-05-04,529.37,45,6,12731.06,2121.843333,5,2,0.4000,0.8000,2,3281.59,0.257763,1
4dcadf70-3d8d-49ad-9046-c55f7819b8c4,1762b46f-b7ef-481c-9e0b-7e6d2033bcf4,2026-05-04,315.21,15,23,59266.45,2576.802174,18,5,0.2778,0.5556,3,12748.57,0.215106,1
51c11ada-73e8-41d2-8168-3c391535ab14,3907704e-d22a-40f9-9591-9c06dfc1b6d2,2026-05-04,344.72,15,15,36485.13,2432.342000,11,6,0.5455,2.2727,13,11711.76,0.321001,1
b69a2045-3b8b-4c17-9531-235038628f81,c07f630a-a6d1-41a2-9f27-8f85f52260c4,2026-05-04,4026.30,30,17,65619.84,3859.990588,13,5,0.3846,0.9231,3,5225.85,0.079638,0
e5d10632-3726-4eff-b201-59fac15a2665,575ab059-021e-48cf-a1f6-39e5a9719349,2026-05-04,4289.19,15,4,7475.05,1868.762500,2,0,0.0000,0.0000,0,432.06,0.057800,0
219906d2-0d76-4606-b1aa-b561e69fc7b6,10cb2e84-0bd1-4b29-8db3-06ae3488789d,2026-05-05,3178.81,45,6,12999.49,2166.581667,4,2,0.5000,1.5000,3,6327.38,0.486741,1
43523f1a-3937-429f-a3f5-c92b66973bd3,027e2c71-76f6-44d8-b214-51097fc3e605,2026-05-05,3661.38,15,20,44466.58,2223.329000,18,6,0.3333,1.9444,14,5161.90,0.116085,0
4ebceb60-7057-42e0-8f7f-df9160efb9b1,86ab916f-9734-41f0-b5c0-9bbc082b3251,2026-05-05,4337.82,30,23,56174.93,2442.388261,22,8,0.3636,1.5455,13,2242.20,0.039915,0
5cc46738-537b-4ce6-916d-680e4bcb97ec,ebbc4745-0985-45f9-b142-3002a577acc3,2026-05-05,2275.71,15,9,13437.07,1493.007778,9,2,0.2222,0.5556,3,0.00,0.000000,0
79373f72-4763-4649-8cc9-c17bc40d18c2,b4a140af-8af0-4074-8c4e-f1e587fff314,2026-05-05,241.48,45,20,60164.95,3008.247500,14,6,0.4286,1.2143,6,18615.03,0.309400,1
7a9e60ad-7ac8-4992-b8b8-75b5ddbc70c4,6853ff18-9673-4369-b96a-eb7e1eb71169,2026-05-05,402.47,30,12,31883.41,2656.950833,7,2,0.2857,0.4286,2,14791.72,0.463932,0
8bd8b041-d742-41e0-a23d-46c263264113,66aa9f2d-de6b-4def-8269-b6d0177dbf9a,2026-05-05,1588.10,30,23,76096.92,3308.561739,20,8,0.4000,1.1500,8,9684.44,0.127265,0
989ba4d5-423f-450d-ba2a-a04aa32ad0a2,0443c1b9-9e56-4bed-b673-1441efe40f38,2026-05-05,1399.25,15,6,17713.02,2952.170000,5,4,0.8000,1.6000,3,581.96,0.032855,1
ad56fa7c-d154-404a-a1d2-9f7da5002e74,44f08084-85aa-46b5-8832-5d1d2b8db2cc,2026-05-05,3342.54,30,3,1217.35,405.783333,2,2,1.0000,9.0000,11,276.74,0.227330,1
cdbc97c2-ed15-488b-aee5-1851db3062a1,05f197bf-0bdd-44a5-84bb-1878a08666b6,2026-05-05,2315.09,15,22,48631.43,2210.519545,20,9,0.4500,2.0000,13,6018.21,0.123751,1
ea4b3478-df34-4425-8347-ca6303ddffb6,b4dd90f1-04a6-4d42-ac0a-2702bbc8d0db,2026-05-05,5368.40,15,4,12770.50,3192.625000,2,2,1.0000,18.0000,18,8049.68,0.630334,1
0039f292-7651-452b-99dd-cd8984f930fa,80425ba2-13bc-407f-9a1c-ff4f30480010,2026-05-06,577.28,30,16,41435.83,2589.739375,11,2,0.1818,0.3636,3,9976.61,0.240773,1
2a6df283-7aa7-435b-8725-36831bbf3095,3907704e-d22a-40f9-9591-9c06dfc1b6d2,2026-05-06,3592.94,15,16,36829.85,2301.865625,11,6,0.5455,2.2727,13,12056.48,0.327356,1
4e8b15cf-eddc-41b3-a32d-2028904e33bc,bd918df4-d5fc-4b8a-9889-b0f92e0c438b,2026-05-06,563.44,30,6,5521.49,920.248333,4,1,0.2500,0.2500,1,606.85,0.109907,0
5c5efb90-53d2-400f-bd82-25ad22c7df02,a20f7825-b033-409c-9c97-b044b61bae47,2026-05-06,3015.43,30,9,36046.35,4005.150000,7,6,0.8571,8.4286,13,6052.45,0.167907,1
7c1a69a8-47e7-4411-8d5d-db769e8e0e7f,6b35501e-08f6-41b4-8699-30281befd8ec,2026-05-06,3759.04,45,8,28714.16,3589.270000,6,3,0.5000,1.0000,3,4614.78,0.160714,0
b0204949-dfb1-4deb-86a7-b5a3503e8b10,855f6897-60c0-42cc-aa5a-bbcf4dfcfd28,2026-05-06,2975.04,45,6,9609.84,1601.640000,6,4,0.6667,5.6667,14,0.00,0.000000,1
bd985f4e-34f5-4851-b858-a00d86878c25,d929f86f-98cb-4302-a254-db21f53e0255,2026-05-06,5660.74,30,6,30021.19,5003.531667,5,2,0.4000,4.0000,15,3602.18,0.119988,1
ea29faa6-31a3-48fd-8642-48ea05ba0ec4,655a8a99-8ea7-4fab-8686-b6e0a9369c3b,2026-05-06,679.39,45,7,11350.92,1621.560000,5,2,0.4000,0.8000,2,5178.44,0.456213,1
ef4c570f-a749-4331-9577-bcf637046ceb,32ab5f7d-2c86-49a3-b8c6-009538e6624d,2026-05-06,1399.25,30,14,45629.95,3259.282143,8,4,0.5000,2.8750,16,13969.86,0.306155,0
f99ff01f-fd36-42e9-ae01-8a7031ce6edf,05f197bf-0bdd-44a5-84bb-1878a08666b6,2026-05-06,380.75,15,23,50946.52,2215.066087,20,9,0.4500,2.0000,13,8333.30,0.163570,1
0ac1fca5-b774-4e3f-897c-0186e677304d,feb9f5f4-bed9-4b39-bb94-062fa9706005,2026-05-07,1415.41,45,16,56883.77,3555.235625,15,6,0.4000,1.5333,17,3857.68,0.067817,1
227e37e4-c2a9-461f-ba1d-2d303221ece8,ff29a3b3-fb27-44ad-8dcc-9551fb3c7420,2026-05-07,6407.42,45,23,56829.30,2470.839130,20,9,0.4500,3.0000,14,7534.91,0.132588,0
2453f49c-8fc1-442a-99bd-a0586aa75674,cb4bc77a-ba12-4fd1-b1f2-811b234a5c61,2026-05-07,2117.47,30,5,15434.49,3086.898000,4,3,0.7500,5.2500,15,1698.90,0.110072,1
273efc14-b4f8-47c7-95ab-1a274a610dfa,82c5a7aa-2ec7-45dc-9d03-be3531473f2f,2026-05-07,1323.49,30,5,8380.23,1676.046000,3,1,0.3333,1.6667,5,2893.66,0.345296,1
2ef480f8-f1e1-4ebb-9330-a9a2b958e27c,49d4f65c-a7f6-423f-97b2-75571396471e,2026-05-07,4688.48,15,6,19468.26,3244.710000,5,3,0.6000,1.4000,3,4203.57,0.215919,1
301b7a25-5b76-46d8-b5a8-418b85954007,3d036612-3ff3-451e-a921-d163e55b4c30,2026-05-07,5468.41,30,13,30290.07,2330.005385,11,6,0.5455,2.1818,9,6381.69,0.210686,0
3cd36936-6d14-42ef-b68a-a21c3cbaf195,da7dbacc-46a8-44dc-b4c5-5e21bf437da6,2026-05-07,743.76,30,20,46533.13,2326.656500,20,8,0.4000,2.6000,14,0.00,0.000000,0
3f11b7c4-8146-478c-82c2-466728185c31,6a7efc18-882b-4c4c-a75d-1b8aecdbf4a6,2026-05-07,183.47,30,11,10056.15,914.195455,9,4,0.4444,1.4444,7,1420.65,0.141272,0
5971c97b-c66a-4463-81ed-33a4317028ee,066b0bf5-5f5a-4c95-a709-b1fc1d059f94,2026-05-07,1954.77,45,21,65258.85,3107.564286,17,5,0.2941,0.4706,3,13026.99,0.199620,0
666054bf-7d12-4f7d-b6af-ffd3b7586a80,9cbf413a-a00b-482b-9441-e8fce7668a2e,2026-05-07,3216.89,45,23,65205.37,2835.016087,21,5,0.2381,1.1429,11,7767.64,0.119126,1
6c79ef82-c444-4406-aff0-313999446101,f8a3ae68-a437-491d-b88b-abad9164379f,2026-05-07,1879.52,45,19,44811.28,2358.488421,15,10,0.6667,2.9333,12,10953.68,0.244440,0
f7392352-358c-4907-9570-9391859159f1,e9afc85a-81e7-4518-a4f2-c3650f0c8105,2026-05-07,2412.34,45,7,15607.94,2229.705714,6,4,0.6667,7.0000,13,797.69,0.051108,1
fb89e8ba-b507-4ae1-9f49-ce9ed5025c85,86208847-cfb3-449d-a634-075a2b7c33cc,2026-05-07,401.55,45,8,18657.26,2332.157500,6,6,1.0000,6.8333,14,6531.12,0.350058,0
fc1c347b-4ac3-4e66-b2fa-0cfbe0dbfa61,556c3740-52fd-4022-8755-b92b9fa5342d,2026-05-07,4462.56,45,16,38023.23,2376.451875,14,5,0.3571,0.7143,3,2847.37,0.074885,0
047cddcd-b180-4058-a7cf-ebc31b1e02cd,60ce8a0f-d7a4-4ed2-ac8e-6e0a87d50d90,2026-05-08,1589.41,45,8,30671.37,3833.921250,6,1,0.1667,0.3333,2,5719.04,0.186462,0
1f57256b-fb2c-490a-a4df-f11e35cbb689,9de44d71-02d0-4684-a314-54f9abd3f2cd,2026-05-08,1906.23,15,8,13224.47,1653.058750,8,4,0.5000,1.2500,5,0.00,0.000000,0
230eabab-1ec1-48f9-9095-e1b0d9064e16,1c22a6c4-3de0-4f96-b62a-3a6edbbaf732,2026-05-08,4986.47,30,23,49119.58,2135.633913,18,9,0.5000,2.0556,12,9232.34,0.187956,0
32206f0e-f9f1-4ea6-8e85-bf07dc59b59f,e63160b3-9636-4ddf-b7f6-a843aef7e599,2026-05-08,795.63,45,5,22743.03,4548.606000,5,5,1.0000,35.6000,66,0.00,0.000000,1
387e65f1-3335-4af5-a0df-c3ad804fc46d,a8a318fe-4ac5-43e5-819c-0493f94dfd8e,2026-05-08,2273.99,15,7,9710.24,1387.177143,4,1,0.2500,0.2500,1,7314.97,0.753325,0
41332a26-77c3-4b02-ad7c-c0c5bcd9a736,efa9353f-2d88-426a-a592-e6a1f87c7b1b,2026-05-08,707.70,30,4,6801.39,1700.347500,4,1,0.2500,0.7500,3,0.00,0.000000,0
550438c1-d3c7-45b7-be32-c3b01253c61c,1b167ea1-66cf-416e-82fc-b6448dbddf75,2026-05-08,985.61,15,7,19665.03,2809.290000,6,1,0.1667,0.3333,2,2266.40,0.115250,0
71ed6167-953c-4ee4-a86c-270a5db13a59,c8466347-f65e-48a7-a013-64f958a93e60,2026-05-08,1197.45,15,7,28333.67,4047.667143,5,4,0.8000,5.4000,11,7270.34,0.256597,0
742111d1-0fb9-41fe-9bbe-5f80ddb4f9af,a62bcc77-cf9c-44a3-920f-2e2e57c723dc,2026-05-08,6357.63,30,8,37097.05,4637.131250,8,5,0.6250,3.3750,9,0.00,0.000000,0
83a99fda-57e4-418e-93ac-45e7484cbdb3,d7daaa71-d5b3-4958-ac9f-03d1c8077bf4,2026-05-08,4379.55,30,5,19318.58,3863.716000,2,0,0.0000,0.0000,0,14858.69,0.769140,0
a8f39f95-9467-4f47-9c53-096824fd0ebb,97c341f3-26c0-47ee-949b-ec2349709b82,2026-05-08,9371.11,30,13,40200.57,3092.351538,9,5,0.5556,2.0000,9,8776.76,0.218324,0
cfc1f7bb-6670-438e-b984-5c46d5d85705,d3ceae53-5516-4152-a247-d101c45a4912,2026-05-08,4137.44,30,20,61875.02,3093.751000,17,8,0.4706,2.4118,14,4461.25,0.072101,0
d3755a1f-74c2-4ef6-a2ef-e1d179301079,d3ceae53-5516-4152-a247-d101c45a4912,2026-05-08,3658.58,30,20,61875.02,3093.751000,17,8,0.4706,2.4118,14,4461.25,0.072101,1
d933194d-0331-4f9d-a22d-002bbc8612f4,fdbf5f6b-5e04-401e-b01c-dadaea29b6bf,2026-05-08,3216.89,15,5,5159.25,1031.850000,5,4,0.8000,7.8000,14,0.00,0.000000,1
f8641071-a4c5-43a0-a62c-fac9740b0a2c,b86f948a-d460-4c23-a79a-b2deafdc8880,2026-05-08,3886.31,30,6,10932.43,1822.071667,4,3,0.7500,1.0000,2,3768.18,0.344679,1
fcaae557-191c-4907-9c9a-c03eff7c0a14,f6a6bafb-8098-4f2d-ae6d-689b77c84f2b,2026-05-08,5206.32,30,5,15532.99,3106.598000,5,3,0.6000,1.2000,3,0.00,0.000000,0
26b76c81-142e-4b02-850e-ab7056e10159,7010920b-f9d5-4e97-9d6a-a57cfe832fad,2026-05-09,80.49,45,19,54484.95,2867.628947,14,5,0.3571,2.2857,13,13369.61,0.245382,1
2da9ac10-4c76-4134-a937-ef6fa76c8cfc,bc2eaeff-d2cb-413b-8716-a7fa6d9507c2,2026-05-09,3680.55,15,23,66323.82,2883.644348,18,8,0.4444,2.0556,12,18662.74,0.281388,1
336f2e3c-1bfd-4d80-905e-80b8b89e8113,0b94772b-0571-4308-92cc-ac6baf2ac02b,2026-05-09,2558.60,45,16,45605.38,2850.336250,8,0,0.0000,0.0000,0,17589.89,0.385698,1
59a1d3f2-d2ab-48d6-a0a6-a750ef8b5ad2,3907704e-d22a-40f9-9591-9c06dfc1b6d2,2026-05-09,1031.39,15,17,40422.79,2377.811176,11,6,0.5455,2.2727,13,15649.42,0.387143,1
7c395cf4-ee39-4f55-9005-4c48bf146dc6,d536df89-ae17-40cc-ae90-1ec234f2db3e,2026-05-09,7547.65,45,7,24227.88,3461.125714,7,5,0.7143,4.1429,9,0.00,0.000000,1
83bc1be6-8b39-4ecc-b3ba-c3f0e28d3769,532c0027-0a87-4b04-8cd6-433b7eda14e0,2026-05-09,4986.47,30,7,10191.86,1455.980000,2,0,0.0000,0.0000,0,3963.11,0.388851,0
8689aa0b-875b-4d20-b2e6-b9c8e14efc87,bc2eaeff-d2cb-413b-8716-a7fa6d9507c2,2026-05-09,8102.82,15,23,66323.82,2883.644348,18,8,0.4444,2.0556,12,18662.74,0.281388,1
8fcd1ca6-f209-4a7b-ac5f-095c978bff34,a7c6d291-2d8a-45ea-8005-81ecfd3682df,2026-05-09,924.41,30,3,2009.38,669.793333,2,1,0.5000,1.5000,3,908.96,0.452358,0
97164607-0421-47f4-aa68-a4d02d6b3542,911f8116-248a-4e3d-afb4-62a632746852,2026-05-09,5638.56,30,28,57190.03,2042.501071,23,8,0.3478,1.3913,10,9661.44,0.168936,0
b60ddeb5-3c1f-4cca-a875-296ebe7d5c23,505deb96-02b0-4484-ae43-533961fa661d,2026-05-09,1070.81,45,13,26111.69,2008.591538,12,4,0.3333,1.0000,8,497.41,0.019049,1
bc6daa6c-6190-4234-9791-3599fb0bdf12,420464c7-e05c-4002-9ab4-902acb471c60,2026-05-09,8032.38,45,6,7695.59,1282.598333,5,1,0.2000,0.4000,2,797.69,0.103655,0
c7c24896-5725-4204-8a52-83a1a42dadd4,d3ceae53-5516-4152-a247-d101c45a4912,2026-05-09,1879.52,30,22,69671.04,3166.865455,17,8,0.4706,2.4118,14,12257.27,0.175931,0
d9f481f1-75b4-4860-8a1f-2c65f71a228d,614d73fd-8846-4895-a773-7898e1678216,2026-05-09,1100.81,30,18,44947.28,2497.071111,13,3,0.2308,1.4615,15,13386.06,0.297817,0
f766acc3-f46d-4082-8442-3d79c4428037,dc32c9bc-f5b1-425c-b068-0f753d9baf2f,2026-05-09,3680.55,30,11,20986.25,1907.840909,8,5,0.6250,2.2500,7,2857.12,0.136142,0
ffac95d4-62f9-425c-831c-5b50551ec647,614d73fd-8846-4895-a773-7898e1678216,2026-05-09,2126.84,30,18,44947.28,2497.071111,13,3,0.2308,1.4615,15,13386.06,0.297817,0
2ff6d027-ad80-455b-a8b7-59e57b7fe3fc,e51c365e-179f-4c2e-92f5-bc4c2fc6282a,2026-05-10,5712.98,30,25,69187.59,2767.503600,19,7,0.3684,0.9474,6,16607.90,0.240042,0
59fa45d4-44e7-408d-9116-16c3ddd55891,e223a14f-9752-4dfc-b998-04cfae44ca10,2026-05-10,895.21,30,27,79138.31,2931.048519,25,7,0.2800,0.5600,3,5910.91,0.074691,0
680d0206-4b78-4269-b658-48add1921d74,d6e6f2c0-9d75-46fe-a6d0-19f4998b8aa0,2026-05-10,343.80,30,7,12508.24,1786.891429,5,2,0.4000,2.0000,7,1292.41,0.103325,1
71e3ef32-cac1-4d8a-9b7d-1e50ffbfcad4,49d4f65c-a7f6-423f-97b2-75571396471e,2026-05-10,4971.02,15,7,24156.74,3450.962857,5,3,0.6000,1.4000,3,8892.05,0.368098,0
81695ca4-b31a-4353-9c25-841d4442ca05,b88bef53-7397-4409-b454-f68fa7827873,2026-05-10,73.50,15,6,15260.52,2543.420000,4,2,0.5000,2.5000,7,2300.62,0.150756,0
b482f7f7-5a26-4a52-a94a-4b8a83a5c57d,d5bde5d5-ffb3-40af-bfb0-e1fbc0fc8ac6,2026-05-10,643.93,30,10,31426.45,3142.645000,9,9,1.0000,11.5556,18,495.53,0.015768,0
c5e0ca2a-ccdd-4b33-a79d-cb0071f8f52c,8b278dae-e043-44f3-a5f0-8466df24d3a2,2026-05-10,7506.07,30,16,36694.16,2293.385000,13,5,0.3846,1.1538,6,8771.65,0.239048,1
dba8492e-9de4-4601-9508-48772a05b30a,d3f21a44-d6a7-4183-9e3d-ca1e2f665ada,2026-05-10,7161.63,30,10,26814.82,2681.482000,7,6,0.8571,5.5714,18,3802.29,0.141798,1
dee5946c-bb7f-4597-a499-5a0b8efe1a25,45b88888-2215-4e91-9647-006d4a1e9e88,2026-05-10,2062.80,30,6,18257.97,3042.995000,6,2,0.3333,0.8333,3,0.00,0.000000,1
e03dec67-327d-419f-bc24-bcd1f412e7b5,782ae5d7-a09e-4973-a2b3-29bacbb5efa9,2026-05-10,10709.85,30,3,4288.93,1429.643333,3,0,0.0000,0.0000,0,0.00,0.000000,1
ebab16f3-d967-4420-8702-0417fdcaced3,0e76c917-2eca-40e2-9cbd-346ac241a7fa,2026-05-10,3025.88,30,5,12491.26,2498.252000,2,1,0.5000,1.0000,2,4543.42,0.363728,1
05aa61e8-ed7b-4666-a479-dbf98779b9eb,e223a14f-9752-4dfc-b998-04cfae44ca10,2026-05-11,721.60,30,28,80033.52,2858.340000,25,7,0.2800,0.5600,3,6806.12,0.085041,1
1f5d7341-e2ce-48cf-ae98-3c8361db817f,ebbc4745-0985-45f9-b142-3002a577acc3,2026-05-11,4253.69,15,10,15712.78,1571.278000,9,2,0.2222,0.5556,3,2275.71,0.144832,0
3d2a87cc-092e-4d0e-9077-1f99aeefc4c9,3907704e-d22a-40f9-9591-9c06dfc1b6d2,2026-05-11,577.28,15,18,41454.18,2303.010000,11,6,0.5455,2.2727,13,16680.81,0.402392,1
3f8e48b0-c5d3-40b7-8d73-a1bd74a5f052,e040241c-efa6-453e-8e84-6caae95e5811,2026-05-11,4688.48,30,4,8763.25,2190.812500,4,3,0.7500,5.2500,13,0.00,0.000000,0
67a7caab-723b-4706-9937-5229742cf0b2,3de6f533-5503-4109-875b-33f40109353f,2026-05-11,340.12,30,8,25901.66,3237.707500,7,6,0.8571,10.2857,17,5143.57,0.198581,1
6af1bced-e964-43e9-b254-5e22aed57a42,c5f7e86b-b9fe-4062-bae1-fcb4707e393e,2026-05-11,6450.47,30,6,14984.33,2497.388333,5,5,1.0000,16.2000,29,2866.61,0.191307,1
6e8331b9-2c40-47af-88e3-34404d7ba6b9,f2c6c870-59a5-4df4-8f5a-85d42b868208,2026-05-11,5638.13,45,4,6207.95,1551.987500,3,3,1.0000,40.3333,67,1427.65,0.229971,1
7e6b2bc1-07b2-403c-bd16-f3ceec1adf85,6fb7d847-f44b-41dc-a325-7b26c61cbc96,2026-05-11,4604.92,45,21,83561.92,3979.139048,18,5,0.2778,1.2222,10,10146.59,0.121426,1
9d24bc47-8727-4779-95ea-bc3291414e43,744605d3-9330-457d-9c53-8b4b59950976,2026-05-11,2307.03,30,19,60678.90,3193.626316,17,6,0.3529,0.9412,7,5100.59,0.084059,0
e9a5c442-ebae-473e-9326-c026e9ac247b,30234645-3e34-4245-a4e4-e0e65a95e222,2026-05-11,4698.45,30,5,13460.48,2692.096000,5,5,1.0000,6.2000,14,0.00,0.000000,1
eb4a2ce0-01ba-4366-ac96-d151261fc5b2,ed2171b1-c19b-4e0d-8734-299f1f997a16,2026-05-11,172.36,15,10,34570.89,3457.089000,10,9,0.9000,10.6000,23,0.00,0.000000,1
08bf073b-b50d-40e2-b1a7-bc1b4f3f9430,bc2eaeff-d2cb-413b-8716-a7fa6d9507c2,2026-05-12,4298.07,15,25,78107.19,3124.287600,18,8,0.4444,2.0556,12,30446.11,0.389799,1
18076a08-a093-4b0d-b419-ffd95fbd3b57,9cbf413a-a00b-482b-9441-e8fce7668a2e,2026-05-12,4953.92,45,24,68422.26,2850.927500,21,5,0.2381,1.1429,11,10984.53,0.160540,1
31ac4a6e-ab4d-4aa8-a321-2400c79c3e10,20791844-68d1-4c47-8940-96e45daf918f,2026-05-12,1155.51,30,21,55839.46,2659.021905,18,7,0.3889,1.1111,7,9478.24,0.169741,1
58bb2f3a-cc3b-4dda-ab5a-a22669198a23,267963b4-ed35-41d7-b2ce-cc6088afbd06,2026-05-12,4709.73,30,9,27802.35,3089.150000,7,6,0.8571,1.7143,6,3165.88,0.113871,1
b00c6abb-05cb-4920-9c12-941e8dbcc1a8,399ee9ba-2674-41aa-a50a-7b370668b523,2026-05-12,5676.89,30,6,29002.30,4833.716667,4,0,0.0000,0.0000,0,8936.87,0.308143,0
b4cf4bd7-7e91-4e68-babd-a9f6ac7c0264,7613c703-00a5-4fcd-b61f-b4f85bd36ac2,2026-05-12,7569.19,15,7,14860.37,2122.910000,7,2,0.2857,2.0000,12,0.00,0.000000,0
eaf508fa-4079-462b-9971-f83202be836c,229edd85-4113-4b2a-be5b-1cc986fd5173,2026-05-12,968.64,30,19,54044.81,2844.463684,12,5,0.4167,1.8333,9,27652.50,0.511659,0
f1826fc3-e50f-4b1e-b764-cabcf02f9d0a,97c341f3-26c0-47ee-949b-ec2349709b82,2026-05-12,1852.79,30,14,49571.68,3540.834286,10,6,0.6000,2.4000,9,17774.43,0.358560,0
f57d8981-d70a-4ce2-a785-a59438886bc1,a62bcc77-cf9c-44a3-920f-2e2e57c723dc,2026-05-12,8074.58,30,9,43454.68,4828.297778,8,5,0.6250,3.3750,9,6357.63,0.146305,1
1be2b8d6-42f9-4d5c-beac-6545f89fd9c1,f5f339bf-3ab5-4a2e-916f-2db044568f67,2026-05-13,2621.94,45,16,54519.67,3407.479375,9,6,0.6667,2.8889,10,24385.91,0.447286,0
34df7b51-541f-4fdb-b245-ef4a21e642ff,8f10e8bf-c7a4-4bd6-93ce-4de936a938ef,2026-05-13,3206.30,45,21,52355.95,2493.140476,17,10,0.5882,1.2353,4,7898.35,0.150859,1
3dbe51f0-3ddf-4490-9543-4cee9222717f,bc2eaeff-d2cb-413b-8716-a7fa6d9507c2,2026-05-13,624.91,15,26,82405.26,3169.433077,18,8,0.4444,2.0556,12,34744.18,0.421626,0
4d67fc65-0e52-4fd8-a0ef-f024642f4784,744605d3-9330-457d-9c53-8b4b59950976,2026-05-13,6761.03,30,20,62985.93,3149.296500,17,6,0.3529,0.9412,7,7407.62,0.117608,0
55e151ee-f865-41e6-ab64-0a969a574e5b,54739a70-fe3b-45f0-b6da-5eb96fddebc6,2026-05-13,1347.35,30,23,58916.20,2561.573913,21,9,0.4286,0.7619,3,8352.95,0.141777,0
7140e870-f0d9-4c68-900e-2d4af9aacaa4,d68104da-a018-4b47-aeb2-cb32a2380b79,2026-05-13,5262.77,30,3,11323.26,3774.420000,3,0,0.0000,0.0000,0,0.00,0.000000,0
84d736b0-4f32-4d2c-8c54-bf2b15cafe5d,e223a14f-9752-4dfc-b998-04cfae44ca10,2026-05-13,2745.93,30,29,80755.12,2784.659310,25,7,0.2800,0.5600,3,7527.72,0.093217,0
9920fce9-6325-484f-8dc4-f0f125fc61be,80425ba2-13bc-407f-9a1c-ff4f30480010,2026-05-13,1210.31,30,17,42013.11,2471.359412,11,2,0.1818,0.3636,3,10553.89,0.251205,0
abea254a-e553-4a6f-a8a3-ff69600f718e,80425ba2-13bc-407f-9a1c-ff4f30480010,2026-05-13,1136.99,30,17,42013.11,2471.359412,11,2,0.1818,0.3636,3,10553.89,0.251205,0
b09ad4bd-ced9-491f-95cc-af0a1e62d122,f631940b-26c5-4144-a328-f2b93f3b2f7e,2026-05-13,712.35,30,4,4994.33,1248.582500,4,2,0.5000,1.0000,3,0.00,0.000000,0
c112c8ab-bbb1-47ca-9992-e73f0ad20ad0,7dd67799-87bf-4c47-944e-e495c976e50e,2026-05-13,492.81,30,4,7786.47,1946.617500,3,1,0.3333,2.0000,6,2231.28,0.286559,1
129d6bd5-e34b-4e4a-8f19-52f8fb540773,f8a3ae68-a437-491d-b88b-abad9164379f,2026-05-14,6368.53,45,20,46690.80,2334.540000,15,10,0.6667,2.9333,12,12833.20,0.274855,0
3011c074-57c1-49f8-a73e-3b617ae828ca,0b94772b-0571-4308-92cc-ac6baf2ac02b,2026-05-14,1019.08,45,17,48163.98,2833.175294,8,0,0.0000,0.0000,0,20148.49,0.418331,0
44c35c2f-189a-4fbd-bc8a-ad20d09790f9,c388d365-1253-45ed-934e-4731ee225fdb,2026-05-14,712.35,30,3,3895.86,1298.620000,3,2,0.6667,0.6667,1,0.00,0.000000,1
4556950c-c244-408f-8551-ffa1989220f2,529b58fc-1d6b-4a46-bcf3-bd50c058a284,2026-05-14,1973.54,15,10,26391.92,2639.192000,8,6,0.7500,5.1250,14,6007.23,0.227616,1
4baed84c-a3d6-45df-ac18-05499923e007,399ee9ba-2674-41aa-a50a-7b370668b523,2026-05-14,10189.66,30,7,34679.19,4954.170000,4,0,0.0000,0.0000,0,14613.76,0.421399,0
605bdb82-fc49-4e03-8e34-8f9df86c77fd,b247c235-943b-4c46-91c2-168e86d26161,2026-05-14,3995.38,45,20,33427.99,1671.399500,17,6,0.3529,0.5882,2,1484.96,0.044423,0
b4709c0e-c7ff-4d2e-9f3d-da652c5fd7de,e74c4bf9-90b2-4723-8b21-9af623c5b124,2026-05-14,1342.10,45,20,55022.50,2751.125000,18,8,0.4444,1.6111,8,1225.57,0.022274,1
cdd1e160-c87f-4023-b569-fbcfc4f221b6,a69011f4-c3f9-4f91-92f2-3df9072b53e7,2026-05-14,6059.06,15,20,49136.97,2456.848500,18,5,0.2778,1.0000,9,3056.80,0.062210,0
ce33da7f-cfa2-410a-9f3d-ca201b69e427,34f539cb-584e-4259-ac9f-44e6d5484ebf,2026-05-14,4026.30,15,25,59758.80,2390.352000,21,8,0.3810,1.6667,14,8559.57,0.143235,1
e0935c31-7048-4da7-9bd8-5ba28685b16f,4f4f2ef2-6350-45b8-af19-6bd90adfc454,2026-05-14,4379.55,15,22,64835.34,2947.060909,19,6,0.3158,2.1053,17,2541.90,0.039205,0
edba0c18-0846-44f4-b8df-0437a4a4ac97,6853ff18-9673-4369-b96a-eb7e1eb71169,2026-05-14,1323.49,30,13,32285.88,2483.529231,7,2,0.2857,0.4286,2,15194.19,0.470614,1
ef75106a-b618-401c-a49e-c4899cece799,82241b4b-7959-4079-9369-bbfcffcbc453,2026-05-14,7547.65,30,19,51829.88,2727.888421,14,3,0.2143,1.0714,11,16590.26,0.320091,0
03c4b62c-f770-4d9d-a3c1-a09f43982a87,744605d3-9330-457d-9c53-8b4b59950976,2026-05-15,861.80,30,21,69746.96,3321.283810,17,6,0.3529,0.9412,7,14168.65,0.203144,0
311ef570-a602-4be6-abd2-953269b8a48c,12be2694-e03e-4703-878e-8ce9ad582cf1,2026-05-15,7064.60,30,9,20504.59,2278.287778,7,2,0.2857,0.4286,2,1912.05,0.093250,1
57eee475-5da3-42d8-8ab4-ad19ad3334e2,bac72dd3-4ee2-436a-b664-f187eea4daff,2026-05-15,1137.85,30,3,9362.12,3120.706667,3,2,0.6667,1.3333,3,0.00,0.000000,1
72e085ec-6b9c-4676-9865-004a0ba4f79c,614d73fd-8846-4895-a773-7898e1678216,2026-05-15,2017.19,30,20,48174.93,2408.746500,13,3,0.2308,1.4615,15,16613.71,0.344862,1
73fbbef2-59a2-4612-ad16-8f5ecb4e2b83,a281fc1b-5e0e-400e-9760-0f4eecb192e1,2026-05-15,2387.53,30,9,25006.78,2778.531111,6,2,0.3333,1.3333,7,10397.16,0.415774,0
b9686137-75fc-4883-babd-2f0ede8219c6,3907704e-d22a-40f9-9591-9c06dfc1b6d2,2026-05-15,7161.63,15,19,42031.46,2212.182105,11,6,0.5455,2.2727,13,17258.09,0.410599,0
cb759f76-3228-4ad7-9e02-d6690a4781f5,fc90d768-4902-4267-aee4-185b5584cee7,2026-05-15,1206.18,30,20,44796.58,2239.829000,17,5,0.2941,1.9412,15,6302.09,0.140682,0
f131db6c-c0d1-476c-9b47-261e5e7ec981,b21eb80b-84a0-490b-abcb-151568e54d64,2026-05-15,241.48,30,7,23921.63,3417.375714,6,0,0.0000,0.0000,0,3200.48,0.133790,1
15d7bd8c-8f1f-4876-bbcf-58ca9098ed1e,3137607b-7cb7-42f6-bf45-44b8618d38d2,2026-05-16,4767.99,45,6,15888.51,2648.085000,5,0,0.0000,0.0000,0,5045.57,0.317561,0
1708927b-0d3d-425d-a106-62f5d77f72fb,4f4f2ef2-6350-45b8-af19-6bd90adfc454,2026-05-16,4337.82,15,23,69214.89,3009.343043,19,6,0.3158,2.1053,17,6921.45,0.099999,1
28368957-85cf-4467-95f5-ecfa7c9c968c,b0d81eaf-60e0-4aa5-b3e9-64fdea18f5e9,2026-05-16,2674.80,30,10,31983.00,3198.300000,8,2,0.2500,1.0000,7,11132.94,0.348089,0
4b2775fa-8030-486b-b39e-6a1b492b7c26,414fbbd6-b12f-45a2-85f2-fd8a574567fa,2026-05-16,234.34,30,3,3564.21,1188.070000,3,3,1.0000,11.0000,18,0.00,0.000000,1
4baff1c7-1242-424a-923e-0869826d9204,4ee7f9a8-1985-4e04-82b5-332cbc70c187,2026-05-16,5860.61,30,8,7705.79,963.223750,7,3,0.4286,3.5714,15,812.39,0.105426,1
6265ac03-580d-48f8-b43f-518ec19375da,2277c61c-6a77-4651-9d4b-9cccf937b007,2026-05-16,8343.97,30,3,7895.76,2631.920000,2,2,1.0000,8.5000,13,4775.53,0.604822,0
8fd4e21b-44a8-4dec-bc7b-244c45d54a57,911f8116-248a-4e3d-afb4-62a632746852,2026-05-16,409.55,30,29,62828.59,2166.503103,23,8,0.3478,1.3913,10,15300.00,0.243520,1
a23063d0-4228-4828-b386-02c917241684,a458eb88-221d-40e0-8a04-289e42780afe,2026-05-16,3680.46,15,3,7693.38,2564.460000,3,3,1.0000,7.6667,10,0.00,0.000000,1
b1f57163-70b2-491a-af9d-c378875a21cb,27121f78-6ac9-48b9-bd1d-14e1b17b0217,2026-05-16,3821.12,45,11,22888.72,2080.792727,7,5,0.7143,2.5714,9,4872.50,0.212878,1
bc6dca57-7127-4b72-8f3b-0217e079ac92,f6176f19-c718-4746-9808-d110ecf53a50,2026-05-16,449.12,45,9,16585.47,1842.830000,8,4,0.5000,1.3750,3,3332.09,0.200904,0
d53f4704-5ee8-43a2-a249-0ec03544fa10,a20f7825-b033-409c-9c97-b044b61bae47,2026-05-16,529.37,30,10,39061.78,3906.178000,7,6,0.8571,8.4286,13,9067.88,0.232142,1
fe49712e-2621-4447-b7d9-d6ca87379b08,027e2c71-76f6-44d8-b214-51097fc3e605,2026-05-16,4980.79,15,21,48127.96,2291.807619,20,7,0.3500,1.9000,14,2387.76,0.049613,0
1b67f262-e662-4c85-8d96-ccb7460ca19e,5173c47a-a140-490b-afc1-af84817a605e,2026-05-17,2745.93,30,6,17826.06,2971.010000,6,4,0.6667,1.6667,3,0.00,0.000000,0
2e13c2a0-59ac-4d53-be2a-3b0ee804baae,60ce8a0f-d7a4-4ed2-ac8e-6e0a87d50d90,2026-05-17,1137.85,45,9,32260.78,3584.531111,6,1,0.1667,0.3333,2,7308.45,0.226543,0
3a86825b-ee73-4ae6-96b4-46050dc5412d,e400fe49-64f8-4e45-8877-6c5fd0a7747d,2026-05-17,294.00,15,14,35088.69,2506.335000,12,5,0.4167,0.8333,3,7288.11,0.207705,1
57e46a79-81e1-4145-9705-66f11878a823,f8a3ae68-a437-491d-b88b-abad9164379f,2026-05-17,3347.69,45,21,53059.33,2526.634762,15,10,0.6667,2.9333,12,19201.73,0.361892,0
6628b159-a3b7-4f4e-993b-db6a42068c5b,403ba4f6-3b05-4fb0-9c95-6068878e01b1,2026-05-17,1015.58,30,27,88182.63,3266.023333,21,6,0.2857,1.1429,14,10959.57,0.124283,1
7f56067a-c3f4-48d6-a19e-169a9d505c9a,334ea671-bdee-4328-983b-35a799b372d6,2026-05-17,8482.68,30,6,13693.63,2282.271667,4,0,0.0000,0.0000,0,2964.24,0.216469,0
8a6e772f-8584-4a21-a6dd-686b33cefa0b,614d73fd-8846-4895-a773-7898e1678216,2026-05-17,3649.45,30,21,50192.12,2390.100952,13,3,0.2308,1.4615,15,18630.90,0.371192,0
ad00782d-3765-494a-aae5-0c99ab9386e8,9b4342ff-79f2-40db-9669-bbab65d50e2f,2026-05-17,657.85,30,5,13262.79,2652.558000,5,4,0.8000,8.2000,14,0.00,0.000000,1
fd0b4b86-ed04-4a7a-8fef-f664947f514e,f8435633-4f8d-462d-872a-e6a541d39872,2026-05-17,514.50,30,10,27653.40,2765.340000,10,4,0.4000,1.3000,8,0.00,0.000000,0
17dcdadd-36f2-4397-9ebe-6359deaea9ad,78106c04-2615-4323-b215-3172fb34fc72,2026-05-18,2137.05,30,9,39865.29,4429.476667,7,3,0.4286,1.0000,3,9672.70,0.242635,0
343301c7-1454-42a9-b463-8a8f49933e33,41cc51fc-74f3-43aa-b9e8-c4269becb375,2026-05-18,968.64,45,10,35642.01,3564.201000,9,6,0.6667,2.7778,15,5537.68,0.155369,0
3efb2a62-9604-43ce-a57a-6a5ad86b6d0e,80425ba2-13bc-407f-9a1c-ff4f30480010,2026-05-18,5160.37,30,19,44360.41,2334.758421,13,2,0.1538,0.3077,3,8221.30,0.185330,1
4ffa3e32-5f6f-45ba-b434-eef0e60486a4,f8a3ae68-a437-491d-b88b-abad9164379f,2026-05-18,7547.65,45,22,56407.02,2563.955455,16,11,0.6875,2.8125,12,17564.02,0.311380,0
8d7838dc-75ad-4ba7-95ba-9d3ec7cb4ae1,a54b8eca-fc5f-46cd-9407-2f103beabcc7,2026-05-18,794.05,15,8,22092.68,2761.585000,6,3,0.5000,3.5000,13,7291.78,0.330054,1
964cfcff-19e3-4ec6-9140-1f3434727740,79ce75bd-e156-4762-a109-91880fa27abc,2026-05-18,499.42,45,23,56568.76,2459.511304,17,5,0.2941,0.9412,6,14940.98,0.264121,0
d95d1810-bf7f-4a58-9737-ad17a9b7d7d7,1c22a6c4-3de0-4f96-b62a-3a6edbbaf732,2026-05-18,943.46,30,24,54106.05,2254.418750,18,9,0.5000,2.0556,12,14218.81,0.262795,1
e60a1bd3-074b-45e2-b346-4dfd24ac6297,910bd8ae-df74-4feb-9e1a-4e8966115c12,2026-05-18,4847.24,30,11,30211.83,2746.530000,5,1,0.2000,0.2000,1,23230.91,0.768934,0
fd62cba3-ad06-4f23-b92c-51fec7a67c6b,1c22a6c4-3de0-4f96-b62a-3a6edbbaf732,2026-05-18,8749.45,30,24,54106.05,2254.418750,18,9,0.5000,2.0556,12,14218.81,0.262795,0
0b35736c-ca29-4c7b-9ecd-917b38e50ad2,b0d81eaf-60e0-4aa5-b3e9-64fdea18f5e9,2026-05-19,1494.79,30,11,34657.80,3150.709091,8,2,0.2500,1.0000,7,13807.74,0.398402,0
1bd062a4-d8bd-4827-887e-7a069abf1471,e223a14f-9752-4dfc-b998-04cfae44ca10,2026-05-19,477.37,30,30,83501.05,2783.368333,25,7,0.2800,0.5600,3,10273.65,0.123036,1
26bc8ed8-e923-4722-b5e9-476fd983237a,532c0027-0a87-4b04-8cd6-433b7eda14e0,2026-05-19,2920.76,30,8,15178.33,1897.291250,3,1,0.3333,3.0000,9,8395.72,0.553139,0
3c65c594-4e88-4ad7-b8be-a317e097e1e4,43b1d0a0-404f-48c8-96ee-46291e3ceaa3,2026-05-19,1933.37,15,14,24038.83,1717.059286,11,4,0.3636,2.2727,14,3473.69,0.144503,0
3fac24c6-2230-455d-92b1-db691ef26da3,6d07afb5-e45f-49c8-8fe6-ab313f89ab9c,2026-05-19,624.91,30,26,81785.70,3145.603846,20,9,0.4500,1.1000,3,20068.67,0.245381,0
6a4be4e2-7441-4cab-baf0-32206ceb4cbc,0915900f-d22e-42b0-8e9e-810e55498a13,2026-05-19,1886.91,15,21,52922.14,2520.101905,21,8,0.3810,1.3333,11,0.00,0.000000,0
723c582d-6b09-4452-9055-7775f95a9f0a,d5bde5d5-ffb3-40af-bfb0-e1fbc0fc8ac6,2026-05-19,183.47,30,11,32070.38,2915.489091,10,10,1.0000,12.7000,23,643.93,0.020079,1
876a5cfc-eb81-4433-808e-1dff6cb9ccb9,2c3ca1b8-7c76-4a4c-80bf-5314fb7f22ae,2026-05-19,2229.65,30,11,29251.55,2659.231818,9,5,0.5556,1.3333,6,4561.28,0.155933,1
910a0dde-1a38-4829-b604-e99b187b28cd,6fb7d847-f44b-41dc-a325-7b26c61cbc96,2026-05-19,2287.75,45,22,88166.84,4007.583636,18,5,0.2778,1.2222,10,14751.51,0.167314,0
95252f99-c843-4602-aba1-a64396ccc054,091ba1e5-58cf-4e6c-badc-17dbe89dea69,2026-05-19,1735.13,45,22,66319.78,3014.535455,16,7,0.4375,2.0625,11,19753.35,0.297850,0
a7e5aee4-c685-420e-989d-ce3ba98fd87d,22c9e11f-8a46-446c-a948-06b756976159,2026-05-19,6695.40,30,6,7688.55,1281.425000,6,4,0.6667,1.1667,3,0.00,0.000000,0
b4ae0c8d-14a7-4c39-b1ee-c3c375b1ad05,4f4f2ef2-6350-45b8-af19-6bd90adfc454,2026-05-19,2231.80,15,24,73552.71,3064.696250,19,6,0.3158,2.1053,17,11259.27,0.153078,0
dba603bd-15da-4e23-9539-eb791d77387a,41906a86-bd78-43ee-a9ab-5f93230c56a1,2026-05-19,1279.30,15,9,13125.49,1458.387778,8,4,0.5000,0.8750,3,1591.91,0.121284,0
eb75db6f-95c6-4c53-86d7-a70cc814ccc8,05f197bf-0bdd-44a5-84bb-1878a08666b6,2026-05-19,2819.06,15,24,51327.27,2138.636250,20,9,0.4500,2.0000,13,8714.05,0.169774,1
08009bf4-f103-4848-bbbb-d4b90f510ae1,9cbf413a-a00b-482b-9441-e8fce7668a2e,2026-05-20,644.46,45,25,73376.18,2935.047200,21,5,0.2381,1.1429,11,15938.45,0.217216,0
2ea7f74e-01cb-4fa6-8be5-8d2d3fe2e438,34f539cb-584e-4259-ac9f-44e6d5484ebf,2026-05-20,8927.19,15,26,63785.10,2453.273077,21,8,0.3810,1.6667,14,12585.87,0.197317,1
355257a1-2b63-436f-9f39-b6f5d4f5ccd7,28fe8878-f7c1-4a80-9dc8-ab4bf2bbd40a,2026-05-20,1960.93,30,6,19091.32,3181.886667,5,4,0.8000,4.2000,14,2931.39,0.153546,0
3a6b26ad-6ddd-42e0-9567-091c0d937eb5,ce1c7e34-50d9-4f3b-ab54-cbb7cab9fa18,2026-05-20,3821.12,30,13,31768.70,2443.746154,11,6,0.5455,2.5455,12,2307.00,0.072619,1
4e493ee7-0f2a-4774-94a7-137a8a46e50e,a62bcc77-cf9c-44a3-920f-2e2e57c723dc,2026-05-20,1638.19,30,10,51529.26,5152.926000,8,5,0.6250,3.3750,9,14432.21,0.280078,0
81b142bf-56c6-43a9-870d-98e1d965da59,4db8450b-3473-4e34-abb8-61b270b04333,2026-05-20,1886.91,30,5,10219.07,2043.814000,5,2,0.4000,1.4000,4,0.00,0.000000,0
9948d6be-ba80-4a0d-8006-972582de43bf,229edd85-4113-4b2a-be5b-1cc986fd5173,2026-05-20,806.87,30,20,55013.45,2750.672500,12,5,0.4167,1.8333,9,28621.14,0.520257,1
a76f0852-8f64-40a7-96f8-901a0daba738,efa9353f-2d88-426a-a592-e6a1f87c7b1b,2026-05-20,9419.47,30,5,7509.09,1501.818000,4,1,0.2500,0.7500,3,707.70,0.094246,0
d79a702b-00a8-4711-97c3-64736a2474b1,ba0a6120-4b67-4e2b-b2c4-9036a195b99a,2026-05-20,2996.53,45,7,13260.43,1894.347143,6,2,0.3333,0.6667,2,529.37,0.039921,0
d7df75a0-4bf2-4e86-96bc-dbd6b494827f,ecee2fcb-7259-46bb-a6a3-c2683069ec25,2026-05-20,3206.30,30,12,35322.09,2943.507500,11,5,0.4545,1.6364,9,868.56,0.024590,1
f86bd45c-2f70-42c4-b3a1-1b8569a332a2,13b4e054-f5c9-4aaa-adb2-89ae2ad3a8bb,2026-05-20,550.40,15,9,13793.23,1532.581111,7,4,0.5714,1.2857,4,1188.68,0.086179,1
20824597-1e7d-41e7-a767-e4dacb2ac64a,6a7efc18-882b-4c4c-a75d-1b8aecdbf4a6,2026-05-21,2406.60,30,12,10239.62,853.301667,9,4,0.4444,1.4444,7,1604.12,0.156658,0
2cfe1fcb-3231-48e2-8e50-b3e33013bb79,60ce8a0f-d7a4-4ed2-ac8e-6e0a87d50d90,2026-05-21,1552.36,45,10,33398.63,3339.863000,6,1,0.1667,0.3333,2,8446.30,0.252894,0
2ed4bb40-6859-4e89-9855-f3f1391368d6,f311db56-da65-41a9-a889-888c821ca32c,2026-05-21,1840.23,30,8,15906.37,1988.296250,6,0,0.0000,0.0000,0,3302.57,0.207626,0
9ea39ff7-0915-4560-96b5-881d03d733ea,7b3011de-1fd5-49d7-8cd0-565a3af5b5da,2026-05-21,2442.17,30,19,32641.45,1717.971053,17,9,0.5294,1.6471,9,444.61,0.013621,1
a099a2dd-2db8-4133-a8b4-492903c7c501,20538050-69a2-4a47-9dd1-b9142fb76c57,2026-05-21,4246.22,45,6,13178.85,2196.475000,6,0,0.0000,0.0000,0,0.00,0.000000,0
c2b05266-de73-45d3-b43b-33cb6aef5d1b,8aa74529-c59e-4daf-9b98-321ebfce7306,2026-05-21,2865.04,30,16,19847.27,1240.454375,14,9,0.6429,1.4286,3,1950.55,0.098278,0
c8114d73-be28-44f1-a469-2b8d65b6179c,79ce75bd-e156-4762-a109-91880fa27abc,2026-05-21,4698.45,45,24,57068.18,2377.840833,17,5,0.2941,0.9412,6,15440.40,0.270561,0
d3002c27-d5c6-4073-b472-a730e144f969,505deb96-02b0-4484-ae43-533961fa661d,2026-05-21,1642.34,45,14,27182.50,1941.607143,12,4,0.3333,1.0000,8,1568.22,0.057692,1
1049f46a-3aa6-4f38-8b85-2e3e81a4de1d,7010920b-f9d5-4e97-9d6a-a57cfe832fad,2026-05-22,3289.23,45,20,54565.44,2728.272000,16,6,0.3750,2.4375,13,13243.65,0.242711,0
15280b8d-8492-4f5b-87cb-7d40dc4fd228,1fff1144-0a72-44bd-ae41-900fd84b9dec,2026-05-22,3820.05,30,13,61048.80,4696.061538,12,3,0.2500,0.5000,3,2752.94,0.045094,1
445ea151-c1fd-45a1-b36e-fda7fde5744f,59749859-a81e-48e6-bc39-a362a3eada9b,2026-05-22,10189.66,30,6,11089.47,1848.245000,6,2,0.3333,0.5000,2,0.00,0.000000,1
80f65d05-2feb-4c6b-9a02-6f3e11786a4f,a69011f4-c3f9-4f91-92f2-3df9072b53e7,2026-05-22,4538.81,15,21,55196.03,2628.382381,18,5,0.2778,1.0000,9,9115.86,0.165154,1
a9046f91-9a58-449e-ab21-a09ea27ea5b9,9de44d71-02d0-4684-a314-54f9abd3f2cd,2026-05-22,1307.94,15,9,15130.70,1681.188889,9,4,0.4444,1.1111,5,0.00,0.000000,0
c8b57796-6ae4-4a88-b8ab-91887f6a3e34,ba0a6120-4b67-4e2b-b2c4-9036a195b99a,2026-05-22,803.11,45,8,16256.96,2032.120000,6,2,0.3333,0.6667,2,3525.90,0.216886,0
d6e06c2e-7ae6-4d03-bcb9-28246ca941c4,614d73fd-8846-4895-a773-7898e1678216,2026-05-22,1100.81,30,22,53841.57,2447.344091,13,3,0.2308,1.4615,15,22280.35,0.413813,0
e7426f38-83ae-4437-971d-cb8a5c05c5f0,98156cab-3a92-4dfa-9d5a-4e1528c73b35,2026-05-22,1128.32,45,6,15758.69,2626.448333,3,3,1.0000,6.6667,13,4314.87,0.273809,1
eb9aef65-f4c0-4bd9-a54b-de6a83fe3130,f201cdf9-cb7c-4b4b-8da0-68bccc439429,2026-05-22,4717.28,15,13,43235.22,3325.786154,13,7,0.5385,3.3846,11,0.00,0.000000,1
046df39a-6ce0-4fcb-a944-92c8d2ff558e,0b94772b-0571-4308-92cc-ac6baf2ac02b,2026-05-23,3808.64,45,18,49183.06,2732.392222,9,1,0.1111,0.3333,3,21019.88,0.427380,1
2067030d-a8c7-44d9-bdd4-5f516c63e167,f5f339bf-3ab5-4a2e-916f-2db044568f67,2026-05-23,3143.83,45,17,57141.61,3361.271176,12,7,0.5833,2.4167,10,21062.81,0.368607,1
389599bb-c8a2-48b7-99df-1ecf0c098207,b4dd90f1-04a6-4d42-ac0a-2702bbc8d0db,2026-05-23,1796.47,15,5,18138.90,3627.780000,3,3,1.0000,12.6667,18,8049.68,0.443780,1
47521bdd-1962-4c44-9363-c2244c1a66b8,80425ba2-13bc-407f-9a1c-ff4f30480010,2026-05-23,1892.30,30,20,49520.78,2476.039000,13,2,0.1538,0.3077,3,13381.67,0.270223,1
730b745d-b476-4e33-80b2-b354100dd3e7,b247c235-943b-4c46-91c2-168e86d26161,2026-05-23,1960.93,45,21,37423.37,1782.065238,17,6,0.3529,0.5882,2,5480.34,0.146442,0
7e068420-8048-4ff4-adf5-1925850dab31,5772f550-5886-44ab-b618-cc525d22c053,2026-05-23,993.77,30,17,57711.51,3394.794706,13,6,0.4615,1.8462,8,14687.19,0.254493,0
a12b6c65-6f63-4dca-957e-d8ceff95c844,7010920b-f9d5-4e97-9d6a-a57cfe832fad,2026-05-23,3874.53,45,21,57854.67,2754.984286,16,6,0.3750,2.4375,13,16532.88,0.285766,1
c08cf3a5-a943-4ccf-a473-478f633bae60,f8a3ae68-a437-491d-b88b-abad9164379f,2026-05-23,7898.27,45,23,63954.67,2780.637826,16,11,0.6875,2.8125,12,25111.67,0.392648,0
c6ad7353-c07f-434a-8d69-b08d4a7e32ae,4db8450b-3473-4e34-abb8-61b270b04333,2026-05-23,4137.44,30,6,12105.98,2017.663333,5,2,0.4000,1.4000,4,1886.91,0.155866,0
c9b71fad-fe2e-4c62-95fc-f575394f82ab,6bb31b8a-5c85-4549-9106-7183256248ff,2026-05-23,514.50,45,10,23407.87,2340.787000,9,5,0.5556,2.6667,10,1382.09,0.059044,0
d2fac18d-e8a7-4532-9820-6df23d7ee90d,e9152f33-f58e-4690-a02f-18066572acda,2026-05-23,4436.33,15,21,51421.19,2448.628095,20,11,0.5500,2.0500,10,756.54,0.014713,0
e81725c6-c665-4bdf-958a-9e2589fb1726,86ab916f-9734-41f0-b5c0-9bbc082b3251,2026-05-23,6577.82,30,24,60512.75,2521.364583,22,8,0.3636,1.5455,13,6580.02,0.108738,1
e85d7a33-0552-4c51-9075-5fa10325e7ed,b4a140af-8af0-4074-8c4e-f1e587fff314,2026-05-23,8074.58,45,21,60406.43,2876.496667,15,6,0.4000,1.1333,6,18007.06,0.298098,1
f20cbcc9-3c15-45a4-b219-42f1565547aa,c5f7e86b-b9fe-4062-bae1-fcb4707e393e,2026-05-23,763.48,30,7,21434.80,3062.114286,5,5,1.0000,16.2000,29,9317.08,0.434671,1
62324c38-2a09-4e4b-9df6-b17543c7dd88,d16d5f0e-f1af-4ab1-8b14-12ce745ddd9b,2026-05-24,6051.75,30,12,33619.04,2801.586667,7,2,0.2857,2.4286,16,13134.16,0.390676,0
6b9d822f-782d-41d2-9276-a511183be778,cfa38335-ed20-4254-b309-74d0dadee3bb,2026-05-24,7569.19,45,6,10102.34,1683.723333,5,2,0.4000,0.8000,3,2685.63,0.265842,1
79cc7224-3d2d-435d-9be6-438bf3029b8e,0b94772b-0571-4308-92cc-ac6baf2ac02b,2026-05-24,4012.21,45,19,52991.70,2789.036842,9,1,0.1111,0.3333,3,24828.52,0.468536,0
8084f7a7-618e-4ec9-a8c9-c36194da8b4b,db49dbe2-b046-4b0c-8d11-6e496b852270,2026-05-24,340.12,30,27,77401.05,2866.705556,24,11,0.4583,1.5000,12,9910.20,0.128037,1
857ae473-0521-4016-9247-72eb62f1c7bb,79ce75bd-e156-4762-a109-91880fa27abc,2026-05-24,3045.99,45,25,61766.63,2470.665200,17,5,0.2941,0.9412,6,20138.85,0.326047,1
a9e89c76-56e9-4311-989a-66bb0ea297f1,ff29a3b3-fb27-44ad-8dcc-9551fb3c7420,2026-05-24,390.57,45,24,63236.72,2634.863333,20,9,0.4500,3.0000,14,13942.33,0.220478,0
b2c22961-6832-43db-8e8b-e6e1e927f9f5,d16d5f0e-f1af-4ab1-8b14-12ce745ddd9b,2026-05-24,763.48,30,12,33619.04,2801.586667,7,2,0.2857,2.4286,16,13134.16,0.390676,1
c697a620-2494-49fd-a322-979d150d9f8b,113fc32a-23b9-4b41-82f4-df6c2b1ae4ae,2026-05-24,6447.11,30,8,20428.19,2553.523750,8,4,0.5000,2.2500,7,0.00,0.000000,0
eb652aeb-8a2a-47e9-9174-74d96b7922ed,3cc7350b-72e0-4990-a2f4-79f0e19bfe72,2026-05-24,8343.97,15,25,83755.25,3350.210000,20,7,0.3500,0.7500,3,8249.68,0.098497,0
fcfa097c-e2b3-4129-873c-1a606898ef26,0e83066e-d18a-4165-9e12-fbcb5945fbb6,2026-05-24,849.24,30,8,27931.19,3491.398750,5,4,0.8000,7.2000,16,11581.95,0.414660,1
136e2670-0acf-494a-bc1b-8db85ba3ee79,97a7e174-c5da-4d97-b94b-09d5f4788809,2026-05-25,6266.43,45,12,22825.88,1902.156667,6,1,0.1667,0.3333,2,9246.61,0.405093,1
14010f69-90f4-4b76-a680-2a66eb020adc,db49dbe2-b046-4b0c-8d11-6e496b852270,2026-05-25,3820.05,30,28,77741.17,2776.470357,24,11,0.4583,1.5000,12,9938.64,0.127843,1
294286ee-a4c5-4dcd-aab3-679db17c6f93,575ab059-021e-48cf-a1f6-39e5a9719349,2026-05-25,234.34,15,5,11764.24,2352.848000,4,1,0.2500,0.5000,2,152.09,0.012928,1
3a5a07a0-475b-4c6d-8285-3ead11eaa7bf,8aa74529-c59e-4daf-9b98-321ebfce7306,2026-05-25,3784.60,30,17,22712.31,1336.018235,14,9,0.6429,1.4286,3,4815.59,0.212026,1
6f0b6373-e9bc-4477-bd6a-230494e17fe9,9c75b413-efd7-4171-9aa3-e4f50c8b52ea,2026-05-25,4980.79,15,4,7961.67,1990.417500,4,2,0.5000,1.5000,5,0.00,0.000000,0
72274070-0501-40fb-942e-6903aa0d0899,c7af740f-1d7a-4321-9d3e-ec9107c05254,2026-05-25,794.70,15,11,22979.73,2089.066364,9,5,0.5556,1.0000,3,436.56,0.018998,1
a671b5a1-6271-4e9e-a8eb-6828c76b9af5,fc90d768-4902-4267-aee4-185b5584cee7,2026-05-25,5492.08,30,21,46002.76,2190.607619,17,5,0.2941,1.9412,15,7508.27,0.163213,0
aad2476a-41ed-418c-8123-fb8a9d1e5059,8f10e8bf-c7a4-4bd6-93ce-4de936a938ef,2026-05-25,1985.24,45,22,55562.25,2525.556818,18,11,0.6111,1.2222,4,8838.25,0.159069,1
ac313887-6cb6-4e19-b38a-58f999e92182,ade55153-89f8-4d7a-9199-12bcf0e9f0ce,2026-05-25,1206.18,45,3,5937.66,1979.220000,2,2,1.0000,56.0000,67,1274.18,0.214593,1
b674431a-70ea-425e-a229-aa5a6b4f72ed,953c5953-375c-42a1-89e5-7b370fa868be,2026-05-25,1188.93,30,4,3574.14,893.535000,3,3,1.0000,7.0000,13,250.99,0.070224,0
d6b0bfb3-69f8-4b39-97f6-f1acdd768b88,8aa74529-c59e-4daf-9b98-321ebfce7306,2026-05-25,3812.47,30,17,22712.31,1336.018235,14,9,0.6429,1.4286,3,4815.59,0.212026,0
de4bb850-b394-49a5-8f3b-076d4db70027,b247c235-943b-4c46-91c2-168e86d26161,2026-05-25,2674.80,45,22,39384.30,1790.195455,17,6,0.3529,0.5882,2,7441.27,0.188940,0
dfce1874-a607-4783-9a5d-4f73a2a6228e,c07f630a-a6d1-41a2-9f27-8f85f52260c4,2026-05-25,858.03,30,18,69646.14,3869.230000,14,6,0.4286,1.8571,14,9023.57,0.129563,1
f3e1c943-6633-46c8-9b8f-14e9ec0e18d3,aa210298-0ad5-4fe1-9a49-04d9c35709c6,2026-05-25,653.65,15,7,8159.89,1165.698571,7,7,1.0000,13.2857,24,0.00,0.000000,1
f84fcb05-e95c-4fb7-ba03-451a04280f86,c9b37375-0f54-4110-983e-7b7635c1257f,2026-05-25,453.48,45,9,15352.81,1705.867778,8,4,0.5000,2.7500,15,1868.73,0.121719,0
0ed21512-6a90-4008-ae8f-e429d763e540,911f8116-248a-4e3d-afb4-62a632746852,2026-05-26,5641.62,30,30,63238.14,2107.938000,24,8,0.3333,1.3333,10,11053.09,0.174785,1
141d04c4-d718-499c-a47b-9117d76dbff9,b8302dbd-4877-438d-ac91-c2d5dbbadf09,2026-05-26,241.48,45,4,6791.20,1697.800000,4,2,0.5000,3.7500,10,0.00,0.000000,1
3a92d03b-c8a3-45fc-932e-9ffe84554a0f,e85ec7b9-dc33-474f-b99d-d8ce41ac3c81,2026-05-26,159.13,15,7,22749.43,3249.918571,6,6,1.0000,13.8333,28,230.16,0.010117,1
47ba8b92-30fe-412e-b221-2d8b374745e1,229edd85-4113-4b2a-be5b-1cc986fd5173,2026-05-26,1197.45,30,21,55820.32,2658.110476,12,5,0.4167,1.8333,9,29428.01,0.527192,0
4bea9de0-de2f-4ff4-b529-a65f6195cc23,3a4a12e8-a3c4-4fe3-a0bc-ed28dee70ff0,2026-05-26,220.50,45,6,14699.91,2449.985000,6,5,0.8333,10.8333,20,0.00,0.000000,0
746850bd-35c4-4fd7-b2b2-38f19c17c6d1,a69011f4-c3f9-4f91-92f2-3df9072b53e7,2026-05-26,2123.11,15,22,59734.84,2715.220000,18,5,0.2778,1.0000,9,13654.67,0.228588,1
8a19b17c-8b49-4b61-8de9-c1fa2d800c32,da7dbacc-46a8-44dc-b4c5-5e21bf437da6,2026-05-26,288.65,30,21,47276.89,2251.280476,20,8,0.4000,2.6000,14,743.76,0.015732,1
9e564ca1-8af3-4e14-b5c5-49e1abe29e4a,e9152f33-f58e-4690-a02f-18066572acda,2026-05-26,1206.18,15,22,55857.52,2538.978182,20,11,0.5500,2.0500,10,5192.87,0.092966,1
a2639fea-3e2c-45bf-b8f1-1bf73d2d711d,267963b4-ed35-41d7-b2ce-cc6088afbd06,2026-05-26,936.96,30,10,32512.08,3251.208000,7,6,0.8571,1.7143,6,7875.61,0.242236,0
a5bcb68a-1c73-438b-8073-104921401ccc,c3bc5bb3-aee9-4150-b36a-c89a22162e7d,2026-05-26,5839.32,45,23,60124.34,2614.101739,18,11,0.6111,3.0556,15,19832.43,0.329857,0
af6d529e-5573-4dd6-ab7c-672390d5a175,7613c703-00a5-4fcd-b61f-b4f85bd36ac2,2026-05-26,954.35,15,8,22429.56,2803.695000,7,2,0.2857,2.0000,12,7569.19,0.337465,0
ea8b414d-49fc-4873-a584-8fba16fb58da,113fc32a-23b9-4b41-82f4-df6c2b1ae4ae,2026-05-26,572.61,30,9,26875.30,2986.144444,8,4,0.5000,2.2500,7,6447.11,0.239890,0
02f73cf5-a74f-4ef2-bf08-024fea9b0ba7,86ab916f-9734-41f0-b5c0-9bbc082b3251,2026-05-27,1307.29,30,25,67090.57,2683.622800,22,8,0.3636,1.5455,13,13157.84,0.196121,1
0ae95843-bbc6-474e-b880-f947c9269250,614d73fd-8846-4895-a773-7898e1678216,2026-05-27,409.55,30,23,54942.38,2388.799130,14,3,0.2143,1.3571,15,19354.91,0.352277,0
15f3e916-4f19-4c07-bbe8-a097b75316e6,e400fe49-64f8-4e45-8877-6c5fd0a7747d,2026-05-27,2865.04,15,15,35382.69,2358.846000,12,5,0.4167,0.8333,3,7582.11,0.214289,1
1efce8e9-2f4f-4946-8a0f-63674c10d40d,fc90d768-4902-4267-aee4-185b5584cee7,2026-05-27,4142.51,30,22,51494.84,2340.674545,17,5,0.2941,1.9412,15,13000.35,0.252459,0
20c27f81-fb57-4b01-aa56-732d359cc936,46131e6b-4c77-4840-8255-973dc2b72450,2026-05-27,827.48,30,4,3304.73,826.182500,3,3,1.0000,5.0000,9,376.49,0.113925,1
23d16bc1-dd1c-4071-a334-6c11f343e9dc,db49dbe2-b046-4b0c-8d11-6e496b852270,2026-05-27,1433.30,30,29,81561.22,2812.455862,24,11,0.4583,1.5000,12,13758.69,0.168692,0
2901acac-1f5c-438f-811b-72df6692a7a0,3907704e-d22a-40f9-9591-9c06dfc1b6d2,2026-05-27,11830.21,15,20,49193.09,2459.654500,14,9,0.6429,2.2857,13,19450.67,0.395394,1
507cb317-ba5c-4305-b572-4045c9bdc856,ce1c7e34-50d9-4f3b-ab54-cbb7cab9fa18,2026-05-27,5959.98,30,14,35589.82,2542.130000,11,6,0.5455,2.5455,12,6128.12,0.172187,0
5643568c-9d16-44d6-8c69-aa3d8bf418ae,549276f5-7982-4ddd-9090-30fd37f31bf6,2026-05-27,3821.12,15,8,30162.21,3770.276250,8,7,0.8750,10.6250,16,0.00,0.000000,1
71c16e03-8ba9-44f0-8aa4-2886f32f96b4,27415395-c694-42d4-a2b5-04dfddb578f5,2026-05-27,1338.73,15,9,28732.75,3192.527778,8,1,0.1250,0.3750,3,925.52,0.032211,0
93816d62-7dbb-4f64-92f0-53f2c86fffe7,bac9f7f2-72b2-40d2-bb50-19838c2fde8a,2026-05-27,1910.02,15,3,6035.75,2011.916667,2,1,0.5000,0.5000,1,482.95,0.080015,0
9adf1955-cc71-4729-b0c9-dd9b9520ce97,d3291ebb-1cad-4398-80c7-e968f0d6b8e3,2026-05-27,8102.82,45,6,11928.56,1988.093333,5,1,0.2000,0.2000,1,2266.40,0.189998,1
a854577f-6338-43bf-bdf7-0952bb318c04,a955f9af-0de0-488d-9638-13b909991020,2026-05-27,4688.48,15,6,17045.38,2840.896667,5,4,0.8000,1.4000,2,4247.83,0.249207,0
a8d2c03c-4ca0-4d35-9d24-425aefde0637,3907704e-d22a-40f9-9591-9c06dfc1b6d2,2026-05-27,8872.66,15,20,49193.09,2459.654500,14,9,0.6429,2.2857,13,19450.67,0.395394,1
b2c3f522-3cda-4e9d-9863-c57bffcc6bdc,911f8116-248a-4e3d-afb4-62a632746852,2026-05-27,241.48,30,31,68879.76,2221.927742,24,8,0.3333,1.3333,10,16694.71,0.242375,0
b9638754-4f75-4721-a1ce-d4a2b1e93bca,c3bc5bb3-aee9-4150-b36a-c89a22162e7d,2026-05-27,1410.70,45,24,65963.66,2748.485833,18,11,0.6111,3.0556,15,25671.75,0.389180,1
d5d2e828-d099-4a25-bbf4-996c2ecbc5e2,e400fe49-64f8-4e45-8877-6c5fd0a7747d,2026-05-27,2821.39,15,15,35382.69,2358.846000,12,5,0.4167,0.8333,3,7582.11,0.214289,1
e12b8902-13a6-4333-8639-b6c54367da20,2fd49fb9-c8b2-4ec3-b38c-a061a73e1168,2026-05-27,2128.71,15,7,14887.68,2126.811429,7,4,0.5714,2.7143,13,0.00,0.000000,0
f8bd234f-62fd-494f-ad80-4b2c6a84537e,6bb31b8a-5c85-4549-9106-7183256248ff,2026-05-27,5950.08,45,11,23922.37,2174.760909,9,5,0.5556,2.6667,10,1896.59,0.079281,0
fa86ed83-8e70-4e68-935c-0e5cc14ccac9,0d0e2d20-27bb-4c93-9f8f-b7710b37194a,2026-05-27,3820.05,30,7,19021.79,2717.398571,5,3,0.6000,2.8000,10,2543.00,0.133689,0
01d4b447-c943-4d58-8fe1-9186b1c52d00,a8091949-9c95-4f66-b956-b61849aa17d1,2026-05-28,184.50,30,5,10682.36,2136.472000,5,4,0.8000,2.4000,9,0.00,0.000000,1
28fcf734-009a-4247-b13f-3f79959c12f6,2e532847-959f-4087-bd6e-85a52170ee01,2026-05-28,4561.14,15,6,10283.56,1713.926667,5,2,0.4000,2.8000,12,331.09,0.032196,1
3e898bf1-7e04-4129-83bb-40f958dcb362,b247c235-943b-4c46-91c2-168e86d26161,2026-05-28,2383.99,45,23,42059.10,1828.656522,17,6,0.3529,0.5882,2,10116.07,0.240520,1
554c538a-4d8a-4b3b-b545-865e0f0b1f11,db49dbe2-b046-4b0c-8d11-6e496b852270,2026-05-28,339.70,30,30,82994.52,2766.484000,24,11,0.4583,1.5000,12,15191.99,0.183048,0
5a03d544-bb16-435b-afbc-dafacfab6b9e,46131e6b-4c77-4840-8255-973dc2b72450,2026-05-28,6447.11,30,5,4132.21,826.442000,3,3,1.0000,5.0000,9,1203.97,0.291362,1
5a307116-e417-47e4-b6f4-ae989ada15f2,b21eb80b-84a0-490b-abcb-151568e54d64,2026-05-28,349.82,30,8,24163.11,3020.388750,7,0,0.0000,0.0000,0,241.48,0.009994,1
81f5e8f7-7126-472f-9bf2-504dd0aa6067,28e3eb2f-4e60-491c-8ecf-9260a4a4ced4,2026-05-28,4551.40,45,23,84914.72,3691.944348,19,9,0.4737,1.7368,11,5365.40,0.063186,1
a9ce4d71-7800-4686-8a1d-4dd7ca8735da,0915900f-d22e-42b0-8e9e-810e55498a13,2026-05-28,7361.11,15,22,54809.05,2491.320455,21,8,0.3810,1.3333,11,1886.91,0.034427,1
c0943deb-b29e-43c5-b939-8e6b08f96d02,36526e5e-f875-4c3e-a8d6-c50ede833ade,2026-05-28,8507.37,15,8,22652.51,2831.563750,8,3,0.3750,0.5000,2,0.00,0.000000,0
cc5be96e-0e07-40a9-979f-fdadeb6c07ce,2fdb2470-7bb8-4ff4-90ef-b13139714701,2026-05-28,2383.99,15,8,29340.95,3667.618750,6,4,0.6667,3.1667,15,15922.83,0.542683,0
066e4ab5-ed44-4521-9d89-02a34639aa9c,d34c22d5-fa13-4eb6-a115-4306ab8f65d5,2026-05-29,998.84,30,3,3446.93,1148.976667,3,2,0.6667,7.3333,18,0.00,0.000000,1
12d9806a-d634-4073-bc41-449e1b55799b,0833337f-d730-49c9-98d3-adc98d0ffdd5,2026-05-29,441.00,30,9,16395.45,1821.716667,8,8,1.0000,12.0000,29,5562.17,0.339251,1
2cb96a7c-e4d1-4cf6-b568-e44624ebc7cd,d16d5f0e-f1af-4ab1-8b14-12ce745ddd9b,2026-05-29,172.36,30,14,40434.27,2888.162143,7,2,0.2857,2.4286,16,19949.39,0.493378,0
2db4062f-d9e2-41bb-8725-38b8d7d44e19,fc625523-78f4-4bf4-920a-ec3d6bf61de9,2026-05-29,6082.42,30,8,19741.45,2467.681250,8,2,0.2500,0.5000,3,0.00,0.000000,1
2ff9a3a8-0ccf-4335-a2e8-ac1cbcf9117a,3137607b-7cb7-42f6-bf45-44b8618d38d2,2026-05-29,8113.25,45,7,20656.50,2950.928571,5,0,0.0000,0.0000,0,9813.56,0.475083,1
349b0197-58d7-4dee-95ea-7855528a672c,c07f630a-a6d1-41a2-9f27-8f85f52260c4,2026-05-29,1719.00,30,19,70504.17,3710.745789,14,6,0.4286,1.8571,14,9881.60,0.140156,1
467f6ac4-8d04-478b-b188-74a423977131,cb4bc77a-ba12-4fd1-b1f2-811b234a5c61,2026-05-29,143.00,30,6,17551.96,2925.326667,4,3,0.7500,5.2500,15,3816.37,0.217433,1
4dcf30f6-9b5d-41ae-af3e-d943ab5d985b,f5f339bf-3ab5-4a2e-916f-2db044568f67,2026-05-29,1153.51,45,18,60285.44,3349.191111,12,7,0.5833,2.4167,10,24206.64,0.401534,0
51dad8d7-2f52-4b54-9076-90e48b40a837,6fb7d847-f44b-41dc-a325-7b26c61cbc96,2026-05-29,2468.72,45,23,90454.59,3932.808261,18,5,0.2778,1.2222,10,17039.26,0.188374,1
56b1563a-3f30-4abb-9f26-59bc11ea2c71,614d73fd-8846-4895-a773-7898e1678216,2026-05-29,2746.03,30,24,55351.93,2306.330417,14,3,0.2143,1.3571,15,19764.46,0.357069,0
5cbc3d2e-1131-4be8-9934-23102c326b03,2576b737-f022-4e9c-8640-a88226cea0ff,2026-05-29,2482.46,30,19,52533.13,2764.901579,17,6,0.3529,1.0000,8,2612.48,0.049730,1
6352d94c-eefa-4b64-a52d-06d1d7ff2852,c3bc5bb3-aee9-4150-b36a-c89a22162e7d,2026-05-29,3758.76,45,25,67374.36,2694.974400,18,11,0.6111,3.0556,15,27082.45,0.401970,1
6542d9bc-f669-497c-ace1-955aae79db51,267963b4-ed35-41d7-b2ce-cc6088afbd06,2026-05-29,763.48,30,11,33449.04,3040.821818,7,6,0.8571,1.7143,6,8812.57,0.263463,0
7007ef24-297d-4fc2-83ea-0475a1607be2,7dd67799-87bf-4c47-944e-e495c976e50e,2026-05-29,1279.30,30,5,8279.28,1655.856000,3,1,0.3333,2.0000,6,2724.09,0.329025,0
80eadc55-fd6a-404e-a894-957abb9cfeae,b247c235-943b-4c46-91c2-168e86d26161,2026-05-29,1210.31,45,24,44443.09,1851.795417,17,6,0.3529,0.5882,2,12500.06,0.281260,1
b75a62a3-10cc-490b-a352-ba611318ebda,80425ba2-13bc-407f-9a1c-ff4f30480010,2026-05-29,3206.30,30,21,51413.08,2448.241905,13,2,0.1538,0.3077,3,15273.97,0.297083,1
c3123afa-059a-41cb-9765-910859fffdd9,feb9f5f4-bed9-4b39-bb94-062fa9706005,2026-05-29,9026.60,45,17,58299.18,3429.363529,15,6,0.4000,1.5333,17,5273.09,0.090449,0
d5369f35-d355-425b-8755-9f286b231b4e,614d73fd-8846-4895-a773-7898e1678216,2026-05-29,6226.00,30,24,55351.93,2306.330417,14,3,0.2143,1.3571,15,19764.46,0.357069,1
ee88e994-7618-4f92-880e-40711dea692c,b86f948a-d460-4c23-a79a-b2deafdc8880,2026-05-29,7958.96,30,7,14818.74,2116.962857,4,3,0.7500,1.0000,2,7654.49,0.516541,0
31e0a779-4bf9-4127-9bb0-a8e15a2de1fb,67fc2766-666c-4de5-9a16-9a35603b9a46,2026-05-30,1303.19,30,6,27914.22,4652.370000,5,5,1.0000,43.4000,66,3233.74,0.115846,1
6396f76a-4d04-4abb-abda-abbdf7f94fa5,28e3eb2f-4e60-491c-8ecf-9260a4a4ced4,2026-05-30,7564.68,45,24,89466.12,3727.755000,19,9,0.4737,1.7368,11,9916.80,0.110844,0
80463fd2-662b-4e7c-b9a7-bb45151a285b,10cb2e84-0bd1-4b29-8db3-06ae3488789d,2026-05-30,819.09,45,7,16178.30,2311.185714,4,2,0.5000,1.5000,3,9506.19,0.587589,1
8b063b28-f8d5-4802-b8bb-e82d8a1ca9d4,a62bcc77-cf9c-44a3-920f-2e2e57c723dc,2026-05-30,2062.80,30,11,53167.45,4833.404545,8,5,0.6250,3.3750,9,16070.40,0.302260,0
c2c5cf57-e16f-4d7d-b4a4-9acdb8eb09dd,824fbcc7-5420-4ca2-84b0-15b0b4a2292b,2026-05-30,1314.15,45,6,29806.86,4967.810000,6,1,0.1667,0.5000,3,0.00,0.000000,1
d9021e76-e4e6-4b01-8d18-f036f7b71b8a,ba0a6120-4b67-4e2b-b2c4-9036a195b99a,2026-05-30,1824.22,45,9,17060.07,1895.563333,6,2,0.3333,0.6667,2,4329.01,0.253751,0
dd701f2a-dc84-4061-b34d-334e6158f044,33879d3b-ca28-410e-9d37-7a429d1c33aa,2026-05-30,5160.37,30,7,7874.24,1124.891429,7,1,0.1429,0.4286,3,0.00,0.000000,0
dfd802cf-eeb9-49a5-af46-e6e590972d1e,e05c9e8f-2852-4c9d-9c2a-756d89ba64a0,2026-05-30,6407.42,30,35,95010.57,2714.587714,28,15,0.5357,2.1429,15,17665.41,0.185931,0
ff8fdfd7-13d8-4cf7-bb74-e92c298a530a,532c0027-0a87-4b04-8cd6-433b7eda14e0,2026-05-30,9030.65,30,9,18099.09,2011.010000,5,2,0.4000,2.2000,9,10203.91,0.563780,0
1bae2443-a41a-460a-9659-95db56273e97,13b4e054-f5c9-4aaa-adb2-89ae2ad3a8bb,2026-05-31,4547.98,15,10,14343.63,1434.363000,7,4,0.5714,1.2857,4,1739.08,0.121244,1
245ed3d2-0177-4c00-bf88-fc2741b85b7c,75e7956b-bba4-4d50-aa4d-f8061fa9b378,2026-05-31,8578.37,30,3,10758.18,3586.060000,3,3,1.0000,16.6667,23,0.00,0.000000,1
356a6098-78e5-46c8-b8a8-2a9b69193d39,cfc90a2e-3eb4-476f-8b9b-493b93566dcb,2026-05-31,680.23,30,5,10517.21,2103.442000,3,2,0.6667,7.3333,11,2078.03,0.197584,0
3ff63b8c-cfc5-4ded-a900-c4491fd16ac5,d3ceae53-5516-4152-a247-d101c45a4912,2026-05-31,1410.70,30,23,71550.56,3110.893913,17,8,0.4706,2.4118,14,14136.79,0.197578,0
46115222-e26a-4dca-b4e2-60dde9b4ce08,3773055e-a1f8-4fba-8846-a4b4eca5c2b7,2026-05-31,1337.41,45,15,35567.01,2371.134000,12,6,0.5000,1.5000,6,6847.73,0.192530,0
47fc4750-85ad-4975-abb1-9304c4ac2676,505deb96-02b0-4484-ae43-533961fa661d,2026-05-31,3532.31,45,15,28824.84,1921.656000,12,4,0.3333,1.0000,8,3210.56,0.111382,0
4e07060f-ab68-47f9-8bea-3d772504360b,1fff1144-0a72-44bd-ae41-900fd84b9dec,2026-05-31,1137.85,30,14,64868.85,4633.489286,12,3,0.2500,0.5000,3,6572.99,0.101327,0
8f0d9e9b-b712-4a40-92d7-2c02843f10f0,8daa11dd-d410-44bf-a0de-622a9ca7c78d,2026-05-31,1657.01,15,22,64569.83,2934.992273,19,9,0.4737,1.5263,8,3005.57,0.046548,0
bfa6b37c-ada1-4522-96b4-0bf52627fc11,43b1d0a0-404f-48c8-96ee-46291e3ceaa3,2026-05-31,133.85,15,15,25972.20,1731.480000,12,4,0.3333,2.0833,14,3473.69,0.133746,0
c2984ca4-da60-4262-af84-2a8e6c00e7e3,6bb31b8a-5c85-4549-9106-7183256248ff,2026-05-31,630.41,45,12,29872.45,2489.370833,9,5,0.5556,2.6667,10,7846.67,0.262672,1
d200b5be-ea40-44e5-b593-4f987d6f50e5,7010920b-f9d5-4e97-9d6a-a57cfe832fad,2026-05-31,6827.11,45,22,61729.20,2805.872727,16,6,0.3750,2.4375,13,20407.41,0.330596,1
d2181e6c-8ac2-40e0-80bc-479b1b101561,13d8502b-672a-495d-a3f4-30157008db99,2026-05-31,867.56,15,6,18881.69,3146.948333,6,3,0.5000,1.1667,3,0.00,0.000000,0
5340385b-2a72-433c-b0ba-f66b93f21d6e,dcdc70f5-6a80-4b14-8487-b99c29cfcb2e,2026-06-01,143.00,45,5,26084.74,5216.948000,5,1,0.2000,0.2000,1,0.00,0.000000,1
7d78096a-80e1-4620-ace4-a004a43fdc50,d536df89-ae17-40cc-ae90-1ec234f2db3e,2026-06-01,547.45,45,8,31775.53,3971.941250,7,5,0.7143,4.1429,9,7547.65,0.237530,1
8c52c9f9-ff51-4139-a279-08c572e9480b,28fe8878-f7c1-4a80-9dc8-ab4bf2bbd40a,2026-06-01,4062.32,30,7,21052.25,3007.464286,5,4,0.8000,4.2000,14,4892.32,0.232389,0
c2e67676-5899-4185-b5dd-7aefb6e150d5,3cc7350b-72e0-4990-a2f4-79f0e19bfe72,2026-06-01,867.56,15,26,92099.22,3542.277692,20,7,0.3500,0.7500,3,16593.65,0.180171,0
f8881899-0442-4905-b221-45d52c42143d,6bb31b8a-5c85-4549-9106-7183256248ff,2026-06-01,3592.94,45,13,30502.86,2346.373846,9,5,0.5556,2.6667,10,8477.08,0.277911,0
fae118b7-ed4e-44ee-8c67-f7c17700dea2,97bc17e3-9ca0-45a3-a8dd-947696378bf7,2026-06-01,4768.23,30,3,7562.12,2520.706667,2,2,1.0000,11.5000,15,643.93,0.085152,1
0441fff8-511a-40dc-9452-c76d6ac34fd0,0443c1b9-9e56-4bed-b673-1441efe40f38,2026-06-02,164.27,15,7,19112.27,2730.324286,6,5,0.8333,1.5000,3,581.96,0.030450,0
168bdd4c-f46b-4bd5-a068-7d8c16a82be1,91f0a872-33ad-4dbe-9801-ac03b375f584,2026-06-02,2838.44,30,10,24681.63,2468.163000,9,7,0.7778,2.5556,11,1977.38,0.080115,1
50767aeb-bbf7-4290-a02c-46fca2213283,80425ba2-13bc-407f-9a1c-ff4f30480010,2026-06-02,993.77,30,22,54619.38,2482.699091,14,2,0.1429,0.2857,3,15505.23,0.283878,0
56bb17b7-9291-4da5-9a8e-a8b498fe80b3,73c3d633-4b34-49ad-a380-07fa31442bd6,2026-06-02,5787.73,30,10,19129.85,1912.985000,7,3,0.4286,0.8571,3,5315.66,0.277873,0
b3766ea2-cbea-43cc-8971-fe16d0f11476,532c0027-0a87-4b04-8cd6-433b7eda14e0,2026-06-02,1796.47,30,10,27129.74,2712.974000,5,2,0.4000,2.2000,9,19234.56,0.708984,0
0412fae9-6c2e-4b16-9936-bdf4cac6b5a6,1762b46f-b7ef-481c-9e0b-7e6d2033bcf4,2026-06-03,4253.69,15,24,59581.66,2482.569167,19,6,0.3158,0.6316,3,11669.74,0.195861,0
2923c2c1-c083-4342-8d84-4e9ebf4ca842,45b35575-e766-4b46-861c-910c86237813,2026-06-03,3680.55,15,22,61805.66,2809.348182,17,7,0.4118,3.1765,17,15243.21,0.246631,0
2fd70dbe-7cb4-4025-bebe-5d0f8980baf8,2576b737-f022-4e9c-8640-a88226cea0ff,2026-06-03,2231.80,30,20,55015.59,2750.779500,17,6,0.3529,1.0000,8,5094.94,0.092609,0
3dbfa5dd-56ea-496f-ad46-63a1e663bc43,3a2f88d5-e75e-4285-9b59-ed2b46276d42,2026-06-03,133.85,30,5,18560.33,3712.066000,4,4,1.0000,14.5000,28,5835.53,0.314409,0
4cb2047b-44d3-4f83-9316-8aa0cebcc0fd,43b1d0a0-404f-48c8-96ee-46291e3ceaa3,2026-06-03,499.42,15,16,26106.05,1631.628125,12,4,0.3333,2.0833,14,3607.54,0.138188,1
5116dc5e-f72b-45f9-8c58-07469227faaf,614d73fd-8846-4895-a773-7898e1678216,2026-06-03,5611.02,30,26,64323.96,2473.998462,14,3,0.2143,1.3571,15,28736.49,0.446746,0
738524be-c0d4-4ffc-8917-75ead58b13ef,dbc5aa6b-529c-4c91-8331-7ec33c8503bb,2026-06-03,2614.57,30,25,54957.81,2198.312400,18,9,0.5000,2.8889,17,13397.85,0.243784,1
9cbaa356-099b-4b4b-917d-09276ff93268,e85ec7b9-dc33-474f-b99d-d8ce41ac3c81,2026-06-03,3866.73,15,8,22908.56,2863.570000,6,6,1.0000,13.8333,28,389.29,0.016993,1
a630d3e5-5e0e-40b4-901e-6c5bb91c913b,20791844-68d1-4c47-8940-96e45daf918f,2026-06-03,865.92,30,22,56994.97,2590.680455,18,7,0.3889,1.1111,7,10633.75,0.186573,0
a8e020cf-07ba-41e9-955e-9d0a8270bce3,454e54ed-b5e4-4096-9693-090f3ddaa42e,2026-06-03,1552.36,30,9,26867.65,2985.294444,7,2,0.2857,0.7143,3,3356.91,0.124942,0
bfae8b2d-d4eb-468e-b30a-d93dfada6493,bc2eaeff-d2cb-413b-8716-a7fa6d9507c2,2026-06-03,954.74,15,27,83030.17,3075.191481,23,11,0.4783,2.0000,12,17597.60,0.211942,1
e687f5ab-89d1-4306-bb89-c3ca4608461b,9b131352-2e3f-4966-865e-a01b50bde6e5,2026-06-03,5155.64,30,16,33905.71,2119.106875,15,6,0.4000,1.2000,7,5767.57,0.170106,0
371ba2f6-18f8-4630-a314-ee146861d9c1,33ee3ff1-854d-447c-b205-31e8f43b9b20,2026-06-04,1307.29,30,4,12862.54,3215.635000,4,1,0.2500,4.0000,16,0.00,0.000000,1
932ac59f-e479-4813-b762-7387cdedeb7c,fd071015-793c-469e-bc3a-2f94a20f8f62,2026-06-04,5205.39,30,5,20236.03,4047.206000,4,4,1.0000,66.7500,80,849.45,0.041977,1
b6bd8961-393f-440d-be17-bb0a4f31447e,5a60bb30-d49d-430c-b819-619528fa0373,2026-06-04,8113.25,15,8,20006.33,2500.791250,7,1,0.1429,0.4286,3,480.77,0.024031,0
e40bcab9-f87e-47f5-91f4-51682bd6ac1a,614d73fd-8846-4895-a773-7898e1678216,2026-06-04,3773.83,30,27,69934.98,2590.184444,14,3,0.2143,1.3571,15,34347.51,0.491135,1
f4e33441-36af-46e8-a5fb-8a2a37a42642,ffc7534a-f026-4ccd-94d9-540e6abbb59f,2026-06-04,7517.51,15,3,15614.23,5204.743333,3,2,0.6667,1.0000,2,0.00,0.000000,0
3a2e1140-6933-4f97-952f-8cec186691fd,b0a7ac9f-5dc3-43d5-bf2f-2201d6f385b2,2026-06-05,399.15,15,6,6658.52,1109.753333,6,3,0.5000,1.0000,3,0.00,0.000000,0
58658a62-bc6b-41ec-b7e0-a575187d10ae,a137cf0f-749a-402e-9913-60a7f4a47b92,2026-06-05,3347.69,30,19,47615.91,2506.100526,18,9,0.5000,1.4444,9,6769.95,0.142178,1
ba19923e-703e-4aaa-9ba4-2ae69f118ac0,a6818a6e-0465-4009-81b6-822245dae013,2026-06-05,8237.79,30,11,16705.57,1518.688182,9,4,0.4444,0.8889,3,1465.15,0.087704,0
c3062a6c-1ef5-4cc1-9cd6-8391abe81974,a69011f4-c3f9-4f91-92f2-3df9072b53e7,2026-06-05,2684.20,15,23,61857.95,2689.476087,19,5,0.2632,0.9474,9,9718.72,0.157114,1
2ef58a76-d864-4dae-9643-45e3e2275f62,d7daaa71-d5b3-4958-ac9f-03d1c8077bf4,2026-06-06,2137.05,30,6,23698.13,3949.688333,4,1,0.2500,0.2500,1,11714.86,0.494337,1
a1d90ca9-6596-4d97-b84c-a893d54f2bd1,a39d8cb3-e105-4215-9fc6-c0cb27d75ca0,2026-06-06,4432.24,30,4,6349.40,1587.350000,4,1,0.2500,3.2500,13,0.00,0.000000,1
b4b18a2c-ba86-4d51-9d19-c8a493674ce4,614d73fd-8846-4895-a773-7898e1678216,2026-06-06,61.50,30,28,73708.81,2632.457500,16,4,0.2500,1.3750,15,35697.11,0.484299,0
121d9a84-bd51-4da8-9511-dafe26891d36,f288b108-b674-41c7-91d6-0f5fdb761b37,2026-06-07,5408.82,15,6,24195.00,4032.500000,5,1,0.2000,0.4000,2,5847.02,0.241662,1
2a31bdcd-c9ba-4b30-ac4d-b50851655aea,456196a3-f5fd-4769-85c9-fe12f73de5b9,2026-06-07,8915.95,15,18,41156.68,2286.482222,15,5,0.3333,1.1333,10,6979.13,0.169575,0
306cadab-a857-4540-a832-eeaa6996b701,81aa5e22-d678-428b-b005-9b81178d3a85,2026-06-07,2996.53,30,4,9605.59,2401.397500,4,0,0.0000,0.0000,0,0.00,0.000000,1
32b8eb7d-2bc6-469c-a87e-49b3b43da8bf,454e54ed-b5e4-4096-9693-090f3ddaa42e,2026-06-07,895.21,30,10,28420.01,2842.001000,7,2,0.2857,0.7143,3,4909.27,0.172740,0
336891b2-efd0-4470-b7b3-7f6c124f4fbd,fc90d768-4902-4267-aee4-185b5584cee7,2026-06-07,2532.71,30,23,55637.35,2419.015217,17,5,0.2941,1.9412,15,17142.86,0.308118,1
4dc4015e-aef9-48a3-9963-07c60adf9b65,98c0d934-599f-43f0-b624-02fafa9a625d,2026-06-07,1197.45,30,10,13021.43,1302.143000,9,3,0.3333,0.6667,3,415.11,0.031879,0
88d8a034-3b13-4ccd-931c-5846d1cd3d21,d3f21a44-d6a7-4183-9e3d-ca1e2f665ada,2026-06-07,2842.72,30,11,33976.45,3088.768182,8,7,0.8750,6.3750,18,9843.13,0.289704,1
8b0d8a44-8991-43b6-9f42-c126e177d953,6d07afb5-e45f-49c8-8fe6-ab313f89ab9c,2026-06-07,6051.75,30,27,82410.61,3052.244815,22,10,0.4545,1.0455,3,15705.76,0.190579,1
2697ac41-c0a3-4df6-92fc-d26c1f7a76ab,c388d365-1253-45ed-934e-4731ee225fdb,2026-06-08,5684.97,30,4,4608.21,1152.052500,3,2,0.6667,0.6667,1,712.35,0.154583,0
3fa1c0eb-376c-4617-ae7d-a49ed982c566,e630e7cb-c24b-49e2-af83-702facb0c4b9,2026-06-08,5792.41,15,9,25020.56,2780.062222,8,2,0.2500,0.5000,3,1573.27,0.062879,1
77021d38-0bf5-4aae-9440-3ff7491fc0f2,bc2eaeff-d2cb-413b-8716-a7fa6d9507c2,2026-06-08,1943.16,15,28,83984.91,2999.461071,23,11,0.4783,2.0000,12,18552.34,0.220901,1
7e392433-8a08-442e-9ede-89e2d01fd97e,69b42ebe-0ce1-4f78-b8cd-1bb12a098250,2026-06-08,1512.93,15,5,12253.58,2450.716000,5,3,0.6000,6.4000,18,0.00,0.000000,1
90e69bd4-959a-4d35-816c-cbbfb28ad304,d68104da-a018-4b47-aeb2-cb32a2380b79,2026-06-08,1347.35,30,4,16586.03,4146.507500,4,0,0.0000,0.0000,0,0.00,0.000000,1
92551cfc-5aea-4bde-9d7d-4633d8f86161,f8435633-4f8d-462d-872a-e6a541d39872,2026-06-08,3910.13,30,11,28167.90,2560.718182,10,4,0.4000,1.3000,8,514.50,0.018265,1
c1302a60-a639-4e2a-b1e1-22a092816ad5,6272b3b9-197b-4be0-bf82-5b6e74a51d18,2026-06-08,546.79,30,8,27576.86,3447.107500,6,3,0.5000,1.6667,7,5266.75,0.190984,1
e8699834-a945-46a5-b4b1-89b88de22957,51833259-a233-414c-85fb-6ed59e50dfed,2026-06-08,4614.05,30,21,60740.83,2892.420476,18,9,0.5000,1.3333,6,13273.91,0.218534,0
f5ba92e9-7a0d-4c98-9b37-ab899c9dc602,027e2c71-76f6-44d8-b214-51097fc3e605,2026-06-08,3735.60,15,22,53108.75,2414.034091,21,7,0.3333,1.8095,14,2387.76,0.044960,0
3970be13-5cf8-484f-a64d-704483c3adb4,db49dbe2-b046-4b0c-8d11-6e496b852270,2026-06-09,3580.82,30,31,83334.22,2688.200645,25,12,0.4800,1.6000,12,15276.68,0.183318,1
48c50bc7-503c-47be-a484-49cb8508149f,f311db56-da65-41a9-a889-888c821ca32c,2026-06-09,2442.17,30,9,17746.60,1971.844444,6,0,0.0000,0.0000,0,5142.80,0.289791,1
61bfd4a5-3e16-419b-bd98-bc380e488559,3cc7350b-72e0-4990-a2f4-79f0e19bfe72,2026-06-09,8343.97,15,27,92966.78,3443.214074,21,7,0.3333,0.7143,3,9117.24,0.098070,1
736debaa-5c3c-485a-8bb9-37995d330b92,0d5cae3a-3f1a-4ef0-b794-ba9364aaff19,2026-06-09,2621.94,30,6,8647.91,1441.318333,6,2,0.3333,0.5000,2,0.00,0.000000,1
cf8bf954-80aa-472e-a4fd-9bda074c64f8,b88b94e7-2bbd-4939-98cc-217258c364d3,2026-06-09,7109.81,15,12,24527.63,2043.969167,10,5,0.5000,1.1000,3,4176.77,0.170288,0
16def613-d4f1-414b-b713-a0badaf2a263,399ee9ba-2674-41aa-a50a-7b370668b523,2026-06-10,945.62,30,8,44868.85,5608.606250,5,1,0.2000,0.2000,1,22540.21,0.502358,1
526b89a4-163e-41f5-b953-9615ce067b25,403ba4f6-3b05-4fb0-9c95-6068878e01b1,2026-06-10,620.95,30,28,89198.21,3185.650357,24,8,0.3333,1.2083,14,8325.30,0.093335,0
56aa9c64-b9ce-44e9-99ff-c492a72bbffb,69b42ebe-0ce1-4f78-b8cd-1bb12a098250,2026-06-10,1273.70,15,6,13766.51,2294.418333,5,3,0.6000,6.4000,18,1512.93,0.109899,0
7b742afa-367f-49a1-951c-3f6a99d06ec4,45b35575-e766-4b46-861c-910c86237813,2026-06-10,4673.21,15,23,65486.21,2847.226522,17,7,0.4118,3.1765,17,18923.76,0.288973,1
7e12a33d-a065-4ef2-b80f-7a91df86f9f7,399ee9ba-2674-41aa-a50a-7b370668b523,2026-06-10,9026.60,30,8,44868.85,5608.606250,5,1,0.2000,0.2000,1,22540.21,0.502358,0
926512d1-862a-4b37-a428-187823a5d5cd,229edd85-4113-4b2a-be5b-1cc986fd5173,2026-06-10,160.99,30,22,57017.77,2591.716818,13,5,0.3846,1.6923,9,29656.82,0.520133,0
9410aaad-cea2-45ec-be86-de72121a86ac,db49dbe2-b046-4b0c-8d11-6e496b852270,2026-06-10,3190.27,30,32,86915.04,2716.095000,25,12,0.4800,1.6000,12,18857.50,0.216965,0
bf9b2cec-787e-440c-b085-080f523b967c,a39d8cb3-e105-4215-9fc6-c0cb27d75ca0,2026-06-10,1904.32,30,5,10781.64,2156.328000,4,1,0.2500,3.2500,13,4432.24,0.411091,1
db59a9a2-9967-448d-88f1-6c7883a86098,e51c365e-179f-4c2e-92f5-bc4c2fc6282a,2026-06-10,7655.77,30,26,74900.57,2880.791154,22,7,0.3182,0.8182,6,11161.92,0.149023,0
e65980b1-dd5d-4679-838d-299ef55ef18b,1948ea27-1b6a-4dd3-8c99-b399dcf88ed3,2026-06-10,1790.41,30,12,33264.10,2772.008333,10,4,0.4000,2.2000,10,2200.63,0.066156,1
1159cb1e-4d63-4ad2-a702-e1db8871f5aa,957f9181-281b-4ff6-9370-462fb40cb6e5,2026-06-11,2457.28,30,7,16132.76,2304.680000,6,3,0.5000,1.1667,3,2272.41,0.140857,1
26defbf2-ac73-44b2-822a-ae79d036e418,78106c04-2615-4323-b215-3172fb34fc72,2026-06-11,633.18,30,10,42002.34,4200.234000,7,3,0.4286,1.0000,3,11809.75,0.281169,0
311c7ca7-1930-46da-accc-6aa5c9e8df4c,2e532847-959f-4087-bd6e-85a52170ee01,2026-06-11,4809.45,15,7,14844.70,2120.671429,5,2,0.4000,2.8000,12,4892.23,0.329561,0
3d17fac9-6e1f-464a-88b3-c949a845e0ce,097828d9-6691-4ec3-9ba8-624b866da2cf,2026-06-11,624.91,30,4,9498.91,2374.727500,2,2,1.0000,20.5000,26,7720.00,0.812725,1
4112c7aa-a2aa-4ce9-843c-7a9c2f168af8,27415395-c694-42d4-a2b5-04dfddb578f5,2026-06-11,2866.61,15,10,30071.48,3007.148000,9,1,0.1111,0.3333,3,925.52,0.030777,0
6152fd99-387a-4e49-a561-fc17fb6bb9e8,86ab916f-9734-41f0-b5c0-9bbc082b3251,2026-06-11,80.49,30,26,68397.86,2630.686923,23,8,0.3478,1.4783,13,10127.31,0.148065,1
91025a0d-9e41-456e-9e78-ab61a3e96c77,45b35575-e766-4b46-861c-910c86237813,2026-06-11,1063.42,15,24,70159.42,2923.309167,17,7,0.4118,3.1765,17,23596.97,0.336334,0
e0b8cadf-ce4e-4803-8ca4-64a14f30f204,78106c04-2615-4323-b215-3172fb34fc72,2026-06-11,4142.51,30,10,42002.34,4200.234000,7,3,0.4286,1.0000,3,11809.75,0.281169,0
e3e13269-a652-40b5-8098-35acd5b40259,82d60e37-f049-4852-9464-c94b4e5c3244,2026-06-11,441.00,30,13,26719.37,2055.336154,11,4,0.3636,1.2727,9,1146.84,0.042922,0
effef6cd-6778-4250-afb9-9ff48c2b534c,44e18ff7-c6c4-4f05-810a-10acda026843,2026-06-11,10234.38,30,23,64751.94,2815.301739,18,6,0.3333,1.9444,10,13291.53,0.205268,1
f203ed73-5126-48b3-b1ca-ca631dd1da2f,30234645-3e34-4245-a4e4-e0e65a95e222,2026-06-11,2126.84,30,6,18158.93,3026.488333,5,5,1.0000,6.2000,14,4698.45,0.258740,1
01bb60f7-5939-4496-8273-f34cd9bdcfc2,da7dbacc-46a8-44dc-b4c5-5e21bf437da6,2026-06-12,2041.53,30,22,47565.54,2162.070000,21,8,0.3810,2.4762,14,288.65,0.006068,0
051df5af-5583-4d1f-a2d8-8e098a5a02d5,6774c3a7-d951-43fa-9c75-eaca2ced5391,2026-06-12,2580.19,30,15,27519.93,1834.662000,13,7,0.5385,1.7692,10,7296.87,0.265149,0
08d7fdfd-aa4f-48a5-b9fa-daaeb99760cf,a69011f4-c3f9-4f91-92f2-3df9072b53e7,2026-06-12,4561.14,15,24,64542.15,2689.256250,21,7,0.3333,0.9524,9,5741.00,0.088950,0
2612cf45-2386-49ab-8b88-6024aa705bf5,456196a3-f5fd-4769-85c9-fe12f73de5b9,2026-06-12,1228.65,15,19,50072.63,2635.401579,15,5,0.3333,1.1333,10,15895.08,0.317440,0
2bc341a4-1a51-47f2-adcc-4625b1edb5d3,82241b4b-7959-4079-9369-bbfcffcbc453,2026-06-12,906.98,30,20,59377.53,2968.876500,15,3,0.2000,1.0000,11,23499.76,0.395769,0
5ea42646-7695-49d0-a1ba-515417face8b,0833337f-d730-49c9-98d3-adc98d0ffdd5,2026-06-12,1153.51,30,10,16836.45,1683.645000,8,8,1.0000,12.0000,29,6003.17,0.356558,1
6c1cd653-d7ca-4eca-8584-a0710a48bd5b,5cda614e-b389-4e48-8b36-5612a91c11ba,2026-06-12,7450.45,15,9,16829.37,1869.930000,9,6,0.6667,3.1111,7,0.00,0.000000,0
a48c58a0-8177-4f89-b17b-0c5d0f0aa5ef,ffc7534a-f026-4ccd-94d9-540e6abbb59f,2026-06-12,2694.71,15,4,23131.74,5782.935000,3,2,0.6667,1.0000,2,7517.51,0.324987,0
ba9f85ad-1b5a-412b-8e16-f3927efbf171,f6a6bafb-8098-4f2d-ae6d-689b77c84f2b,2026-06-12,1486.43,30,6,20739.31,3456.551667,6,3,0.5000,1.0000,3,0.00,0.000000,0
c49b4d9f-6f7d-4162-a366-6917417705ec,ed2171b1-c19b-4e0d-8734-299f1f997a16,2026-06-12,113.37,15,11,34743.25,3158.477273,11,10,0.9091,10.5455,23,0.00,0.000000,1
cb53937a-4986-4c47-9ee4-44d42f99c5fa,1fff1144-0a72-44bd-ae41-900fd84b9dec,2026-06-12,4604.92,30,15,66006.70,4400.446667,12,3,0.2500,0.5000,3,7710.84,0.116819,0
f71b1406-cf0b-47c4-bb5c-80a9c7a60ea3,1948ea27-1b6a-4dd3-8c99-b399dcf88ed3,2026-06-12,679.39,30,13,35054.51,2696.500769,10,4,0.4000,2.2000,10,3991.04,0.113852,0
f7ddcef0-4523-4f88-9ecf-fe5bf0aa0e18,1a467aee-8d4c-4127-8afb-fde18c339771,2026-06-12,993.77,30,7,15232.24,2176.034286,6,2,0.3333,0.5000,2,646.13,0.042419,1
04ca6ad1-f4c1-4a39-9c15-6af3768415ae,d74a8b02-d712-4df5-b21a-91890f17146e,2026-06-13,743.22,15,4,10117.85,2529.462500,3,3,1.0000,6.3333,8,4475.50,0.442337,1
0c342d0f-e3fc-4f3b-8fa5-4bce4677205c,51833259-a233-414c-85fb-6ed59e50dfed,2026-06-13,491.99,30,22,65354.88,2970.676364,18,9,0.5000,1.3333,6,17887.96,0.273705,0
43071851-7af2-4cc2-8fdc-f2a18bc4ecdc,c1a9f9e4-02c9-4e11-9ae3-d7f5eec25bdf,2026-06-13,2760.42,30,4,5230.79,1307.697500,3,1,0.3333,0.3333,1,1437.27,0.274771,1
44d6d2d2-8176-465c-98eb-da7ffbbee5da,82d60e37-f049-4852-9464-c94b4e5c3244,2026-06-13,1424.70,30,14,27160.37,1940.026429,11,4,0.3636,1.2727,9,1587.84,0.058462,1
b895f018-fcef-41fc-86b0-e4477c4cae4c,e9152f33-f58e-4690-a02f-18066572acda,2026-06-13,3223.55,15,23,57063.70,2481.030435,22,12,0.5455,1.9545,10,756.54,0.013258,0
c1423723-f4bc-4c39-b401-f8e6604a9996,33879d3b-ca28-410e-9d37-7a429d1c33aa,2026-06-13,3799.06,30,8,13034.61,1629.326250,7,1,0.1429,0.4286,3,5160.37,0.395898,0
c4fd24dd-1cfc-4dc4-97e2-b8dac284f4e1,5be61d8d-e5a3-403f-b61d-c9096e40b7fb,2026-06-13,509.54,30,5,19700.77,3940.154000,5,1,0.2000,0.6000,3,0.00,0.000000,1
d0e3c0f1-34eb-49d3-8358-c62cdd815432,c47da78e-a80f-46b0-b907-4867b0ac75da,2026-06-13,1114.83,30,6,13281.64,2213.606667,5,1,0.2000,2.6000,13,1137.09,0.085614,0
ff93801f-2dfa-44d4-8f54-ce38fa3e0dbd,51833259-a233-414c-85fb-6ed59e50dfed,2026-06-13,2914.74,30,22,65354.88,2970.676364,18,9,0.5000,1.3333,6,17887.96,0.273705,0
2dfafc14-fec6-4a01-a89c-29fa0305e36a,befa24a1-1459-4d2c-b2af-a4db90fa9666,2026-06-14,3820.05,15,4,8848.30,2212.075000,4,3,0.7500,8.7500,18,0.00,0.000000,0
65345678-4252-4a23-ad2f-264f242e2db9,1c22a6c4-3de0-4f96-b62a-3a6edbbaf732,2026-06-14,367.50,30,26,63798.96,2453.806154,20,9,0.4500,1.8500,12,13046.09,0.204488,1
bd965515-e0cf-4c78-be8b-a25266e6f12b,b4dd90f1-04a6-4d42-ac0a-2702bbc8d0db,2026-06-14,3284.66,15,6,19935.37,3322.561667,3,3,1.0000,12.6667,18,9846.15,0.493904,1
ca474c94-dec9-4a92-9d50-4f354b2a5543,b88bef53-7397-4409-b454-f68fa7827873,2026-06-14,10351.44,15,7,15334.02,2190.574286,5,2,0.4000,2.0000,7,2300.62,0.150034,1
f5d0b94f-3118-46c9-9b4b-f0b0e1aca307,f6c06ee2-7826-4de2-af26-9b9143bd5efb,2026-06-14,3478.21,30,4,6384.14,1596.035000,3,0,0.0000,0.0000,0,3492.34,0.547034,1
fb3d4422-b3f5-4f5a-91d9-02444b6f03b2,f21b3e42-ab75-442f-8649-bca6bf44c9d8,2026-06-14,1197.45,15,3,8192.60,2730.866667,3,3,1.0000,8.3333,14,0.00,0.000000,1
1620e22c-6000-4047-92d8-214eacacf316,e9152f33-f58e-4690-a02f-18066572acda,2026-06-15,3143.83,15,24,60287.25,2511.968750,22,12,0.5455,1.9545,10,3980.09,0.066019,0
1c5490b9-7f74-4ee4-b7e6-41a997b879dd,d6e6f2c0-9d75-46fe-a6d0-19f4998b8aa0,2026-06-15,3281.04,30,8,12852.04,1606.505000,5,2,0.4000,2.0000,7,1636.21,0.127311,1
39e52a4a-db83-4de9-bbe4-d7b9ca9f3a1d,a20f7825-b033-409c-9c97-b044b61bae47,2026-06-15,5361.48,30,11,39591.15,3599.195455,9,8,0.8889,8.6667,14,4484.13,0.113261,1
71b40921-8e4f-41d9-b63a-aeac0c569121,f819f234-f7a8-41f3-8b26-732ac35c4d0b,2026-06-15,936.96,30,6,11167.68,1861.280000,6,4,0.6667,1.1667,3,0.00,0.000000,0
9e82fc6d-d152-4c8e-82ef-626dbc83ff44,c1a9f9e4-02c9-4e11-9ae3-d7f5eec25bdf,2026-06-15,326.82,30,5,7991.21,1598.242000,3,1,0.3333,0.3333,1,4197.69,0.525288,1
a4417b6e-4829-4d1f-9a92-41050a579797,9b131352-2e3f-4966-865e-a01b50bde6e5,2026-06-15,644.46,30,17,39061.35,2297.726471,15,6,0.4000,1.2000,7,10923.21,0.279642,0
cda8f88e-06ed-4fd3-b5f6-bac24c89dd61,2576b737-f022-4e9c-8640-a88226cea0ff,2026-06-15,4436.33,30,21,57247.39,2726.066190,17,6,0.3529,1.0000,8,7326.74,0.127984,1
d2750b9a-582b-4464-a936-c4de512d93a6,e9152f33-f58e-4690-a02f-18066572acda,2026-06-15,1210.31,15,24,60287.25,2511.968750,22,12,0.5455,1.9545,10,3980.09,0.066019,0
d736eee8-313f-4ae5-98f2-9f5290ab9e7b,d768ded2-0e1f-4338-a373-8cb12093b6b9,2026-06-15,164.27,30,22,61776.89,2808.040455,18,10,0.5556,2.0000,13,5649.79,0.091455,1
ebfa68ca-fa28-4373-a85b-5c6ad282ee6b,0d0e2d20-27bb-4c93-9f8f-b7710b37194a,2026-06-15,9535.96,30,8,22841.84,2855.230000,5,3,0.6000,2.8000,10,6363.05,0.278570,1
598a04f9-e4c1-496e-b769-7372d06162aa,ad10f2bd-d571-4f42-aec5-a7a10eaa3ca9,2026-06-16,78.11,15,7,19187.75,2741.107143,7,1,0.1429,0.7143,5,0.00,0.000000,0
5c086b0f-1d05-4b27-94b5-0be1f88f814c,d3ceae53-5516-4152-a247-d101c45a4912,2026-06-16,1045.31,30,24,72961.26,3040.052500,20,9,0.4500,2.1500,14,5871.95,0.080480,0
6571f61f-a652-47f6-9f5c-9fe4c72f8ac6,bac9f7f2-72b2-40d2-bb50-19838c2fde8a,2026-06-16,7898.27,15,4,7945.77,1986.442500,4,1,0.2500,0.2500,1,0.00,0.000000,1
8d98cc37-f673-4502-a0dc-2f6190a0f9f6,a69011f4-c3f9-4f91-92f2-3df9072b53e7,2026-06-16,707.70,15,25,69103.29,2764.131600,21,7,0.3333,0.9524,9,10302.14,0.149083,0
991072b1-6509-4280-a559-458790b8f233,69b42ebe-0ce1-4f78-b8cd-1bb12a098250,2026-06-16,980.47,15,7,15040.21,2148.601429,5,3,0.6000,6.4000,18,2786.63,0.185279,1
9b0425c1-3084-48e1-bb4f-6b3d2a39d237,e51c365e-179f-4c2e-92f5-bc4c2fc6282a,2026-06-16,4830.24,30,27,82556.34,3057.642222,22,7,0.3182,0.8182,6,18817.69,0.227938,0
0e15ef62-15c9-48c4-abe0-f112e052f4f9,49d4f65c-a7f6-423f-97b2-75571396471e,2026-06-17,5094.83,15,8,29127.76,3640.970000,7,4,0.5714,2.0000,7,4203.57,0.144315,0
77fda730-ee05-4b51-8e93-ebcdc02d1e29,69b42ebe-0ce1-4f78-b8cd-1bb12a098250,2026-06-17,5641.62,15,8,16020.68,2002.585000,5,3,0.6000,6.4000,18,3767.10,0.235140,1
ca30ce55-5de6-43a6-a1f0-04d289e8c8ac,43b1d0a0-404f-48c8-96ee-46291e3ceaa3,2026-06-17,3907.47,15,17,26605.47,1565.027647,13,4,0.3077,1.9231,14,3973.11,0.149334,1
f3d4806e-96bf-410d-8aa5-32fc6254f588,e400fe49-64f8-4e45-8877-6c5fd0a7747d,2026-06-17,2601.26,15,17,41069.12,2415.830588,13,6,0.4615,1.0000,3,10447.15,0.254380,0
61162905-ec81-45ef-a6f9-ec6e4249eae4,e9152f33-f58e-4690-a02f-18066572acda,2026-06-18,2412.34,15,26,64641.39,2486.207308,22,12,0.5455,1.9545,10,8334.23,0.128930,0
656b26c6-0e2f-4188-b8ed-268afa9d088d,45b35575-e766-4b46-861c-910c86237813,2026-06-19,3821.12,15,25,71222.84,2848.913600,18,7,0.3889,3.0000,17,20979.84,0.294566,1
7022514a-f071-4f31-a226-44526eb3ecc2,3907704e-d22a-40f9-9591-9c06dfc1b6d2,2026-06-19,657.85,15,22,69895.96,3177.089091,17,11,0.6471,2.0000,13,15704.46,0.224683,1
f44a0092-151e-40e8-8470-c0a2c6d8750c,549276f5-7982-4ddd-9090-30fd37f31bf6,2026-06-19,1840.23,15,9,33983.33,3775.925556,8,7,0.8750,10.6250,16,3821.12,0.112441,1
f84a2079-080e-4858-b8be-17294d03ab1e,529b58fc-1d6b-4a46-bcf3-bd50c058a284,2026-06-19,689.43,15,11,28365.46,2578.678182,9,7,0.7778,5.4444,14,6007.23,0.211780,1
09d48e39-74ae-4ae6-bbe8-b31754df94f7,b0a7ac9f-5dc3-43d5-bf2f-2201d6f385b2,2026-06-20,3309.95,15,7,7057.67,1008.238571,7,3,0.4286,0.8571,3,0.00,0.000000,0
6f1a9ef6-2e31-40c6-be6a-a233272a6b79,027e2c71-76f6-44d8-b214-51097fc3e605,2026-06-20,2580.19,15,23,56844.35,2471.493478,22,7,0.3182,1.7273,14,2387.76,0.042005,0
8d2b1844-762f-4fc1-b945-db615b5a6983,f201cdf9-cb7c-4b4b-8da0-68bccc439429,2026-06-20,1588.10,15,14,47952.50,3425.178571,14,8,0.5714,3.3571,11,0.00,0.000000,0
eecdbdd6-6f63-46d1-8540-b5acd1e789a5,e630e7cb-c24b-49e2-af83-702facb0c4b9,2026-06-20,1955.07,15,10,30812.97,3081.297000,8,2,0.2500,0.5000,3,7365.68,0.239045,1
b3eaf438-f7a5-4213-98a7-be1a5f93d9bf,3b80de3a-118c-4393-9d4e-1994031e22b9,2026-06-21,1879.37,15,9,16531.05,1836.783333,8,3,0.3750,0.7500,3,4231.25,0.255958,0
e2bb6ad4-2a91-47bb-9d9e-bbe8081da63a,a9a14d19-86ba-40be-883c-0be4db2e7555,2026-06-21,4513.30,15,14,39637.00,2831.214286,14,4,0.2857,1.1429,10,0.00,0.000000,0
1c700b98-a87a-4509-83e4-86b0ba476d33,8867ed0f-4c50-4aa9-8fb4-993893bd97df,2026-06-22,4767.99,15,4,9624.73,2406.182500,3,2,0.6667,1.0000,2,1144.08,0.118869,0
df7a268f-4626-420d-a11f-e762e7dd9eb0,b2ef61f5-8a4e-44af-9b72-983eb8729127,2026-06-22,5213.50,15,6,6702.71,1117.118333,5,4,0.8000,12.2000,29,487.43,0.072721,1
651c4eb5-e0b5-4cea-a5e7-fefa9eff8781,05f197bf-0bdd-44a5-84bb-1878a08666b6,2026-06-23,10736.80,15,25,54146.33,2165.853200,22,11,0.5000,1.9091,13,8837.27,0.163211,1
bce6de46-40df-4ba9-ab7b-29de738c95b9,31e4bcb5-1a69-45eb-a2c7-5bfa73cdfca1,2026-06-23,947.57,15,33,68231.42,2067.618788,28,14,0.5000,1.0714,6,10498.59,0.153867,0
14bd72cb-c67e-4501-b3e1-ec3cd14942bc,bc2eaeff-d2cb-413b-8716-a7fa6d9507c2,2026-06-24,7642.25,15,29,85928.07,2963.036897,24,12,0.5000,2.0000,12,19540.76,0.227408,0
7c909f45-b624-4364-8f45-f12f2c69527c,ad10f2bd-d571-4f42-aec5-a7a10eaa3ca9,2026-06-24,1197.45,15,8,19265.86,2408.232500,7,1,0.1429,0.7143,5,78.11,0.004054,1
97228f85-7721-4686-8ef5-8e95f9859f95,bc2eaeff-d2cb-413b-8716-a7fa6d9507c2,2026-06-24,3812.47,15,29,85928.07,2963.036897,24,12,0.5000,2.0000,12,19540.76,0.227408,1
e8ba6645-d51d-4873-9d1f-5f81fbffb7e5,b0a7ac9f-5dc3-43d5-bf2f-2201d6f385b2,2026-06-24,858.03,15,8,10367.62,1295.952500,7,3,0.4286,0.8571,3,3309.95,0.319258,1
2cb108a6-f37f-4f80-8599-a32b930ee4a2,f201cdf9-cb7c-4b4b-8da0-68bccc439429,2026-06-25,8599.82,15,15,49540.60,3302.706667,14,8,0.5714,3.3571,11,1588.10,0.032057,0
61ef146a-63b6-4ce3-980e-9c55b3052ec6,e9152f33-f58e-4690-a02f-18066572acda,2026-06-25,5887.17,15,27,67053.73,2483.471481,22,12,0.5455,1.9545,10,10746.57,0.160268,1
687d8d6a-04b7-4290-ac7b-7742ddd5723d,c8466347-f65e-48a7-a013-64f958a93e60,2026-06-25,4374.72,15,8,29531.12,3691.390000,6,4,0.6667,4.5000,11,7270.34,0.246192,1
7061db40-25d1-4a0c-aca3-3d3843f67f41,31e4bcb5-1a69-45eb-a2c7-5bfa73cdfca1,2026-06-25,2606.75,15,34,69178.99,2034.676176,28,14,0.5000,1.0714,6,11446.16,0.165457,1
ab4a1736-95a6-41c6-b064-c660753ab657,45b35575-e766-4b46-861c-910c86237813,2026-06-25,6412.60,15,26,75043.96,2886.306154,19,7,0.3684,2.8421,17,23737.54,0.316315,0
cda8edd5-8870-45c3-ba0b-5177eb175e53,f21b3e42-ab75-442f-8649-bca6bf44c9d8,2026-06-25,4604.92,15,4,9390.05,2347.512500,3,3,1.0000,8.3333,14,1197.45,0.127523,1
03d22f1a-acc8-4378-a04d-bc9e5a14b3be,ffc7534a-f026-4ccd-94d9-540e6abbb59f,2026-06-27,657.07,15,5,25826.45,5165.290000,5,2,0.4000,0.6000,2,0.00,0.000000,1
53f66a10-2c5f-4c27-98af-01397108ac52,4625383b-ddb9-4a4e-8e05-f4c0efbb0b38,2026-06-27,10709.85,15,3,9557.36,3185.786667,3,3,1.0000,13.0000,18,0.00,0.000000,0
c728f146-bb41-44be-a8ff-b2b40bd33ac9,456196a3-f5fd-4769-85c9-fe12f73de5b9,2026-06-27,1015.58,15,20,51301.28,2565.064000,17,5,0.2941,1.0000,10,6979.13,0.136042,1
ee767363-02f2-41e3-976b-733001af7c66,34f539cb-584e-4259-ac9f-44e6d5484ebf,2026-06-27,4221.60,15,27,72712.29,2693.047778,21,8,0.3810,1.6667,14,21513.06,0.295866,0
eede753e-0c53-4696-aed4-b88dd3bcf057,b4dd90f1-04a6-4d42-ac0a-2702bbc8d0db,2026-06-27,2420.63,15,7,23220.03,3317.147143,3,3,1.0000,12.6667,18,12142.75,0.522943,1
124cf07d-833b-49da-b42b-fa3a68720c0b,b0a7ac9f-5dc3-43d5-bf2f-2201d6f385b2,2026-06-28,6812.55,15,9,11225.65,1247.294444,7,3,0.4286,0.8571,3,4167.98,0.371291,0
9e7029bd-bd25-4856-8fdb-d969763f52c0,9de44d71-02d0-4684-a314-54f9abd3f2cd,2026-06-28,1177.44,15,10,16438.64,1643.864000,10,4,0.4000,1.0000,5,0.00,0.000000,0
27128b38-253c-4287-9e38-bc0d52c371cb,05f197bf-0bdd-44a5-84bb-1878a08666b6,2026-06-29,7298.91,15,26,64883.13,2495.505000,22,11,0.5000,1.9091,13,19574.07,0.301682,0
781109c8-8b89-44ce-aa23-8fa4084660b0,f201cdf9-cb7c-4b4b-8da0-68bccc439429,2026-06-29,2231.80,15,16,58140.42,3633.776250,14,8,0.5714,3.3571,11,10187.92,0.175230,1
9777a3db-fb53-4c15-9ea8-068179b7c670,a69011f4-c3f9-4f91-92f2-3df9072b53e7,2026-06-29,2144.59,15,26,69810.99,2685.038077,22,7,0.3182,0.9091,9,6448.70,0.092374,1
98db997d-db59-43ef-94fc-c1534fc4d45a,e400fe49-64f8-4e45-8877-6c5fd0a7747d,2026-06-29,11830.21,15,18,43670.38,2426.132222,14,6,0.4286,0.9286,3,10447.15,0.239227,0
98ec0928-6ce2-43fb-812b-157517fa9223,8daa11dd-d410-44bf-a0de-622a9ca7c78d,2026-06-29,5915.11,15,23,66226.84,2879.427826,20,9,0.4500,1.4500,8,3005.57,0.045383,1
9f089161-ce05-4171-92d3-0e9dd190f72c,1445cd5d-91a8-417f-b07d-805a30ad7fb7,2026-06-29,895.21,15,8,38330.94,4791.367500,8,3,0.3750,0.7500,3,0.00,0.000000,0
e43a75e8-4385-4aaa-babb-19fd4e005592,bc2eaeff-d2cb-413b-8716-a7fa6d9507c2,2026-06-29,8482.68,15,31,97382.79,3141.380323,25,13,0.5200,2.0000,12,29052.32,0.298331,0
f9bb414a-7d8b-4a05-b71e-980cb24c4c54,a9a14d19-86ba-40be-883c-0be4db2e7555,2026-06-29,183.47,15,15,44150.30,2943.353333,14,4,0.2857,1.1429,10,4513.30,0.102226,0
38b45c17-a0d8-4761-991e-b1e5c77a5f7e,a9a14d19-86ba-40be-883c-0be4db2e7555,2026-06-30,401.55,15,16,44333.77,2770.860625,14,4,0.2857,1.1429,10,4696.77,0.105941,0
97559c06-a076-4bb0-805a-4602a913a962,fffb4a19-e27c-48c5-9b1d-d72cf9f00485,2026-06-30,633.18,15,5,11691.59,2338.318000,5,4,0.8000,10.0000,21,0.00,0.000000,0
a3b63716-d697-4296-8fd8-9fe65040f59c,bc2eaeff-d2cb-413b-8716-a7fa6d9507c2,2026-07-01,2031.83,15,32,105865.47,3308.295938,25,13,0.5200,2.0000,12,37535.00,0.354554,0
